{"type": "FeatureCollection", "features": [{"id": "1", "type": "Feature", "properties": {"mahalle_adi": "Ataşehir Mahallesi", "_gece_lst_str": "24.0°C"}, "geometry": {"type": "MultiPolygon", "coordinates": [[[[27.06709, 38.4761836], [27.067354, 38.4762765], [27.0676517, 38.4763164], [27.0684671, 38.4763248], [27.0688024, 38.4763374], [27.0690009, 38.476371], [27.0692047, 38.4764298], [27.0694086, 38.4765054], [27.0696312, 38.4766188], [27.0698619, 38.4767994], [27.0700684, 38.4769401], [27.0703661, 38.4771584], [27.0711091, 38.477738], [27.0714337, 38.4780193], [27.0721981, 38.4785989], [27.0725495, 38.4787984], [27.0729625, 38.4790503], [27.0731851, 38.4792099], [27.0736518, 38.4795899], [27.0741722, 38.4800078], [27.0748079, 38.4804823], [27.076039, 38.4814083], [27.0761731, 38.4814776], [27.0763555, 38.4815301], [27.0767659, 38.4815867], [27.0777985, 38.4816644], [27.078402, 38.4816812], [27.0789278, 38.4817169], [27.0792335, 38.4817484], [27.0794025, 38.4817946], [27.0795152, 38.4818345], [27.0797136, 38.4818807], [27.0804951, 38.4819635], [27.0814002, 38.483852], [27.0823269, 38.4849182], [27.0808831, 38.4854496], [27.0794159, 38.4859518], [27.0760256, 38.4871317], [27.0750881, 38.4874544], [27.074794, 38.4875556], [27.0729384, 38.4881731], [27.0717046, 38.4885888], [27.0703474, 38.489122], [27.0695186, 38.4895062], [27.0680273, 38.4903103], [27.0674994, 38.4906154], [27.0660987, 38.4914251], [27.0656044, 38.4917138], [27.0644814, 38.4923698], [27.0629874, 38.4932956], [27.0620298, 38.4940324], [27.0616322, 38.4943737], [27.0583981, 38.4929765], [27.0533878, 38.4933187], [27.0502925, 38.4934937], [27.0481226, 38.493537], [27.0468713, 38.4935719], [27.0468807, 38.4933816], [27.0468968, 38.4930814], [27.0470068, 38.4927351], [27.0471168, 38.4924013], [27.0472214, 38.4920108], [27.0477122, 38.4913369], [27.0484579, 38.4902536], [27.0492062, 38.4891661], [27.0501047, 38.4879211], [27.0507377, 38.4875432], [27.0509201, 38.4871065], [27.0509979, 38.4866509], [27.050778, 38.4857649], [27.0513841, 38.484711], [27.0517033, 38.4841462], [27.0523122, 38.483615], [27.0525778, 38.4833316], [27.0526233, 38.4822607], [27.0526743, 38.4816728], [27.0527628, 38.4807595], [27.0533556, 38.4799322], [27.0533754, 38.4792578], [27.0534999, 38.4792994], [27.0561465, 38.4801883], [27.0580171, 38.480735], [27.0594335, 38.4810912], [27.0597982, 38.4805957], [27.0627862, 38.4788362], [27.0651251, 38.4773621], [27.0657527, 38.4768876], [27.0658708, 38.476581], [27.0661712, 38.4765726], [27.066716, 38.4765877], [27.0669601, 38.4763325], [27.06709, 38.4761836]]]]}, "bbox": [27.0468713, 38.4761836, 27.0823269, 38.4943737]}, {"id": "3", "type": "Feature", "properties": {"mahalle_adi": "Köyiçi Mahallesi", "_gece_lst_str": "24.0°C"}, "geometry": {"type": "MultiPolygon", "coordinates": [[[[27.0616322, 38.4943737], [27.0613432, 38.4946276], [27.0609905, 38.4949656], [27.060682, 38.4952647], [27.0603776, 38.495567], [27.0599578, 38.4959554], [27.0598856, 38.4960199], [27.0603776, 38.4963584], [27.0610696, 38.4968538], [27.0618153, 38.4974962], [27.0622176, 38.4978321], [27.0624742, 38.4980946], [27.0628989, 38.498529], [27.0631778, 38.4988313], [27.0635104, 38.4989278], [27.0638591, 38.4990999], [27.0644009, 38.4995114], [27.0649266, 38.5001873], [27.0653129, 38.5006449], [27.0656669, 38.5008968], [27.0657206, 38.5011193], [27.0659459, 38.5015265], [27.0661266, 38.5017169], [27.0663482, 38.5019505], [27.0671582, 38.5026432], [27.0673245, 38.5028699], [27.0675981, 38.503466], [27.0679682, 38.5035458], [27.068215, 38.5035374], [27.0683384, 38.5034325], [27.0684403, 38.5030924], [27.0685637, 38.5028531], [27.0686763, 38.5026348], [27.0688748, 38.5025215], [27.0689285, 38.5022948], [27.0691431, 38.5018708], [27.0694649, 38.5016147], [27.069717, 38.5014216], [27.0697921, 38.5010353], [27.0694166, 38.5001579], [27.0692342, 38.4997549], [27.0689017, 38.4988187], [27.0683438, 38.4980504], [27.0683155, 38.4979988], [27.0674962, 38.4968076], [27.0671368, 38.4963038], [27.0666969, 38.4958294], [27.0662355, 38.4951954], [27.0658761, 38.4946832], [27.0654899, 38.494087], [27.0653611, 38.4936546], [27.0653182, 38.4933607], [27.0654201, 38.4927225], [27.0656044, 38.4917138], [27.0644814, 38.4923698], [27.0629874, 38.4932956], [27.0620298, 38.4940324], [27.0616322, 38.4943737]]]]}, "bbox": [27.0598856, 38.4917138, 27.0697921, 38.5035458]}, {"id": "4", "type": "Feature", "properties": {"mahalle_adi": "Tepekule Mahallesi", "_gece_lst_str": "24.1°C"}, "geometry": {"type": "MultiPolygon", "coordinates": [[[[27.1713889, 38.4619565], [27.1709919, 38.4620699], [27.1708471, 38.4622379], [27.1706136, 38.4623733], [27.1704708, 38.4624937], [27.1701922, 38.4627249], [27.1699718, 38.4629156], [27.1696822, 38.4631503], [27.1694794, 38.4633395], [27.1690124, 38.4636577], [27.1688354, 38.4638089], [27.1686637, 38.4641701], [27.1684575, 38.4645552], [27.168239, 38.464639], [27.1681704, 38.4649427], [27.168175, 38.4650053], [27.1681541, 38.4651992], [27.1682775, 38.4655814], [27.1683499, 38.4657767], [27.1684197, 38.4659636], [27.1685082, 38.4661442], [27.1686342, 38.4663248], [27.1688086, 38.4664445], [27.1690044, 38.4665117], [27.1693718, 38.4665727], [27.1697956, 38.4666819], [27.1701845, 38.4667827], [27.170493, 38.4668846], [27.1709007, 38.4670074], [27.171118, 38.4671103], [27.1713379, 38.4672153], [27.1715525, 38.4672951], [27.1719575, 38.467398], [27.1722311, 38.4674925], [27.1725261, 38.4675828], [27.1730384, 38.4677781], [27.1733898, 38.4679335], [27.1736741, 38.4680448], [27.1748301, 38.4685257], [27.1752807, 38.468742], [27.1755812, 38.4688659], [27.1756213, 38.4688882], [27.1756484, 38.4688959], [27.1758174, 38.4690223], [27.1758981, 38.4690725], [27.1761441, 38.4688417], [27.1764728, 38.468575], [27.1769115, 38.4680973], [27.1772629, 38.4678054], [27.1774533, 38.4676164], [27.1781749, 38.4678054], [27.178812, 38.4679714], [27.1789232, 38.4680028], [27.1797305, 38.4682506], [27.179929, 38.4676752], [27.1802106, 38.4678138], [27.1807712, 38.4680406], [27.1810126, 38.4681162], [27.1812916, 38.4681939], [27.1816859, 38.46828], [27.1819353, 38.4683535], [27.1822545, 38.4683598], [27.1822464, 38.4688995], [27.1824127, 38.4688869], [27.18274, 38.4690087], [27.1832228, 38.4690969], [27.1833837, 38.4691137], [27.1833837, 38.4684585], [27.1833622, 38.4680217], [27.183094, 38.4670809], [27.182807, 38.4661883], [27.1827212, 38.4660413], [27.1825576, 38.4659468], [27.1824449, 38.4659006], [27.1818656, 38.4656948], [27.181431, 38.4655142], [27.181077, 38.4653882], [27.1808463, 38.4652874], [27.1802938, 38.4651446], [27.1798056, 38.4650564], [27.1794784, 38.4649052], [27.1791995, 38.4647119], [27.17884, 38.4644557], [27.1784753, 38.4642919], [27.1781212, 38.4641827], [27.1775097, 38.4639391], [27.1774211, 38.4639151], [27.174629, 38.4631578], [27.1743393, 38.4629226], [27.1740872, 38.4626244], [27.1738779, 38.4624059], [27.1736473, 38.4622253], [27.1733308, 38.4621077], [27.1729875, 38.4619439], [27.17273, 38.4618977], [27.1725047, 38.4617801], [27.1721613, 38.4614104], [27.1718717, 38.4617045], [27.1713889, 38.4619565]]]]}, "bbox": [27.1681541, 38.4614104, 27.1833837, 38.4691137]}, {"id": "5", "type": "Feature", "properties": {"mahalle_adi": "Osmangazi Mahallesi", "_gece_lst_str": "24.3°C"}, "geometry": {"type": "MultiPolygon", "coordinates": [[[[27.1827292, 38.479739], [27.1836573, 38.4792393], [27.1838558, 38.4790251], [27.1838343, 38.4788697], [27.1836787, 38.478706], [27.183314, 38.4784582], [27.1828419, 38.4780592], [27.18274, 38.4778367], [27.1826702, 38.4774587], [27.1826541, 38.4769128], [27.1828151, 38.4756697], [27.1828312, 38.4751195], [27.1828819, 38.4747317], [27.1829009, 38.4745862], [27.1830082, 38.4741452], [27.1831208, 38.4738554], [27.1831047, 38.4734228], [27.1830833, 38.4730658], [27.1830833, 38.4725241], [27.1829706, 38.4716421], [27.1828848, 38.4713859], [27.1827668, 38.4712095], [27.1825468, 38.4709491], [27.1823591, 38.4705921], [27.1821874, 38.4698907], [27.1821445, 38.4694371], [27.1821552, 38.4690633], [27.1822464, 38.4688995], [27.1824127, 38.4688869], [27.18274, 38.4690087], [27.1832228, 38.4690969], [27.1833837, 38.4691137], [27.1833837, 38.4684585], [27.1833622, 38.4680217], [27.183094, 38.4670809], [27.182807, 38.4661883], [27.1827212, 38.4660413], [27.1825576, 38.4659468], [27.1826059, 38.4652622], [27.1826166, 38.4648296], [27.1825898, 38.4643213], [27.1825254, 38.4640777], [27.1825269, 38.4640273], [27.1825468, 38.4639769], [27.1826434, 38.4638677], [27.1826917, 38.4637627], [27.1826595, 38.4636451], [27.183668, 38.4637459], [27.1848589, 38.4638593], [27.18539, 38.4639643], [27.1857279, 38.4641323], [27.1866775, 38.4648842], [27.1870744, 38.465174], [27.1873909, 38.4654134], [27.1877396, 38.4655436], [27.1897781, 38.4656654], [27.1914035, 38.4657998], [27.1929055, 38.465867], [27.1932596, 38.4659258], [27.1936405, 38.4660644], [27.1942896, 38.466476], [27.1945685, 38.4665979], [27.1955609, 38.4667449], [27.1964729, 38.4668541], [27.1978247, 38.4670557], [27.1983504, 38.4671061], [27.1987688, 38.4669969], [27.1992731, 38.4667953], [27.1998846, 38.4667113], [27.2002024, 38.4667255], [27.2000456, 38.4671901], [27.19989, 38.4675933], [27.1995521, 38.4682023], [27.1990692, 38.468972], [27.1987688, 38.4694035], [27.1977389, 38.4701007], [27.1969986, 38.4706173], [27.1966284, 38.4708525], [27.1962583, 38.4710037], [27.1949601, 38.4713313], [27.1938229, 38.4717345], [27.1928465, 38.4721209], [27.1921921, 38.4724107], [27.1916288, 38.4726753], [27.1911406, 38.4729861], [27.1907222, 38.473301], [27.1905076, 38.4735698], [27.1903574, 38.4739184], [27.1902341, 38.4741872], [27.1901429, 38.474561], [27.189762, 38.4750439], [27.1893436, 38.4756445], [27.1891344, 38.4759889], [27.1887749, 38.476518], [27.1886596, 38.4766587], [27.1885104, 38.476713], [27.188547, 38.4769505], [27.1883484, 38.4773663], [27.1876054, 38.4780047], [27.1878388, 38.4786051], [27.1880454, 38.4793002], [27.1881848, 38.4795795], [27.1883484, 38.4799322], [27.1879944, 38.4800897], [27.1878442, 38.4801296], [27.1875626, 38.4801673], [27.1871951, 38.4801632], [27.1870047, 38.4800939], [27.1864924, 38.4800708], [27.1861839, 38.4800477], [27.1857436, 38.4800627], [27.1855053, 38.4800708], [27.1835285, 38.4799238], [27.1827292, 38.479739]]]]}, "bbox": [27.1821445, 38.4636451, 27.2002024, 38.4801673]}, {"id": "7", "type": "Feature", "properties": {"mahalle_adi": "Mansuroğlu Mahallesi", "_gece_lst_str": "24.5°C"}, "geometry": {"type": "MultiPolygon", "coordinates": [[[[27.1792531, 38.4508181], [27.1798754, 38.4497805], [27.1802884, 38.4490284], [27.1805808, 38.4482869], [27.1808204, 38.4479919], [27.1828055, 38.4487344], [27.1841872, 38.4492592], [27.186656, 38.4502615], [27.1928127, 38.4525649], [27.2033801, 38.4565793], [27.2027385, 38.4576635], [27.2017997, 38.4579492], [27.2001743, 38.4589195], [27.1993107, 38.4593438], [27.1986358, 38.4594655], [27.1985764, 38.4597685], [27.1979561, 38.4595391], [27.1973526, 38.4594971], [27.1964702, 38.4594236], [27.195687, 38.4593375], [27.1951532, 38.4592472], [27.1939945, 38.4591463], [27.1939624, 38.4593404], [27.1938902, 38.4594132], [27.1938033, 38.4594531], [27.1936475, 38.4594467], [27.1935057, 38.4593972], [27.1933669, 38.4593375], [27.1929163, 38.4592913], [27.1920848, 38.4591841], [27.1913713, 38.4591169], [27.1907598, 38.4590161], [27.1903735, 38.4589489], [27.1897995, 38.4588187], [27.1891612, 38.4586255], [27.1885604, 38.4584868], [27.1879435, 38.45826], [27.1874767, 38.4580626], [27.1865755, 38.4577307], [27.1860284, 38.4573842], [27.1855026, 38.4571069], [27.1847945, 38.4567162], [27.1840328, 38.4564936], [27.1835098, 38.4563361], [27.1829706, 38.4561827], [27.1824583, 38.4560756], [27.1821338, 38.4560105], [27.1816698, 38.4558782], [27.1812969, 38.4557984], [27.1809804, 38.4555085], [27.1808624, 38.4552187], [27.1807605, 38.4545255], [27.1806747, 38.4541684], [27.1805835, 38.4537946], [27.1804386, 38.4533325], [27.1800075, 38.4521083], [27.1798646, 38.4517025], [27.1797413, 38.4512782], [27.179693, 38.4510387], [27.1792531, 38.4508181]]]]}, "bbox": [27.1792531, 38.4479919, 27.2033801, 38.4597685]}, {"id": "8", "type": "Feature", "properties": {"mahalle_adi": "Manavkuyu Mahallesi", "_gece_lst_str": "24.7°C"}, "geometry": {"type": "MultiPolygon", "coordinates": [[[[27.1826595, 38.4636451], [27.1825254, 38.4634981], [27.1826005, 38.4625908], [27.1826488, 38.4619607], [27.1827024, 38.4614776], [27.1827024, 38.4609778], [27.1826756, 38.4604695], [27.1826112, 38.4600831], [27.1823814, 38.4592116], [27.1823376, 38.4590455], [27.182225, 38.4584112], [27.1820211, 38.4579156], [27.1818334, 38.4574493], [27.181623, 38.4571691], [27.1816027, 38.4571384], [27.1815404, 38.4570128], [27.1812916, 38.4564957], [27.1812648, 38.4562353], [27.1812808, 38.4560756], [27.1812969, 38.4557984], [27.1816698, 38.4558782], [27.1821338, 38.4560105], [27.1824583, 38.4560756], [27.1829706, 38.4561827], [27.1835098, 38.4563361], [27.1840328, 38.4564936], [27.1847945, 38.4567162], [27.1855026, 38.4571069], [27.1860284, 38.4573842], [27.1865755, 38.4577307], [27.1874767, 38.4580626], [27.1879435, 38.45826], [27.1885604, 38.4584868], [27.1891612, 38.4586255], [27.1897995, 38.4588187], [27.1903735, 38.4589489], [27.1907598, 38.4590161], [27.1913713, 38.4591169], [27.1920848, 38.4591841], [27.1929163, 38.4592913], [27.1933669, 38.4593375], [27.1935057, 38.4593972], [27.1936475, 38.4594467], [27.1938033, 38.4594531], [27.1938902, 38.4594132], [27.1939624, 38.4593404], [27.1939945, 38.4591463], [27.1951532, 38.4592472], [27.195687, 38.4593375], [27.1964702, 38.4594236], [27.1973526, 38.4594971], [27.1979561, 38.4595391], [27.1985764, 38.4597685], [27.1992677, 38.4603225], [27.1996593, 38.4605934], [27.1998256, 38.4606859], [27.2000188, 38.4607247], [27.2012982, 38.4609421], [27.2019093, 38.4610509], [27.2016915, 38.4617153], [27.2016764, 38.4617612], [27.2011292, 38.4617108], [27.200751, 38.462847], [27.2009495, 38.4628806], [27.2014028, 38.4639475], [27.2015718, 38.4642793], [27.2017984, 38.4646437], [27.2019982, 38.4650102], [27.2023469, 38.4656108], [27.2019875, 38.4657746], [27.2015852, 38.46593], [27.2008073, 38.4661526], [27.2002763, 38.4664844], [27.2002441, 38.4666021], [27.2002024, 38.4667255], [27.1998846, 38.4667113], [27.1992731, 38.4667953], [27.1987688, 38.4669969], [27.1983504, 38.4671061], [27.1978247, 38.4670557], [27.1964729, 38.4668541], [27.1955609, 38.4667449], [27.1945685, 38.4665979], [27.1942896, 38.466476], [27.1936405, 38.4660644], [27.1932596, 38.4659258], [27.1929055, 38.465867], [27.1914035, 38.4657998], [27.1897781, 38.4656654], [27.1877396, 38.4655436], [27.1873909, 38.4654134], [27.1870744, 38.465174], [27.1866775, 38.4648842], [27.1857279, 38.4641323], [27.18539, 38.4639643], [27.1848589, 38.4638593], [27.183668, 38.4637459], [27.1826595, 38.4636451]]]]}, "bbox": [27.1812648, 38.4557984, 27.2023469, 38.4671061]}, {"id": "9", "type": "Feature", "properties": {"mahalle_adi": "Adalet Mahallesi", "_gece_lst_str": "24.2°C"}, "geometry": {"type": "MultiPolygon", "coordinates": [[[[27.1641052, 38.4594738], [27.1645031, 38.4593344], [27.1646802, 38.4591176], [27.1647292, 38.4590354], [27.164784, 38.458907], [27.1648948, 38.4584253], [27.1661222, 38.4565501], [27.1663905, 38.4562486], [27.1665523, 38.456115], [27.166671, 38.4560614], [27.1669884, 38.4560916], [27.1671037, 38.4558868], [27.167023, 38.4558315], [27.1669227, 38.4557964], [27.166598, 38.4557516], [27.1662795, 38.4557528], [27.1660871, 38.4557802], [27.1659253, 38.4558384], [27.1658428, 38.4557968], [27.1663797, 38.4550177], [27.166826, 38.4544598], [27.1672029, 38.454126], [27.1676501, 38.4538785], [27.1677476, 38.4537012], [27.1682247, 38.4527314], [27.1685332, 38.4520564], [27.1690944, 38.4509052], [27.169482, 38.4501957], [27.169486, 38.4500624], [27.1693465, 38.4498749], [27.1692918, 38.4497231], [27.1692909, 38.4494795], [27.1693378, 38.4493279], [27.1693752, 38.4492505], [27.1709014, 38.4483216], [27.1710371, 38.4478668], [27.1710457, 38.4478379], [27.1711037, 38.4476767], [27.1711614, 38.4475159], [27.1711751, 38.4471379], [27.1723941, 38.4471441], [27.1734273, 38.4470812], [27.1732141, 38.4484403], [27.1730706, 38.4491713], [27.1735963, 38.4492553], [27.1743661, 38.4494507], [27.175101, 38.4496775], [27.1760613, 38.4499359], [27.1768981, 38.4501439], [27.1777591, 38.450377], [27.1782204, 38.4505073], [27.1792531, 38.4508181], [27.179693, 38.4510387], [27.1797413, 38.4512782], [27.1798646, 38.4517025], [27.1800075, 38.4521083], [27.1804386, 38.4533325], [27.1805835, 38.4537946], [27.1806747, 38.4541684], [27.1807605, 38.4545255], [27.1808624, 38.4552187], [27.1809804, 38.4555085], [27.1812969, 38.4557984], [27.1812808, 38.4560756], [27.1812648, 38.4562353], [27.1812916, 38.4564957], [27.1815404, 38.4570128], [27.1816027, 38.4571384], [27.181623, 38.4571691], [27.1818334, 38.4574493], [27.1820211, 38.4579156], [27.182225, 38.4584112], [27.1823376, 38.4590455], [27.1823814, 38.4592116], [27.1826112, 38.4600831], [27.1826756, 38.4604695], [27.1827024, 38.4609778], [27.1827024, 38.4614776], [27.1826488, 38.4619607], [27.1826005, 38.4625908], [27.1825254, 38.4634981], [27.1826595, 38.4636451], [27.1826917, 38.4637627], [27.1826434, 38.4638677], [27.1825468, 38.4639769], [27.1825269, 38.4640273], [27.1825254, 38.4640777], [27.1825898, 38.4643213], [27.1826166, 38.4648296], [27.1826059, 38.4652622], [27.1825576, 38.4659468], [27.1824449, 38.4659006], [27.1818656, 38.4656948], [27.181431, 38.4655142], [27.181077, 38.4653882], [27.1808463, 38.4652874], [27.1802938, 38.4651446], [27.1798056, 38.4650564], [27.1794784, 38.4649052], [27.1791995, 38.4647119], [27.17884, 38.4644557], [27.1784753, 38.4642919], [27.1781212, 38.4641827], [27.1775097, 38.4639391], [27.1774211, 38.4639151], [27.174629, 38.4631578], [27.1743393, 38.4629226], [27.1740872, 38.4626244], [27.1738779, 38.4624059], [27.1736473, 38.4622253], [27.1733308, 38.4621077], [27.1729875, 38.4619439], [27.17273, 38.4618977], [27.1725047, 38.4617801], [27.1721613, 38.4614104], [27.1718717, 38.4617045], [27.1713889, 38.4619565], [27.1707666, 38.4618221], [27.1695596, 38.4613852], [27.1678376, 38.4607216], [27.1665501, 38.4602511], [27.1651554, 38.459747], [27.1641052, 38.4594738]]]]}, "bbox": [27.1641052, 38.4470812, 27.1827024, 38.4659468]}, {"id": "13", "type": "Feature", "properties": {"mahalle_adi": "Onur Mahallesi", "_gece_lst_str": "23.9°C"}, "geometry": {"type": "MultiPolygon", "coordinates": [[[[27.1405434, 38.4963248], [27.1404771, 38.4959584], [27.1404671, 38.4959078], [27.1403503, 38.4953172], [27.1402001, 38.4944775], [27.1400928, 38.4930332], [27.1403503, 38.4920759], [27.1403503, 38.4911522], [27.1403289, 38.4903292], [27.1401357, 38.4893383], [27.139728, 38.4883473], [27.1391916, 38.4877259], [27.1388268, 38.4871044], [27.1371317, 38.4858783], [27.1376735, 38.4849545], [27.1376735, 38.4848453], [27.1373892, 38.4846732], [27.1372443, 38.4845304], [27.1369278, 38.4843918], [27.1365309, 38.4843414], [27.1361661, 38.4842617], [27.1357959, 38.4840517], [27.1355063, 38.4838417], [27.1351522, 38.483678], [27.134825, 38.4835436], [27.1346426, 38.4834596], [27.1344656, 38.4833042], [27.1342617, 38.4830103], [27.1340632, 38.482708], [27.1337092, 38.4825106], [27.1333444, 38.4824728], [27.1329313, 38.4824686], [27.1324056, 38.4825274], [27.1320677, 38.4825484], [27.1317726, 38.4825274], [27.1313703, 38.4823594], [27.1310323, 38.4819815], [27.1306783, 38.4815448], [27.1303886, 38.4811626], [27.1300238, 38.4809191], [27.1295679, 38.4806671], [27.1286452, 38.4804298], [27.128098, 38.4803374], [27.1273041, 38.4803521], [27.1269232, 38.480159], [27.1266174, 38.4799994], [27.1259415, 38.4796466], [27.1256143, 38.4794283], [27.1252066, 38.4790125], [27.1249062, 38.478769], [27.124826, 38.4787103], [27.1243671, 38.4795737], [27.1251744, 38.480222], [27.125684, 38.4806167], [27.1260059, 38.4809233], [27.1262151, 38.4811584], [27.126376, 38.4813348], [27.1263868, 38.48157], [27.1255445, 38.4816413], [27.1259295, 38.4826666], [27.1259162, 38.4826765], [27.1254641, 38.4830103], [27.1256036, 38.4832119], [27.1256626, 38.4833798], [27.1257967, 38.4837998], [27.125963, 38.4841693], [27.125963, 38.4843708], [27.1258771, 38.4846522], [27.1258557, 38.4848873], [27.125963, 38.4851645], [27.1263117, 38.4855886], [27.1269661, 38.4863528], [27.1276689, 38.4863822], [27.128377, 38.4863696], [27.1291655, 38.486336], [27.1300238, 38.4862898], [27.1306139, 38.4862814], [27.131263, 38.4863024], [27.131778, 38.4862982], [27.1322876, 38.4862898], [27.1330225, 38.4861471], [27.1336663, 38.4860211], [27.1343368, 38.4859917], [27.1345407, 38.4874655], [27.1347506, 38.4878416], [27.134766, 38.4878812], [27.1349966, 38.4882885], [27.1350344, 38.4883788], [27.1353561, 38.4892417], [27.1355706, 38.4900941], [27.1358281, 38.4909758], [27.1356887, 38.4910052], [27.1356082, 38.4910976], [27.1356136, 38.4913453], [27.1357638, 38.4918197], [27.1357101, 38.4919541], [27.1358496, 38.4923992], [27.1359676, 38.4927015], [27.1361071, 38.492861], [27.1363351, 38.4932851], [27.1365416, 38.4935832], [27.1367937, 38.4937931], [27.1368849, 38.4939779], [27.1371371, 38.4943305], [27.1374106, 38.4947042], [27.1376447, 38.4950145], [27.1378203, 38.4952531], [27.1378452, 38.4953424], [27.137931, 38.4957832], [27.1380115, 38.4959889], [27.1381724, 38.4962325], [27.1381509, 38.4963416], [27.1382024, 38.4964309], [27.1383, 38.4966], [27.1378398, 38.4968034], [27.1373248, 38.4969714], [27.138623, 38.4983904], [27.1399641, 38.4986591], [27.1406722, 38.4981218], [27.1408868, 38.4975508], [27.1405434, 38.4963248]]]]}, "bbox": [27.1243671, 38.4787103, 27.1408868, 38.4986591]}, {"id": "15", "type": "Feature", "properties": {"mahalle_adi": "Org.Nafiz Gürman Mahallesi", "_gece_lst_str": "24.0°C"}, "geometry": {"type": "MultiPolygon", "coordinates": [[[[27.130553, 38.4743032], [27.1306837, 38.4743258], [27.1305978, 38.4747206], [27.1306193, 38.4750859], [27.1307158, 38.4754471], [27.1307194, 38.4755518], [27.1307312, 38.4756716], [27.130748, 38.4759384], [27.1307534, 38.4760141], [27.1307427, 38.476392], [27.1305442, 38.4764508], [27.1304959, 38.4765306], [27.1304959, 38.4766104], [27.1305656, 38.4766776], [27.1306515, 38.4767364], [27.1314025, 38.4771017], [27.1311718, 38.4768204], [27.1311504, 38.4766734], [27.1317887, 38.4770514], [27.1317951, 38.4770645], [27.132175, 38.4772907], [27.1325719, 38.4775469], [27.1327198, 38.4776751], [27.1328294, 38.4777569], [27.1332908, 38.4783406], [27.1336321, 38.4787765], [27.1340203, 38.479317], [27.1344817, 38.4797978], [27.1347445, 38.4801086], [27.1349645, 38.4804235], [27.1351334, 38.4806125], [27.1356592, 38.4811773], [27.135922, 38.4814083], [27.1361795, 38.481635], [27.1365067, 38.4818471], [27.136842, 38.4820613], [27.1373892, 38.4823531], [27.1376306, 38.4825442], [27.1383172, 38.4829893], [27.138623, 38.483235], [27.1389449, 38.4835394], [27.1391004, 38.4836948], [27.1392614, 38.4838501], [27.1393767, 38.4840139], [27.1399105, 38.4846522], [27.1403181, 38.4851687], [27.1406132, 38.4855256], [27.1408868, 38.4859203], [27.1412516, 38.4865292], [27.1414608, 38.4868777], [27.1415842, 38.487243], [27.1416432, 38.4876293], [27.14167, 38.487961], [27.1415842, 38.488129], [27.1418256, 38.488973], [27.1432525, 38.4885993], [27.1437836, 38.4896658], [27.1443736, 38.4905559], [27.1449423, 38.491572], [27.1456718, 38.4920339], [27.1470988, 38.4927141], [27.1478712, 38.4930752], [27.1488476, 38.493495], [27.1495449, 38.4938057], [27.1499097, 38.4937889], [27.1501887, 38.493579], [27.1504569, 38.4933523], [27.1499312, 38.4925629], [27.1492982, 38.4914377], [27.1490729, 38.4911102], [27.1479249, 38.4902284], [27.1473241, 38.489565], [27.1469271, 38.48891], [27.146616, 38.4883305], [27.1460581, 38.487264], [27.1452856, 38.4859371], [27.144599, 38.4847446], [27.1439123, 38.483636], [27.1453237, 38.483151], [27.1431506, 38.4786304], [27.1430755, 38.4783406], [27.1431398, 38.478034], [27.1427751, 38.4761568], [27.1423835, 38.4757243], [27.1420884, 38.4753127], [27.1418846, 38.4748633], [27.1416163, 38.4740948], [27.1414018, 38.4734984], [27.141273, 38.4730784], [27.1410853, 38.4726081], [27.140978, 38.4722175], [27.1409264, 38.4722314], [27.1402162, 38.4724233], [27.140125, 38.4722847], [27.139771, 38.4723855], [27.1377486, 38.4730238], [27.1371478, 38.4731834], [27.136488, 38.473259], [27.1357369, 38.4733262], [27.1344978, 38.4732674], [27.1341169, 38.4732422], [27.1338775, 38.4731699], [27.1336609, 38.4730616], [27.1331395, 38.4727903], [27.1327436, 38.4726249], [27.1321978, 38.4724027], [27.131457, 38.4721785], [27.131204, 38.4721167], [27.1310699, 38.4724611], [27.1308242, 38.4732482], [27.1307212, 38.4735782], [27.130553, 38.4743032]]]]}, "bbox": [27.1304959, 38.4721167, 27.1504569, 38.4938057]}, {"id": "18", "type": "Feature", "properties": {"mahalle_adi": "Postacılar Mahallesi", "_gece_lst_str": "24.4°C"}, "geometry": {"type": "MultiPolygon", "coordinates": [[[[27.1150427, 38.479851], [27.1162339, 38.4799485], [27.1168669, 38.4799905], [27.1173551, 38.4800325], [27.1177896, 38.4799821], [27.118605, 38.4800619], [27.1186855, 38.4799527], [27.1198066, 38.4796461], [27.1198173, 38.4798813], [27.1205684, 38.4799653], [27.1214159, 38.4800451], [27.1213462, 38.4803684], [27.1220597, 38.4798981], [27.1226712, 38.4796041], [27.123036, 38.4794614], [27.1238889, 38.479117], [27.1243022, 38.4795133], [27.1243671, 38.4795737], [27.1251744, 38.480222], [27.125684, 38.4806167], [27.1260059, 38.4809233], [27.1262151, 38.4811584], [27.126376, 38.4813348], [27.1263868, 38.48157], [27.1255445, 38.4816413], [27.1259295, 38.4826666], [27.1259162, 38.4826765], [27.1254641, 38.4830103], [27.1256036, 38.4832119], [27.1256626, 38.4833798], [27.1257967, 38.4837998], [27.125963, 38.4841693], [27.125963, 38.4843708], [27.1258771, 38.4846522], [27.1258557, 38.4848873], [27.125963, 38.4851645], [27.1263117, 38.4855886], [27.1269661, 38.4863528], [27.1257395, 38.4862479], [27.1249777, 38.4862103], [27.1244055, 38.4861796], [27.1236902, 38.4861305], [27.1231269, 38.4861249], [27.1227693, 38.4861137], [27.1219951, 38.4861192], [27.1215534, 38.4861261], [27.1205127, 38.4861723], [27.1197832, 38.486189], [27.1191877, 38.4862226], [27.1184099, 38.4862016], [27.1174514, 38.4862535], [27.1162909, 38.4863486], [27.1141773, 38.4866215], [27.1138769, 38.4848495], [27.1137965, 38.4841315], [27.113893, 38.4832413], [27.1146655, 38.481276], [27.1150427, 38.479851]]]]}, "bbox": [27.1137965, 38.479117, 27.1269661, 38.4866215]}, {"id": "19", "type": "Feature", "properties": {"mahalle_adi": "Mavişehir Mahallesi", "_gece_lst_str": "24.3°C"}, "geometry": {"type": "MultiPolygon", "coordinates": [[[[27.0676761, 38.4646438], [27.0679186, 38.4645914], [27.0679177, 38.4646589], [27.0682032, 38.4645148], [27.0684934, 38.4644108], [27.0686572, 38.4643807], [27.0687961, 38.4644583], [27.0689953, 38.4646614], [27.0692176, 38.4651335], [27.0691699, 38.4655438], [27.0692462, 38.4657675], [27.0693165, 38.4659023], [27.0697417, 38.4660076], [27.0697879, 38.4661114], [27.0697276, 38.4670774], [27.0697722, 38.4671332], [27.0698521, 38.4671754], [27.0711722, 38.4671628], [27.0718451, 38.4671526], [27.0746532, 38.4671376], [27.0757663, 38.4671394], [27.0765729, 38.4671406], [27.0769928, 38.4671362], [27.0770348, 38.4669442], [27.0769855, 38.4669277], [27.0769901, 38.4668634], [27.0771543, 38.4668851], [27.077141, 38.4669478], [27.0770728, 38.4669458], [27.077029, 38.4671423], [27.077277, 38.4671583], [27.0775848, 38.4674179], [27.0777115, 38.467499], [27.0779485, 38.4675656], [27.0781284, 38.4675641], [27.0782535, 38.4676018], [27.0783692, 38.467565], [27.078479, 38.4675301], [27.0784938, 38.4674471], [27.0789282, 38.4671591], [27.0793111, 38.4669255], [27.0794783, 38.4668122], [27.0796926, 38.4666455], [27.0805842, 38.4660339], [27.0809055, 38.4658721], [27.081011, 38.4657922], [27.0810815, 38.4657231], [27.0811181, 38.4656658], [27.0811155, 38.4656036], [27.081089, 38.4655671], [27.0810446, 38.4655447], [27.081002, 38.465527], [27.0809484, 38.4655214], [27.080879, 38.4655253], [27.0807672, 38.4655407], [27.0806975, 38.4655595], [27.0806095, 38.465597], [27.0804333, 38.4656965], [27.0800847, 38.4659453], [27.0796578, 38.4663041], [27.0794443, 38.4664684], [27.0793689, 38.4665203], [27.0793168, 38.4665305], [27.0792408, 38.4665305], [27.079154, 38.4664924], [27.0791245, 38.4664653], [27.0790997, 38.4664042], [27.0791041, 38.4663552], [27.0791809, 38.4661935], [27.0791551, 38.4661812], [27.0791766, 38.4661513], [27.0791958, 38.466159], [27.0794523, 38.466078], [27.0796422, 38.465968], [27.0799718, 38.4657299], [27.0803135, 38.4655623], [27.0808847, 38.4652814], [27.0808537, 38.4652248], [27.0808709, 38.4652177], [27.0808092, 38.4651208], [27.0806127, 38.4651876], [27.0805876, 38.4651483], [27.0808084, 38.4650512], [27.0809433, 38.4650212], [27.0809763, 38.465103], [27.0809031, 38.4651402], [27.0809966, 38.4652977], [27.0810159, 38.4653065], [27.0810259, 38.4653137], [27.0810415, 38.4653156], [27.0810582, 38.4653119], [27.0810678, 38.4652998], [27.0810654, 38.4652803], [27.0810882, 38.465258], [27.0811339, 38.4652333], [27.0813453, 38.4651783], [27.0816983, 38.4650796], [27.0821432, 38.4657587], [27.082121, 38.4660404], [27.0821278, 38.4660921], [27.0822374, 38.4664012], [27.0826352, 38.4669724], [27.0833373, 38.4679629], [27.0843673, 38.4696639], [27.0849895, 38.4707685], [27.0844155, 38.4710751], [27.0838845, 38.4713187], [27.0834178, 38.4714825], [27.083112, 38.4715497], [27.0825756, 38.4719697], [27.0821088, 38.4723897], [27.081669, 38.4726081], [27.0816448, 38.4736055], [27.0809796, 38.4736139], [27.0809931, 38.4741242], [27.0815375, 38.4748402], [27.0811754, 38.4750376], [27.0807463, 38.4751909], [27.0805022, 38.4752497], [27.0801321, 38.475277], [27.0792335, 38.4752728], [27.0785764, 38.4752749], [27.0778924, 38.4752854], [27.0772836, 38.4752875], [27.0769376, 38.4752791], [27.0766345, 38.475256], [27.0762053, 38.4752644], [27.075685, 38.4752623], [27.0750493, 38.4752686], [27.0736143, 38.4752644], [27.0718601, 38.4752644], [27.0699906, 38.4752665], [27.0695722, 38.4752581], [27.0692888, 38.4752309], [27.069056, 38.4752063], [27.0687247, 38.475161], [27.0683098, 38.4751406], [27.0681768, 38.4751492], [27.0680273, 38.4751972], [27.067917, 38.4753042], [27.0677008, 38.4755639], [27.06709, 38.4761836], [27.0669601, 38.4763325], [27.066716, 38.4765877], [27.0661712, 38.4765726], [27.0655596, 38.4756151], [27.0647335, 38.4754135], [27.0629468, 38.4747983], [27.0626121, 38.4745095], [27.0625413, 38.4743986], [27.0626809, 38.4741577], [27.0634785, 38.4735735], [27.0639937, 38.4732758], [27.0649633, 38.4731437], [27.0653769, 38.4728541], [27.0652812, 38.4710198], [27.0652261, 38.4693649], [27.065142, 38.4684772], [27.0659011, 38.4674607], [27.0664842, 38.4663722], [27.0668055, 38.465913], [27.0675346, 38.4650041], [27.0676761, 38.4646438]]]]}, "bbox": [27.0625413, 38.4643807, 27.0849895, 38.4765877]}, {"id": "20", "type": "Feature", "properties": {"mahalle_adi": "Yalı Mahallesi", "_gece_lst_str": "24.4°C"}, "geometry": {"type": "MultiPolygon", "coordinates": [[[[27.06709, 38.4761836], [27.067354, 38.4762765], [27.0676517, 38.4763164], [27.0684671, 38.4763248], [27.0688024, 38.4763374], [27.0690009, 38.476371], [27.0692047, 38.4764298], [27.0694086, 38.4765054], [27.0696312, 38.4766188], [27.0698619, 38.4767994], [27.0700684, 38.4769401], [27.0703661, 38.4771584], [27.0711091, 38.477738], [27.0714337, 38.4780193], [27.0721981, 38.4785989], [27.0725495, 38.4787984], [27.0729625, 38.4790503], [27.0731851, 38.4792099], [27.0736518, 38.4795899], [27.0741722, 38.4800078], [27.0748079, 38.4804823], [27.076039, 38.4814083], [27.0761731, 38.4814776], [27.0763555, 38.4815301], [27.0767659, 38.4815867], [27.0777985, 38.4816644], [27.078402, 38.4816812], [27.0789278, 38.4817169], [27.0792335, 38.4817484], [27.0794025, 38.4817946], [27.0795152, 38.4818345], [27.0797136, 38.4818807], [27.0804951, 38.4819635], [27.0844209, 38.4806713], [27.0851719, 38.479844], [27.0859015, 38.4791301], [27.0864263, 38.4785974], [27.086733, 38.478286], [27.0875001, 38.4774755], [27.0884952, 38.476413], [27.0893455, 38.4755101], [27.0896485, 38.4752014], [27.0903566, 38.4744455], [27.0907617, 38.4740087], [27.0910487, 38.4736496], [27.0915475, 38.4731582], [27.0922556, 38.4724107], [27.0929235, 38.4717303], [27.0935646, 38.4710457], [27.0940715, 38.470506], [27.09497, 38.4695652], [27.0954153, 38.4690633], [27.0962065, 38.4682233], [27.0965579, 38.4678621], [27.0968503, 38.4675324], [27.0970938, 38.4672915], [27.0973787, 38.4670095], [27.0979071, 38.4664319], [27.098237, 38.4660875], [27.0987305, 38.4655877], [27.0989773, 38.4656129], [27.0990175, 38.4652475], [27.0988834, 38.4651257], [27.0985535, 38.4649241], [27.098414, 38.4648569], [27.0978212, 38.4647623], [27.0975396, 38.4647056], [27.0973706, 38.4645859], [27.0972472, 38.4644956], [27.0970273, 38.4642562], [27.096869, 38.4641008], [27.0967108, 38.4639034], [27.0966116, 38.4637375], [27.0963621, 38.4636346], [27.0961127, 38.4636157], [27.0959276, 38.4636325], [27.0957452, 38.4637165], [27.0956969, 38.4638236], [27.0956486, 38.4639769], [27.095603, 38.4641365], [27.0956165, 38.4642184], [27.0957613, 38.4644011], [27.0960161, 38.4646951], [27.095764, 38.4646321], [27.0954046, 38.4645292], [27.0950934, 38.4644641], [27.0948172, 38.4644263], [27.0944095, 38.4644158], [27.0941976, 38.4643927], [27.0940554, 38.4643696], [27.0938918, 38.4643171], [27.093747, 38.4642856], [27.0934144, 38.464231], [27.0930657, 38.4642394], [27.0927036, 38.4642415], [27.0927599, 38.4647392], [27.0921537, 38.4649304], [27.0913464, 38.4652433], [27.0911994, 38.4652965], [27.0910272, 38.4653588], [27.0907, 38.4655268], [27.090227, 38.465737], [27.0902002, 38.4657428], [27.0899945, 38.4654869], [27.0899114, 38.4655793], [27.0896995, 38.465867], [27.0891631, 38.466476], [27.0890155, 38.4666546], [27.0888653, 38.4668268], [27.0887339, 38.4669675], [27.0886427, 38.467062], [27.0884684, 38.4671397], [27.0879668, 38.4673287], [27.0879024, 38.4676059], [27.0878193, 38.4678054], [27.0876932, 38.4680322], [27.0876047, 38.4681918], [27.0875189, 38.4683367], [27.0871916, 38.4687294], [27.0868671, 38.4691263], [27.0864674, 38.4695841], [27.0857969, 38.4704241], [27.0853382, 38.4710142], [27.0849895, 38.4707685], [27.0844155, 38.4710751], [27.0838845, 38.4713187], [27.0834178, 38.4714825], [27.083112, 38.4715497], [27.0825756, 38.4719697], [27.0821088, 38.4723897], [27.081669, 38.4726081], [27.0816448, 38.4736055], [27.0809796, 38.4736139], [27.0809931, 38.4741242], [27.0815375, 38.4748402], [27.0811754, 38.4750376], [27.0807463, 38.4751909], [27.0805022, 38.4752497], [27.0801321, 38.475277], [27.0792335, 38.4752728], [27.0785764, 38.4752749], [27.0778924, 38.4752854], [27.0772836, 38.4752875], [27.0769376, 38.4752791], [27.0766345, 38.475256], [27.0762053, 38.4752644], [27.075685, 38.4752623], [27.0750493, 38.4752686], [27.0736143, 38.4752644], [27.0718601, 38.4752644], [27.0699906, 38.4752665], [27.0695722, 38.4752581], [27.0692888, 38.4752309], [27.069056, 38.4752063], [27.0687247, 38.475161], [27.0683098, 38.4751406], [27.0681768, 38.4751492], [27.0680273, 38.4751972], [27.067917, 38.4753042], [27.0677008, 38.4755639], [27.06709, 38.4761836]]]]}, "bbox": [27.06709, 38.4636157, 27.0990175, 38.4819635]}, {"id": "21", "type": "Feature", "properties": {"mahalle_adi": "Kazımdirik Mahallesi", "_gece_lst_str": "24.6°C"}, "geometry": {"type": "MultiPolygon", "coordinates": [[[[27.1985764, 38.4597685], [27.1992677, 38.4603225], [27.1996593, 38.4605934], [27.1998256, 38.4606859], [27.2000188, 38.4607247], [27.2012982, 38.4609421], [27.2019093, 38.4610509], [27.2016915, 38.4617153], [27.2016764, 38.4617612], [27.2011292, 38.4617108], [27.200751, 38.462847], [27.2009495, 38.4628806], [27.2014028, 38.4639475], [27.2015718, 38.4642793], [27.2017984, 38.4646437], [27.2019982, 38.4650102], [27.2023469, 38.4656108], [27.2028887, 38.4654806], [27.2035539, 38.4654764], [27.2058928, 38.4654596], [27.2059898, 38.4654605], [27.2066116, 38.4654302], [27.207824, 38.465363], [27.2078407, 38.4652653], [27.2079152, 38.4648296], [27.208119, 38.4643675], [27.2081966, 38.4642156], [27.2083443, 38.4639265], [27.2089559, 38.4627021], [27.2105223, 38.4631305], [27.2113565, 38.4632922], [27.2118714, 38.4634266], [27.2123381, 38.4635254], [27.2124776, 38.4635632], [27.2129658, 38.4636745], [27.2132099, 38.4637438], [27.2135264, 38.4638593], [27.2139689, 38.4640504], [27.2148728, 38.4644515], [27.2154576, 38.4647035], [27.2159967, 38.4649472], [27.2167879, 38.4652559], [27.2171152, 38.4653735], [27.2188371, 38.4661043], [27.2190433, 38.4661586], [27.2189954, 38.4660224], [27.218923, 38.4654953], [27.2189228, 38.4653517], [27.2187301, 38.4649282], [27.2185636, 38.4645061], [27.2184455, 38.4642205], [27.218357, 38.4640756], [27.218121, 38.4637438], [27.2179815, 38.4635527], [27.2179145, 38.4634077], [27.2179225, 38.4633195], [27.2179869, 38.4632166], [27.2180727, 38.4631284], [27.2182122, 38.4630171], [27.2184093, 38.4628743], [27.2181787, 38.4625078], [27.2177133, 38.4618977], [27.2174799, 38.4616709], [27.2174056, 38.461418], [27.2172326, 38.461168], [27.2170857, 38.4610057], [27.2169493, 38.4608106], [27.2167695, 38.4607039], [27.2164622, 38.4605967], [27.2163078, 38.460543], [27.2162619, 38.4604117], [27.2162654, 38.4602079], [27.216329, 38.4596659], [27.216367, 38.4595138], [27.2163939, 38.4593687], [27.2164446, 38.4589218], [27.2164775, 38.4586413], [27.2164745, 38.4585149], [27.2163972, 38.4583415], [27.216267, 38.4580285], [27.2161227, 38.4577181], [27.2158277, 38.4571006], [27.2156453, 38.4566742], [27.2155622, 38.4564894], [27.2155648, 38.4563529], [27.215715, 38.4562143], [27.2161818, 38.4559811], [27.2165519, 38.4557795], [27.2166806, 38.4556513], [27.2168469, 38.4552271], [27.2169891, 38.4547986], [27.2172117, 38.4540886], [27.2173968, 38.4535299], [27.2176516, 38.4527422], [27.2178018, 38.4523284], [27.217901, 38.4520764], [27.2180137, 38.4514378], [27.2181532, 38.450732], [27.2182743, 38.4499327], [27.2183437, 38.4497498], [27.2190628, 38.4481822], [27.21911, 38.4478212], [27.219295, 38.447235], [27.2194409, 38.4470037], [27.2195588, 38.4467752], [27.2196972, 38.4465384], [27.2198079, 38.4463842], [27.2199165, 38.4462733], [27.2200203, 38.4461758], [27.2201075, 38.4461053], [27.2201847, 38.4460507], [27.2202997, 38.4459786], [27.220371, 38.4459353], [27.2204567, 38.4458886], [27.2205806, 38.4458292], [27.2207656, 38.4457919], [27.2208636, 38.4457609], [27.2209863, 38.4457304], [27.2210573, 38.4457136], [27.2211733, 38.4456937], [27.2212438, 38.4456816], [27.2213818, 38.4456615], [27.2214711, 38.4456527], [27.2216355, 38.4456485], [27.2218003, 38.4456427], [27.2238547, 38.4436586], [27.2216511, 38.4428121], [27.220476, 38.4423907], [27.2198673, 38.4425349], [27.2177155, 38.4430338], [27.2150405, 38.4436991], [27.213647, 38.4440268], [27.212719, 38.4442789], [27.2117078, 38.4446906], [27.2108871, 38.4450225], [27.2103399, 38.4453124], [27.2100878, 38.4453586], [27.2055066, 38.4446107], [27.2004286, 38.4442493], [27.2001048, 38.4442405], [27.1979374, 38.4441822], [27.1974117, 38.4441654], [27.19702, 38.4440982], [27.1963924, 38.4440309], [27.1960705, 38.4439847], [27.1957701, 38.4438671], [27.1955502, 38.4437536], [27.1951693, 38.4434973], [27.194944, 38.4433209], [27.1947402, 38.4431738], [27.1943968, 38.443073], [27.1939892, 38.4429848], [27.1929216, 38.4429343], [27.1919399, 38.4427915], [27.191087, 38.442678], [27.1900654, 38.4424754], [27.1883523, 38.442167], [27.1879354, 38.4421685], [27.185927, 38.4414048], [27.1844035, 38.440968], [27.1837736, 38.4409054], [27.1826039, 38.4409667], [27.1827483, 38.4414222], [27.1830033, 38.442143], [27.1836058, 38.4426294], [27.1834063, 38.4427241], [27.1818964, 38.443028], [27.1801166, 38.4419726], [27.1801069, 38.4426359], [27.1804294, 38.4441528], [27.181213, 38.4458379], [27.1808204, 38.4479919], [27.1828055, 38.4487344], [27.1841872, 38.4492592], [27.186656, 38.4502615], [27.1928127, 38.4525649], [27.2033801, 38.4565793], [27.2027385, 38.4576635], [27.2017997, 38.4579492], [27.2001743, 38.4589195], [27.1993107, 38.4593438], [27.1986358, 38.4594655], [27.1985764, 38.4597685]]]]}, "bbox": [27.1801069, 38.4409054, 27.2238547, 38.4661586]}, {"id": "22", "type": "Feature", "properties": {"mahalle_adi": "Barbaros Mahallesi", "_gece_lst_str": "24.4°C"}, "geometry": {"type": "MultiPolygon", "coordinates": [[[[27.1807211, 38.4355038], [27.1806869, 38.4363881], [27.1806033, 38.4371534], [27.1809912, 38.4371402], [27.181879, 38.4370897], [27.1824503, 38.4370792], [27.18274, 38.4371107], [27.1829277, 38.4371885], [27.1831584, 38.4372788], [27.1835178, 38.4373671], [27.1839228, 38.4374091], [27.1842045, 38.4374574], [27.1845719, 38.4375519], [27.1851392, 38.4375634], [27.185457, 38.4375603], [27.1860874, 38.4375225], [27.1864897, 38.4375162], [27.1874151, 38.4375687], [27.1878013, 38.4375582], [27.188606, 38.4375204], [27.1892577, 38.4374826], [27.1895769, 38.437491], [27.1898505, 38.4375204], [27.1903145, 38.437554], [27.1907598, 38.437594], [27.1908841, 38.4375933], [27.191138, 38.4376129], [27.1915403, 38.4376108], [27.1918756, 38.4376129], [27.1921706, 38.4376213], [27.1928385, 38.4377809], [27.1934178, 38.4380982], [27.1937424, 38.43826], [27.1940938, 38.4383713], [27.1950701, 38.4387915], [27.1953088, 38.4388881], [27.1953624, 38.4389133], [27.1958211, 38.4378566], [27.1964675, 38.4371402], [27.1966043, 38.4371843], [27.1969047, 38.4373124], [27.1973956, 38.437449], [27.1981573, 38.4376087], [27.1982887, 38.4369889], [27.1984094, 38.4363586], [27.1985972, 38.43539], [27.1986602, 38.4350224], [27.198695, 38.4348438], [27.1986548, 38.43439], [27.1977992, 38.4345727], [27.1969302, 38.4347219], [27.1964876, 38.4347135], [27.1954979, 38.4347576], [27.1945081, 38.4348165], [27.1941004, 38.4349383], [27.1936605, 38.4347702], [27.1932207, 38.4346862], [27.1926949, 38.4347009], [27.1924911, 38.4346883], [27.1918366, 38.4346967], [27.1912761, 38.4346568], [27.1912358, 38.4349341], [27.1907289, 38.4349089], [27.190289, 38.434911], [27.1900288, 38.4349047], [27.1894683, 38.4348165], [27.1889881, 38.4347681], [27.1881754, 38.4346526], [27.1878267, 38.4346211], [27.1867941, 38.4346085], [27.1865232, 38.4346043], [27.1863623, 38.4346316], [27.1861799, 38.4346232], [27.1858365, 38.4347135], [27.1854517, 38.434786], [27.1849621, 38.4348375], [27.1844525, 38.4349593], [27.1839456, 38.4350602], [27.1833662, 38.4351904], [27.1828673, 38.4353102], [27.1824435, 38.4353669], [27.1816469, 38.4354678], [27.1807211, 38.4355038]]]]}, "bbox": [27.1806033, 38.43439, 27.198695, 38.4389133]}, {"id": "23", "type": "Feature", "properties": {"mahalle_adi": "Bahçelievler Mahallesi", "_gece_lst_str": "24.5°C"}, "geometry": {"type": "MultiPolygon", "coordinates": [[[[27.130305, 38.4660413], [27.1298316, 38.466251], [27.1294659, 38.466413], [27.127803, 38.4673896], [27.1271914, 38.4677865], [27.1264753, 38.4681099], [27.1259603, 38.4682779], [27.1251503, 38.4684459], [27.1246111, 38.468511], [27.1231574, 38.4685635], [27.1225684, 38.4684964], [27.1215668, 38.4683178], [27.1199441, 38.4679083], [27.1182988, 38.4674815], [27.1180853, 38.4674379], [27.1169345, 38.4674403], [27.1163204, 38.4674946], [27.1159026, 38.4675831], [27.1155667, 38.4676542], [27.1149713, 38.4678369], [27.1142321, 38.4682184], [27.1132547, 38.4688071], [27.1120262, 38.4695673], [27.1115595, 38.4698907], [27.1111625, 38.4694791], [27.1108031, 38.4691263], [27.1104437, 38.4687399], [27.1101701, 38.4683535], [27.1099341, 38.4678243], [27.1099145, 38.4677677], [27.1095264, 38.4666441], [27.1088934, 38.4648758], [27.1111411, 38.4643045], [27.1116507, 38.4642163], [27.1129596, 38.4640525], [27.1137911, 38.4639349], [27.1144241, 38.4638719], [27.1152234, 38.4638173], [27.1163714, 38.4637543], [27.1173209, 38.4637123], [27.118206, 38.4636871], [27.1190675, 38.4635131], [27.1196115, 38.4634266], [27.1210223, 38.463204], [27.1216983, 38.4630486], [27.1222079, 38.4628848], [27.1225244, 38.4628638], [27.1228784, 38.4629184], [27.1232217, 38.4629226], [27.1236294, 38.462889], [27.1243268, 38.4627252], [27.124654, 38.4626916], [27.1249715, 38.4626943], [27.1265906, 38.4636199], [27.1274435, 38.4641113], [27.1279907, 38.4643843], [27.1287149, 38.4647035], [27.1293855, 38.464901], [27.1296859, 38.4649178], [27.1298361, 38.4654512], [27.1299487, 38.4656528], [27.1301526, 38.4658838], [27.130305, 38.4660413]]]]}, "bbox": [27.1088934, 38.4626916, 27.130305, 38.4698907]}, {"id": "24", "type": "Feature", "properties": {"mahalle_adi": "Donanmacı Mahallesi", "_gece_lst_str": "24.0°C"}, "geometry": {"type": "MultiPolygon", "coordinates": [[[[27.1114012, 38.4491107], [27.1115005, 38.4490898], [27.1114377, 38.4488488], [27.1114882, 38.4488316], [27.1115405, 38.4490536], [27.1118302, 38.4490078], [27.1120793, 38.4486887], [27.1123541, 38.4488125], [27.1125084, 38.448882], [27.1125339, 38.4490112], [27.1123542, 38.4493672], [27.1148027, 38.4506886], [27.1148936, 38.4508478], [27.1156793, 38.4512293], [27.1159576, 38.4511916], [27.1163979, 38.4516152], [27.1165285, 38.4516297], [27.1173519, 38.4524972], [27.1178352, 38.4525608], [27.1179322, 38.4526631], [27.1181227, 38.4525638], [27.1181723, 38.4526066], [27.1179834, 38.4527171], [27.1183357, 38.4530885], [27.1182893, 38.4533577], [27.1186072, 38.4536592], [27.1187563, 38.4536663], [27.1195786, 38.4543956], [27.1195307, 38.4546819], [27.120045, 38.4550414], [27.1199697, 38.4551154], [27.1197563, 38.4553363], [27.1186674, 38.456042], [27.1183538, 38.4562308], [27.1171814, 38.4569368], [27.1163982, 38.4573779], [27.1158028, 38.4577181], [27.1152663, 38.4579366], [27.1146065, 38.4578273], [27.1144214, 38.4578016], [27.1134907, 38.4576719], [27.112438, 38.4575762], [27.1124285, 38.4575753], [27.1120262, 38.4560252], [27.1119451, 38.4557498], [27.1118653, 38.4554875], [27.1122891, 38.4554161], [27.1118814, 38.4534333], [27.1115702, 38.4514126], [27.1113664, 38.4499044], [27.1114012, 38.4491107]]]]}, "bbox": [27.1113664, 38.4486887, 27.120045, 38.4579366]}, {"id": "25", "type": "Feature", "properties": {"mahalle_adi": "Bostanlı Mahallesi", "_gece_lst_str": "24.3°C"}, "geometry": {"type": "MultiPolygon", "coordinates": [[[[27.0927036, 38.4642415], [27.0930657, 38.4642394], [27.0934144, 38.464231], [27.093747, 38.4642856], [27.0938918, 38.4643171], [27.0940554, 38.4643696], [27.0941976, 38.4643927], [27.0944095, 38.4644158], [27.0948172, 38.4644263], [27.0950934, 38.4644641], [27.0954046, 38.4645292], [27.095764, 38.4646321], [27.0960161, 38.4646951], [27.0957613, 38.4644011], [27.0956165, 38.4642184], [27.095603, 38.4641365], [27.0956486, 38.4639769], [27.0956969, 38.4638236], [27.0957452, 38.4637165], [27.0959276, 38.4636325], [27.0961127, 38.4636157], [27.0963621, 38.4636346], [27.0966116, 38.4637375], [27.0967108, 38.4639034], [27.096869, 38.4641008], [27.0970273, 38.4642562], [27.0972472, 38.4644956], [27.0973706, 38.4645859], [27.0975396, 38.4647056], [27.0978212, 38.4647623], [27.098414, 38.4648569], [27.0985535, 38.4649241], [27.0988834, 38.4651257], [27.0990175, 38.4652475], [27.0989773, 38.4656129], [27.1005142, 38.4638971], [27.1013839, 38.4630329], [27.1028323, 38.4614451], [27.1033687, 38.4607899], [27.1040017, 38.4601346], [27.1049244, 38.4594121], [27.1063621, 38.4587568], [27.1073491, 38.4583535], [27.1066618, 38.4553111], [27.1064901, 38.4546221], [27.1060181, 38.4539164], [27.1049988, 38.4527401], [27.1034883, 38.450783], [27.1029722, 38.4509227], [27.1029335, 38.4513028], [27.102932, 38.4513176], [27.1028316, 38.4513675], [27.1021971, 38.4516831], [27.1021917, 38.4517713], [27.1016714, 38.4520591], [27.1008211, 38.4524098], [27.1001398, 38.4528173], [27.1001023, 38.4528951], [27.0989838, 38.4534317], [27.0985405, 38.4528142], [27.0986042, 38.4527088], [27.0983884, 38.4526285], [27.0985724, 38.4523153], [27.0985312, 38.4522897], [27.0983904, 38.452545], [27.0983502, 38.4526441], [27.0982443, 38.4526086], [27.0977407, 38.45244], [27.0980438, 38.4518732], [27.0980315, 38.4518276], [27.0979045, 38.4517815], [27.0977618, 38.4517327], [27.0977135, 38.4517474], [27.0974023, 38.452304], [27.0972012, 38.4522746], [27.096921, 38.4526908], [27.0967211, 38.4529877], [27.0966822, 38.4533228], [27.0960942, 38.4533276], [27.0960648, 38.4533429], [27.0960477, 38.453384], [27.0960524, 38.4534198], [27.0960835, 38.4534416], [27.0967608, 38.4534544], [27.0969101, 38.4540354], [27.0967885, 38.4541141], [27.0955694, 38.4545115], [27.0955546, 38.4545485], [27.0954357, 38.4545872], [27.0954072, 38.4545708], [27.0953033, 38.4546065], [27.094524, 38.4548727], [27.0938554, 38.4547484], [27.0934091, 38.4540822], [27.0933322, 38.453915], [27.0936796, 38.4535746], [27.0949217, 38.4530296], [27.0948863, 38.4529752], [27.09516, 38.4528662], [27.0951529, 38.4528065], [27.0956278, 38.4525832], [27.0956478, 38.4525503], [27.0956118, 38.452495], [27.0955747, 38.4524847], [27.0955174, 38.4524895], [27.0948924, 38.4527466], [27.0945466, 38.4528916], [27.0938693, 38.4531815], [27.0936318, 38.4532983], [27.0934278, 38.4533719], [27.0931284, 38.4538284], [27.0931622, 38.4539197], [27.0930882, 38.4539422], [27.0928083, 38.4543131], [27.0931156, 38.4550236], [27.0932589, 38.4552746], [27.0936402, 38.4559496], [27.0935227, 38.4559911], [27.0933591, 38.456049], [27.0933119, 38.455958], [27.0932015, 38.4559101], [27.0928817, 38.4553421], [27.0927955, 38.455299], [27.0915884, 38.4557426], [27.0900632, 38.456514], [27.0892286, 38.4569654], [27.0886621, 38.4574225], [27.0882501, 38.4579467], [27.0881632, 38.4580159], [27.0889565, 38.4586738], [27.0891657, 38.4588208], [27.089332, 38.4589741], [27.0896026, 38.4592722], [27.0896351, 38.4592976], [27.0898873, 38.4596189], [27.0903513, 38.4601608], [27.0909253, 38.4607216], [27.0911238, 38.4609337], [27.0913866, 38.461234], [27.0917729, 38.4616688], [27.0924193, 38.4623429], [27.092489, 38.4626706], [27.0925963, 38.4634602], [27.0927036, 38.4642415]]]]}, "bbox": [27.0881632, 38.450783, 27.1073491, 38.4656129]}, {"id": "26", "type": "Feature", "properties": {"mahalle_adi": "Şemikler Mahallesi", "_gece_lst_str": "24.5°C"}, "geometry": {"type": "MultiPolygon", "coordinates": [[[[27.0993582, 38.4712736], [27.0994011, 38.4716306], [27.0994225, 38.4720716], [27.0994655, 38.4724328], [27.0995245, 38.4727646], [27.0996318, 38.4730333], [27.0996894, 38.4731346], [27.0993405, 38.4735364], [27.099798, 38.4741379], [27.0998571, 38.4743395], [27.1001682, 38.4747259], [27.1005624, 38.4750135], [27.101402, 38.475549], [27.1017183, 38.4757612], [27.1019277, 38.4759018], [27.1008575, 38.4764466], [27.099688, 38.4769842], [27.098937, 38.4772613], [27.0973921, 38.4776813], [27.096287, 38.4779249], [27.0955092, 38.4781558], [27.0949459, 38.47837], [27.0939964, 38.478811], [27.0932116, 38.4793135], [27.0930469, 38.4794241], [27.0912659, 38.4805075], [27.0901233, 38.4812676], [27.0883745, 38.48233], [27.0880312, 38.48254], [27.0875484, 38.4827919], [27.0867866, 38.4831573], [27.0860532, 38.4834735], [27.0841436, 38.4842197], [27.0823269, 38.4849182], [27.0814002, 38.483852], [27.0804951, 38.4819635], [27.0844209, 38.4806713], [27.0851719, 38.479844], [27.0859015, 38.4791301], [27.0864263, 38.4785974], [27.086733, 38.478286], [27.0875001, 38.4774755], [27.0884952, 38.476413], [27.0893455, 38.4755101], [27.0896485, 38.4752014], [27.0903566, 38.4744455], [27.0907617, 38.4740087], [27.0910487, 38.4736496], [27.0915475, 38.4731582], [27.0922556, 38.4724107], [27.0929235, 38.4717303], [27.0935646, 38.4710457], [27.0940715, 38.470506], [27.09497, 38.4695652], [27.0954153, 38.4690633], [27.0962065, 38.4682233], [27.0965579, 38.4678621], [27.0968503, 38.4675324], [27.0970938, 38.4672915], [27.097097, 38.4677697], [27.0970917, 38.4681603], [27.0971024, 38.4684459], [27.0972258, 38.4687105], [27.097435, 38.4691557], [27.0975798, 38.4694371], [27.0980895, 38.4699747], [27.0982718, 38.4702183], [27.0983362, 38.4704913], [27.0984811, 38.4707391], [27.098583, 38.4708651], [27.0987332, 38.4709155], [27.0989317, 38.4709743], [27.0991194, 38.4710751], [27.0993582, 38.4712736]]]]}, "bbox": [27.0804951, 38.4672915, 27.1019277, 38.4849182]}, {"id": "27", "type": "Feature", "properties": {"mahalle_adi": "Dedebaşı Mahallesi", "_gece_lst_str": "24.5°C"}, "geometry": {"type": "MultiPolygon", "coordinates": [[[[27.1003425, 38.466014], [27.1007824, 38.4657788], [27.1013188, 38.465552], [27.101401, 38.4655385], [27.1016433, 38.4655066], [27.1024769, 38.465392], [27.1031969, 38.4653049], [27.103411, 38.465279], [27.1040064, 38.4651992], [27.1044141, 38.4651446], [27.104516, 38.4650396], [27.1058142, 38.4648716], [27.106225, 38.4658209], [27.1062541, 38.465888], [27.1065813, 38.4664886], [27.106812, 38.4666861], [27.1074074, 38.4671103], [27.1079761, 38.4676101], [27.1080887, 38.4678369], [27.1099145, 38.4677677], [27.1099341, 38.4678243], [27.1101701, 38.4683535], [27.1104437, 38.4687399], [27.1108031, 38.4691263], [27.1111625, 38.4694791], [27.1115595, 38.4698907], [27.1104169, 38.4705501], [27.1082604, 38.4719151], [27.1058196, 38.4734522], [27.1036909, 38.4747583], [27.1037114, 38.4744896], [27.1037704, 38.4742628], [27.1038616, 38.4740864], [27.1039152, 38.4738722], [27.103942, 38.4736664], [27.1039152, 38.4734816], [27.1037596, 38.4732296], [27.1036792, 38.4730322], [27.1035773, 38.4727929], [27.1035129, 38.4724863], [27.1035236, 38.4722469], [27.1036148, 38.4719067], [27.103647, 38.4716673], [27.1036041, 38.4714279], [27.1034592, 38.4710793], [27.103309, 38.4707853], [27.1032661, 38.4705963], [27.1033412, 38.4704451], [27.1033895, 38.4702015], [27.1033037, 38.4699495], [27.1031588, 38.4697605], [27.1029496, 38.4696093], [27.1025526, 38.4694749], [27.1022415, 38.4693237], [27.1021557, 38.4692439], [27.1020806, 38.4691515], [27.1020049, 38.4691009], [27.101925, 38.4688701], [27.1017909, 38.4684585], [27.1015939, 38.4680717], [27.1013995, 38.4676541], [27.1011579, 38.4672867], [27.1007341, 38.4666903], [27.1005893, 38.4662912], [27.1003425, 38.466014]]]]}, "bbox": [27.1003425, 38.4648716, 27.1115595, 38.4747583]}, {"id": "36", "type": "Feature", "properties": {"mahalle_adi": "Egekent Mahallesi", "_gece_lst_str": "24.0°C"}, "geometry": {"type": "MultiPolygon", "coordinates": [[[[27.0661266, 38.5017169], [27.0663482, 38.5019505], [27.0671582, 38.5026432], [27.0673245, 38.5028699], [27.0675981, 38.503466], [27.0680433, 38.5049059], [27.0682579, 38.505162], [27.0685691, 38.5058169], [27.0688587, 38.5063542], [27.0691913, 38.5066061], [27.0692772, 38.5067992], [27.0693147, 38.5070385], [27.0692933, 38.507219], [27.0692611, 38.5073743], [27.0691752, 38.507559], [27.0691752, 38.5077395], [27.0692021, 38.5079494], [27.0692664, 38.5081509], [27.0694381, 38.5084867], [27.0677322, 38.5085077], [27.0669061, 38.5077479], [27.0654792, 38.5066313], [27.0648676, 38.506308], [27.0645565, 38.5062871], [27.0639986, 38.5062745], [27.0637357, 38.506329], [27.0631939, 38.5067782], [27.0620245, 38.5077647], [27.0617026, 38.5080376], [27.061075, 38.5085791], [27.060796, 38.5088603], [27.0603987, 38.5093443], [27.0602381, 38.5092549], [27.0578778, 38.508365], [27.0579851, 38.5081635], [27.0584196, 38.5069083], [27.0585376, 38.5066271], [27.0586395, 38.5064256], [27.0588112, 38.5062031], [27.0590955, 38.5058379], [27.0598465, 38.504885], [27.0601737, 38.5045785], [27.0603937, 38.5043224], [27.0605922, 38.5040412], [27.0601684, 38.503147], [27.0601147, 38.5029329], [27.0601094, 38.5027398], [27.0601362, 38.5025047], [27.0602787, 38.5023856], [27.0604688, 38.5021982], [27.0605407, 38.5021046], [27.0607263, 38.5019169], [27.0610267, 38.5015937], [27.0613432, 38.5012956], [27.0615256, 38.5011949], [27.0617509, 38.5011445], [27.0620781, 38.5011403], [27.0623356, 38.5011403], [27.0625502, 38.5012201], [27.0630169, 38.5014614], [27.0635211, 38.5017133], [27.0640683, 38.5018918], [27.0646396, 38.5021185], [27.0648462, 38.5022234], [27.0650446, 38.5023284], [27.0652083, 38.5023871], [27.0653155, 38.5024501], [27.0653397, 38.5020765], [27.0661266, 38.5017169]]]]}, "bbox": [27.0578778, 38.5011403, 27.0694381, 38.5093443]}, {"id": "37", "type": "Feature", "properties": {"mahalle_adi": "Şirintepe Mahallesi", "_gece_lst_str": "24.3°C"}, "geometry": {"type": "MultiPolygon", "coordinates": [[[[27.0683155, 38.4979988], [27.0674962, 38.4968076], [27.0671368, 38.4963038], [27.0666969, 38.4958294], [27.0662355, 38.4951954], [27.0658761, 38.4946832], [27.0654899, 38.494087], [27.0653611, 38.4936546], [27.0653182, 38.4933607], [27.0654201, 38.4927225], [27.0656044, 38.4917138], [27.0660987, 38.4914251], [27.0674994, 38.4906154], [27.0684886, 38.4908624], [27.0696205, 38.4912907], [27.0702669, 38.4916119], [27.0706559, 38.4918009], [27.0714229, 38.492248], [27.0719379, 38.4925377], [27.0732737, 38.4933575], [27.0742178, 38.4939401], [27.0744431, 38.494129], [27.0746255, 38.4943473], [27.0748079, 38.4945363], [27.0749312, 38.4946391], [27.075575, 38.4945908], [27.0755267, 38.4942571], [27.0760229, 38.4942717], [27.0765567, 38.4943137], [27.0769858, 38.4943095], [27.077372, 38.49432], [27.0773613, 38.4945153], [27.0773389, 38.4947259], [27.0772333, 38.4947835], [27.0772262, 38.4948633], [27.0772557, 38.4950272], [27.077457, 38.4951941], [27.0775605, 38.4952572], [27.0778757, 38.4953062], [27.0785947, 38.4953332], [27.0789763, 38.4953688], [27.079815, 38.4955204], [27.0798372, 38.495591], [27.07993, 38.4958627], [27.0802796, 38.4968874], [27.0798773, 38.4971015], [27.0797217, 38.4972527], [27.0796359, 38.4973576], [27.079609, 38.4974836], [27.0796627, 38.4976473], [27.0785683, 38.4979832], [27.0783967, 38.4978321], [27.0779461, 38.4980714], [27.0771736, 38.4977439], [27.076841, 38.497555], [27.0766211, 38.4974038], [27.0764387, 38.4972065], [27.0763314, 38.4969924], [27.0762992, 38.496795], [27.0757198, 38.4966103], [27.0750225, 38.4970721], [27.074706, 38.4971771], [27.0742768, 38.4972149], [27.0743036, 38.4975718], [27.0736921, 38.4976011], [27.0730001, 38.4976683], [27.0729089, 38.4974374], [27.071954, 38.4975172], [27.071777, 38.4974584], [27.071262, 38.4975466], [27.0712084, 38.4974962], [27.070983, 38.4975843], [27.0707309, 38.4976095], [27.0704627, 38.4976851], [27.0701516, 38.4977439], [27.0701623, 38.4978153], [27.0693093, 38.4979454], [27.069245, 38.4978656], [27.0687568, 38.4979664], [27.0686214, 38.4978845], [27.0683155, 38.4979988]]]]}, "bbox": [27.0653182, 38.4906154, 27.0802796, 38.4980714]}, {"id": "43", "type": "Feature", "properties": {"mahalle_adi": "Ahmet Taner Kışlalı Mahallesi", "_gece_lst_str": "24.3°C"}, "geometry": {"type": "MultiPolygon", "coordinates": [[[[27.077372, 38.49432], [27.0773613, 38.4945153], [27.0773389, 38.4947259], [27.0772333, 38.4947835], [27.0772262, 38.4948633], [27.0772557, 38.4950272], [27.077457, 38.4951941], [27.0775605, 38.4952572], [27.0778757, 38.4953062], [27.0785947, 38.4953332], [27.0789763, 38.4953688], [27.079815, 38.4955204], [27.0798372, 38.495591], [27.07993, 38.4958627], [27.0802796, 38.4968874], [27.0806068, 38.4968034], [27.0808375, 38.4967908], [27.0810091, 38.4968118], [27.08111, 38.4974465], [27.0811272, 38.497555], [27.0813288, 38.4975386], [27.0815336, 38.4975364], [27.0815967, 38.4975303], [27.0817983, 38.4975242], [27.0827901, 38.4974542], [27.0846838, 38.4973534], [27.0858157, 38.4972653], [27.0859367, 38.4972824], [27.0867062, 38.4973198], [27.0866525, 38.498361], [27.0867437, 38.4985164], [27.0868456, 38.4986087], [27.0870012, 38.4986843], [27.087205, 38.4987431], [27.0874411, 38.4987389], [27.0877254, 38.4986927], [27.0890719, 38.4982183], [27.0900321, 38.497979], [27.0905632, 38.4978027], [27.0909226, 38.4976935], [27.0913088, 38.4975088], [27.0918024, 38.4971141], [27.0920706, 38.4968538], [27.0923114, 38.4965435], [27.0922315, 38.4964634], [27.091915, 38.4961737], [27.0915824, 38.4960099], [27.090826, 38.4954222], [27.0905471, 38.4951241], [27.0903057, 38.4947378], [27.0899409, 38.4940786], [27.0897639, 38.4937889], [27.0895278, 38.4935454], [27.0885408, 38.4927183], [27.0884483, 38.4926275], [27.0868134, 38.4932011], [27.0857942, 38.4937259], [27.0847267, 38.4942843], [27.0845872, 38.4944565], [27.0844316, 38.4950527], [27.0840561, 38.4951367], [27.0840347, 38.4948805], [27.0840722, 38.4941374], [27.0839864, 38.4940702], [27.0838898, 38.4940576], [27.0837718, 38.4940912], [27.0834392, 38.4942424], [27.0832139, 38.4943725], [27.0828652, 38.4944691], [27.0826667, 38.4944733], [27.0824468, 38.4943935], [27.0817028, 38.4941159], [27.0811386, 38.4939047], [27.0809171, 38.4939512], [27.0806576, 38.4940254], [27.0797892, 38.4943278], [27.0794744, 38.4943986], [27.0792525, 38.4944193], [27.0788296, 38.4944068], [27.0780426, 38.494362], [27.077372, 38.49432]]]]}, "bbox": [27.0772262, 38.4926275, 27.0923114, 38.4987431]}, {"id": "44", "type": "Feature", "properties": {"mahalle_adi": "Yenişehir Mahallesi", "_gece_lst_str": "24.5°C"}, "geometry": {"type": "MultiPolygon", "coordinates": [[[[27.1709168, 38.4251638], [27.1715149, 38.4252604], [27.1714532, 38.425563], [27.1699351, 38.4258866], [27.1684599, 38.4262984], [27.1665448, 38.4267754], [27.1657053, 38.4269603], [27.1648952, 38.4271158], [27.1639216, 38.4272608], [27.1636028, 38.4273195], [27.1630579, 38.4274247], [27.1624356, 38.4274583], [27.1620977, 38.4274583], [27.1614164, 38.4273995], [27.1613574, 38.4278155], [27.1612233, 38.4279752], [27.1611375, 38.4281559], [27.1611053, 38.4283619], [27.1610892, 38.428551], [27.1611321, 38.428925], [27.1610838, 38.4290637], [27.1610033, 38.4292149], [27.1609658, 38.4293452], [27.1608907, 38.4294293], [27.1607619, 38.4295259], [27.1606386, 38.4296226], [27.1605796, 38.4297402], [27.1605957, 38.4299798], [27.1604508, 38.4302193], [27.1602362, 38.4310387], [27.160188, 38.4311648], [27.160188, 38.4312783], [27.1602362, 38.4314001], [27.160365, 38.43148], [27.1603006, 38.4315556], [27.1601987, 38.4316523], [27.1600072, 38.4318439], [27.1595067, 38.4319023], [27.1592385, 38.4318771], [27.1583931, 38.4316435], [27.1579054, 38.4311942], [27.1572268, 38.4305828], [27.1567199, 38.4301416], [27.1567681, 38.4300428], [27.1568888, 38.4294103], [27.1571195, 38.4284018], [27.1573207, 38.4282211], [27.1572241, 38.4279374], [27.1574199, 38.4271873], [27.1575701, 38.4264981], [27.1576908, 38.4260778], [27.1577606, 38.4256849], [27.1579456, 38.4250083], [27.1580046, 38.4248065], [27.1580771, 38.4245733], [27.1581441, 38.4242077], [27.1582165, 38.4239576], [27.1582997, 38.4236445], [27.1583506, 38.4232095], [27.15893, 38.4232831], [27.1592814, 38.4233293], [27.1597373, 38.4233839], [27.1604428, 38.4233902], [27.1607915, 38.4233839], [27.1612474, 38.4233524], [27.16158, 38.4233104], [27.1623364, 38.4232452], [27.162618, 38.4232494], [27.1628353, 38.4232599], [27.1632671, 38.4232831], [27.1636131, 38.4233146], [27.1641362, 38.4234239], [27.1645224, 38.4234953], [27.1647289, 38.4235457], [27.1652439, 38.4236991], [27.1659225, 38.4238714], [27.1663463, 38.423987], [27.1667648, 38.4240879], [27.1675801, 38.4243022], [27.1687174, 38.4246258], [27.1696615, 38.4248486], [27.1709168, 38.4251638]]]]}, "bbox": [27.1567199, 38.4232095, 27.1715149, 38.4319023]}, {"id": "45", "type": "Feature", "properties": {"mahalle_adi": "Cengiz Topel Mahallesi", "_gece_lst_str": "24.4°C"}, "geometry": {"type": "MultiPolygon", "coordinates": [[[[27.1709168, 38.4251638], [27.1715149, 38.4252604], [27.1720138, 38.4253424], [27.1723786, 38.4253949], [27.1730813, 38.4254852], [27.1737358, 38.4255357], [27.1739396, 38.4255714], [27.1742079, 38.425666], [27.1747228, 38.4258215], [27.1750608, 38.4259013], [27.1753505, 38.4259391], [27.1756133, 38.4259475], [27.1760613, 38.4259601], [27.176705, 38.4259559], [27.1771717, 38.4259496], [27.1776357, 38.4259391], [27.1779925, 38.4259601], [27.1782607, 38.4259959], [27.1788239, 38.4260778], [27.1791995, 38.4261387], [27.1795267, 38.4261661], [27.1798741, 38.4261527], [27.1798373, 38.4261033], [27.1794035, 38.4259026], [27.1793888, 38.425524], [27.1787011, 38.4243499], [27.1787167, 38.4241274], [27.1788132, 38.4240669], [27.1790117, 38.4240962], [27.1789848, 38.4238315], [27.1787971, 38.4236424], [27.1787113, 38.4230708], [27.1787167, 38.422743], [27.1789688, 38.422348], [27.1791918, 38.4220861], [27.179296, 38.4218646], [27.1793497, 38.42152], [27.1794891, 38.4210661], [27.1793711, 38.4208938], [27.179178, 38.4207173], [27.179141, 38.4206998], [27.1786608, 38.4204726], [27.1787285, 38.4202868], [27.178722, 38.4200238], [27.178852, 38.4191949], [27.1785356, 38.4192389], [27.1781011, 38.4192263], [27.1777309, 38.4191927], [27.1775485, 38.4191002], [27.1773769, 38.4189615], [27.1770926, 38.4188565], [27.1767922, 38.4187682], [27.1764167, 38.4187052], [27.1757944, 38.4186127], [27.1751882, 38.418537], [27.17492, 38.4184404], [27.1747751, 38.4184278], [27.1745713, 38.4184908], [27.1742011, 38.4186001], [27.1735628, 38.4187514], [27.173337, 38.4188309], [27.1732932, 38.4188218], [27.1731645, 38.4189605], [27.1730465, 38.4192084], [27.1729231, 38.4193765], [27.1726334, 38.4195068], [27.1722847, 38.4196329], [27.1720594, 38.4197212], [27.1717805, 38.4197968], [27.1715873, 38.4197968], [27.171405, 38.4197674], [27.1710992, 38.4197254], [27.1709329, 38.4199355], [27.1708149, 38.4200574], [27.1706861, 38.4201457], [27.1709812, 38.4213897], [27.1711314, 38.4220874], [27.1712118, 38.4225707], [27.1711743, 38.4229489], [27.171126, 38.4233062], [27.1710455, 38.4237685], [27.1710082, 38.4240419], [27.1709865, 38.4242014], [27.1709543, 38.4245039], [27.1709168, 38.4251638]]]]}, "bbox": [27.1706861, 38.4184278, 27.1798741, 38.4261661]}, {"id": "46", "type": "Feature", "properties": {"mahalle_adi": "Mersinli Mahallesi", "_gece_lst_str": "24.2°C"}, "geometry": {"type": "MultiPolygon", "coordinates": [[[[27.1798741, 38.4261527], [27.1799075, 38.4262354], [27.1801579, 38.4269697], [27.1801521, 38.4273659], [27.1801341, 38.4285996], [27.1801929, 38.4290948], [27.1804723, 38.4306312], [27.1807129, 38.43221], [27.1806488, 38.4331198], [27.1807211, 38.4355038], [27.1806869, 38.4363881], [27.1806033, 38.4371534], [27.1803434, 38.4395314], [27.1778262, 38.4393755], [27.1770698, 38.4392999], [27.1761686, 38.4392537], [27.1759486, 38.4392159], [27.1758306, 38.4391696], [27.1753532, 38.4388671], [27.1748811, 38.4385772], [27.1738672, 38.4379679], [27.1734595, 38.4376864], [27.1731162, 38.4374469], [27.1715605, 38.4371612], [27.1711957, 38.4368628], [27.1705896, 38.4363796], [27.1700317, 38.435951], [27.1693343, 38.4354762], [27.1687067, 38.4351022], [27.1676713, 38.4344467], [27.1676786, 38.4344087], [27.1677142, 38.434224], [27.1677357, 38.4340391], [27.1679556, 38.4338458], [27.1686101, 38.4330306], [27.1693987, 38.4321565], [27.1697313, 38.4317657], [27.1699512, 38.4315976], [27.1712708, 38.4309925], [27.1725154, 38.4304672], [27.1736178, 38.4299398], [27.1746156, 38.4290616], [27.1736339, 38.4290405], [27.1733254, 38.4286581], [27.1730465, 38.4282904], [27.1729392, 38.4278828], [27.1728748, 38.427555], [27.171244, 38.4266515], [27.1713513, 38.4261682], [27.1714532, 38.425563], [27.1715149, 38.4252604], [27.1720138, 38.4253424], [27.1723786, 38.4253949], [27.1730813, 38.4254852], [27.1737358, 38.4255357], [27.1739396, 38.4255714], [27.1742079, 38.425666], [27.1747228, 38.4258215], [27.1750608, 38.4259013], [27.1753505, 38.4259391], [27.1756133, 38.4259475], [27.1760613, 38.4259601], [27.176705, 38.4259559], [27.1771717, 38.4259496], [27.1776357, 38.4259391], [27.1779925, 38.4259601], [27.1782607, 38.4259959], [27.1788239, 38.4260778], [27.1791995, 38.4261387], [27.1795267, 38.4261661], [27.1798741, 38.4261527]]]]}, "bbox": [27.1676713, 38.4252604, 27.1807211, 38.4395314]}, {"id": "47", "type": "Feature", "properties": {"mahalle_adi": "Halkapınar Mahallesi", "_gece_lst_str": "24.3°C"}, "geometry": {"type": "MultiPolygon", "coordinates": [[[[27.1676713, 38.4344467], [27.1675855, 38.4347997], [27.1675952, 38.4349677], [27.1676472, 38.4350791], [27.1677867, 38.435846], [27.1677518, 38.435867], [27.1675157, 38.4360561], [27.1672261, 38.4365309], [27.1668452, 38.4377494], [27.1662497, 38.4391528], [27.1650111, 38.4404152], [27.1644512, 38.4406151], [27.1636252, 38.4405328], [27.1635675, 38.4388839], [27.1633043, 38.4388592], [27.1631384, 38.4383755], [27.1630365, 38.4379259], [27.1628916, 38.4374553], [27.1628472, 38.4372467], [27.1628487, 38.4370057], [27.1629238, 38.4368418], [27.1631652, 38.4365771], [27.163817, 38.4362501], [27.1633977, 38.4359446], [27.1630666, 38.4356902], [27.1625855, 38.4353014], [27.1620601, 38.4348459], [27.1613574, 38.4342576], [27.1583931, 38.4316435], [27.1592385, 38.4318771], [27.1595067, 38.4319023], [27.1600072, 38.4318439], [27.1601987, 38.4316523], [27.1603006, 38.4315556], [27.160365, 38.43148], [27.1602362, 38.4314001], [27.160188, 38.4312783], [27.160188, 38.4311648], [27.1602362, 38.4310387], [27.1604508, 38.4302193], [27.1605957, 38.4299798], [27.1605796, 38.4297402], [27.1606386, 38.4296226], [27.1607619, 38.4295259], [27.1608907, 38.4294293], [27.1609658, 38.4293452], [27.1610033, 38.4292149], [27.1610838, 38.4290637], [27.1611321, 38.428925], [27.1610892, 38.428551], [27.1611053, 38.4283619], [27.1611375, 38.4281559], [27.1612233, 38.4279752], [27.1613574, 38.4278155], [27.1614164, 38.4273995], [27.1620977, 38.4274583], [27.1624356, 38.4274583], [27.1630579, 38.4274247], [27.1636028, 38.4273195], [27.1639216, 38.4272608], [27.1648952, 38.4271158], [27.1657053, 38.4269603], [27.1665448, 38.4267754], [27.1684599, 38.4262984], [27.1699351, 38.4258866], [27.1714532, 38.425563], [27.1713513, 38.4261682], [27.171244, 38.4266515], [27.1728748, 38.427555], [27.1729392, 38.4278828], [27.1730465, 38.4282904], [27.1733254, 38.4286581], [27.1736339, 38.4290405], [27.1746156, 38.4290616], [27.1736178, 38.4299398], [27.1725154, 38.4304672], [27.1712708, 38.4309925], [27.1699512, 38.4315976], [27.1697313, 38.4317657], [27.1693987, 38.4321565], [27.1686101, 38.4330306], [27.1679556, 38.4338458], [27.1677357, 38.4340391], [27.1677142, 38.434224], [27.1676786, 38.4344087], [27.1676713, 38.4344467]]]]}, "bbox": [27.1583931, 38.425563, 27.1746156, 38.4406151]}, {"id": "48", "type": "Feature", "properties": {"mahalle_adi": "Çınarlı Mahallesi", "_gece_lst_str": "24.1°C"}, "geometry": {"type": "MultiPolygon", "coordinates": [[[[27.1803434, 38.4395314], [27.1802991, 38.439937], [27.1802192, 38.4405282], [27.1801246, 38.4418518], [27.1801166, 38.4419726], [27.1801069, 38.4426359], [27.1804294, 38.4441528], [27.181213, 38.4458379], [27.1808204, 38.4479919], [27.1805808, 38.4482869], [27.1802884, 38.4490284], [27.1798754, 38.4497805], [27.1792531, 38.4508181], [27.1782204, 38.4505073], [27.1777591, 38.450377], [27.1768981, 38.4501439], [27.1760613, 38.4499359], [27.175101, 38.4496775], [27.1743661, 38.4494507], [27.1735963, 38.4492553], [27.1730706, 38.4491713], [27.1732141, 38.4484403], [27.1734273, 38.4470812], [27.1723941, 38.4471441], [27.1711751, 38.4471379], [27.1711585, 38.4470967], [27.1702343, 38.4469879], [27.1698071, 38.4470807], [27.1694098, 38.4472047], [27.1663345, 38.4483429], [27.1661096, 38.4484994], [27.1659731, 38.4485714], [27.1659361, 38.4486818], [27.1658378, 38.4487445], [27.1657235, 38.448714], [27.1657349, 38.4486299], [27.165762, 38.4485693], [27.1658698, 38.4483398], [27.1661145, 38.4477345], [27.1671353, 38.4461964], [27.1670434, 38.4461378], [27.1680313, 38.4450053], [27.1681656, 38.4450228], [27.1683237, 38.4449379], [27.1684513, 38.4447815], [27.168417, 38.4446848], [27.1685875, 38.444462], [27.1681922, 38.4442065], [27.1679101, 38.4440672], [27.1681704, 38.4437314], [27.16791, 38.442714], [27.1676744, 38.4419935], [27.1675342, 38.4416385], [27.168179, 38.4415102], [27.1681152, 38.4411729], [27.1677916, 38.4408183], [27.1671141, 38.4403059], [27.1664463, 38.4398596], [27.1663951, 38.4398816], [27.1662597, 38.4399054], [27.166227, 38.4399301], [27.166157, 38.4399553], [27.1660893, 38.4399451], [27.1660263, 38.4398874], [27.1659632, 38.4398736], [27.1659422, 38.4399512], [27.1658661, 38.4401037], [27.1658061, 38.4401936], [27.1650111, 38.4404152], [27.1662497, 38.4391528], [27.1668452, 38.4377494], [27.1672261, 38.4365309], [27.1675157, 38.4360561], [27.1677518, 38.435867], [27.1677867, 38.435846], [27.1676472, 38.4350791], [27.1675952, 38.4349677], [27.1675855, 38.4347997], [27.1676713, 38.4344467], [27.1687067, 38.4351022], [27.1693343, 38.4354762], [27.1700317, 38.435951], [27.1705896, 38.4363796], [27.1711957, 38.4368628], [27.1715605, 38.4371612], [27.1731162, 38.4374469], [27.1734595, 38.4376864], [27.1738672, 38.4379679], [27.1748811, 38.4385772], [27.1753532, 38.4388671], [27.1758306, 38.4391696], [27.1759486, 38.4392159], [27.1761686, 38.4392537], [27.1770698, 38.4392999], [27.1778262, 38.4393755], [27.1803434, 38.4395314]]]]}, "bbox": [27.1650111, 38.4344467, 27.181213, 38.4508181]}, {"id": "49", "type": "Feature", "properties": {"mahalle_adi": "Mevlana Mahallesi", "_gece_lst_str": "24.2°C"}, "geometry": {"type": "MultiPolygon", "coordinates": [[[[27.2413686, 38.4593236], [27.2431723, 38.4589862], [27.2449565, 38.4586633], [27.2443771, 38.45805], [27.2440982, 38.4577475], [27.2437549, 38.4573023], [27.2435188, 38.4568276], [27.2432667, 38.4562857], [27.2431272, 38.4559706], [27.2430307, 38.455685], [27.2429502, 38.4553867], [27.2428805, 38.4550422], [27.2428429, 38.4546473], [27.2427946, 38.4539332], [27.242741, 38.4532736], [27.2426873, 38.4528367], [27.2426444, 38.4524418], [27.2425961, 38.452089], [27.242564, 38.4517277], [27.2425157, 38.4511731], [27.2424674, 38.4505892], [27.2424459, 38.4502363], [27.2424084, 38.449917], [27.2423762, 38.4497027], [27.2423279, 38.4494717], [27.2422528, 38.4491944], [27.2421402, 38.4488625], [27.2420436, 38.4486608], [27.2418451, 38.4482365], [27.2416788, 38.4479466], [27.2415125, 38.4477114], [27.2412282, 38.4474047], [27.2409385, 38.4471022], [27.2406006, 38.4467955], [27.240209, 38.4465014], [27.2397155, 38.4461485], [27.2394311, 38.4459636], [27.2391307, 38.445825], [27.2386801, 38.4456359], [27.2381276, 38.4454552], [27.2376609, 38.4453376], [27.2372156, 38.4452368], [27.2364807, 38.4451233], [27.2360516, 38.4450729], [27.2353166, 38.4450309], [27.2353498, 38.4447704], [27.2343551, 38.444832], [27.233555, 38.4448593], [27.2320277, 38.4448771], [27.2298226, 38.4447986], [27.2289879, 38.44474], [27.228125, 38.4446371], [27.2271312, 38.4445197], [27.2262923, 38.4443547], [27.2258289, 38.4442478], [27.22524, 38.4440906], [27.2246269, 38.4439164], [27.2238547, 38.4436586], [27.2218003, 38.4456427], [27.2216355, 38.4456485], [27.2214711, 38.4456527], [27.2213818, 38.4456615], [27.2212438, 38.4456816], [27.2211733, 38.4456937], [27.2210573, 38.4457136], [27.2209863, 38.4457304], [27.2208636, 38.4457609], [27.2207656, 38.4457919], [27.2205806, 38.4458292], [27.2204567, 38.4458886], [27.220371, 38.4459353], [27.2202997, 38.4459786], [27.2201847, 38.4460507], [27.2201075, 38.4461053], [27.2200203, 38.4461758], [27.2199165, 38.4462733], [27.2198079, 38.4463842], [27.2196972, 38.4465384], [27.2195588, 38.4467752], [27.2194409, 38.4470037], [27.219295, 38.447235], [27.21911, 38.4478212], [27.2190628, 38.4481822], [27.2183437, 38.4497498], [27.2182743, 38.4499327], [27.2184133, 38.449875], [27.2187406, 38.4498792], [27.219277, 38.4499212], [27.2198725, 38.4499884], [27.2206342, 38.4501439], [27.2218466, 38.4503749], [27.2222006, 38.4504127], [27.2226137, 38.4504043], [27.2229892, 38.4503833], [27.2238743, 38.4502783], [27.2244, 38.4501859], [27.2248721, 38.4501397], [27.2258484, 38.4501018], [27.2261649, 38.4500976], [27.2264546, 38.4500766], [27.2270983, 38.44998], [27.2275382, 38.4499338], [27.227844, 38.4499338], [27.2280586, 38.44998], [27.2284716, 38.4501271], [27.2291207, 38.4503707], [27.2294104, 38.4504968], [27.2295767, 38.4506102], [27.2298127, 38.4507362], [27.2300595, 38.4508665], [27.2303384, 38.4509505], [27.2306013, 38.4510219], [27.2307998, 38.4511311], [27.2309446, 38.4512319], [27.2310787, 38.4512614], [27.2312933, 38.4512782], [27.2318995, 38.4512109], [27.2327226, 38.4512026], [27.23283, 38.4511599], [27.2334211, 38.4511647], [27.233465, 38.4510832], [27.2350022, 38.4511073], [27.2356534, 38.451125], [27.2362529, 38.4511092], [27.2361806, 38.4520503], [27.2362879, 38.4520644], [27.2370016, 38.4520765], [27.23711, 38.4521406], [27.2371938, 38.4521764], [27.2394673, 38.4522473], [27.2394703, 38.4523998], [27.2395009, 38.4527065], [27.239517, 38.4530594], [27.2395652, 38.4536895], [27.239576, 38.4540214], [27.2395331, 38.4542104], [27.2394633, 38.4545297], [27.239399, 38.4546978], [27.239399, 38.4549246], [27.2395223, 38.4555295], [27.2396564, 38.4562941], [27.2397208, 38.4565503], [27.2398013, 38.4567982], [27.239989, 38.4572392], [27.2401339, 38.4575963], [27.2402412, 38.4577895], [27.2404013, 38.458014], [27.2413686, 38.4593236]]]]}, "bbox": [27.2182743, 38.4436586, 27.2449565, 38.4593236]}, {"id": "50", "type": "Feature", "properties": {"mahalle_adi": "Doğanlar Mahallesi", "_gece_lst_str": "24.1°C"}, "geometry": {"type": "MultiPolygon", "coordinates": [[[[27.2549665, 38.4563781], [27.2569786, 38.4556515], [27.25958, 38.454709], [27.2610435, 38.4541614], [27.2632714, 38.4533336], [27.2657432, 38.4524422], [27.266475, 38.4522002], [27.2668815, 38.4520729], [27.267467, 38.4518818], [27.2679223, 38.4517672], [27.2682963, 38.4516781], [27.2689305, 38.4515507], [27.2696786, 38.4514361], [27.2705999, 38.4513363], [27.2658149, 38.4506305], [27.2651011, 38.4503705], [27.26441, 38.4501364], [27.2640177, 38.4499609], [27.2632705, 38.4495805], [27.2626354, 38.4491709], [27.2618508, 38.4486003], [27.2600891, 38.447071], [27.2593282, 38.4463851], [27.2585491, 38.445698], [27.2580005, 38.4452251], [27.2577146, 38.4450131], [27.2574032, 38.4447929], [27.2571024, 38.4445816], [27.2567881, 38.4443566], [27.2560695, 38.4439596], [27.2554454, 38.4436575], [27.2547184, 38.4433633], [27.2540926, 38.443157], [27.2530588, 38.4428847], [27.2521799, 38.4427532], [27.2513332, 38.4426498], [27.2509122, 38.4426178], [27.2504347, 38.4426173], [27.2499011, 38.4426254], [27.2493556, 38.4426569], [27.2489642, 38.4426929], [27.2480545, 38.4428113], [27.2472694, 38.4429327], [27.2467998, 38.4430004], [27.24545, 38.4432284], [27.2425542, 38.4436753], [27.2377671, 38.4443972], [27.2371056, 38.4444993], [27.2353498, 38.4447704], [27.2353166, 38.4450309], [27.2360516, 38.4450729], [27.2364807, 38.4451233], [27.2372156, 38.4452368], [27.2376609, 38.4453376], [27.2381276, 38.4454552], [27.2386801, 38.4456359], [27.2391307, 38.445825], [27.2394311, 38.4459636], [27.2397155, 38.4461485], [27.240209, 38.4465014], [27.2406006, 38.4467955], [27.2409385, 38.4471022], [27.2412282, 38.4474047], [27.2415125, 38.4477114], [27.2416788, 38.4479466], [27.2418451, 38.4482365], [27.2420436, 38.4486608], [27.2421402, 38.4488625], [27.2422528, 38.4491944], [27.2423279, 38.4494717], [27.2423762, 38.4497027], [27.2424084, 38.449917], [27.2424459, 38.4502363], [27.2424674, 38.4505892], [27.2425157, 38.4511731], [27.242564, 38.4517277], [27.2425961, 38.452089], [27.2426444, 38.4524418], [27.2426873, 38.4528367], [27.242741, 38.4532736], [27.2427946, 38.4539332], [27.2428429, 38.4546473], [27.2428805, 38.4550422], [27.2429502, 38.4553867], [27.2430307, 38.455685], [27.2431272, 38.4559706], [27.2432667, 38.4562857], [27.2435188, 38.4568276], [27.2437549, 38.4573023], [27.2440982, 38.4577475], [27.2443771, 38.45805], [27.2449565, 38.4586633], [27.2472095, 38.4582684], [27.2487545, 38.4579744], [27.2502029, 38.4577307], [27.2518766, 38.4573947], [27.2527349, 38.457151], [27.2549665, 38.4563781]]]]}, "bbox": [27.2353166, 38.4426173, 27.2705999, 38.4586633]}, {"id": "54", "type": "Feature", "properties": {"mahalle_adi": "Atatürk Mahallesi", "_gece_lst_str": "24.2°C"}, "geometry": {"type": "MultiPolygon", "coordinates": [[[[27.2098088, 38.474225], [27.2101146, 38.4740024], [27.2104096, 38.4738008], [27.2106457, 38.4736874], [27.2109836, 38.4735404], [27.2112518, 38.4734186], [27.2114825, 38.4732884], [27.2115469, 38.473196], [27.2115576, 38.4730616], [27.2114879, 38.4729567], [27.2113538, 38.4728601], [27.2110051, 38.4728013], [27.2101146, 38.4727047], [27.2087896, 38.4725493], [27.2085696, 38.4724989], [27.2082424, 38.4722637], [27.2086126, 38.4719361], [27.2091007, 38.4716463], [27.2084784, 38.4710793], [27.2081619, 38.4707895], [27.2079205, 38.4706131], [27.207588, 38.4704997], [27.2071481, 38.4704115], [27.2047985, 38.4698697], [27.2039026, 38.4696639], [27.2037041, 38.4695883], [27.2036129, 38.4694077], [27.2036987, 38.4692565], [27.2042888, 38.4688659], [27.2052437, 38.4682359], [27.20541, 38.4681015], [27.205587, 38.4679041], [27.2057265, 38.4677067], [27.2058338, 38.4674925], [27.2059357, 38.4672615], [27.2060054, 38.4670179], [27.2060645, 38.4667701], [27.2061127, 38.4664508], [27.2059898, 38.4654605], [27.2058928, 38.4654596], [27.2035539, 38.4654764], [27.2028887, 38.4654806], [27.2023469, 38.4656108], [27.2019875, 38.4657746], [27.2015852, 38.46593], [27.2008073, 38.4661526], [27.2002763, 38.4664844], [27.2002441, 38.4666021], [27.2002024, 38.4667255], [27.2000456, 38.4671901], [27.19989, 38.4675933], [27.1995521, 38.4682023], [27.1990692, 38.468972], [27.1987688, 38.4694035], [27.1977389, 38.4701007], [27.1969986, 38.4706173], [27.1966284, 38.4708525], [27.1962583, 38.4710037], [27.1949601, 38.4713313], [27.1938229, 38.4717345], [27.1928465, 38.4721209], [27.1921921, 38.4724107], [27.1916288, 38.4726753], [27.1911406, 38.4729861], [27.1907222, 38.473301], [27.1905076, 38.4735698], [27.1903574, 38.4739184], [27.1902341, 38.4741872], [27.1901429, 38.474561], [27.189762, 38.4750439], [27.1893436, 38.4756445], [27.1891344, 38.4759889], [27.1887749, 38.476518], [27.1886596, 38.4766587], [27.1885104, 38.476713], [27.188547, 38.4769505], [27.1883484, 38.4773663], [27.1876054, 38.4780047], [27.1878388, 38.4786051], [27.1880454, 38.4793002], [27.1881848, 38.4795795], [27.1883484, 38.4799322], [27.1879944, 38.4800897], [27.1886167, 38.481066], [27.1888179, 38.4810198], [27.1889251, 38.4810954], [27.1889788, 38.4811878], [27.1890861, 38.4812676], [27.189306, 38.481318], [27.1893597, 38.4810807], [27.1907857, 38.4826093], [27.1929504, 38.484161], [27.1954912, 38.4846774], [27.1956092, 38.4847908], [27.1957862, 38.4849419], [27.1960276, 38.4851603], [27.1962744, 38.4854038], [27.1972775, 38.4864242], [27.1976597, 38.4867419], [27.1980554, 38.4870708], [27.1982861, 38.4872094], [27.1985757, 38.4872808], [27.2006035, 38.4874613], [27.2011936, 38.4875159], [27.2021216, 38.4857355], [27.2029799, 38.4841693], [27.2036236, 38.4830187], [27.2041655, 38.4819101], [27.2043961, 38.4815028], [27.2044927, 38.4812298], [27.2044712, 38.4807259], [27.2044015, 38.4804277], [27.2045088, 38.4800708], [27.2045785, 38.4798734], [27.204718, 38.479739], [27.20541, 38.4790461], [27.2057587, 38.478748], [27.2062415, 38.4782692], [27.2067136, 38.4778157], [27.2080654, 38.4765264], [27.2081619, 38.4763836], [27.2081995, 38.4762282], [27.2081941, 38.4760812], [27.2081834, 38.4758671], [27.2081727, 38.4756487], [27.2081888, 38.4754723], [27.2082692, 38.4753463], [27.2084677, 38.4751951], [27.2088915, 38.4748927], [27.2093099, 38.4745862], [27.2098088, 38.474225]]]]}, "bbox": [27.1876054, 38.4654596, 27.2115576, 38.4875159]}, {"id": "57", "type": "Feature", "properties": {"mahalle_adi": "Kızılay Mahallesi", "_gece_lst_str": "24.0°C"}, "geometry": {"type": "MultiPolygon", "coordinates": [[[[27.2236526, 38.4834514], [27.2242602, 38.4832154], [27.2250022, 38.4831409], [27.2251164, 38.4826196], [27.2251164, 38.4821727], [27.224812, 38.4820387], [27.2247168, 38.4819046], [27.2247253, 38.4817713], [27.2245164, 38.4817579], [27.2241703, 38.4811434], [27.2239129, 38.4811554], [27.2237169, 38.4805642], [27.2236251, 38.4801527], [27.223531, 38.4797726], [27.2234827, 38.4794367], [27.2234881, 38.4790965], [27.2235042, 38.478769], [27.2235846, 38.4785128], [27.2237349, 38.4782188], [27.2238046, 38.4779249], [27.2239172, 38.4775637], [27.2239923, 38.477001], [27.2240621, 38.4766314], [27.2241211, 38.4763206], [27.2241372, 38.476119], [27.2240782, 38.4758503], [27.2234559, 38.4756655], [27.2232628, 38.4752623], [27.2217286, 38.4718563], [27.2214121, 38.4715413], [27.2210902, 38.4712137], [27.2207308, 38.4709323], [27.2202641, 38.4706089], [27.2197062, 38.4702981], [27.2190356, 38.4698529], [27.2184133, 38.4695001], [27.2175014, 38.4688953], [27.2169649, 38.4684753], [27.2165573, 38.4681981], [27.2161817, 38.4680049], [27.2156882, 38.4678117], [27.2145295, 38.4673329], [27.213006, 38.4665685], [27.2122764, 38.4662156], [27.2115445, 38.465899], [27.210753, 38.465552], [27.2105276, 38.4654176], [27.2098946, 38.4652916], [27.209487, 38.4652496], [27.2087896, 38.4652916], [27.207824, 38.465363], [27.2066116, 38.4654302], [27.2059898, 38.4654605], [27.2061127, 38.4664508], [27.2060645, 38.4667701], [27.2060054, 38.4670179], [27.2059357, 38.4672615], [27.2058338, 38.4674925], [27.2057265, 38.4677067], [27.205587, 38.4679041], [27.20541, 38.4681015], [27.2052437, 38.4682359], [27.2042888, 38.4688659], [27.2036987, 38.4692565], [27.2036129, 38.4694077], [27.2037041, 38.4695883], [27.2039026, 38.4696639], [27.2047985, 38.4698697], [27.2071481, 38.4704115], [27.207588, 38.4704997], [27.2079205, 38.4706131], [27.2081619, 38.4707895], [27.2084784, 38.4710793], [27.2091007, 38.4716463], [27.2086126, 38.4719361], [27.2082424, 38.4722637], [27.2085696, 38.4724989], [27.2087896, 38.4725493], [27.2101146, 38.4727047], [27.2110051, 38.4728013], [27.2113538, 38.4728601], [27.2114879, 38.4729567], [27.2115576, 38.4730616], [27.2115469, 38.473196], [27.2114825, 38.4732884], [27.2112518, 38.4734186], [27.2109836, 38.4735404], [27.2106457, 38.4736874], [27.2104096, 38.4738008], [27.2101146, 38.4740024], [27.2098088, 38.474225], [27.2102648, 38.4745652], [27.2105813, 38.4747625], [27.2108012, 38.4748717], [27.2115952, 38.4751447], [27.2134459, 38.4757537], [27.2141164, 38.4759595], [27.2146368, 38.4759931], [27.215361, 38.4759889], [27.2157526, 38.4759595], [27.2164929, 38.4759343], [27.216804, 38.4759679], [27.2170937, 38.4760896], [27.217657, 38.4763626], [27.2181773, 38.4766986], [27.2184724, 38.4768288], [27.2186172, 38.476959], [27.2187942, 38.4772739], [27.2190785, 38.4781642], [27.219159, 38.4785338], [27.2191215, 38.4787438], [27.218982, 38.4789957], [27.2187781, 38.4793107], [27.218467, 38.4799574], [27.2183597, 38.4802178], [27.2183704, 38.4804445], [27.2184563, 38.4807049], [27.2185957, 38.4809737], [27.2187137, 38.4813096], [27.2187137, 38.4814944], [27.2186816, 38.4817379], [27.2186708, 38.4821243], [27.2186708, 38.4825526], [27.2186923, 38.4829557], [27.2188103, 38.4833336], [27.2188318, 38.4835772], [27.2187674, 38.4837956], [27.2203016, 38.48415], [27.22129, 38.4836566], [27.2223417, 38.4834677], [27.2227354, 38.483229], [27.2236526, 38.4834514]]]]}, "bbox": [27.2036129, 38.4652496, 27.2251164, 38.48415]}, {"id": "60", "type": "Feature", "properties": {"mahalle_adi": "Yeşilova Mahallesi", "_gece_lst_str": "24.5°C"}, "geometry": {"type": "MultiPolygon", "coordinates": [[[[27.2126353, 38.4275742], [27.2124508, 38.4280263], [27.2124333, 38.4281034], [27.2124374, 38.4282473], [27.2124149, 38.4284303], [27.2122472, 38.4289548], [27.2121865, 38.4291449], [27.2121422, 38.4293615], [27.2120729, 38.4302608], [27.2120485, 38.4307824], [27.2119435, 38.4321917], [27.2118791, 38.4331649], [27.2118524, 38.4336355], [27.2118524, 38.4338383], [27.2118802, 38.4340501], [27.2117681, 38.4344818], [27.2116271, 38.4347508], [27.2114745, 38.4349952], [27.2112095, 38.4352638], [27.2106598, 38.4356249], [27.2104819, 38.4357656], [27.2098333, 38.4363136], [27.2094516, 38.4366432], [27.2092655, 38.4368715], [27.2091709, 38.4369866], [27.2088212, 38.4373644], [27.2086292, 38.4375514], [27.2085154, 38.4379967], [27.2085155, 38.4382911], [27.2085127, 38.4384569], [27.2085042, 38.4386167], [27.2084192, 38.4389454], [27.2083269, 38.439325], [27.2082557, 38.4397162], [27.2082101, 38.4399726], [27.2080382, 38.4409381], [27.2080326, 38.4409696], [27.2076466, 38.4408771], [27.2072638, 38.4408036], [27.2069987, 38.4407395], [27.2066867, 38.4406276], [27.2062898, 38.4404596], [27.2054046, 38.4403966], [27.2054054, 38.4404527], [27.2053403, 38.4406529], [27.2052008, 38.4414092], [27.2056059, 38.4414455], [27.2057006, 38.441454], [27.2060913, 38.441489], [27.2058552, 38.4422831], [27.205764, 38.4426738], [27.2056675, 38.4430436], [27.2055978, 38.4433125], [27.2055945, 38.4434474], [27.205594, 38.4434702], [27.2056407, 38.4437494], [27.2055924, 38.44422], [27.2055066, 38.4446107], [27.2004286, 38.4442493], [27.2001048, 38.4442405], [27.1998445, 38.4433229], [27.1997067, 38.4432354], [27.1993832, 38.4430246], [27.1995736, 38.442818], [27.1996412, 38.4427041], [27.2009446, 38.4406548], [27.2012579, 38.4403041], [27.2014563, 38.4401043], [27.2014832, 38.4400772], [27.2015932, 38.4398776], [27.2016361, 38.4396676], [27.2016883, 38.4394655], [27.2017246, 38.4393251], [27.2020922, 38.4393831], [27.2025105, 38.4394491], [27.2025776, 38.4392852], [27.2026795, 38.4390037], [27.2030403, 38.439031], [27.203232, 38.4386927], [27.2025426, 38.4385391], [27.2019687, 38.4384112], [27.2022048, 38.437762], [27.2021967, 38.437365], [27.2023147, 38.436846], [27.2023952, 38.4362241], [27.2026581, 38.4356148], [27.2028136, 38.4352073], [27.2029477, 38.4346736], [27.2029799, 38.4341063], [27.2029746, 38.4337281], [27.202937, 38.4332197], [27.2024596, 38.4331777], [27.2016013, 38.4331356], [27.2011131, 38.4331482], [27.2006142, 38.4332323], [27.200405, 38.4332701], [27.2002494, 38.4329297], [27.1999893, 38.4329318], [27.1995896, 38.4328667], [27.1994371, 38.4328337], [27.198616, 38.4326818], [27.1988855, 38.432], [27.1983182, 38.4318918], [27.1982853, 38.4318839], [27.1980373, 38.4318246], [27.1978408, 38.4317678], [27.1976142, 38.4316334], [27.197594, 38.4313728], [27.1972574, 38.4313088], [27.1967317, 38.4312194], [27.196548, 38.4312699], [27.1962288, 38.4312194], [27.1959915, 38.4311134], [27.1969557, 38.4308749], [27.1981251, 38.4306101], [27.1987125, 38.4304777], [27.1991175, 38.4303853], [27.2010648, 38.4299377], [27.2016495, 38.4297991], [27.2033946, 38.4293953], [27.2046, 38.4291435], [27.2049862, 38.4290174], [27.2053993, 38.4288998], [27.2058821, 38.4287905], [27.2079474, 38.428324], [27.2084784, 38.4282106], [27.2110748, 38.4276474], [27.2113565, 38.4275949], [27.2115576, 38.4275634], [27.2116783, 38.4275319], [27.2119836, 38.4274146], [27.212137, 38.4273533], [27.2126353, 38.4275742]]]]}, "bbox": [27.1959915, 38.4273533, 27.2126353, 38.4446107]}, {"id": "62", "type": "Feature", "properties": {"mahalle_adi": "Ergene Mahallesi", "_gece_lst_str": "24.7°C"}, "geometry": {"type": "MultiPolygon", "coordinates": [[[[27.2247253, 38.4817713], [27.2247398, 38.4816471], [27.2246965, 38.4814439], [27.2248551, 38.4811391], [27.2247686, 38.4808795], [27.2248263, 38.480586], [27.2253598, 38.4791975], [27.2252301, 38.4791185], [27.2254539, 38.4781369], [27.2255309, 38.478129], [27.2256463, 38.4772033], [27.2256751, 38.4770227], [27.2256463, 38.4769324], [27.2255309, 38.4767179], [27.2253435, 38.476255], [27.2251272, 38.4757583], [27.2250118, 38.4754535], [27.2248964, 38.4753858], [27.2247522, 38.4753745], [27.224679, 38.4753211], [27.2245878, 38.4749473], [27.2245181, 38.4747038], [27.2244322, 38.4744854], [27.2243625, 38.4742754], [27.2242927, 38.4740318], [27.2241908, 38.4738218], [27.2240299, 38.4737042], [27.2238582, 38.4735656], [27.2236866, 38.4733514], [27.2235686, 38.4730826], [27.2234344, 38.4727719], [27.2232842, 38.4724863], [27.2230697, 38.4721377], [27.2228283, 38.4717975], [27.2227156, 38.4715665], [27.2225386, 38.4713607], [27.2224098, 38.4711801], [27.2222543, 38.4710163], [27.2219861, 38.4708777], [27.2219056, 38.4707727], [27.2219163, 38.4706173], [27.2218519, 38.4704787], [27.2217929, 38.4704031], [27.2217286, 38.4703359], [27.2216642, 38.4702603], [27.2215462, 38.4700797], [27.221455, 38.4699621], [27.2210634, 38.4695589], [27.2209293, 38.4693615], [27.2208059, 38.4692103], [27.2206181, 38.4689961], [27.2204947, 38.4688995], [27.2204733, 38.4687903], [27.2204143, 38.4686349], [27.2204357, 38.4683871], [27.220431, 38.4681798], [27.2206012, 38.4681293], [27.2203606, 38.4680427], [27.2203767, 38.4677529], [27.2202265, 38.4675681], [27.220028, 38.4673959], [27.2197545, 38.4672321], [27.2198349, 38.4671103], [27.2196525, 38.4669717], [27.2195023, 38.4668205], [27.219351, 38.4665825], [27.2191876, 38.466197], [27.2190433, 38.4661586], [27.2188371, 38.4661043], [27.2171152, 38.4653735], [27.2167879, 38.4652559], [27.2159967, 38.4649472], [27.2154576, 38.4647035], [27.2148728, 38.4644515], [27.2139689, 38.4640504], [27.2135264, 38.4638593], [27.2132099, 38.4637438], [27.2129658, 38.4636745], [27.2124776, 38.4635632], [27.2123381, 38.4635254], [27.2118714, 38.4634266], [27.2113565, 38.4632922], [27.2105223, 38.4631305], [27.2089559, 38.4627021], [27.2083443, 38.4639265], [27.2081966, 38.4642156], [27.208119, 38.4643675], [27.2079152, 38.4648296], [27.2078407, 38.4652653], [27.207824, 38.465363], [27.2087896, 38.4652916], [27.209487, 38.4652496], [27.2098946, 38.4652916], [27.2105276, 38.4654176], [27.210753, 38.465552], [27.2115445, 38.465899], [27.2122764, 38.4662156], [27.213006, 38.4665685], [27.2145295, 38.4673329], [27.2156882, 38.4678117], [27.2161817, 38.4680049], [27.2165573, 38.4681981], [27.2169649, 38.4684753], [27.2175014, 38.4688953], [27.2184133, 38.4695001], [27.2190356, 38.4698529], [27.2197062, 38.4702981], [27.2202641, 38.4706089], [27.2207308, 38.4709323], [27.2210902, 38.4712137], [27.2214121, 38.4715413], [27.2217286, 38.4718563], [27.2232628, 38.4752623], [27.2234559, 38.4756655], [27.2240782, 38.4758503], [27.2241372, 38.476119], [27.2241211, 38.4763206], [27.2240621, 38.4766314], [27.2239923, 38.477001], [27.2239172, 38.4775637], [27.2238046, 38.4779249], [27.2237349, 38.4782188], [27.2235846, 38.4785128], [27.2235042, 38.478769], [27.2234881, 38.4790965], [27.2234827, 38.4794367], [27.223531, 38.4797726], [27.2236251, 38.4801527], [27.2237169, 38.4805642], [27.2239129, 38.4811554], [27.2241703, 38.4811434], [27.2245164, 38.4817579], [27.2247253, 38.4817713]]]]}, "bbox": [27.207824, 38.4627021, 27.2256751, 38.4817713]}, {"id": "64", "type": "Feature", "properties": {"mahalle_adi": "Meriç Mahallesi", "_gece_lst_str": "24.3°C"}, "geometry": {"type": "MultiPolygon", "coordinates": [[[[27.1864736, 38.4174642], [27.1850359, 38.4176701], [27.1840382, 38.4178383], [27.1836869, 38.4179437], [27.1833032, 38.4182081], [27.1830672, 38.4184771], [27.1827576, 38.4186857], [27.1820909, 38.4187925], [27.1814793, 38.4189899], [27.1806738, 38.4192447], [27.1802697, 38.4194622], [27.1795428, 38.4199565], [27.179017, 38.420293], [27.1786608, 38.4204726], [27.179141, 38.4206998], [27.179178, 38.4207173], [27.1793711, 38.4208938], [27.1794891, 38.4210661], [27.1793497, 38.42152], [27.179296, 38.4218646], [27.1791918, 38.4220861], [27.1789688, 38.422348], [27.1787167, 38.422743], [27.1787113, 38.4230708], [27.1787971, 38.4236424], [27.1789848, 38.4238315], [27.1790117, 38.4240962], [27.1788132, 38.4240669], [27.1787167, 38.4241274], [27.1787011, 38.4243499], [27.1793888, 38.425524], [27.1794035, 38.4259026], [27.1798373, 38.4261033], [27.1798741, 38.4261527], [27.1799075, 38.4262354], [27.1801579, 38.4269697], [27.1801521, 38.4273659], [27.1807525, 38.4272692], [27.1813399, 38.4272209], [27.1817261, 38.427223], [27.182335, 38.4272482], [27.1828392, 38.4273049], [27.1836814, 38.4273175], [27.1843681, 38.4273323], [27.1851781, 38.4273365], [27.1854115, 38.4273386], [27.1859774, 38.4273659], [27.1865514, 38.4272209], [27.1867955, 38.427141], [27.1869966, 38.4271389], [27.1871442, 38.4271263], [27.1873346, 38.4271158], [27.1876565, 38.4271747], [27.1881741, 38.4273112], [27.18885, 38.4274457], [27.1892041, 38.4275466], [27.1895125, 38.4276811], [27.190049, 38.4277504], [27.1910441, 38.4277945], [27.1915135, 38.4278029], [27.1920097, 38.4278113], [27.1921197, 38.4278933], [27.1922377, 38.4279584], [27.1924978, 38.4279626], [27.1929635, 38.428013], [27.1929645, 38.4279584], [27.1930397, 38.4278197], [27.1931416, 38.4277357], [27.1931604, 38.4277379], [27.1932435, 38.42766], [27.1933508, 38.427534], [27.1934179, 38.42747], [27.1935292, 38.4272797], [27.1935815, 38.4271684], [27.1936299, 38.4270657], [27.1936519, 38.4270024], [27.193678, 38.4269624], [27.1937478, 38.4267229], [27.1938658, 38.4264203], [27.1940857, 38.4264161], [27.1945256, 38.4263951], [27.1949655, 38.4263405], [27.1953839, 38.4262564], [27.1960491, 38.4261177], [27.1960866, 38.4258614], [27.1961617, 38.4255714], [27.19621, 38.4253739], [27.1962261, 38.4252016], [27.1962047, 38.4250377], [27.1961027, 38.4248528], [27.1960115, 38.4246216], [27.1959364, 38.424256], [27.1957219, 38.4234911], [27.1954644, 38.4229868], [27.1949762, 38.4228565], [27.1949666, 38.4224287], [27.1949655, 38.4223816], [27.1949633, 38.4223674], [27.1949387, 38.4222051], [27.1949494, 38.422121], [27.1950439, 38.4218852], [27.1950459, 38.421873], [27.1950298, 38.4217638], [27.1949547, 38.4216839], [27.1948743, 38.4216209], [27.1948636, 38.421436], [27.1949065, 38.4212889], [27.1949118, 38.4211376], [27.1948904, 38.4209694], [27.1948689, 38.4207971], [27.1948329, 38.4205472], [27.1947724, 38.4203432], [27.1946758, 38.420028], [27.1945672, 38.4198281], [27.1944585, 38.4196282], [27.1944366, 38.4195112], [27.1944058, 38.419277], [27.193824, 38.4184436], [27.1941235, 38.4163547], [27.1936181, 38.4160497], [27.193377, 38.4155961], [27.1933045, 38.4155448], [27.1932634, 38.4154961], [27.1932148, 38.4154387], [27.1930562, 38.4152388], [27.1929543, 38.4151931], [27.1927591, 38.4147977], [27.1925761, 38.4146907], [27.1923771, 38.4143102], [27.1925594, 38.41407], [27.192352, 38.4139792], [27.1921472, 38.4140248], [27.1912292, 38.4142792], [27.1911299, 38.4143335], [27.191098, 38.4144674], [27.1910465, 38.4146438], [27.1909961, 38.4147911], [27.1908781, 38.4149319], [27.1906525, 38.4151525], [27.1903574, 38.4154887], [27.1900892, 38.4157577], [27.1898371, 38.4160225], [27.1892416, 38.4165731], [27.1890432, 38.4168758], [27.1889788, 38.4170103], [27.1889573, 38.4172036], [27.1890163, 38.4174768], [27.1890593, 38.4178425], [27.1885861, 38.4173617], [27.1875572, 38.417275], [27.1869886, 38.4173717], [27.1866986, 38.4174238], [27.1864736, 38.4174642]]]]}, "bbox": [27.1786608, 38.4139792, 27.1962261, 38.428013]}, {"id": "66", "type": "Feature", "properties": {"mahalle_adi": "Karacaoğlan Mahallesi", "_gece_lst_str": "24.4°C"}, "geometry": {"type": "MultiPolygon", "coordinates": [[[[27.2126353, 38.4275742], [27.2124508, 38.4280263], [27.2124333, 38.4281034], [27.2124374, 38.4282473], [27.2124149, 38.4284303], [27.2122472, 38.4289548], [27.2121865, 38.4291449], [27.2121422, 38.4293615], [27.2120729, 38.4302608], [27.2120485, 38.4307824], [27.2119435, 38.4321917], [27.2118791, 38.4331649], [27.2118524, 38.4336355], [27.2118524, 38.4338383], [27.2118802, 38.4340501], [27.2117681, 38.4344818], [27.2116271, 38.4347508], [27.2114745, 38.4349952], [27.2112095, 38.4352638], [27.2106598, 38.4356249], [27.2104819, 38.4357656], [27.2098333, 38.4363136], [27.2094516, 38.4366432], [27.2092655, 38.4368715], [27.2091709, 38.4369866], [27.2088212, 38.4373644], [27.2086292, 38.4375514], [27.2085154, 38.4379967], [27.2085155, 38.4382911], [27.2085127, 38.4384569], [27.2085042, 38.4386167], [27.2084192, 38.4389454], [27.2083269, 38.439325], [27.2082557, 38.4397162], [27.2082101, 38.4399726], [27.2080382, 38.4409381], [27.2080326, 38.4409696], [27.2076466, 38.4408771], [27.2072638, 38.4408036], [27.2069987, 38.4407395], [27.2066867, 38.4406276], [27.2062898, 38.4404596], [27.2054046, 38.4403966], [27.2054054, 38.4404527], [27.2053403, 38.4406529], [27.2052008, 38.4414092], [27.2056059, 38.4414455], [27.2057006, 38.441454], [27.2060913, 38.441489], [27.2058552, 38.4422831], [27.205764, 38.4426738], [27.2056675, 38.4430436], [27.2055978, 38.4433125], [27.2055945, 38.4434474], [27.205594, 38.4434702], [27.2056407, 38.4437494], [27.2055924, 38.44422], [27.2055066, 38.4446107], [27.2100878, 38.4453586], [27.2103399, 38.4453124], [27.2108871, 38.4450225], [27.2117078, 38.4446906], [27.212719, 38.4442789], [27.213647, 38.4440268], [27.2150405, 38.4436991], [27.2177155, 38.4430338], [27.2198673, 38.4425349], [27.220476, 38.4423907], [27.2238337, 38.4415397], [27.2250256, 38.4410942], [27.2256216, 38.440813], [27.2264025, 38.4403772], [27.2276583, 38.4394532], [27.2283433, 38.4388571], [27.2292566, 38.4378734], [27.2297323, 38.4371282], [27.2307973, 38.4353394], [27.231818, 38.4336557], [27.2313791, 38.4333499], [27.2310251, 38.433144], [27.2306549, 38.432997], [27.2293031, 38.4326272], [27.228182, 38.432249], [27.2270232, 38.4318035], [27.2265458, 38.4316229], [27.2261703, 38.4314758], [27.2257626, 38.4313455], [27.2253442, 38.4312068], [27.2244805, 38.4309715], [27.2238314, 38.430837], [27.2234452, 38.4307698], [27.2223455, 38.4306227], [27.2215891, 38.4306437], [27.2209454, 38.4306269], [27.2204518, 38.4305555], [27.2201139, 38.4304588], [27.2196042, 38.4302739], [27.2191966, 38.4301184], [27.2186172, 38.4298621], [27.2176301, 38.4294923], [27.2168308, 38.4291897], [27.2158116, 38.4287653], [27.215082, 38.4284963], [27.2137624, 38.4280299], [27.2126353, 38.4275742]]]]}, "bbox": [27.2052008, 38.4275742, 27.231818, 38.4453586]}, {"id": "78", "type": "Feature", "properties": {"mahalle_adi": "Mimar Sinan Mahallesi", "_gece_lst_str": "24.3°C"}, "geometry": {"type": "MultiPolygon", "coordinates": [[[[27.1474909, 38.439356], [27.1478677, 38.4394886], [27.1480017, 38.4391575], [27.1491246, 38.4368212], [27.1492338, 38.4362313], [27.1495105, 38.4355302], [27.1499166, 38.4347144], [27.1503615, 38.4339565], [27.1505916, 38.4336477], [27.1508873, 38.4332254], [27.1511625, 38.4328167], [27.1523456, 38.4302036], [27.1524042, 38.4299924], [27.1494559, 38.4292152], [27.149663, 38.428698], [27.1496576, 38.4282904], [27.1495986, 38.4279878], [27.1495289, 38.4277735], [27.1494001, 38.427513], [27.1490997, 38.4271473], [27.1484023, 38.4266094], [27.1474421, 38.4258236], [27.1471953, 38.4256386], [27.1471685, 38.425542], [27.14719, 38.4254033], [27.1473026, 38.424983], [27.1474429, 38.4244304], [27.1457416, 38.4241817], [27.1440419, 38.4239379], [27.1428019, 38.4237433], [27.1426035, 38.4242193], [27.1416056, 38.4266136], [27.1413856, 38.4273229], [27.1412815, 38.4276587], [27.1411872, 38.4279627], [27.1416646, 38.4298831], [27.142024, 38.4303159], [27.1432569, 38.4319976], [27.1436387, 38.4325221], [27.1439713, 38.4329549], [27.1442556, 38.4333836], [27.1449137, 38.4342125], [27.1475374, 38.4367665], [27.1475333, 38.4376276], [27.1475387, 38.4380183], [27.1475214, 38.4386443], [27.1475003, 38.4388352], [27.1474975, 38.4388627], [27.1474791, 38.4390454], [27.1474841, 38.4391801], [27.1474879, 38.4392774], [27.1474909, 38.439356]]]]}, "bbox": [27.1411872, 38.4237433, 27.1524042, 38.4394886]}, {"id": "80", "type": "Feature", "properties": {"mahalle_adi": "Hilal Mahallesi", "_gece_lst_str": "24.5°C"}, "geometry": {"type": "MultiPolygon", "coordinates": [[[[27.1514869, 38.4250503], [27.1511865, 38.4257479], [27.1511543, 38.426143], [27.1512508, 38.4263363], [27.15168, 38.4266977], [27.1520019, 38.4268616], [27.1525919, 38.4270087], [27.1531177, 38.4271095], [27.1535683, 38.4273701], [27.1534547, 38.4276332], [27.1546948, 38.42853], [27.1567199, 38.4301416], [27.1567681, 38.4300428], [27.1568888, 38.4294103], [27.1571195, 38.4284018], [27.1573207, 38.4282211], [27.1572241, 38.4279374], [27.1574199, 38.4271873], [27.1575701, 38.4264981], [27.1576908, 38.4260778], [27.1577606, 38.4256849], [27.1579456, 38.4250083], [27.1580046, 38.4248065], [27.1580771, 38.4245733], [27.1581441, 38.4242077], [27.1582165, 38.4239576], [27.1582997, 38.4236445], [27.1583506, 38.4232095], [27.1559608, 38.4227136], [27.1521735, 38.4220748], [27.1520448, 38.4223942], [27.1520018, 38.42268], [27.1520555, 38.4230582], [27.151916, 38.4238147], [27.1518087, 38.4241761], [27.1517026, 38.4244644], [27.1514869, 38.4250503]]]]}, "bbox": [27.1511543, 38.4220748, 27.1583506, 38.4301416]}, {"id": "81", "type": "Feature", "properties": {"mahalle_adi": "Ege Mahallesi", "_gece_lst_str": "24.4°C"}, "geometry": {"type": "MultiPolygon", "coordinates": [[[[27.1534547, 38.4276332], [27.1528226, 38.4290973], [27.1524042, 38.4299924], [27.1523456, 38.4302036], [27.1511625, 38.4328167], [27.1508873, 38.4332254], [27.1505916, 38.4336477], [27.1507198, 38.4336819], [27.1509826, 38.4336987], [27.1514708, 38.4336861], [27.1515486, 38.4337323], [27.1516961, 38.4337744], [27.1518624, 38.4338206], [27.1519911, 38.4338899], [27.1521252, 38.433974], [27.1522647, 38.4340916], [27.1523452, 38.4341378], [27.1529004, 38.4342996], [27.153292, 38.4344572], [27.1535656, 38.4346337], [27.154035, 38.434724], [27.1544212, 38.4348984], [27.1547967, 38.4350917], [27.1550167, 38.4351946], [27.1555102, 38.4337365], [27.155765, 38.4327806], [27.1561056, 38.4316985], [27.1562505, 38.4313266], [27.1563846, 38.4308601], [27.1567199, 38.4301416], [27.1546948, 38.42853], [27.1534547, 38.4276332]]]]}, "bbox": [27.1505916, 38.4276332, 27.1567199, 38.4351946]}, {"id": "82", "type": "Feature", "properties": {"mahalle_adi": "Ferahlı Mahallesi", "_gece_lst_str": "23.9°C"}, "geometry": {"type": "MultiPolygon", "coordinates": [[[[27.1625537, 38.4141353], [27.1627575, 38.4140996], [27.1629345, 38.4140975], [27.1631303, 38.4141647], [27.163251, 38.4142046], [27.1635568, 38.4141983], [27.1637177, 38.4141395], [27.1638706, 38.4139966], [27.1639726, 38.4138537], [27.1640745, 38.413675], [27.1644714, 38.41357], [27.1645251, 38.4134607], [27.1646243, 38.4133976], [27.1648362, 38.4134165], [27.1650106, 38.4134123], [27.1653029, 38.4133388], [27.1656918, 38.4132169], [27.1663168, 38.4130319], [27.1665126, 38.4122774], [27.1666574, 38.4117688], [27.1668747, 38.4109387], [27.1672583, 38.4109471], [27.167277, 38.4107033], [27.1672422, 38.4104679], [27.1671858, 38.4103039], [27.1671161, 38.4101926], [27.1670383, 38.4100812], [27.166923, 38.4099445], [27.1668425, 38.4097995], [27.1667138, 38.4096692], [27.1665931, 38.4094801], [27.1664429, 38.4093624], [27.1662363, 38.4092888], [27.1660164, 38.4091648], [27.1659332, 38.4090786], [27.1658233, 38.4089], [27.1656167, 38.4087339], [27.1655256, 38.4085679], [27.1652895, 38.4082043], [27.1651071, 38.407889], [27.1649998, 38.4073678], [27.1649086, 38.4069432], [27.1647879, 38.4063253], [27.1657991, 38.4064745], [27.1659762, 38.406073], [27.165319, 38.4058965], [27.1652922, 38.4053899], [27.1653137, 38.4050284], [27.1653646, 38.4046101], [27.1648657, 38.404587], [27.1642756, 38.4045113], [27.1642649, 38.404751], [27.164332, 38.4050074], [27.1641067, 38.4049275], [27.1636453, 38.4047552], [27.1633047, 38.4046585], [27.1632698, 38.4049107], [27.1631947, 38.4052218], [27.1630338, 38.4056695], [27.1627763, 38.4063211], [27.1626288, 38.4068066], [27.1625, 38.4074329], [27.162323, 38.408034], [27.1622238, 38.4083598], [27.1620843, 38.408591], [27.1619153, 38.408818], [27.1616739, 38.4092825], [27.1615532, 38.4095725], [27.1614486, 38.4096797], [27.161293, 38.4097974], [27.1611509, 38.4098752], [27.1609765, 38.4099403], [27.1606868, 38.4099403], [27.1604052, 38.409995], [27.1599492, 38.4101316], [27.1594825, 38.4102913], [27.1596462, 38.4107936], [27.1598285, 38.4113338], [27.160086, 38.4120357], [27.1601745, 38.4121345], [27.1602577, 38.4122165], [27.160475, 38.4123594], [27.16077, 38.4125423], [27.1609738, 38.4126789], [27.161108, 38.4127945], [27.1611991, 38.4129626], [27.1612421, 38.4132043], [27.1612152, 38.413364], [27.1611026, 38.4135994], [27.1609765, 38.4138243], [27.1614593, 38.4142488], [27.1618777, 38.4142068], [27.1625537, 38.4141353]]]]}, "bbox": [27.1594825, 38.4045113, 27.167277, 38.4142488]}, {"id": "83", "type": "Feature", "properties": {"mahalle_adi": "Levent Mahallesi", "_gece_lst_str": "24.2°C"}, "geometry": {"type": "MultiPolygon", "coordinates": [[[[27.1672486, 38.4197583], [27.167049, 38.4194144], [27.166577, 38.4187671], [27.1666574, 38.4178088], [27.1667218, 38.4173549], [27.1667111, 38.4168842], [27.1667325, 38.4166026], [27.1668237, 38.4161234], [27.1667379, 38.4157577], [27.166695, 38.415556], [27.1667004, 38.4154425], [27.1665984, 38.4152996], [27.1666199, 38.4151209], [27.1667433, 38.4146964], [27.1668237, 38.4143497], [27.1666306, 38.4141248], [27.1664241, 38.4139104], [27.1662712, 38.4137276], [27.1660727, 38.4135763], [27.1663168, 38.4130319], [27.1656918, 38.4132169], [27.1653029, 38.4133388], [27.1650106, 38.4134123], [27.1648362, 38.4134165], [27.1646243, 38.4133976], [27.1645251, 38.4134607], [27.1644714, 38.41357], [27.1640745, 38.413675], [27.1639726, 38.4138537], [27.1638706, 38.4139966], [27.1637177, 38.4141395], [27.1635568, 38.4141983], [27.163251, 38.4142046], [27.1631303, 38.4141647], [27.1629345, 38.4140975], [27.1627575, 38.4140996], [27.1625537, 38.4141353], [27.1625483, 38.414585], [27.1625644, 38.4148288], [27.1628326, 38.4151777], [27.163015, 38.4154005], [27.1632725, 38.4158838], [27.1635944, 38.4165017], [27.1641147, 38.4175104], [27.1641844, 38.41775], [27.164104, 38.417771], [27.1641898, 38.4180358], [27.1643186, 38.4180316], [27.164399, 38.4183636], [27.164576, 38.4183216], [27.1647745, 38.4182207], [27.1648765, 38.4184645], [27.1649945, 38.4187293], [27.1651286, 38.4189478], [27.1654075, 38.4191664], [27.1656597, 38.4193093], [27.1660083, 38.419469], [27.1663839, 38.4195951], [27.1672486, 38.4197583]]]]}, "bbox": [27.1625483, 38.4130319, 27.1672486, 38.4197583]}, {"id": "84", "type": "Feature", "properties": {"mahalle_adi": "Anadolu Mahallesi", "_gece_lst_str": "24.0°C"}, "geometry": {"type": "MultiPolygon", "coordinates": [[[[27.1742079, 38.4147826], [27.1740872, 38.4157073], [27.1739879, 38.415764], [27.1739235, 38.4162537], [27.1737707, 38.4163104], [27.1742682, 38.4164365], [27.1745203, 38.4165143], [27.1748529, 38.4166299], [27.1750299, 38.4167013], [27.1752955, 38.4167959], [27.1754967, 38.4169073], [27.1759955, 38.4171532], [27.1761806, 38.4172351], [27.176363, 38.4172608], [27.1764336, 38.4172708], [27.1764488, 38.4172729], [27.176709, 38.4173192], [27.1769692, 38.4174053], [27.1772401, 38.4175314], [27.1773849, 38.4175966], [27.1774788, 38.4174642], [27.1776478, 38.4173612], [27.1778087, 38.4172477], [27.178144, 38.417067], [27.1783894, 38.4170439], [27.1786684, 38.4169472], [27.1791192, 38.4166566], [27.1794569, 38.4164554], [27.1797111, 38.4163588], [27.1795207, 38.4162915], [27.1789601, 38.4161171], [27.1783512, 38.4159952], [27.1781501, 38.4159427], [27.1780508, 38.4158691], [27.1779006, 38.4157535], [27.1776994, 38.4155665], [27.1774983, 38.4153227], [27.1773078, 38.4150495], [27.1769136, 38.4147322], [27.1768036, 38.4145976], [27.1766668, 38.4142635], [27.1765843, 38.414274], [27.176477, 38.414295], [27.1764153, 38.4143497], [27.1763456, 38.4144884], [27.1763429, 38.4146586], [27.1763992, 38.4150894], [27.1761873, 38.4150831], [27.1760374, 38.4150658], [27.1758145, 38.4150264], [27.1757019, 38.4150054], [27.1754283, 38.4149591], [27.1750849, 38.4148793], [27.1746719, 38.414812], [27.1742079, 38.4147826]]]]}, "bbox": [27.1737707, 38.4142635, 27.1797111, 38.4175966]}, {"id": "85", "type": "Feature", "properties": {"mahalle_adi": "Akdeniz Mahallesi", "_gece_lst_str": "24.3°C"}, "geometry": {"type": "MultiPolygon", "coordinates": [[[[27.134825, 38.4286308], [27.133815, 38.4292661], [27.1332566, 38.4286679], [27.1328274, 38.4287388], [27.1321257, 38.4290985], [27.1320942, 38.4290636], [27.1320792, 38.4290619], [27.1316572, 38.4292944], [27.1316097, 38.429252], [27.1316995, 38.4292225], [27.1320142, 38.4290376], [27.1320031, 38.4290155], [27.1322862, 38.4288446], [27.1322558, 38.4288107], [27.1323386, 38.428761], [27.1324106, 38.4287178], [27.1324572, 38.428763], [27.1329954, 38.4284483], [27.1325011, 38.4279133], [27.1323029, 38.427703], [27.1320592, 38.4267557], [27.1318262, 38.4259138], [27.1317312, 38.4255687], [27.1316897, 38.4254182], [27.1315155, 38.4247855], [27.1310345, 38.4239173], [27.1304961, 38.4228578], [27.1302831, 38.4229859], [27.1302201, 38.4229211], [27.1304489, 38.4227774], [27.1303837, 38.4226868], [27.1299836, 38.4229258], [27.1294059, 38.4232839], [27.1284287, 38.423873], [27.1280438, 38.423475], [27.1290422, 38.4228794], [27.1286523, 38.4224936], [27.1292421, 38.422129], [27.1299058, 38.4217386], [27.1302921, 38.4221672], [27.1304047, 38.4223984], [27.1304476, 38.4224614], [27.1321535, 38.4224656], [27.1338165, 38.4224824], [27.1347123, 38.4224764], [27.1375716, 38.4224572], [27.1376359, 38.4226085], [27.1376467, 38.4227136], [27.1376574, 38.4233146], [27.1377045, 38.4241], [27.1370405, 38.4250587], [27.136547, 38.4257689], [27.1363521, 38.4260579], [27.1352488, 38.4276937], [27.1347288, 38.4284825], [27.134825, 38.4286308]]]]}, "bbox": [27.1280438, 38.4217386, 27.1377045, 38.4292944]}, {"id": "86", "type": "Feature", "properties": {"mahalle_adi": "Kültür Mahallesi", "_gece_lst_str": "24.4°C"}, "geometry": {"type": "MultiPolygon", "coordinates": [[[[27.1390719, 38.4360042], [27.1386477, 38.4355786], [27.1386747, 38.4353315], [27.1382925, 38.4349931], [27.1382519, 38.4347844], [27.1361254, 38.4325174], [27.1358721, 38.4322455], [27.1357062, 38.4320754], [27.1354655, 38.4318544], [27.1350279, 38.4315163], [27.1342491, 38.4310049], [27.1339779, 38.4308105], [27.1337929, 38.430631], [27.1336965, 38.4304451], [27.1342363, 38.4298895], [27.1342822, 38.429771], [27.133815, 38.4292661], [27.134825, 38.4286308], [27.1350391, 38.4286098], [27.135489, 38.428642], [27.1361041, 38.4286203], [27.1381026, 38.4283661], [27.1393579, 38.4281938], [27.1402001, 38.4280845], [27.1411872, 38.4279627], [27.1416646, 38.4298831], [27.142024, 38.4303159], [27.1432569, 38.4319976], [27.1436387, 38.4325221], [27.1439713, 38.4329549], [27.1442556, 38.4333836], [27.1449137, 38.4342125], [27.1475374, 38.4367665], [27.1466428, 38.436409], [27.1453863, 38.4358801], [27.1438926, 38.4352348], [27.1422712, 38.4345321], [27.1421935, 38.4346278], [27.1406718, 38.4350301], [27.140614, 38.435031], [27.1406007, 38.4350346], [27.1405768, 38.4350455], [27.1405622, 38.4350558], [27.140474, 38.4350925], [27.1403986, 38.435163], [27.1390719, 38.4360042]]]]}, "bbox": [27.1336965, 38.4279627, 27.1475374, 38.4367665]}, {"id": "87", "type": "Feature", "properties": {"mahalle_adi": "Akarcalı Mahallesi", "_gece_lst_str": "24.3°C"}, "geometry": {"type": "MultiPolygon", "coordinates": [[[[27.1559037, 38.4184961], [27.155486, 38.4183741], [27.1555182, 38.4182691], [27.1554726, 38.4182396], [27.1553197, 38.418248], [27.1552259, 38.4183195], [27.1550783, 38.4183931], [27.1549684, 38.4184309], [27.1540403, 38.4185801], [27.1535632, 38.4187102], [27.1534943, 38.4187273], [27.153442, 38.4187525], [27.1533449, 38.4188044], [27.1532008, 38.4188932], [27.1531623, 38.4189288], [27.1529809, 38.4190928], [27.1527985, 38.4189962], [27.1526402, 38.4187209], [27.1522513, 38.418082], [27.1521226, 38.4178614], [27.1520099, 38.4177941], [27.1518865, 38.4177668], [27.1515915, 38.4178383], [27.1511221, 38.4179391], [27.1508485, 38.4180064], [27.1507761, 38.4179391], [27.1506527, 38.4178593], [27.1505186, 38.4176806], [27.1495798, 38.417895], [27.1493867, 38.4179202], [27.1488395, 38.4183195], [27.1483487, 38.418557], [27.1480912, 38.4186894], [27.1478976, 38.4188045], [27.1475299, 38.418557], [27.1473476, 38.4183967], [27.1472557, 38.4181356], [27.14719, 38.4177374], [27.1472973, 38.4177584], [27.1473943, 38.4177625], [27.1474475, 38.4177647], [27.1476889, 38.4177227], [27.1478391, 38.4176407], [27.1480322, 38.4175356], [27.148464, 38.4172687], [27.1486303, 38.4171279], [27.1488127, 38.4170313], [27.1490729, 38.4169304], [27.1492767, 38.4168652], [27.1493867, 38.4168568], [27.1496871, 38.4168779], [27.1498883, 38.4168968], [27.1500599, 38.4169136], [27.150194, 38.4169052], [27.1503818, 38.4168337], [27.150532, 38.4167118], [27.1506768, 38.4165899], [27.1508646, 38.4164302], [27.151047, 38.4162663], [27.1512401, 38.4161402], [27.1518141, 38.4157367], [27.1519858, 38.4156484], [27.1521628, 38.415619], [27.15271, 38.4155644], [27.1528655, 38.415535], [27.1529695, 38.4154971], [27.1530318, 38.4154719], [27.1530702, 38.4154468], [27.1530839, 38.4154423], [27.1531242, 38.415422], [27.1531445, 38.4154131], [27.1532518, 38.4153416], [27.1533805, 38.4151861], [27.1535522, 38.4149129], [27.1537399, 38.4147237], [27.1539169, 38.4144547], [27.1540242, 38.4142782], [27.1543997, 38.4143455], [27.1550059, 38.4143833], [27.1554136, 38.4143959], [27.1557647, 38.414382], [27.1565796, 38.4144303], [27.1566038, 38.4141294], [27.1568953, 38.414063], [27.1569747, 38.414211], [27.1572429, 38.4147069], [27.1571839, 38.4150558], [27.1570069, 38.4153584], [27.1568298, 38.4156064], [27.1565402, 38.4159511], [27.1562666, 38.4162999], [27.1562612, 38.4165143], [27.1562666, 38.4166992], [27.1561646, 38.4169892], [27.1560414, 38.417258], [27.1560413, 38.4172582], [27.1558964, 38.4175945], [27.1558642, 38.4178214], [27.1558589, 38.418103], [27.155875, 38.4183552], [27.1559037, 38.4184961]]]]}, "bbox": [27.14719, 38.414063, 27.1572429, 38.4190928]}, {"id": "88", "type": "Feature", "properties": {"mahalle_adi": "Mehtap Mahallesi", "_gece_lst_str": "24.1°C"}, "geometry": {"type": "MultiPolygon", "coordinates": [[[[27.1592411, 38.4043327], [27.1592116, 38.4046606], [27.159225, 38.4052617], [27.159209, 38.4055076], [27.1589676, 38.405535], [27.158702, 38.4055413], [27.158348, 38.4053962], [27.1571758, 38.4050053], [27.1570793, 38.4052743], [27.157892, 38.4054698], [27.157833, 38.4055497], [27.1577793, 38.405638], [27.1577445, 38.4056989], [27.1577123, 38.4057409], [27.157723, 38.4058481], [27.1576801, 38.4059217], [27.1576318, 38.4059511], [27.1574011, 38.4062958], [27.1575272, 38.4063778], [27.1575648, 38.4064535], [27.1575996, 38.4065375], [27.1576291, 38.4066132], [27.1572456, 38.4068949], [27.1567681, 38.4072837], [27.1566367, 38.4073888], [27.1563524, 38.4072333], [27.155993, 38.4071366], [27.1554673, 38.4070567], [27.1550918, 38.4069684], [27.1548825, 38.4068633], [27.1546465, 38.406712], [27.15433, 38.4064093], [27.1541691, 38.4062244], [27.1539921, 38.4060352], [27.1537667, 38.4057956], [27.1536058, 38.4056232], [27.153402, 38.4054131], [27.1532571, 38.4052996], [27.1530694, 38.4051818], [27.1528816, 38.4050768], [27.1526241, 38.4049759], [27.1523184, 38.4048666], [27.1520984, 38.4047531], [27.1518731, 38.4046185], [27.1515512, 38.4043747], [27.1514761, 38.4043022], [27.1519268, 38.4041225], [27.1523184, 38.4039585], [27.1526456, 38.4038366], [27.1528226, 38.403782], [27.1529835, 38.4037], [27.153241, 38.4035781], [27.153056, 38.4034373], [27.153417, 38.403252], [27.1536863, 38.4031157], [27.1538365, 38.4030862], [27.1541972, 38.4031217], [27.1561915, 38.403597], [27.1561462, 38.4037532], [27.1571716, 38.4039501], [27.1592411, 38.4043327]]]]}, "bbox": [27.1514761, 38.4030862, 27.1592411, 38.4073888]}, {"id": "89", "type": "Feature", "properties": {"mahalle_adi": "Kadifekale Mahallesi", "_gece_lst_str": "24.2°C"}, "geometry": {"type": "MultiPolygon", "coordinates": [[[[27.1488556, 38.4148604], [27.1486169, 38.4150978], [27.1484882, 38.4152113], [27.1483782, 38.4152975], [27.1483633, 38.415312], [27.1483282, 38.4153461], [27.1483004, 38.4153731], [27.1482387, 38.4154971], [27.1481556, 38.4156674], [27.1481368, 38.4157619], [27.1481502, 38.415888], [27.1481985, 38.4160099], [27.1481904, 38.4160877], [27.1481207, 38.4163062], [27.1480617, 38.4165605], [27.1480188, 38.4167055], [27.1479517, 38.4167896], [27.147831, 38.416901], [27.1475923, 38.4170922], [27.1474904, 38.4171931], [27.1474662, 38.4174011], [27.1473943, 38.4177625], [27.1472973, 38.4177584], [27.14719, 38.4177374], [27.1470453, 38.4176764], [27.1470156, 38.4176638], [27.1466804, 38.4175609], [27.146042, 38.4173297], [27.145865, 38.4172477], [27.1457443, 38.4171595], [27.1456397, 38.4170565], [27.1455458, 38.4168968], [27.1454251, 38.4165878], [27.1453688, 38.4164975], [27.14524, 38.4163777], [27.1450415, 38.4162285], [27.1448672, 38.4161024], [27.1447894, 38.4160267], [27.1446472, 38.4158733], [27.1444702, 38.4157178], [27.144269, 38.4155854], [27.1441376, 38.4155266], [27.1440008, 38.4155076], [27.1437621, 38.4155055], [27.1435475, 38.415516], [27.1433866, 38.4155728], [27.1433035, 38.415659], [27.1432765, 38.415703], [27.1429709, 38.4155392], [27.1426088, 38.4153584], [27.142362, 38.4152197], [27.1420209, 38.4149078], [27.141737, 38.4146481], [27.1418738, 38.4144547], [27.1419355, 38.4143307], [27.1418604, 38.4140386], [27.1415842, 38.4133661], [27.1413079, 38.4129374], [27.1411926, 38.412744], [27.1419892, 38.4130509], [27.1422091, 38.4131139], [27.1424076, 38.4131055], [27.1426061, 38.4130719], [27.1427616, 38.4131223], [27.1428797, 38.4131833], [27.1433061, 38.4134376], [27.1435931, 38.413509], [27.1438211, 38.4134859], [27.1445078, 38.4132043], [27.1447653, 38.4130677], [27.1449584, 38.4129962], [27.1451783, 38.4129374], [27.1454358, 38.4128953], [27.1461064, 38.4127818], [27.147072, 38.4126347], [27.1475977, 38.4125675], [27.1479598, 38.4125338], [27.1487698, 38.4124876], [27.1490541, 38.412475], [27.149545, 38.4123573], [27.1497837, 38.4123111], [27.1500304, 38.4123006], [27.150194, 38.4123405], [27.1504649, 38.4125338], [27.150583, 38.4126158], [27.1507359, 38.412702], [27.1508968, 38.4127167], [27.1509638, 38.4129416], [27.1511033, 38.4129605], [27.1511891, 38.4130403], [27.1512482, 38.4131812], [27.1513045, 38.4133031], [27.1513393, 38.4133934], [27.1508592, 38.4133682], [27.1504837, 38.4133955], [27.1501216, 38.4134838], [27.1498936, 38.4135237], [27.1498749, 38.4136855], [27.1497408, 38.4138222], [27.149561, 38.4139609], [27.1494752, 38.4140428], [27.1493974, 38.4141668], [27.1493304, 38.4143349], [27.1492311, 38.4144695], [27.1491051, 38.4146187], [27.1489897, 38.4147637], [27.1488556, 38.4148604]]]]}, "bbox": [27.1411926, 38.4123006, 27.1513393, 38.4177625]}, {"id": "90", "type": "Feature", "properties": {"mahalle_adi": "Yeşiltepe Mahallesi", "_gece_lst_str": "24.1°C"}, "geometry": {"type": "MultiPolygon", "coordinates": [[[[27.1247972, 38.4175519], [27.125625, 38.4171742], [27.1264565, 38.4168169], [27.1269715, 38.4164975], [27.1278244, 38.4157367], [27.1281409, 38.4153879], [27.1284762, 38.4150033], [27.1288034, 38.4145724], [27.1289536, 38.4143539], [27.1289965, 38.414274], [27.1290019, 38.4140807], [27.1289724, 38.4139083], [27.1288866, 38.4137717], [27.1287364, 38.4136582], [27.1284842, 38.4134901], [27.1281803, 38.4132917], [27.1280274, 38.4132328], [27.1279001, 38.4132687], [27.1276064, 38.4133495], [27.1274005, 38.4134065], [27.1273353, 38.4134269], [27.1272257, 38.413469], [27.1268506, 38.4136006], [27.1265122, 38.4137031], [27.1262303, 38.4136357], [27.1266007, 38.413465], [27.1270278, 38.4132484], [27.12717, 38.4131223], [27.1271861, 38.4130782], [27.1270707, 38.4130887], [27.1268057, 38.4131635], [27.1260329, 38.413337], [27.1259748, 38.41332], [27.1259367, 38.4132686], [27.1261009, 38.4129634], [27.1261285, 38.4129472], [27.126376, 38.4126326], [27.1252522, 38.4122312], [27.1248606, 38.412103], [27.1246111, 38.4124792], [27.1241605, 38.4123699], [27.1235704, 38.4122186], [27.1232687, 38.412085], [27.1232003, 38.4120547], [27.1230179, 38.4119118], [27.1227658, 38.4120084], [27.1224117, 38.4120252], [27.122165, 38.4120673], [27.1218055, 38.4121009], [27.1211833, 38.4122228], [27.1203614, 38.4124077], [27.1205933, 38.412884], [27.1208651, 38.4136747], [27.1210932, 38.4141022], [27.1214516, 38.4144939], [27.1225513, 38.4153909], [27.1227505, 38.4156732], [27.1228915, 38.4171168], [27.1237785, 38.4176544], [27.1247972, 38.4175519]]]]}, "bbox": [27.1203614, 38.4119118, 27.1290019, 38.4176544]}, {"id": "92", "type": "Feature", "properties": {"mahalle_adi": "Tuzcu Mahallesi", "_gece_lst_str": "24.1°C"}, "geometry": {"type": "MultiPolygon", "coordinates": [[[[27.1372026, 38.4131344], [27.1371853, 38.4131664], [27.1371397, 38.4132442], [27.13707, 38.4133178], [27.1369949, 38.4134313], [27.136952, 38.4135679], [27.1369386, 38.4137087], [27.1369144, 38.4139167], [27.136901, 38.4140954], [27.1368742, 38.4141836], [27.1367723, 38.4142866], [27.1366167, 38.4144673], [27.1365389, 38.4145178], [27.1364773, 38.4146523], [27.1364397, 38.4147763], [27.1364209, 38.4149192], [27.1360856, 38.4149738], [27.1358415, 38.415018], [27.1355706, 38.4150306], [27.1355653, 38.4151378], [27.1347767, 38.4153563], [27.1346909, 38.415205], [27.1345946, 38.4150361], [27.1343878, 38.4146733], [27.1341464, 38.4142383], [27.1339881, 38.4139966], [27.1338809, 38.4138831], [27.1338521, 38.413855], [27.1337226, 38.4137444], [27.1335375, 38.4136036], [27.1332505, 38.4134228], [27.1331406, 38.4133724], [27.1329394, 38.4132904], [27.1325988, 38.4132043], [27.1326497, 38.4129437], [27.132934, 38.4129458], [27.1331459, 38.41295], [27.1335161, 38.4129437], [27.133795, 38.4129332], [27.1340471, 38.4129016], [27.1342322, 38.4128932], [27.1346506, 38.4128281], [27.1347767, 38.4128197], [27.134884, 38.4128302], [27.1349645, 38.412847], [27.1350262, 38.4128491], [27.1352541, 38.4128449], [27.1354473, 38.4127987], [27.1355894, 38.412786], [27.1357906, 38.4128092], [27.1360293, 38.4128659], [27.1365496, 38.4129941], [27.1367347, 38.4130298], [27.1368957, 38.4130214], [27.1370646, 38.4130803], [27.1372026, 38.4131344]]]]}, "bbox": [27.1325988, 38.412786, 27.1372026, 38.4153563]}, {"id": "93", "type": "Feature", "properties": {"mahalle_adi": "2.Kadriye Mahallesi", "_gece_lst_str": "24.1°C"}, "geometry": {"type": "MultiPolygon", "coordinates": [[[[27.1346292, 38.4058284], [27.134884, 38.4057262], [27.1350798, 38.4056569], [27.135289, 38.4055896], [27.1356109, 38.4055329], [27.1356994, 38.4054215], [27.1358576, 38.4053857], [27.1359166, 38.4056485], [27.1362306, 38.4056175], [27.1365418, 38.4055868], [27.1366194, 38.4055791], [27.1366972, 38.4060478], [27.1367776, 38.4065649], [27.137011, 38.4065754], [27.1374267, 38.4063526], [27.1378666, 38.4061676], [27.1380571, 38.4060751], [27.1382448, 38.4059448], [27.1385908, 38.4056737], [27.1389529, 38.4053752], [27.1389689, 38.4053646], [27.1391755, 38.4052281], [27.1393634, 38.4050657], [27.1393847, 38.4050473], [27.1394343, 38.4049837], [27.1395618, 38.4048203], [27.1397549, 38.404627], [27.1398103, 38.4045292], [27.1398407, 38.4044756], [27.1399587, 38.4042906], [27.1400177, 38.4041729], [27.1400875, 38.4040132], [27.1401036, 38.4038156], [27.1400928, 38.4037526], [27.1403773, 38.4037051], [27.1404201, 38.4036979], [27.1407849, 38.4040847], [27.1408842, 38.4041722], [27.1409994, 38.4042738], [27.1411926, 38.4043663], [27.1413159, 38.4043915], [27.1415949, 38.4044084], [27.1417665, 38.4044041], [27.1422279, 38.4044041], [27.1425551, 38.4046438], [27.1426946, 38.4047278], [27.1429306, 38.4048077], [27.143451, 38.4049212], [27.1439981, 38.4050011], [27.1443629, 38.4048792], [27.1442985, 38.4047026], [27.1442691, 38.4044951], [27.1441269, 38.4039333], [27.1441269, 38.4036727], [27.1441215, 38.4032397], [27.1441537, 38.4028277], [27.144145, 38.4025283], [27.1441675, 38.4024159], [27.1441538, 38.4021761], [27.1441595, 38.4016325], [27.1441173, 38.4014866], [27.1436709, 38.40102], [27.1430111, 38.4003474], [27.1426356, 38.4000825], [27.142404, 38.3999468], [27.1416539, 38.3996327], [27.14145, 38.3995066], [27.1412194, 38.3992039], [27.1409136, 38.3986195], [27.1406874, 38.3982734], [27.1403584, 38.3978522], [27.1398434, 38.3968138], [27.1394505, 38.3958996], [27.13931, 38.3958736], [27.1391782, 38.39579], [27.139001, 38.3956657], [27.1388027, 38.3954705], [27.1386605, 38.3952855], [27.1386446, 38.3951415], [27.1373784, 38.3955294], [27.1370834, 38.3957774], [27.1367079, 38.3960045], [27.1362251, 38.3961432], [27.1359461, 38.3962147], [27.1357316, 38.396366], [27.1354312, 38.3967318], [27.1350717, 38.3970555], [27.1342456, 38.3978711], [27.1342133, 38.3979213], [27.133972, 38.3982958], [27.1338057, 38.3985859], [27.1338057, 38.3987666], [27.1338326, 38.3989894], [27.1340364, 38.3993384], [27.1342564, 38.399742], [27.1343341, 38.3999606], [27.1341276, 38.3999417], [27.1340954, 38.4003621], [27.1340418, 38.4007762], [27.1341464, 38.4007993], [27.1342281, 38.4010973], [27.1342989, 38.4013026], [27.1343373, 38.4014332], [27.1343401, 38.4014948], [27.1343405, 38.4015732], [27.1343046, 38.4016926], [27.1342937, 38.4016958], [27.1342831, 38.4017286], [27.1341518, 38.4022581], [27.1340498, 38.4027142], [27.1340123, 38.4028508], [27.133956, 38.4029622], [27.1338648, 38.4031073], [27.1338272, 38.4032229], [27.1338031, 38.403328], [27.133795, 38.4034331], [27.1338245, 38.4036159], [27.1338487, 38.4037946], [27.133964, 38.4041813], [27.1341652, 38.4045912], [27.1343261, 38.4049822], [27.1344656, 38.4052911], [27.1345407, 38.4055034], [27.1346024, 38.4057641], [27.1346292, 38.4058284]]]]}, "bbox": [27.133795, 38.3951415, 27.1443629, 38.4065754]}, {"id": "98", "type": "Feature", "properties": {"mahalle_adi": "Örnekköy Mahallesi", "_gece_lst_str": "24.7°C"}, "geometry": {"type": "MultiPolygon", "coordinates": [[[[27.1150427, 38.479851], [27.1146655, 38.481276], [27.113893, 38.4832413], [27.1137965, 38.4841315], [27.1138769, 38.4848495], [27.1141773, 38.4866215], [27.1138287, 38.4866761], [27.1134853, 38.4867307], [27.1127665, 38.4868357], [27.1119672, 38.4869533], [27.111125, 38.4871002], [27.1108407, 38.4871548], [27.1105081, 38.4872178], [27.1098697, 38.4873606], [27.1093708, 38.4874739], [27.1086627, 38.4876713], [27.1079224, 38.4878686], [27.1066189, 38.4882382], [27.1056962, 38.4885111], [27.1054065, 38.4886203], [27.105031, 38.4887252], [27.1045375, 38.4888596], [27.1037328, 38.4891409], [27.1033788, 38.4892543], [27.1031535, 38.4893131], [27.1029389, 38.4893551], [27.1025902, 38.4894348], [27.1022844, 38.4895356], [27.1015602, 38.4897372], [27.1010721, 38.4898337], [27.100718, 38.4898841], [27.1004444, 38.4899093], [27.0999134, 38.4899555], [27.0986527, 38.4901108], [27.0982128, 38.4899261], [27.1016139, 38.4879232], [27.1015871, 38.487623], [27.1014744, 38.487623], [27.1013349, 38.4876251], [27.1012866, 38.4875747], [27.1011874, 38.4874886], [27.1009943, 38.4873921], [27.1007851, 38.4873375], [27.1007824, 38.4869155], [27.1007663, 38.485956], [27.1007583, 38.4853912], [27.1007636, 38.4847782], [27.1012491, 38.4842302], [27.1013001, 38.4841483], [27.1012866, 38.4840349], [27.1017855, 38.4840202], [27.1015361, 38.4837074], [27.101284, 38.4834323], [27.1014261, 38.4833483], [27.1015334, 38.4832833], [27.1016219, 38.4832308], [27.1017131, 38.4832161], [27.1019062, 38.4832266], [27.1021074, 38.483193], [27.1022335, 38.4832056], [27.1022978, 38.4832035], [27.1023568, 38.483193], [27.1024212, 38.483151], [27.1024695, 38.4831111], [27.1025017, 38.483067], [27.1025205, 38.483004], [27.1025258, 38.4829431], [27.1025687, 38.4828927], [27.1026492, 38.482815], [27.1027431, 38.4827835], [27.1025741, 38.4826051], [27.1023515, 38.4823825], [27.1021906, 38.4822817], [27.1020055, 38.4821579], [27.1022737, 38.4819941], [27.1024695, 38.4818954], [27.1026599, 38.4817799], [27.1033493, 38.4813915], [27.1037409, 38.4811626], [27.1039447, 38.4810408], [27.1040601, 38.4809128], [27.1041566, 38.480812], [27.1042478, 38.4807532], [27.1044704, 38.4806041], [27.1045536, 38.4805243], [27.1045884, 38.4804529], [27.1047655, 38.4806419], [27.1049908, 38.4806125], [27.1050042, 38.480392], [27.1049908, 38.4799301], [27.1049559, 38.4796067], [27.1049184, 38.4791805], [27.1048754, 38.4789348], [27.1047655, 38.4785884], [27.1046931, 38.4782545], [27.1045992, 38.4780256], [27.1044409, 38.4778388], [27.1041405, 38.4773726], [27.1040252, 38.4771689], [27.1040064, 38.4771407], [27.104449, 38.4770346], [27.104626, 38.4775364], [27.1049908, 38.4774797], [27.1050471, 38.4775889], [27.1059537, 38.477528], [27.1059376, 38.4771458], [27.1065438, 38.4771395], [27.1065813, 38.4774146], [27.1066189, 38.4775574], [27.1067905, 38.4776456], [27.1069756, 38.4776918], [27.1072867, 38.4777149], [27.1075255, 38.4777905], [27.1078286, 38.4779564], [27.1080324, 38.4776855], [27.1085232, 38.477633], [27.1089551, 38.47757], [27.1092689, 38.4775112], [27.1095774, 38.4774503], [27.1100521, 38.4773936], [27.1099716, 38.4768225], [27.1099099, 38.4764508], [27.1098563, 38.4761988], [27.1097705, 38.4758776], [27.1095613, 38.4751657], [27.1097115, 38.4751594], [27.1098958, 38.4751819], [27.1101433, 38.4752434], [27.110492, 38.4753568], [27.1108541, 38.4754618], [27.1110418, 38.4755038], [27.1111733, 38.475508], [27.1115112, 38.4754156], [27.1119028, 38.4752665], [27.1121925, 38.4751846], [27.1130133, 38.4749578], [27.1136087, 38.4748234], [27.1139199, 38.4747394], [27.1142551, 38.4746156], [27.1144295, 38.4745589], [27.1146172, 38.474519], [27.1146977, 38.474498], [27.1147943, 38.4744455], [27.1149203, 38.4743888], [27.1150847, 38.4743412], [27.1152529, 38.4749935], [27.1153951, 38.4757915], [27.1155453, 38.476833], [27.1154916, 38.4777317], [27.1151698, 38.4793611], [27.1150427, 38.479851]]]]}, "bbox": [27.0982128, 38.4743412, 27.1155453, 38.4901108]}, {"id": "99", "type": "Feature", "properties": {"mahalle_adi": "İmbatlı Mahallesi", "_gece_lst_str": "24.7°C"}, "geometry": {"type": "MultiPolygon", "coordinates": [[[[27.1040064, 38.4771407], [27.1038616, 38.4769233], [27.103698, 38.4766965], [27.1035451, 38.4763521], [27.1035236, 38.4762051], [27.1035853, 38.4760623], [27.1036175, 38.4754114], [27.1036631, 38.4752476], [27.1036909, 38.4747583], [27.1058196, 38.4734522], [27.1082604, 38.4719151], [27.1104169, 38.4705501], [27.1115595, 38.4698907], [27.1126968, 38.4710163], [27.1130294, 38.4713481], [27.1135765, 38.4718983], [27.1141612, 38.4725325], [27.1144751, 38.472986], [27.1147621, 38.4734942], [27.1149418, 38.4739037], [27.1150732, 38.4742964], [27.1150847, 38.4743412], [27.1149203, 38.4743888], [27.1147943, 38.4744455], [27.1146977, 38.474498], [27.1146172, 38.474519], [27.1144295, 38.4745589], [27.1142551, 38.4746156], [27.1139199, 38.4747394], [27.1136087, 38.4748234], [27.1130133, 38.4749578], [27.1121925, 38.4751846], [27.1119028, 38.4752665], [27.1115112, 38.4754156], [27.1111733, 38.475508], [27.1110418, 38.4755038], [27.1108541, 38.4754618], [27.110492, 38.4753568], [27.1101433, 38.4752434], [27.1098958, 38.4751819], [27.1097115, 38.4751594], [27.1095613, 38.4751657], [27.1097705, 38.4758776], [27.1098563, 38.4761988], [27.1099099, 38.4764508], [27.1099716, 38.4768225], [27.1100521, 38.4773936], [27.1095774, 38.4774503], [27.1092689, 38.4775112], [27.1089551, 38.47757], [27.1085232, 38.477633], [27.1080324, 38.4776855], [27.1078286, 38.4779564], [27.1075255, 38.4777905], [27.1072867, 38.4777149], [27.1069756, 38.4776918], [27.1067905, 38.4776456], [27.1066189, 38.4775574], [27.1065813, 38.4774146], [27.1065438, 38.4771395], [27.1059376, 38.4771458], [27.1059537, 38.477528], [27.1050471, 38.4775889], [27.1049908, 38.4774797], [27.104626, 38.4775364], [27.104449, 38.4770346], [27.1040064, 38.4771407]]]]}, "bbox": [27.1035236, 38.4698907, 27.1150847, 38.4779564]}, {"id": "100", "type": "Feature", "properties": {"mahalle_adi": "Cumhuriyet Mahallesi", "_gece_lst_str": "24.6°C"}, "geometry": {"type": "MultiPolygon", "coordinates": [[[[27.0823269, 38.4849182], [27.083496, 38.4861921], [27.084378, 38.4858615], [27.0848608, 38.4855592], [27.0854616, 38.4852988], [27.0857942, 38.4851981], [27.0863843, 38.4851393], [27.0872855, 38.4850973], [27.0878756, 38.4850889], [27.0885193, 38.4851057], [27.0893884, 38.484585], [27.0897371, 38.4853366], [27.0901555, 38.4855004], [27.0903271, 38.4851477], [27.0914483, 38.4853366], [27.0924193, 38.4855046], [27.0923549, 38.4856432], [27.0930469, 38.4857901], [27.0939857, 38.4859707], [27.0945597, 38.4860673], [27.0947474, 38.4863507], [27.0947742, 38.4866467], [27.0949137, 38.4866425], [27.0950478, 38.4866047], [27.0952544, 38.4865145], [27.0953, 38.4864662], [27.0950103, 38.4862163], [27.0960698, 38.486336], [27.0963728, 38.4863087], [27.0966598, 38.4862982], [27.0968503, 38.4863192], [27.0971212, 38.486378], [27.0971909, 38.486145], [27.0972419, 38.4859182], [27.0973277, 38.485723], [27.0974538, 38.4854983], [27.0976147, 38.4852191], [27.0980358, 38.4845955], [27.0981941, 38.4843876], [27.0983657, 38.4841231], [27.0985508, 38.4839383], [27.0986715, 38.4838375], [27.0987815, 38.4837662], [27.098988, 38.48372], [27.0992321, 38.4837011], [27.0997363, 38.4836843], [27.1000716, 38.4836801], [27.1005732, 38.4837032], [27.1010104, 38.4837641], [27.1011445, 38.4838186], [27.1011981, 38.4838795], [27.1012679, 38.4839824], [27.1012866, 38.4840349], [27.1017855, 38.4840202], [27.1015361, 38.4837074], [27.101284, 38.4834323], [27.1014261, 38.4833483], [27.1015334, 38.4832833], [27.1016219, 38.4832308], [27.1017131, 38.4832161], [27.1019062, 38.4832266], [27.1021074, 38.483193], [27.1022335, 38.4832056], [27.1022978, 38.4832035], [27.1023568, 38.483193], [27.1024212, 38.483151], [27.1024695, 38.4831111], [27.1025017, 38.483067], [27.1025205, 38.483004], [27.1025258, 38.4829431], [27.1025687, 38.4828927], [27.1026492, 38.482815], [27.1027431, 38.4827835], [27.1025741, 38.4826051], [27.1023515, 38.4823825], [27.1021906, 38.4822817], [27.1020055, 38.4821579], [27.1022737, 38.4819941], [27.1024695, 38.4818954], [27.1026599, 38.4817799], [27.1033493, 38.4813915], [27.1037409, 38.4811626], [27.1039447, 38.4810408], [27.1040601, 38.4809128], [27.1041566, 38.480812], [27.1042478, 38.4807532], [27.1044704, 38.4806041], [27.1045536, 38.4805243], [27.1045884, 38.4804529], [27.1047655, 38.4806419], [27.1049908, 38.4806125], [27.1050042, 38.480392], [27.1049908, 38.4799301], [27.1049559, 38.4796067], [27.1049184, 38.4791805], [27.1048754, 38.4789348], [27.1047655, 38.4785884], [27.1046931, 38.4782545], [27.1045992, 38.4780256], [27.1044409, 38.4778388], [27.1041405, 38.4773726], [27.1040252, 38.4771689], [27.1040064, 38.4771407], [27.1038616, 38.4769233], [27.103698, 38.4766965], [27.1035451, 38.4763521], [27.1035236, 38.4762051], [27.1035853, 38.4760623], [27.1036175, 38.4754114], [27.1036631, 38.4752476], [27.1036909, 38.4747583], [27.1032661, 38.4750439], [27.1019277, 38.4759018], [27.1008575, 38.4764466], [27.099688, 38.4769842], [27.098937, 38.4772613], [27.0973921, 38.4776813], [27.096287, 38.4779249], [27.0955092, 38.4781558], [27.0949459, 38.47837], [27.0939964, 38.478811], [27.0932116, 38.4793135], [27.0930469, 38.4794241], [27.0912659, 38.4805075], [27.0901233, 38.4812676], [27.0883745, 38.48233], [27.0880312, 38.48254], [27.0875484, 38.4827919], [27.0867866, 38.4831573], [27.0860532, 38.4834735], [27.0841436, 38.4842197], [27.0823269, 38.4849182]]]]}, "bbox": [27.0823269, 38.4747583, 27.1050042, 38.4866467]}, {"id": "116", "type": "Feature", "properties": {"mahalle_adi": "Mustafa Kemal Mahallesi", "_gece_lst_str": "24.3°C"}, "geometry": {"type": "MultiPolygon", "coordinates": [[[[27.0910331, 38.5017066], [27.0906758, 38.5028153], [27.0905384, 38.5033313], [27.0949995, 38.5033863], [27.0997823, 38.50337], [27.1072676, 38.4988228], [27.1043658, 38.49525], [27.1040654, 38.4949225], [27.1043283, 38.4945195], [27.1042049, 38.4943767], [27.1040869, 38.494234], [27.1040869, 38.4937721], [27.1039903, 38.4931927], [27.1039045, 38.4925377], [27.103647, 38.492206], [27.1001912, 38.4920003], [27.0992857, 38.4912823], [27.0991838, 38.4902788], [27.0986527, 38.4901108], [27.0982504, 38.4901444], [27.0976764, 38.4902116], [27.0971078, 38.4902494], [27.0965391, 38.4902914], [27.0959061, 38.4902956], [27.0954984, 38.4902998], [27.0950907, 38.4902914], [27.0945704, 38.490262], [27.0940661, 38.4902158], [27.0935726, 38.4901612], [27.092312, 38.4899891], [27.0912605, 38.4898043], [27.0903486, 38.4895692], [27.0896941, 38.4893635], [27.0887427, 38.4889708], [27.0881595, 38.4894202], [27.0872399, 38.4909128], [27.0869932, 38.4912718], [27.0873539, 38.4915983], [27.0881599, 38.4923446], [27.0884483, 38.4926275], [27.0885408, 38.4927183], [27.0895278, 38.4935454], [27.0897639, 38.4937889], [27.0899409, 38.4940786], [27.0903057, 38.4947378], [27.0905471, 38.4951241], [27.090826, 38.4954222], [27.0915824, 38.4960099], [27.091915, 38.4961737], [27.0922315, 38.4964634], [27.0923114, 38.4965435], [27.0927679, 38.4970008], [27.0922637, 38.4977859], [27.0921242, 38.4983359], [27.0917487, 38.4993602], [27.0911425, 38.501367], [27.0910331, 38.5017066]]]]}, "bbox": [27.0869932, 38.4889708, 27.1072676, 38.5033863]}, {"id": "129", "type": "Feature", "properties": {"mahalle_adi": "Hürriyet Mahallesi", "_gece_lst_str": "24.1°C"}, "geometry": {"type": "MultiPolygon", "coordinates": [[[[27.1386446, 38.3951415], [27.1386605, 38.3952855], [27.1388027, 38.3954705], [27.139001, 38.3956657], [27.1391782, 38.39579], [27.13931, 38.3958736], [27.1394505, 38.3958996], [27.1398434, 38.3968138], [27.1403584, 38.3978522], [27.1406874, 38.3982734], [27.1409136, 38.3986195], [27.1412194, 38.3992039], [27.14145, 38.3995066], [27.1416539, 38.3996327], [27.142404, 38.3999468], [27.1426356, 38.4000825], [27.1430111, 38.4003474], [27.1436709, 38.40102], [27.1441173, 38.4014866], [27.1480846, 38.4015428], [27.1484778, 38.4016798], [27.1489066, 38.4018566], [27.1491802, 38.4019449], [27.1494752, 38.4020163], [27.1498078, 38.4020794], [27.1500009, 38.4020794], [27.1498775, 38.4014972], [27.1497381, 38.4008846], [27.1496361, 38.4004209], [27.1495503, 38.3999879], [27.1491426, 38.3982832], [27.148747, 38.3966896], [27.1486437, 38.3962735], [27.1484399, 38.3954747], [27.1483701, 38.39513], [27.1483219, 38.3948567], [27.1483219, 38.3946339], [27.1483648, 38.3943816], [27.1484774, 38.3940705], [27.1486169, 38.3937804], [27.1487993, 38.3935323], [27.1490192, 38.3932548], [27.1492124, 38.3930782], [27.1494913, 38.3928974], [27.149781, 38.3927629], [27.148692, 38.3929142], [27.1479946, 38.3930025], [27.1471095, 38.3931161], [27.1459722, 38.3931833], [27.1448082, 38.393259], [27.1427, 38.3934146], [27.1419918, 38.3935365], [27.1413374, 38.3936332], [27.1411228, 38.3936879], [27.1409243, 38.3937888], [27.1407205, 38.3939023], [27.140404, 38.39402], [27.1400768, 38.3941083], [27.1397978, 38.3941714], [27.1386981, 38.3943143], [27.1384025, 38.3943525], [27.1384862, 38.3946381], [27.1386062, 38.3948801], [27.1386446, 38.3951415]]]]}, "bbox": [27.1384025, 38.3927629, 27.1500009, 38.4020794]}, {"id": "130", "type": "Feature", "properties": {"mahalle_adi": "Çaldıran Mahallesi", "_gece_lst_str": "24.1°C"}, "geometry": {"type": "MultiPolygon", "coordinates": [[[[27.1500009, 38.4020794], [27.1500868, 38.4024452], [27.1502048, 38.4027562], [27.150414, 38.4031766], [27.1505803, 38.4034961], [27.1507949, 38.4037273], [27.1511221, 38.40403], [27.1514761, 38.4043022], [27.1515512, 38.4043747], [27.150194, 38.4047699], [27.1490192, 38.4051272], [27.1482521, 38.4048876], [27.1472731, 38.4052869], [27.1472597, 38.4054004], [27.1471149, 38.4054341], [27.1466616, 38.4056148], [27.1461332, 38.4058229], [27.1454424, 38.4060119], [27.1453929, 38.4058797], [27.14521, 38.4054399], [27.1451472, 38.4050728], [27.1443629, 38.4048792], [27.1442985, 38.4047026], [27.1442691, 38.4044951], [27.1441269, 38.4039333], [27.1441269, 38.4036727], [27.1441215, 38.4032397], [27.1441537, 38.4028277], [27.144145, 38.4025283], [27.1441675, 38.4024159], [27.1441538, 38.4021761], [27.1441595, 38.4016325], [27.1441173, 38.4014866], [27.1480846, 38.4015428], [27.1484778, 38.4016798], [27.1489066, 38.4018566], [27.1491802, 38.4019449], [27.1494752, 38.4020163], [27.1498078, 38.4020794], [27.1500009, 38.4020794]]]]}, "bbox": [27.1441173, 38.4014866, 27.1515512, 38.4060119]}, {"id": "131", "type": "Feature", "properties": {"mahalle_adi": "Yiğitler Mahallesi", "_gece_lst_str": "24.1°C"}, "geometry": {"type": "MultiPolygon", "coordinates": [[[[27.1526617, 38.3962946], [27.1525973, 38.3966435], [27.1524847, 38.3970597], [27.1523988, 38.3973624], [27.152372, 38.3975895], [27.1523666, 38.3978123], [27.1524149, 38.3979678], [27.1525598, 38.398094], [27.1529299, 38.3982537], [27.1540227, 38.3986318], [27.154389, 38.3988255], [27.1545814, 38.3989209], [27.154668, 38.3989895], [27.1547753, 38.3990525], [27.1551669, 38.3993342], [27.15536, 38.3995066], [27.1555585, 38.3997041], [27.1557248, 38.4000405], [27.1571785, 38.399599], [27.1583774, 38.3992564], [27.1577311, 38.3979636], [27.1590722, 38.3975558], [27.1584767, 38.3963871], [27.1581656, 38.3957144], [27.157833, 38.3949744], [27.1576345, 38.3943606], [27.1573931, 38.393444], [27.1571463, 38.3922878], [27.156921, 38.3912997], [27.1557623, 38.3914595], [27.1548986, 38.391594], [27.1534717, 38.3917958], [27.152372, 38.3919346], [27.1524095, 38.3922415], [27.1525705, 38.393217], [27.1526617, 38.3936837], [27.1527046, 38.3940326], [27.1527636, 38.3946927], [27.1528119, 38.3951089], [27.1527851, 38.3954915], [27.1527582, 38.3958909], [27.1526617, 38.3962946]]]]}, "bbox": [27.1523666, 38.3912997, 27.1590722, 38.4000405]}, {"id": "134", "type": "Feature", "properties": {"mahalle_adi": "Menderes Mahallesi", "_gece_lst_str": "24.0°C"}, "geometry": {"type": "MultiPolygon", "coordinates": [[[[27.1638089, 38.3903369], [27.1648174, 38.3901981], [27.1652439, 38.3901329], [27.165775, 38.3900488], [27.1663624, 38.3899753], [27.1667084, 38.3899227], [27.1669552, 38.3898659], [27.1673173, 38.3897629], [27.167725, 38.3896242], [27.1678031, 38.389598], [27.1682963, 38.3894329], [27.1686986, 38.3893151], [27.1692806, 38.3891911], [27.169683, 38.3891049], [27.1699512, 38.3890691], [27.1704179, 38.3889977], [27.1707317, 38.3889388], [27.1710455, 38.3888841], [27.1713138, 38.3888253], [27.1715069, 38.3887517], [27.1719334, 38.3886234], [27.1722364, 38.3885057], [27.1726629, 38.3883228], [27.1730518, 38.388245], [27.173371, 38.3881567], [27.1735239, 38.3880726], [27.1739611, 38.3880411], [27.174294, 38.3880196], [27.1743887, 38.3880135], [27.1744814, 38.3880075], [27.1748382, 38.387978], [27.1750528, 38.387978], [27.1753129, 38.3880096], [27.1747175, 38.3889283], [27.1745324, 38.3891722], [27.1743393, 38.3893656], [27.173878, 38.3897903], [27.1734729, 38.3902065], [27.1732208, 38.3906249], [27.1729606, 38.3910739], [27.17274, 38.3912908], [27.1726334, 38.3915772], [27.1724859, 38.39184], [27.1723357, 38.3920208], [27.1709678, 38.3931413], [27.1703535, 38.3936332], [27.1698359, 38.3939801], [27.1692538, 38.3944068], [27.1691948, 38.3944867], [27.169235, 38.3949429], [27.169227, 38.3963871], [27.1691894, 38.3967865], [27.1683741, 38.3967949], [27.1674246, 38.3968579], [27.1671939, 38.3968958], [27.1665341, 38.3970261], [27.1660942, 38.397148], [27.1656918, 38.3973204], [27.1651822, 38.3975726], [27.1650588, 38.3963156], [27.1649945, 38.3957018], [27.1648925, 38.3951089], [27.1646726, 38.3943353], [27.1642917, 38.392641], [27.1638089, 38.3903369]]]]}, "bbox": [27.1638089, 38.387978, 27.1753129, 38.3975726]}, {"id": "140", "type": "Feature", "properties": {"mahalle_adi": "Dumlupınar Mahallesi", "_gece_lst_str": "23.9°C"}, "geometry": {"type": "MultiPolygon", "coordinates": [[[[27.1685189, 38.3837773], [27.1695381, 38.3847151], [27.1702516, 38.3854846], [27.1707934, 38.3860186], [27.171303, 38.3864727], [27.1721131, 38.3870824], [27.1735239, 38.3880726], [27.1739611, 38.3880411], [27.174294, 38.3880196], [27.1743887, 38.3880135], [27.1744814, 38.3880075], [27.1748382, 38.387978], [27.1750528, 38.387978], [27.1753129, 38.3880096], [27.1755157, 38.3877151], [27.1757179, 38.3873599], [27.1759379, 38.3870572], [27.1762007, 38.386767], [27.1764582, 38.3865232], [27.1767318, 38.3863381], [27.1771395, 38.3861069], [27.1777511, 38.3857831], [27.1780676, 38.3856359], [27.1784162, 38.3855224], [27.178486, 38.3850052], [27.1780622, 38.3846898], [27.1777631, 38.3843765], [27.1775794, 38.3841348], [27.1773702, 38.3838614], [27.1771824, 38.3835839], [27.1768659, 38.3830289], [27.1763992, 38.3820827], [27.175734, 38.3823771], [27.1751118, 38.3824654], [27.1742588, 38.3825957], [27.1726066, 38.3828522], [27.1717805, 38.3830331], [27.1695213, 38.3834714], [27.1689856, 38.3836091], [27.1685189, 38.3837773]]]]}, "bbox": [27.1685189, 38.3820827, 27.178486, 38.3880726]}, {"id": "144", "type": "Feature", "properties": {"mahalle_adi": "Kozağaç Mahallesi", "_gece_lst_str": "23.9°C"}, "geometry": {"type": "MultiPolygon", "coordinates": [[[[27.1591419, 38.3818851], [27.1601021, 38.3835713], [27.1607405, 38.3846352], [27.1612126, 38.3854846], [27.161513, 38.3860396], [27.16169, 38.3863676], [27.1619046, 38.3866409], [27.1621084, 38.3869226], [27.1623552, 38.3873305], [27.1627682, 38.3871749], [27.1635622, 38.3868427], [27.1642488, 38.386418], [27.1650749, 38.3860522], [27.1656275, 38.3858546], [27.1663839, 38.3851482], [27.1671724, 38.3846015], [27.1685189, 38.3837773], [27.1689856, 38.3836091], [27.1695213, 38.3834714], [27.1717805, 38.3830331], [27.1726066, 38.3828522], [27.1742588, 38.3825957], [27.1751118, 38.3824654], [27.175734, 38.3823771], [27.1763992, 38.3820827], [27.1762866, 38.3818767], [27.1762437, 38.3815024], [27.1762544, 38.3811155], [27.1763295, 38.380674], [27.1763402, 38.3800012], [27.1763349, 38.3794503], [27.1762866, 38.3789667], [27.1761846, 38.3783947], [27.1760774, 38.3780079], [27.1759164, 38.3778354], [27.175675, 38.3775915], [27.1754336, 38.3773897], [27.175262, 38.3772257], [27.175144, 38.3770743], [27.174983, 38.3768093], [27.1748435, 38.376536], [27.1746504, 38.3763257], [27.1744627, 38.3761449], [27.1743017, 38.3759556], [27.1741623, 38.3757285], [27.1739584, 38.3752827], [27.1728963, 38.3756402], [27.1725744, 38.3757958], [27.1717375, 38.376229], [27.1712923, 38.3764224], [27.1709168, 38.376578], [27.1706432, 38.3766916], [27.1704715, 38.3768388], [27.1701819, 38.3771163], [27.1697366, 38.3769481], [27.1693397, 38.377314], [27.1689534, 38.3776504], [27.1687871, 38.377827], [27.1685886, 38.3780751], [27.1684492, 38.3782602], [27.1683204, 38.3784915], [27.1681648, 38.3787101], [27.1680361, 38.3788531], [27.1677786, 38.3790634], [27.1675748, 38.3792316], [27.1674138, 38.3793914], [27.1672261, 38.3796059], [27.1671134, 38.3798245], [27.1670544, 38.3800012], [27.1670705, 38.3801736], [27.1671563, 38.3802703], [27.1672851, 38.3804049], [27.1673441, 38.3805478], [27.1673548, 38.3806824], [27.167328, 38.3808338], [27.1672475, 38.3811029], [27.167151, 38.3813847], [27.1671563, 38.3815991], [27.1673012, 38.3829153], [27.1655846, 38.3825495], [27.1631277, 38.3820617], [27.161808, 38.3817926], [27.1615881, 38.3817673], [27.161116, 38.3818346], [27.1607834, 38.3818725], [27.1602148, 38.3819019], [27.1594745, 38.3818893], [27.1591419, 38.3818851]]]]}, "bbox": [27.1591419, 38.3752827, 27.1763992, 38.3873305]}, {"id": "162", "type": "Feature", "properties": {"mahalle_adi": "Poligon Mahallesi", "_gece_lst_str": "23.9°C"}, "geometry": {"type": "MultiPolygon", "coordinates": [[[[27.086741, 38.3930028], [27.0872476, 38.3930064], [27.0875808, 38.3930734], [27.0877147, 38.3924938], [27.0878971, 38.3921658], [27.0882028, 38.3918883], [27.0897907, 38.3905681], [27.0895357, 38.3903809], [27.0895474, 38.390292], [27.0897196, 38.3900455], [27.0898875, 38.3896022], [27.0898021, 38.3895653], [27.0896308, 38.3893514], [27.0888627, 38.3892352], [27.0882887, 38.3890292], [27.0880707, 38.3893501], [27.0878528, 38.3895597], [27.0877465, 38.3894388], [27.0874947, 38.3894497], [27.0870441, 38.3893866], [27.0864887, 38.3892576], [27.0860503, 38.389103], [27.0855689, 38.3890544], [27.0854187, 38.3889451], [27.0854294, 38.3886634], [27.0855957, 38.3881714], [27.0857298, 38.3877762], [27.0859927, 38.3871329], [27.0856816, 38.3868469], [27.0858854, 38.3866535], [27.0861912, 38.3863844], [27.0865506, 38.38617], [27.087028, 38.386069], [27.0873338, 38.385821], [27.0873338, 38.385165], [27.0872211, 38.3847151], [27.0869368, 38.3835923], [27.0870495, 38.3834872], [27.0874089, 38.3831844], [27.0882994, 38.3830541], [27.088691, 38.3830499], [27.0888895, 38.3831634], [27.0891899, 38.3831172], [27.0896029, 38.3828312], [27.0897907, 38.3825873], [27.0903808, 38.382171], [27.0910191, 38.381801], [27.0914483, 38.3815234], [27.091561, 38.3813426], [27.0918131, 38.3810903], [27.0922315, 38.3802787], [27.0920116, 38.3798456], [27.0921242, 38.3796479], [27.0922208, 38.3795176], [27.092371, 38.3792316], [27.0925265, 38.3788531], [27.0927143, 38.378605], [27.0928967, 38.3783233], [27.0931864, 38.3779195], [27.0933849, 38.3774822], [27.0936048, 38.3771584], [27.0936048, 38.3769691], [27.0935029, 38.3767631], [27.093299, 38.3765528], [27.0932561, 38.3764308], [27.0932293, 38.3762458], [27.0932829, 38.3760187], [27.0932561, 38.375901], [27.0932454, 38.3753837], [27.0934761, 38.3751229], [27.0934653, 38.3749], [27.0934546, 38.3740547], [27.0930576, 38.3733272], [27.0930791, 38.3731211], [27.0932668, 38.3730244], [27.0933527, 38.3728183], [27.0932883, 38.3726248], [27.0931059, 38.372444], [27.0929718, 38.3722842], [27.0928055, 38.372179], [27.0926714, 38.3720192], [27.0925319, 38.3718762], [27.0923924, 38.3715944], [27.0922476, 38.3713589], [27.0921317, 38.3712112], [27.0919955, 38.3713304], [27.0904827, 38.3721706], [27.0896298, 38.3726501], [27.0890378, 38.3730234], [27.0885676, 38.3732388], [27.0879882, 38.3734281], [27.0874143, 38.3736762], [27.0871514, 38.3739159], [27.0866686, 38.3744543], [27.0864943, 38.3746435], [27.0863217, 38.3747861], [27.0860195, 38.3750641], [27.0857325, 38.3752197], [27.0855045, 38.3753816], [27.0853242, 38.3753924], [27.0844155, 38.3764266], [27.0837557, 38.3770743], [27.0831105, 38.3773503], [27.0815769, 38.3774496], [27.0792466, 38.3775408], [27.0794052, 38.3782518], [27.0794374, 38.3785503], [27.0794588, 38.378727], [27.0794696, 38.3789456], [27.0795286, 38.3791811], [27.0796841, 38.3793493], [27.0798129, 38.3794587], [27.079947, 38.3796059], [27.080065, 38.3797404], [27.0801294, 38.3798792], [27.0801294, 38.3800138], [27.0801133, 38.3801568], [27.0800972, 38.3804301], [27.0801294, 38.3805436], [27.0802206, 38.3807202], [27.0804298, 38.3809011], [27.0806336, 38.3809936], [27.0813256, 38.3815529], [27.0819157, 38.3820449], [27.0822269, 38.3822299], [27.0825487, 38.3824822], [27.0829564, 38.3830162], [27.0831388, 38.3832517], [27.0833695, 38.3835587], [27.0835626, 38.3837311], [27.083745, 38.3837521], [27.084142, 38.3838278], [27.0843834, 38.3839161], [27.0841259, 38.3845174], [27.0838791, 38.3851356], [27.0838094, 38.3853374], [27.0835411, 38.3855476], [27.0833909, 38.3858083], [27.0832193, 38.3861279], [27.0830874, 38.3863847], [27.083053, 38.3864517], [27.0830691, 38.3867292], [27.0830637, 38.3871245], [27.0830154, 38.387444], [27.0827365, 38.3879107], [27.0824629, 38.3886171], [27.0820928, 38.3895632], [27.0820713, 38.3898449], [27.082141, 38.3902486], [27.0822161, 38.3910643], [27.0821893, 38.3912661], [27.0820177, 38.3917286], [27.0818728, 38.3923971], [27.0817816, 38.3926325], [27.0816475, 38.3928848], [27.081331, 38.393402], [27.0811352, 38.3936377], [27.086741, 38.3930028]]]]}, "bbox": [27.0792466, 38.3712112, 27.0936048, 38.3936377]}, {"id": "165", "type": "Feature", "properties": {"mahalle_adi": "Vatan Mahallesi", "_gece_lst_str": "23.9°C"}, "geometry": {"type": "MultiPolygon", "coordinates": [[[[27.0994779, 38.3865433], [27.099042, 38.3870866], [27.0987405, 38.3874882], [27.0986615, 38.387672], [27.0986291, 38.3882837], [27.0986259, 38.3885288], [27.0985556, 38.3898704], [27.0987347, 38.3901156], [27.0990132, 38.3905249], [27.0990907, 38.3908037], [27.0992704, 38.3914284], [27.099458, 38.3921077], [27.0995449, 38.3926236], [27.0997417, 38.3929563], [27.0998597, 38.3931287], [27.0999241, 38.3932338], [27.0999294, 38.3933011], [27.0999294, 38.3933851], [27.0999294, 38.3935365], [27.0998007, 38.3939443], [27.1002445, 38.3941736], [27.101247, 38.3948057], [27.1019498, 38.3953229], [27.102147, 38.3954293], [27.1022198, 38.3956066], [27.1024688, 38.3958835], [27.1027363, 38.396004], [27.1031001, 38.3961483], [27.1036892, 38.3963015], [27.1045513, 38.3965444], [27.105339, 38.3967325], [27.1061933, 38.3967999], [27.1066183, 38.3968973], [27.1066243, 38.3970365], [27.1066122, 38.3973298], [27.1066123, 38.397405], [27.1065975, 38.3976224], [27.1066007, 38.3977025], [27.1066083, 38.3978417], [27.106578, 38.3982432], [27.1064886, 38.3982889], [27.1074906, 38.398342], [27.10796, 38.3983735], [27.1084186, 38.3984009], [27.1085098, 38.398342], [27.1094298, 38.398466], [27.1104088, 38.3986321], [27.1107522, 38.398712], [27.1107243, 38.3982473], [27.1107402, 38.3978215], [27.1106513, 38.3972905], [27.1105134, 38.3969042], [27.1102291, 38.3963702], [27.1101916, 38.3962147], [27.1102452, 38.3960381], [27.1102944, 38.3958811], [27.1103847, 38.3956807], [27.1104169, 38.3954411], [27.1103954, 38.3952014], [27.110256, 38.3948693], [27.1102653, 38.3947199], [27.1102828, 38.3944404], [27.1103203, 38.3942849], [27.1104169, 38.3941461], [27.1106046, 38.3939023], [27.1106422, 38.3937888], [27.1106529, 38.3934482], [27.1105786, 38.3924123], [27.1105939, 38.3922625], [27.1102881, 38.3917622], [27.1096926, 38.3911357], [27.109108, 38.3910306], [27.1085608, 38.3909423], [27.1082651, 38.3908739], [27.1076083, 38.3907957], [27.1072665, 38.3908145], [27.1065995, 38.3908753], [27.1059805, 38.3909844], [27.1057591, 38.3910096], [27.1050299, 38.3909993], [27.1047143, 38.3908165], [27.1053262, 38.3900033], [27.1045682, 38.3896769], [27.1040347, 38.389451], [27.1027029, 38.3890713], [27.1029228, 38.3885793], [27.1030194, 38.3882513], [27.1030998, 38.3877594], [27.1031266, 38.3874903], [27.1031612, 38.3874127], [27.1032447, 38.3872254], [27.1036684, 38.3868806], [27.1034592, 38.386889], [27.1027029, 38.3868175], [27.1019036, 38.386725], [27.10163, 38.3866998], [27.1013457, 38.3867334], [27.1009701, 38.3867839], [27.1008145, 38.3867815], [27.1006966, 38.3867797], [27.100262, 38.3867208], [27.0994779, 38.3865433]]]]}, "bbox": [27.0985556, 38.3865433, 27.1107522, 38.398712]}, {"id": "166", "type": "Feature", "properties": {"mahalle_adi": "General Asım Gündüz Mahallesi", "_gece_lst_str": "24.0°C"}, "geometry": {"type": "MultiPolygon", "coordinates": [[[[27.1334903, 38.3962064], [27.1350379, 38.3953633], [27.1357233, 38.3949855], [27.1358442, 38.3949176], [27.1352273, 38.3943942], [27.1354848, 38.3941083], [27.1355921, 38.3940074], [27.1357423, 38.3937593], [27.1357959, 38.3935323], [27.135694, 38.3933431], [27.135517, 38.3932212], [27.135281, 38.3932296], [27.1347177, 38.3933011], [27.1346909, 38.3931287], [27.134656, 38.3922289], [27.1338513, 38.3920923], [27.1334785, 38.3920187], [27.1325719, 38.3918883], [27.1322769, 38.391861], [27.1319684, 38.3917727], [27.1314776, 38.3916108], [27.131263, 38.3915457], [27.1311978, 38.391522], [27.1310082, 38.3914532], [27.1307775, 38.391409], [27.1305147, 38.3914048], [27.1301478, 38.3914779], [27.1300936, 38.3915225], [27.130115, 38.3916235], [27.1301901, 38.3918757], [27.1298136, 38.3919512], [27.1298495, 38.3921238], [27.1300212, 38.3927145], [27.1301767, 38.3926283], [27.1302869, 38.3927374], [27.1303779, 38.3928344], [27.1309599, 38.3933746], [27.131263, 38.3936605], [27.1309358, 38.3938434], [27.1313032, 38.3942092], [27.1315393, 38.3944636], [27.1315742, 38.3945792], [27.1315688, 38.3946633], [27.1315286, 38.3947852], [27.1314615, 38.3948062], [27.1312174, 38.3948672], [27.1312979, 38.3950963], [27.1313944, 38.3952477], [27.1314856, 38.3953107], [27.1316734, 38.3954306], [27.1317324, 38.3954747], [27.1319014, 38.3956345], [27.1321803, 38.3957396], [27.1330076, 38.3960372], [27.1334092, 38.3962096], [27.1334903, 38.3962064]]]]}, "bbox": [27.1298136, 38.3914048, 27.1358442, 38.3962096]}, {"id": "167", "type": "Feature", "properties": {"mahalle_adi": "Bahar Mahallesi", "_gece_lst_str": "23.9°C"}, "geometry": {"type": "MultiPolygon", "coordinates": [[[[27.1239772, 38.4030057], [27.1245312, 38.4024642], [27.125808, 38.4014253], [27.1265734, 38.400818], [27.1284491, 38.399416], [27.1281892, 38.3991114], [27.1280605, 38.3988801], [27.1279103, 38.3985312], [27.1278137, 38.3981318], [27.1276658, 38.39752], [27.1275665, 38.3970631], [27.1274275, 38.396757], [27.1270788, 38.3954075], [27.1269715, 38.3947936], [27.1269403, 38.3945926], [27.1268964, 38.3943101], [27.1268856, 38.394041], [27.1268159, 38.3938308], [27.1266925, 38.3935701], [27.1264887, 38.3932758], [27.1261561, 38.3928133], [27.125802, 38.3922583], [27.1253461, 38.3916823], [27.1251422, 38.3913796], [27.1247452, 38.3912492], [27.1241176, 38.3928764], [27.1237636, 38.3935996], [27.1232486, 38.3931707], [27.122975, 38.3933305], [27.1234363, 38.3936122], [27.1237689, 38.3939527], [27.1236294, 38.3941209], [27.1235973, 38.3943185], [27.122798, 38.39476], [27.1223581, 38.3948819], [27.1226531, 38.3952351], [27.1224654, 38.3953612], [27.1220362, 38.3956429], [27.1219611, 38.3957732], [27.1216983, 38.3959708], [27.1209573, 38.3964671], [27.1210974, 38.3965804], [27.1220711, 38.3973771], [27.1223661, 38.3975853], [27.1226773, 38.397806], [27.1231773, 38.3980437], [27.1233371, 38.3981402], [27.1234915, 38.3983238], [27.1236107, 38.3985858], [27.1236402, 38.3988738], [27.1235302, 38.3990504], [27.1231949, 38.3993363], [27.1234095, 38.3996159], [27.1234471, 38.3997546], [27.1234712, 38.4000615], [27.1234873, 38.400484], [27.1234962, 38.4012846], [27.1234973, 38.4013813], [27.123498, 38.4014446], [27.1234926, 38.4015443], [27.1234766, 38.4018419], [27.1234416, 38.402217], [27.1234118, 38.4024531], [27.1238889, 38.4028981], [27.1239772, 38.4030057]]]]}, "bbox": [27.1209573, 38.3912492, 27.1284491, 38.4030057]}, {"id": "168", "type": "Feature", "properties": {"mahalle_adi": "Reis Mahallesi", "_gece_lst_str": "23.9°C"}, "geometry": {"type": "MultiPolygon", "coordinates": [[[[27.1152941, 38.398037], [27.1155089, 38.3980118], [27.1157331, 38.3978979], [27.1162292, 38.3983147], [27.1165431, 38.3986006], [27.117912, 38.3996727], [27.1184367, 38.3992396], [27.1189302, 38.3988696], [27.1191877, 38.3986867], [27.1195665, 38.398994], [27.1197962, 38.3989407], [27.1199508, 38.3987981], [27.1204537, 38.39857], [27.1205932, 38.3985312], [27.1207425, 38.3983873], [27.1207669, 38.3983897], [27.1204447, 38.3981154], [27.1201774, 38.3978985], [27.1196329, 38.3983161], [27.1193342, 38.3980216], [27.1186057, 38.3974129], [27.1181926, 38.3970303], [27.1178493, 38.3967591], [27.1176106, 38.39653], [27.1171653, 38.396078], [27.1166718, 38.3955777], [27.1164036, 38.395315], [27.1163043, 38.3951888], [27.1159288, 38.3953486], [27.1153629, 38.3946696], [27.1151376, 38.3941987], [27.1150732, 38.3939801], [27.1150759, 38.3938539], [27.1151295, 38.3937005], [27.1152958, 38.3934818], [27.114982, 38.3931539], [27.1148646, 38.3931993], [27.1145636, 38.3932842], [27.1142176, 38.3934377], [27.1139869, 38.3935933], [27.1136758, 38.3938098], [27.1135443, 38.3939086], [27.1133727, 38.3941903], [27.1132332, 38.3943732], [27.1130884, 38.3944993], [27.1129757, 38.3945687], [27.1128617, 38.394626], [27.1129744, 38.3950044], [27.1130843, 38.3954626], [27.1131299, 38.3956686], [27.1133284, 38.3960134], [27.1137924, 38.3964002], [27.1142484, 38.3967765], [27.1148533, 38.3975353], [27.1152941, 38.398037]]]]}, "bbox": [27.1128617, 38.3931539, 27.1207669, 38.3996727]}, {"id": "170", "type": "Feature", "properties": {"mahalle_adi": "Tahsin Yazıcı Mahallesi", "_gece_lst_str": "23.9°C"}, "geometry": {"type": "MultiPolygon", "coordinates": [[[[27.1044087, 38.3838825], [27.1042478, 38.3840885], [27.1038676, 38.3844297], [27.1038026, 38.384488], [27.1031696, 38.3850304], [27.1017426, 38.3861153], [27.1008145, 38.3867815], [27.1009701, 38.3867839], [27.1013457, 38.3867334], [27.10163, 38.3866998], [27.1019036, 38.386725], [27.1027029, 38.3868175], [27.1034592, 38.386889], [27.1036684, 38.3868806], [27.1032447, 38.3872254], [27.1031612, 38.3874127], [27.1031266, 38.3874903], [27.1030998, 38.3877594], [27.1030194, 38.3882513], [27.1029228, 38.3885793], [27.1027029, 38.3890713], [27.1040347, 38.389451], [27.1045682, 38.3896769], [27.1053262, 38.3900033], [27.1047143, 38.3908165], [27.1050299, 38.3909993], [27.1057591, 38.3910096], [27.1059805, 38.3909844], [27.1065995, 38.3908753], [27.1072665, 38.3908145], [27.1076083, 38.3907957], [27.1082651, 38.3908739], [27.1085608, 38.3909423], [27.109108, 38.3910306], [27.1096926, 38.3911357], [27.1097785, 38.3907657], [27.1099073, 38.3904462], [27.1100843, 38.3898029], [27.1104222, 38.3884784], [27.1105002, 38.3883436], [27.1106636, 38.3880243], [27.1106368, 38.3878267], [27.1103901, 38.3876879], [27.1102452, 38.3875071], [27.1111894, 38.3863802], [27.1112162, 38.3862667], [27.1111947, 38.3861321], [27.1110928, 38.385905], [27.110905, 38.3854761], [27.1106154, 38.3853836], [27.11061, 38.3851103], [27.1105295, 38.3846436], [27.1105082, 38.3845111], [27.1104705, 38.3842777], [27.1103042, 38.3838825], [27.1102438, 38.3838932], [27.1100011, 38.3839362], [27.1093064, 38.3840591], [27.1082818, 38.3842063], [27.108255, 38.3841474], [27.107901, 38.3841894], [27.1072572, 38.3840843], [27.1062541, 38.3840927], [27.1058464, 38.3840549], [27.1044087, 38.3838825]]]]}, "bbox": [27.1008145, 38.3838825, 27.1112162, 38.3911357]}, {"id": "171", "type": "Feature", "properties": {"mahalle_adi": "Salih Omurtak Mahallesi", "_gece_lst_str": "23.9°C"}, "geometry": {"type": "MultiPolygon", "coordinates": [[[[27.0928967, 38.3783233], [27.0927143, 38.378605], [27.0925265, 38.3788531], [27.092371, 38.3792316], [27.0922208, 38.3795176], [27.0921242, 38.3796479], [27.0920116, 38.3798456], [27.0922315, 38.3802787], [27.0918131, 38.3810903], [27.091561, 38.3813426], [27.0914483, 38.3815234], [27.0918453, 38.3839371], [27.0918184, 38.3841768], [27.0921993, 38.3842819], [27.0924944, 38.3844375], [27.0929074, 38.3845721], [27.0930596, 38.3846052], [27.0931971, 38.3845973], [27.0935136, 38.3846772], [27.0937389, 38.3847445], [27.0939571, 38.384828], [27.0939696, 38.3848328], [27.0940769, 38.3846646], [27.0944309, 38.3849001], [27.0946509, 38.3850472], [27.0950142, 38.3852671], [27.0950901, 38.3853269], [27.0956218, 38.3856443], [27.0957774, 38.3857495], [27.0959115, 38.3857621], [27.0961207, 38.3857621], [27.0962548, 38.3857747], [27.0965123, 38.3858798], [27.0967483, 38.3859387], [27.0975745, 38.3861321], [27.0979017, 38.3861868], [27.0983362, 38.3862541], [27.0994779, 38.3865433], [27.100262, 38.3867208], [27.1006966, 38.3867797], [27.1008145, 38.3867815], [27.1017426, 38.3861153], [27.1031696, 38.3850304], [27.1038026, 38.384488], [27.1038676, 38.3844297], [27.1042478, 38.3840885], [27.1044087, 38.3838825], [27.1045268, 38.3836176], [27.1046394, 38.3832265], [27.1047091, 38.3828817], [27.1047145, 38.3825957], [27.1047145, 38.3823308], [27.1046716, 38.3820365], [27.1044838, 38.3814519], [27.1043926, 38.3811155], [27.1043283, 38.380695], [27.1043122, 38.3802198], [27.1043283, 38.3797699], [27.1043551, 38.3794335], [27.1044356, 38.3792694], [27.104044, 38.3792526], [27.1039098, 38.3793241], [27.1036792, 38.3795428], [27.1034217, 38.3798287], [27.1033305, 38.3799549], [27.1033305, 38.3800769], [27.1033412, 38.3802535], [27.103411, 38.3804259], [27.1034002, 38.3806151], [27.1033949, 38.3808001], [27.1034431, 38.3809978], [27.1035236, 38.3812291], [27.1035943, 38.3814736], [27.103588, 38.3817757], [27.1035129, 38.3819229], [27.1033788, 38.382007], [27.1031588, 38.3821668], [27.1029657, 38.3822888], [27.1028101, 38.3823897], [27.1027726, 38.3825074], [27.102735, 38.3826924], [27.1026975, 38.3829574], [27.1025419, 38.3832896], [27.102322, 38.3835503], [27.1021074, 38.3837017], [27.1019304, 38.3837647], [27.1017373, 38.3837647], [27.10141, 38.3837521], [27.1010989, 38.3836218], [27.1008038, 38.3834662], [27.1006161, 38.3833737], [27.1005464, 38.3832349], [27.1005249, 38.383113], [27.1004659, 38.3828775], [27.1003962, 38.3827093], [27.1002406, 38.3825747], [27.100085, 38.3824906], [27.0998597, 38.3824401], [27.099688, 38.3823897], [27.0995432, 38.3823056], [27.0994145, 38.3821878], [27.0992964, 38.3820028], [27.0991301, 38.3818704], [27.0988136, 38.3817947], [27.0985883, 38.381782], [27.0982826, 38.3816979], [27.0979875, 38.381576], [27.0976335, 38.3814835], [27.0972794, 38.3814625], [27.0973062, 38.3812564], [27.0973706, 38.3811303], [27.0975637, 38.3810041], [27.0978963, 38.3808485], [27.0982075, 38.3806887], [27.098465, 38.3805541], [27.0987332, 38.3804784], [27.0991355, 38.3803986], [27.0996237, 38.3803271], [27.0997417, 38.3802535], [27.0994896, 38.380039], [27.099275, 38.3798918], [27.0991301, 38.3797741], [27.0990604, 38.3796311], [27.0991355, 38.3792947], [27.0993756, 38.3784116], [27.0990711, 38.3784158], [27.0988083, 38.3784326], [27.0985937, 38.3785293], [27.0984757, 38.378626], [27.098304, 38.3787985], [27.0982128, 38.3789835], [27.0980465, 38.3794965], [27.097671, 38.3795049], [27.0973974, 38.3795007], [27.0968771, 38.3796269], [27.096566, 38.3797194], [27.0964372, 38.3797194], [27.096228, 38.3796269], [27.0961207, 38.3795617], [27.0959651, 38.3794145], [27.0957881, 38.3792673], [27.095713, 38.3791075], [27.0957398, 38.3789225], [27.0958471, 38.3787291], [27.0959973, 38.3785609], [27.0958847, 38.3784725], [27.0956701, 38.3784137], [27.0952034, 38.3783926], [27.0947528, 38.3783905], [27.0947313, 38.3782854], [27.0928967, 38.3783233]]]]}, "bbox": [27.0914483, 38.3782854, 27.1047145, 38.3867815]}], "bbox": [27.0468713, 38.3712112, 27.2705999, 38.5093443]}