{"type": "FeatureCollection", "features": [{"id": "30", "type": "Feature", "properties": {"mahalle_adi": "Atatürk Organize Sanayi Bölgesi", "_gece_lst_str": "22.8°C"}, "geometry": {"type": "MultiPolygon", "coordinates": [[[[27.0452338, 38.4972863], [27.0462906, 38.495229], [27.0468324, 38.4940492], [27.0468713, 38.4935719], [27.0468807, 38.4933816], [27.0468968, 38.4930814], [27.0470068, 38.4927351], [27.0471168, 38.4924013], [27.0472214, 38.4920108], [27.0477122, 38.4913369], [27.0484579, 38.4902536], [27.0492062, 38.4891661], [27.0501047, 38.4879211], [27.0507377, 38.4875432], [27.0509201, 38.4871065], [27.0509979, 38.4866509], [27.050778, 38.4857649], [27.0513841, 38.484711], [27.0517033, 38.4841462], [27.0523122, 38.483615], [27.0525778, 38.4833316], [27.0526233, 38.4822607], [27.0526743, 38.4816728], [27.0527628, 38.4807595], [27.0533556, 38.4799322], [27.0533754, 38.4792578], [27.0525349, 38.4789819], [27.0525885, 38.4788739], [27.0532215, 38.4787732], [27.0529961, 38.4776477], [27.0527708, 38.4768162], [27.0521593, 38.4751951], [27.050389, 38.4751279], [27.0487153, 38.4751027], [27.0478356, 38.4750103], [27.0468807, 38.4750355], [27.0468485, 38.4745064], [27.0466554, 38.4737], [27.0458722, 38.4713061], [27.044574, 38.4712389], [27.0434475, 38.4713649], [27.0403576, 38.4716169], [27.0375681, 38.4719193], [27.0345533, 38.4724149], [27.0325041, 38.4730197], [27.0300364, 38.4737168], [27.0284056, 38.4736664], [27.0285129, 38.4776981], [27.0293605, 38.4832581], [27.030133, 38.4833672], [27.0304763, 38.4835436], [27.0307338, 38.4837788], [27.0310342, 38.4839551], [27.0313622, 38.4840269], [27.0305387, 38.4851571], [27.0301466, 38.4857785], [27.0298367, 38.4863019], [27.0293069, 38.4874152], [27.029147, 38.4878335], [27.0289997, 38.4882519], [27.0287462, 38.4892084], [27.0285678, 38.4901818], [27.0284486, 38.4915804], [27.0283668, 38.4930942], [27.0283506, 38.4934432], [27.0282447, 38.4952584], [27.0280409, 38.4992553], [27.0279497, 38.5007331], [27.0279053, 38.5015304], [27.0276439, 38.505586], [27.0275044, 38.5087344], [27.0280887, 38.5086919], [27.0280773, 38.5084395], [27.0287156, 38.5081918], [27.0287183, 38.5078413], [27.0300782, 38.5076986], [27.0303455, 38.5076979], [27.0305502, 38.5082737], [27.0324788, 38.5080197], [27.0326065, 38.5080234], [27.0328409, 38.5080302], [27.0328852, 38.508273], [27.0329079, 38.5083975], [27.0348576, 38.5082937], [27.0350741, 38.5087964], [27.0358347, 38.5094617], [27.0369029, 38.5091625], [27.0374393, 38.5081551], [27.0389736, 38.5063248], [27.0399392, 38.5062493], [27.0401215, 38.5060646], [27.0400679, 38.5058127], [27.0402288, 38.5056364], [27.0408082, 38.505586], [27.0424926, 38.5056196], [27.0428145, 38.5055524], [27.0429325, 38.5054349], [27.0432329, 38.5050739], [27.0433617, 38.5047632], [27.0434904, 38.5038145], [27.0434298, 38.5036722], [27.0433295, 38.5034367], [27.0429325, 38.5030672], [27.0425784, 38.5027902], [27.0425141, 38.502597], [27.0426643, 38.5023619], [27.0430505, 38.5017406], [27.0434046, 38.5010521], [27.0441985, 38.4994736], [27.0450675, 38.4977943], [27.0452338, 38.4972863]]]]}, "bbox": [27.0275044, 38.4712389, 27.0533754, 38.5094617]}, {"id": "32", "type": "Feature", "properties": {"mahalle_adi": "75.Yıl Cumhuriyet Mahallesi", "_gece_lst_str": "22.0°C"}, "geometry": {"type": "MultiPolygon", "coordinates": [[[[26.8476725, 38.5891938], [26.846466, 38.5858809], [26.846981, 38.5843377], [26.8477535, 38.5833313], [26.8486976, 38.582023], [26.8503713, 38.5800436], [26.851015, 38.5778965], [26.851015, 38.5759171], [26.8511867, 38.5745415], [26.848998, 38.571958], [26.8478822, 38.5705488], [26.8476677, 38.5686698], [26.8482685, 38.5655157], [26.8492126, 38.5612204], [26.8539333, 38.5612204], [26.854105, 38.5616231], [26.854062, 38.5622943], [26.8545341, 38.5622943], [26.8550062, 38.5617909], [26.8555641, 38.5614218], [26.8568086, 38.5616567], [26.857624, 38.5625963], [26.8589973, 38.5629318], [26.8599844, 38.5637036], [26.8611002, 38.5646768], [26.8617868, 38.5653143], [26.862173, 38.5660525], [26.8630743, 38.5664216], [26.8644476, 38.5663545], [26.86625, 38.5660525], [26.8692541, 38.5647439], [26.8705415, 38.5638379], [26.8826866, 38.5790372], [26.8842744, 38.5769571], [26.8849182, 38.576219], [26.8859481, 38.5753467], [26.8868279, 38.5743066], [26.8875253, 38.5736775], [26.8881154, 38.5734175], [26.8887806, 38.5728555], [26.8892527, 38.5724529], [26.8909585, 38.5712366], [26.8917739, 38.5707752], [26.8927717, 38.5706075], [26.8937051, 38.5700706], [26.8953252, 38.5691227], [26.8958294, 38.5690053], [26.8963551, 38.5693828], [26.8963122, 38.5698022], [26.8962264, 38.5699837], [26.8961298, 38.5701881], [26.8959474, 38.5703726], [26.8956149, 38.570683], [26.8953788, 38.5708843], [26.895057, 38.5712366], [26.8945956, 38.5717231], [26.8944454, 38.5721006], [26.8944991, 38.5724612], [26.8945312, 38.573753], [26.8946814, 38.5741724], [26.8948638, 38.5746757], [26.8948316, 38.5752628], [26.8945849, 38.5760345], [26.894424, 38.5766551], [26.8939626, 38.57767], [26.8937802, 38.5790875], [26.8939304, 38.5796494], [26.8939519, 38.5798759], [26.8943596, 38.5801946], [26.8946922, 38.5802617], [26.8952501, 38.5805636], [26.8953252, 38.5809746], [26.8952393, 38.5813772], [26.8950784, 38.581763], [26.8958294, 38.5825933], [26.8964517, 38.5830294], [26.8970311, 38.5836081], [26.8972349, 38.5840274], [26.8978572, 38.5842874], [26.89834, 38.5846145], [26.8988657, 38.585126], [26.8990159, 38.5861073], [26.8996274, 38.586124], [26.9005394, 38.5859815], [26.9009793, 38.5862414], [26.9017947, 38.5861911], [26.9022667, 38.5861995], [26.9026637, 38.586166], [26.9032109, 38.5862331], [26.9040906, 38.5862834], [26.9050133, 38.5861073], [26.9056249, 38.5858053], [26.9066977, 38.585646], [26.9072771, 38.5854112], [26.9077384, 38.5859311], [26.9078243, 38.5863085], [26.907953, 38.5868704], [26.9074702, 38.5868872], [26.9066763, 38.5873149], [26.9057536, 38.5881535], [26.9057214, 38.5887825], [26.9055283, 38.5898643], [26.9053996, 38.5908287], [26.9052279, 38.5925142], [26.9051099, 38.593336], [26.9050884, 38.5940907], [26.9052064, 38.5944848], [26.9053996, 38.5950047], [26.9053888, 38.5957762], [26.9050348, 38.5966063], [26.9048738, 38.5974029], [26.9038546, 38.598015], [26.9030714, 38.5979312], [26.9021273, 38.5975119], [26.9012689, 38.5967321], [26.9008183, 38.5985936], [26.9037902, 38.5986103], [26.9033825, 38.6032052], [26.9032323, 38.6048988], [26.9016, 38.6068], [26.9017142, 38.6068649], [26.9016606, 38.6069361], [26.9024277, 38.607523], [26.9024706, 38.6082189], [26.9028032, 38.6084788], [26.9052172, 38.6090405], [26.9048524, 38.6108346], [26.9047344, 38.6120166], [26.9046914, 38.6143053], [26.9058394, 38.615261], [26.9071698, 38.6160825], [26.9082963, 38.6162501], [26.9103563, 38.6163843], [26.9123948, 38.6167783], [26.9114292, 38.6177926], [26.9107854, 38.6184632], [26.9101739, 38.6192512], [26.9087577, 38.6199972], [26.9081783, 38.620475], [26.9084573, 38.6211707], [26.90835, 38.6219754], [26.9085646, 38.6229226], [26.9088328, 38.623786], [26.9093692, 38.6250433], [26.9100559, 38.6259485], [26.9110751, 38.6270297], [26.9113648, 38.6273147], [26.9110429, 38.627717], [26.910882, 38.6282032], [26.9109356, 38.6291503], [26.910949, 38.6298208], [26.910764, 38.6298187], [26.9108176, 38.630684], [26.911397, 38.6352852], [26.910407, 38.6370354], [26.9104314, 38.637372], [26.9102275, 38.637791], [26.9094336, 38.6380591], [26.9086933, 38.6385368], [26.9081569, 38.6389223], [26.907438, 38.6394335], [26.9069123, 38.6396849], [26.906054, 38.6397603], [26.9051822, 38.6397506], [26.9043696, 38.639752], [26.902854, 38.6393233], [26.901663, 38.6379321], [26.9009256, 38.6372881], [26.8994529, 38.6378399], [26.8980932, 38.6380089], [26.8967492, 38.6365746], [26.8967814, 38.635661], [26.8981254, 38.6341119], [26.8984981, 38.6337586], [26.8988335, 38.6333408], [26.899013, 38.6328535], [26.8991125, 38.6320753], [26.8991768, 38.631145], [26.899292, 38.629392], [26.8994129, 38.628924], [26.8995845, 38.6284798], [26.9000752, 38.6279168], [26.9005287, 38.6276081], [26.9010758, 38.6275494], [26.9014699, 38.6276067], [26.9018698, 38.6278009], [26.9025536, 38.6279], [26.903286, 38.6276248], [26.9037766, 38.6272463], [26.9039512, 38.6268202], [26.9039912, 38.6264082], [26.9034469, 38.6258312], [26.9028432, 38.6254191], [26.9020736, 38.6251774], [26.9011616, 38.624884], [26.8992948, 38.624247], [26.8971999, 38.6236003], [26.8960762, 38.6229562], [26.8950248, 38.6223526], [26.8944532, 38.6221585], [26.8938554, 38.622133], [26.8915272, 38.6234088], [26.8898105, 38.6245487], [26.8889737, 38.6252696], [26.8869781, 38.6258898], [26.8849611, 38.6262084], [26.8841672, 38.6260407], [26.884253, 38.6251858], [26.884768, 38.6243811], [26.8849182, 38.6237105], [26.885283, 38.6232914], [26.8859482, 38.6223024], [26.8881583, 38.6206595], [26.890347, 38.6186812], [26.8907303, 38.6173889], [26.8861198, 38.616158], [26.8843146, 38.6163661], [26.8813211, 38.6172128], [26.8805623, 38.6182536], [26.8805622, 38.6194356], [26.8818069, 38.6205672], [26.8822789, 38.6211875], [26.8824291, 38.6217826], [26.8824907, 38.6222842], [26.8819141, 38.6226376], [26.8811924, 38.6227285], [26.8800123, 38.6225273], [26.8794465, 38.6221263], [26.8792212, 38.6216402], [26.8788642, 38.6209599], [26.8779445, 38.6197541], [26.8775796, 38.6195864], [26.8769467, 38.6197122], [26.8769331, 38.619451], [26.8762922, 38.618438], [26.8753989, 38.6178751], [26.8746049, 38.6175985], [26.8740873, 38.6177021], [26.8735609, 38.6180506], [26.8731278, 38.6190246], [26.873846, 38.6203325], [26.8742537, 38.62133], [26.8738138, 38.6216066], [26.8743717, 38.6230735], [26.8740606, 38.6231322], [26.8744939, 38.6242004], [26.8735778, 38.6253283], [26.8728804, 38.6257725], [26.8720543, 38.6262335], [26.8711407, 38.626676], [26.8704254, 38.6268444], [26.8697369, 38.6269208], [26.8686318, 38.6271722], [26.8677065, 38.627092], [26.8669045, 38.6269459], [26.8659889, 38.626617], [26.8652952, 38.6261329], [26.8639433, 38.6270214], [26.8637073, 38.6272477], [26.8634981, 38.6275284], [26.8633532, 38.6278092], [26.8635088, 38.6280691], [26.8632138, 38.6280565], [26.8633365, 38.6285668], [26.8635726, 38.6291146], [26.8644469, 38.6292379], [26.8674946, 38.6314467], [26.8684359, 38.6317711], [26.8687391, 38.6319915], [26.8690288, 38.6323854], [26.8692219, 38.6330056], [26.8696189, 38.6334749], [26.8700963, 38.6339359], [26.8706971, 38.6346441], [26.8711038, 38.6355602], [26.8712175, 38.6359724], [26.8713248, 38.6365088], [26.8715393, 38.6373636], [26.8714187, 38.6382783], [26.8708097, 38.6393078], [26.8696618, 38.6396765], [26.8676322, 38.6393928], [26.867001, 38.6393246], [26.8666534, 38.6396037], [26.8665702, 38.6402792], [26.8665847, 38.6415911], [26.8669689, 38.6420649], [26.8670976, 38.6424755], [26.8668187, 38.6430034], [26.8663808, 38.6434302], [26.8655848, 38.6440509], [26.8647158, 38.6445788], [26.8644476, 38.6447966], [26.8643765, 38.6448824], [26.8639218, 38.6449223], [26.8632674, 38.6453665], [26.8626929, 38.6458624], [26.8625056, 38.6465145], [26.8624842, 38.6475367], [26.8621838, 38.64783], [26.8616308, 38.6477303], [26.8604672, 38.6476289], [26.8597698, 38.6476373], [26.8585896, 38.6476121], [26.8575585, 38.6475584], [26.8563151, 38.6473607], [26.8557572, 38.6472518], [26.8553388, 38.6469585], [26.8550326, 38.6466137], [26.85397, 38.6449451], [26.8534613, 38.6442184], [26.8528283, 38.6435564], [26.8521523, 38.6430788], [26.8515837, 38.6427855], [26.8510894, 38.6425438], [26.8503928, 38.6422995], [26.8495774, 38.6421738], [26.8486655, 38.6421151], [26.8473887, 38.6420648], [26.8466595, 38.641974], [26.845758, 38.6418051], [26.8452818, 38.6416285], [26.8449855, 38.6413526], [26.8449962, 38.6410509], [26.8451357, 38.6409084], [26.8455434, 38.6408246], [26.846112, 38.6406821], [26.8465304, 38.6404726], [26.8466914, 38.6402799], [26.8468416, 38.6399866], [26.8467824, 38.6395512], [26.8462944, 38.6386206], [26.8456185, 38.6376317], [26.8449533, 38.6369194], [26.8442881, 38.6365255], [26.8438465, 38.6364241], [26.8434405, 38.6365088], [26.8432067, 38.636757], [26.8431079, 38.6371541], [26.8431938, 38.6377072], [26.8433654, 38.6381849], [26.8435264, 38.6387463], [26.8435585, 38.6391821], [26.8433547, 38.6397017], [26.8430746, 38.6401107], [26.842711, 38.640238], [26.8424581, 38.6402159], [26.8420243, 38.6400285], [26.841681, 38.6396011], [26.8413162, 38.6385368], [26.8408806, 38.6381331], [26.8404364, 38.6379418], [26.8399537, 38.6378664], [26.8394923, 38.6378329], [26.8391061, 38.6378496], [26.8380761, 38.6379921], [26.8366384, 38.6383189], [26.8353939, 38.6386541], [26.8349647, 38.6386793], [26.8346107, 38.6386039], [26.8342956, 38.638256], [26.8330393, 38.63601], [26.8331538, 38.6357837], [26.8344927, 38.6347656], [26.8348789, 38.6343885], [26.8352222, 38.6340616], [26.8354905, 38.6337767], [26.8356407, 38.633609], [26.8359303, 38.6330727], [26.8361556, 38.6330894], [26.8364775, 38.6318407], [26.8381512, 38.6321256], [26.83828, 38.6318155], [26.8384945, 38.6312037], [26.8387627, 38.6305583], [26.8391383, 38.6300136], [26.8394494, 38.6296029], [26.8396962, 38.6290748], [26.8400073, 38.6284211], [26.840651, 38.6268789], [26.8413162, 38.6253031], [26.8425608, 38.6255546], [26.8429577, 38.6246074], [26.8431616, 38.624071], [26.8433869, 38.6236686], [26.8435371, 38.6232579], [26.8438375, 38.6227215], [26.8443632, 38.6218581], [26.8433118, 38.6215731], [26.8433547, 38.6214054], [26.8434298, 38.6209444], [26.8434942, 38.6204247], [26.84358, 38.620014], [26.8437195, 38.6197122], [26.843977, 38.619402], [26.844331, 38.619117], [26.8451464, 38.6183458], [26.8456292, 38.6178596], [26.8460476, 38.6174824], [26.8463159, 38.6172896], [26.8467772, 38.6170968], [26.8469059, 38.6169962], [26.8469703, 38.6168118], [26.8470454, 38.6165771], [26.8470669, 38.6163591], [26.847142, 38.6159148], [26.8480968, 38.6152274], [26.8500173, 38.6137101], [26.8502962, 38.6134753], [26.8506825, 38.6131735], [26.8512404, 38.6128717], [26.8517339, 38.6124358], [26.8520021, 38.6122681], [26.8523991, 38.6118154], [26.8520987, 38.6114969], [26.8507361, 38.6104238], [26.8506503, 38.6099292], [26.8505645, 38.6096357], [26.8506074, 38.6094261], [26.8505108, 38.6090069], [26.850307, 38.608789], [26.8499958, 38.6085794], [26.8497276, 38.6083698], [26.8496525, 38.6081434], [26.849792, 38.6078835], [26.8500495, 38.6075817], [26.8502426, 38.6073134], [26.8502641, 38.6070451], [26.8506503, 38.6068439], [26.8501353, 38.6058211], [26.8489176, 38.601981], [26.8491805, 38.6014779], [26.8491429, 38.6011593], [26.8492448, 38.6008659], [26.8493843, 38.6003628], [26.8494594, 38.6001573], [26.8496257, 38.5999687], [26.8499744, 38.5995159], [26.850146, 38.5993817], [26.8500012, 38.5991679], [26.8501085, 38.5991009], [26.8503231, 38.5990002], [26.850661, 38.5984343], [26.8508273, 38.5984594], [26.8513209, 38.5988116], [26.8515408, 38.5991554], [26.8513584, 38.5986942], [26.85094, 38.5983756], [26.8513906, 38.5982749], [26.8515944, 38.5981156], [26.8512618, 38.5981492], [26.8510097, 38.5982875], [26.8507361, 38.5983169], [26.8559074, 38.5890676], [26.8476725, 38.5891938]]]]}, "bbox": [26.8330393, 38.5612204, 26.9123948, 38.64783]}, {"id": "33", "type": "Feature", "properties": {"mahalle_adi": "Uğur Mumcu Mahallesi", "_gece_lst_str": "22.9°C"}, "geometry": {"type": "MultiPolygon", "coordinates": [[[[27.0561397, 38.5231186], [27.0558125, 38.5228751], [27.0556301, 38.5224806], [27.0554691, 38.5216035], [27.055335, 38.5211166], [27.0550615, 38.5209865], [27.0536452, 38.5215531], [27.0528245, 38.521188], [27.0520198, 38.5207179], [27.0515746, 38.5201009], [27.0513707, 38.5193119], [27.0511401, 38.5191398], [27.0506036, 38.5187872], [27.0502818, 38.5187872], [27.0498794, 38.5188502], [27.0488816, 38.5190978], [27.0483506, 38.5190726], [27.0477605, 38.5188586], [27.04768, 38.5185984], [27.047916, 38.5182164], [27.0484203, 38.5175533], [27.0485437, 38.5171629], [27.0480287, 38.517037], [27.0468163, 38.5168691], [27.0453465, 38.516676], [27.0450997, 38.5174567], [27.0450139, 38.5179436], [27.0449602, 38.518548], [27.0449066, 38.5193706], [27.0448315, 38.5201849], [27.0447216, 38.5208354], [27.044665, 38.5217165], [27.044751, 38.5219224], [27.044183, 38.5218975], [27.0436346, 38.5218209], [27.0431095, 38.5217], [27.0423324, 38.5211137], [27.0413178, 38.5203066], [27.0411102, 38.5201537], [27.0410239, 38.5205504], [27.0409584, 38.5208732], [27.0408618, 38.5215909], [27.0412105, 38.5219308], [27.0412427, 38.5221323], [27.0411354, 38.5224303], [27.0410979, 38.5226317], [27.0411462, 38.522787], [27.0413071, 38.5230934], [27.0412856, 38.52332], [27.0412602, 38.5236232], [27.0401665, 38.5236808], [27.0400143, 38.524449], [27.0395941, 38.5253213], [27.0397782, 38.5258255], [27.041, 38.526], [27.0416558, 38.525666], [27.0427501, 38.5256031], [27.0431042, 38.5259682], [27.0435011, 38.5261193], [27.0437479, 38.5262536], [27.0438176, 38.5263962], [27.0440362, 38.5269523], [27.0450515, 38.5267404], [27.0462638, 38.5264004], [27.0468056, 38.5263375], [27.0470041, 38.5264802], [27.047444, 38.526518], [27.0483291, 38.5263753], [27.0490533, 38.5261193], [27.0501262, 38.5257667], [27.0503676, 38.5254436], [27.05055, 38.5253429], [27.0509362, 38.5253009], [27.0514405, 38.525217], [27.0521593, 38.5252463], [27.0534, 38.5244], [27.0558232, 38.5235844], [27.0561397, 38.5231186]]]]}, "bbox": [27.0395941, 38.516676, 27.0561397, 38.5269523]}, {"id": "35", "type": "Feature", "properties": {"mahalle_adi": "Balatçık Mahallesi", "_gece_lst_str": "22.9°C"}, "geometry": {"type": "MultiPolygon", "coordinates": [[[[27.0480019, 38.5075044], [27.0475674, 38.5080543], [27.047106, 38.5087512], [27.0467949, 38.5094312], [27.0479429, 38.5103631], [27.0488226, 38.5111019], [27.0493805, 38.5115048], [27.0503569, 38.5118994], [27.050802, 38.512044], [27.0505392, 38.5125794], [27.0502496, 38.5127473], [27.0498311, 38.5128732], [27.0492518, 38.5131754], [27.048887, 38.5133349], [27.0486295, 38.5136288], [27.0485437, 38.5138386], [27.0485222, 38.5142668], [27.0485651, 38.5148964], [27.0485759, 38.5153833], [27.0486188, 38.5160716], [27.0487046, 38.5168859], [27.0485437, 38.5171629], [27.0480287, 38.517037], [27.0468163, 38.5168691], [27.0453465, 38.516676], [27.0450997, 38.5174567], [27.0450139, 38.5179436], [27.0449602, 38.518548], [27.0449066, 38.5193706], [27.0448315, 38.5201849], [27.0447216, 38.5208354], [27.044665, 38.5217165], [27.044751, 38.5219224], [27.044183, 38.5218975], [27.0436346, 38.5218209], [27.0431095, 38.5217], [27.0423324, 38.5211137], [27.0413178, 38.5203066], [27.0411102, 38.5201537], [27.0403634, 38.5196656], [27.03951, 38.5191566], [27.0394216, 38.5191265], [27.0390165, 38.5189887], [27.0383137, 38.5188544], [27.0371228, 38.518804], [27.0361412, 38.5187411], [27.0352453, 38.5197819], [27.0341992, 38.5210411], [27.0330781, 38.5223169], [27.0319784, 38.5236516], [27.0315975, 38.5240796], [27.0312595, 38.5245413], [27.0306426, 38.5255947], [27.0303394, 38.526277], [27.0271826, 38.5240293], [27.026689, 38.5234921], [27.026968, 38.5222162], [27.0255303, 38.5192951], [27.0256698, 38.5179352], [27.0257449, 38.5166425], [27.0260239, 38.5133433], [27.0262921, 38.5116811], [27.026689, 38.508768], [27.0275044, 38.5087344], [27.0280887, 38.5086919], [27.0280773, 38.5084395], [27.0287156, 38.5081918], [27.0287183, 38.5078413], [27.0300782, 38.5076986], [27.0303455, 38.5076979], [27.0305502, 38.5082737], [27.0324788, 38.5080197], [27.0326065, 38.5080234], [27.0328409, 38.5080302], [27.0328852, 38.508273], [27.0329079, 38.5083975], [27.0348576, 38.5082937], [27.0350741, 38.5087964], [27.0358347, 38.5094617], [27.0369029, 38.5091625], [27.0374393, 38.5081551], [27.0389736, 38.5063248], [27.0399392, 38.5062493], [27.0401215, 38.5060646], [27.0400679, 38.5058127], [27.0402288, 38.5056364], [27.0408082, 38.505586], [27.0424926, 38.5056196], [27.0428145, 38.5055524], [27.0429325, 38.5054349], [27.0432329, 38.5050739], [27.0433617, 38.5047632], [27.0434904, 38.5038145], [27.0434298, 38.5036722], [27.0447081, 38.5037179], [27.0455772, 38.5037977], [27.0459795, 38.5040118], [27.0470041, 38.5047338], [27.0478517, 38.5052796], [27.046693, 38.5064928], [27.0480019, 38.5075044]]]]}, "bbox": [27.0255303, 38.5036722, 27.050802, 38.526277]}, {"id": "38", "type": "Feature", "properties": {"mahalle_adi": "Cumhuriyet Mahallesi", "_gece_lst_str": "22.0°C"}, "geometry": {"type": "MultiPolygon", "coordinates": [[[[27.0681023, 38.554752], [27.0679843, 38.5543408], [27.0677376, 38.5539717], [27.0677268, 38.5536109], [27.0675176, 38.5533509], [27.067244, 38.5533592], [27.0670295, 38.5535102], [27.0664716, 38.5535186], [27.0655489, 38.5527467], [27.065227, 38.5523607], [27.0648622, 38.5520251], [27.0635962, 38.5518909], [27.0631027, 38.5513707], [27.0623088, 38.5508001], [27.0614719, 38.550582], [27.0608496, 38.5499443], [27.0601201, 38.5495247], [27.0596695, 38.5488031], [27.0584464, 38.5485682], [27.057395, 38.5484675], [27.0560646, 38.5478969], [27.055099, 38.5471921], [27.0537364, 38.546504], [27.0532536, 38.5466634], [27.0528781, 38.5459166], [27.0523738, 38.5454132], [27.0505714, 38.5447419], [27.0488119, 38.5439363], [27.0491981, 38.5427112], [27.0494771, 38.5416874], [27.0496702, 38.5408818], [27.0498419, 38.5400342], [27.0498204, 38.539472], [27.049756, 38.538851], [27.0497346, 38.538381], [27.0501208, 38.5373068], [27.0500457, 38.5368285], [27.0501101, 38.5365348], [27.0502496, 38.5364592], [27.0505929, 38.5365348], [27.0509684, 38.5364592], [27.0513868, 38.5362914], [27.0517087, 38.5361487], [27.0518589, 38.5358214], [27.05217, 38.5356536], [27.0520627, 38.5350241], [27.0532536, 38.5349822], [27.0534897, 38.5347892], [27.0539081, 38.5346045], [27.0543587, 38.5345206], [27.055099, 38.5343947], [27.0560539, 38.5343024], [27.056644, 38.534336], [27.0570838, 38.5344367], [27.057395, 38.5345458], [27.0578992, 38.5346549], [27.0583177, 38.5347052], [27.0588112, 38.534722], [27.0591974, 38.5346213], [27.0595407, 38.5345206], [27.0597982, 38.5343863], [27.0603454, 38.5341178], [27.0606995, 38.5338744], [27.0609462, 38.5335723], [27.0611393, 38.5334464], [27.0619011, 38.533372], [27.0671058, 38.5339709], [27.068629, 38.5323135], [27.0670035, 38.5300144], [27.0687856, 38.5294592], [27.0687704, 38.5293698], [27.0689903, 38.5293454], [27.0702043, 38.5296312], [27.0724429, 38.5303627], [27.0741354, 38.5312138], [27.0746362, 38.531323], [27.074942, 38.5313566], [27.0752048, 38.5313818], [27.0754838, 38.5314447], [27.0757574, 38.531537], [27.0760739, 38.5317175], [27.0764955, 38.5320286], [27.0760336, 38.5328393], [27.0758976, 38.5333459], [27.0761257, 38.5338224], [27.077218, 38.5337621], [27.0780527, 38.5338986], [27.0826275, 38.5355437], [27.1159076, 38.5336253], [27.1147513, 38.5367026], [27.1126592, 38.5364341], [27.1105885, 38.537609], [27.1108568, 38.5413014], [27.1039798, 38.539572], [27.1033581, 38.5406547], [27.1007609, 38.5405461], [27.0994949, 38.5416539], [27.1004819, 38.5454132], [27.0982933, 38.5462355], [27.0932293, 38.5499611], [27.0926499, 38.5502799], [27.091856, 38.5502799], [27.0914054, 38.5512364], [27.0907322, 38.5518804], [27.0899892, 38.5525957], [27.0885086, 38.553485], [27.0861482, 38.554559], [27.0847216, 38.5548248], [27.0850324, 38.5557168], [27.0823502, 38.5562034], [27.0805786, 38.5551495], [27.0782191, 38.5556039], [27.0756554, 38.5552134], [27.0693684, 38.5549617], [27.0689987, 38.5552522], [27.0681814, 38.5550087], [27.0681023, 38.554752]]]]}, "bbox": [27.0488119, 38.5293454, 27.1159076, 38.5562034]}, {"id": "39", "type": "Feature", "properties": {"mahalle_adi": "Harmandalı Gazi Mustafa Kemal Atatürk Mahallesi", "_gece_lst_str": "22.1°C"}, "geometry": {"type": "MultiPolygon", "coordinates": [[[[27.0488119, 38.5439363], [27.0471167, 38.5426273], [27.0472026, 38.5416538], [27.0469451, 38.5405965], [27.0463013, 38.5396734], [27.0458507, 38.5390021], [27.0443058, 38.5373908], [27.0427558, 38.5355431], [27.0421167, 38.5346889], [27.0412373, 38.5335135], [27.042793, 38.5323637], [27.0430702, 38.5326699], [27.0431578, 38.532733], [27.0458293, 38.5319273], [27.0460224, 38.5322882], [27.0488977, 38.5320028], [27.0487583, 38.5316587], [27.0493376, 38.531558], [27.0499921, 38.5313314], [27.0506036, 38.5311132], [27.0511401, 38.5309285], [27.0516121, 38.5308614], [27.0518911, 38.5308782], [27.0523631, 38.5307103], [27.0529532, 38.5305005], [27.0533502, 38.5304418], [27.053966, 38.5301952], [27.0545129, 38.5311067], [27.0550346, 38.5308698], [27.0554531, 38.5307355], [27.0557749, 38.5306516], [27.0562792, 38.5304753], [27.0566332, 38.5303914], [27.0567834, 38.530618], [27.0573842, 38.5304837], [27.0576203, 38.5302907], [27.0584951, 38.5305327], [27.0594507, 38.5303177], [27.0605194, 38.5291731], [27.0597905, 38.528369], [27.060086, 38.5279398], [27.0601764, 38.5271711], [27.0607209, 38.5269754], [27.0638632, 38.5275267], [27.0652053, 38.5268288], [27.0698707, 38.5272194], [27.0705311, 38.5276837], [27.0709562, 38.5275042], [27.0741049, 38.5286647], [27.0746469, 38.5290149], [27.0747542, 38.5292751], [27.0750761, 38.529401], [27.075752, 38.5298878], [27.0760953, 38.5299885], [27.0765138, 38.5299801], [27.0770824, 38.5299801], [27.0776081, 38.5299885], [27.0784128, 38.5300557], [27.0796251, 38.5301396], [27.0800543, 38.5301816], [27.0806765, 38.5301564], [27.0811057, 38.5301816], [27.118364, 38.5265098], [27.1189356, 38.5275545], [27.117691, 38.528696], [27.1166181, 38.5317091], [27.1159076, 38.5336253], [27.0826275, 38.5355437], [27.0780527, 38.5338986], [27.077218, 38.5337621], [27.0761257, 38.5338224], [27.0758976, 38.5333459], [27.0760336, 38.5328393], [27.0764955, 38.5320286], [27.0760739, 38.5317175], [27.0757574, 38.531537], [27.0754838, 38.5314447], [27.0752048, 38.5313818], [27.074942, 38.5313566], [27.0746362, 38.531323], [27.0741354, 38.5312138], [27.0724429, 38.5303627], [27.0702043, 38.5296312], [27.0689903, 38.5293454], [27.0687704, 38.5293698], [27.0687856, 38.5294592], [27.0670035, 38.5300144], [27.068629, 38.5323135], [27.0671058, 38.5339709], [27.0619011, 38.533372], [27.0611393, 38.5334464], [27.0609462, 38.5335723], [27.0606995, 38.5338744], [27.0603454, 38.5341178], [27.0597982, 38.5343863], [27.0595407, 38.5345206], [27.0591974, 38.5346213], [27.0588112, 38.534722], [27.0583177, 38.5347052], [27.0578992, 38.5346549], [27.057395, 38.5345458], [27.0570838, 38.5344367], [27.056644, 38.534336], [27.0560539, 38.5343024], [27.055099, 38.5343947], [27.0543587, 38.5345206], [27.0539081, 38.5346045], [27.0534897, 38.5347892], [27.0532536, 38.5349822], [27.0520627, 38.5350241], [27.05217, 38.5356536], [27.0518589, 38.5358214], [27.0517087, 38.5361487], [27.0513868, 38.5362914], [27.0509684, 38.5364592], [27.0505929, 38.5365348], [27.0502496, 38.5364592], [27.0501101, 38.5365348], [27.0500457, 38.5368285], [27.0501208, 38.5373068], [27.0497346, 38.538381], [27.049756, 38.538851], [27.0498204, 38.539472], [27.0498419, 38.5400342], [27.0496702, 38.5408818], [27.0494771, 38.5416874], [27.0491981, 38.5427112], [27.0488119, 38.5439363]]]]}, "bbox": [27.0412373, 38.5265098, 27.1189356, 38.5439363]}, {"id": "40", "type": "Feature", "properties": {"mahalle_adi": "İnönü Mahallesi", "_gece_lst_str": "22.1°C"}, "geometry": {"type": "MultiPolygon", "coordinates": [[[[27.0412373, 38.5335135], [27.040642, 38.5325416], [27.0397555, 38.5309591], [27.0390551, 38.529908], [27.0387232, 38.5292939], [27.0385564, 38.52905], [27.0384805, 38.5288467], [27.0404597, 38.5277207], [27.0399177, 38.5262536], [27.0397782, 38.5258255], [27.041, 38.526], [27.0416558, 38.525666], [27.0427501, 38.5256031], [27.0431042, 38.5259682], [27.0435011, 38.5261193], [27.0437479, 38.5262536], [27.0438176, 38.5263962], [27.0440362, 38.5269523], [27.0450515, 38.5267404], [27.0462638, 38.5264004], [27.0468056, 38.5263375], [27.0470041, 38.5264802], [27.047444, 38.526518], [27.0483291, 38.5263753], [27.0490533, 38.5261193], [27.0501262, 38.5257667], [27.0503676, 38.5254436], [27.05055, 38.5253429], [27.0509362, 38.5253009], [27.0514405, 38.525217], [27.0521593, 38.5252463], [27.0534, 38.5244], [27.0558232, 38.5235844], [27.0561397, 38.5231186], [27.0564455, 38.5232319], [27.0567566, 38.5232864], [27.0577222, 38.5232864], [27.0582425, 38.5232403], [27.0611045, 38.5241787], [27.0655407, 38.5229429], [27.065742, 38.5223589], [27.0664608, 38.522275], [27.0670938, 38.5222246], [27.0674372, 38.522233], [27.0687997, 38.5229633], [27.0692825, 38.5231395], [27.0698511, 38.5230976], [27.0725, 38.5207], [27.1110564, 38.5199956], [27.1118421, 38.5200018], [27.1119726, 38.5201009], [27.1154395, 38.523102], [27.118364, 38.5265098], [27.0811057, 38.5301816], [27.0806765, 38.5301564], [27.0800543, 38.5301816], [27.0796251, 38.5301396], [27.0784128, 38.5300557], [27.0776081, 38.5299885], [27.0770824, 38.5299801], [27.0765138, 38.5299801], [27.0760953, 38.5299885], [27.075752, 38.5298878], [27.0750761, 38.529401], [27.0747542, 38.5292751], [27.0746469, 38.5290149], [27.0741049, 38.5286647], [27.0709562, 38.5275042], [27.0705311, 38.5276837], [27.0698707, 38.5272194], [27.0652053, 38.5268288], [27.0638632, 38.5275267], [27.0607209, 38.5269754], [27.0601764, 38.5271711], [27.060086, 38.5279398], [27.0597905, 38.528369], [27.0605194, 38.5291731], [27.0594507, 38.5303177], [27.0584951, 38.5305327], [27.0576203, 38.5302907], [27.0573842, 38.5304837], [27.0567834, 38.530618], [27.0566332, 38.5303914], [27.0562792, 38.5304753], [27.0557749, 38.5306516], [27.0554531, 38.5307355], [27.0550346, 38.5308698], [27.0545129, 38.5311067], [27.053966, 38.5301952], [27.0533502, 38.5304418], [27.0529532, 38.5305005], [27.0523631, 38.5307103], [27.0518911, 38.5308782], [27.0516121, 38.5308614], [27.0511401, 38.5309285], [27.0506036, 38.5311132], [27.0499921, 38.5313314], [27.0493376, 38.531558], [27.0487583, 38.5316587], [27.0488977, 38.5320028], [27.0460224, 38.5322882], [27.0458293, 38.5319273], [27.0431578, 38.532733], [27.0430702, 38.5326699], [27.042793, 38.5323637], [27.0412373, 38.5335135]]]]}, "bbox": [27.0384805, 38.5199956, 27.118364, 38.5335135]}, {"id": "56", "type": "Feature", "properties": {"mahalle_adi": "Evka 4 Mahallesi", "_gece_lst_str": "22.8°C"}, "geometry": {"type": "MultiPolygon", "coordinates": [[[[27.2171152, 38.4879358], [27.2158813, 38.4878435], [27.2142291, 38.4877931], [27.2138965, 38.4877637], [27.2134352, 38.4877175], [27.2127861, 38.4877091], [27.2122014, 38.4877805], [27.2111446, 38.4879526], [27.2092026, 38.4882843], [27.2081566, 38.4884565], [27.2078079, 38.4885195], [27.2061074, 38.4885783], [27.2056353, 38.4885657], [27.2047985, 38.4884775], [27.2041976, 38.4883977], [27.2038275, 38.4883221], [27.2030067, 38.488045], [27.2020465, 38.4877511], [27.2011936, 38.4875159], [27.2006035, 38.4874613], [27.1985757, 38.4872808], [27.1982861, 38.4872094], [27.199552, 38.4890863], [27.200139, 38.4893078], [27.204198, 38.4894478], [27.2042189, 38.4894523], [27.2059563, 38.4898311], [27.2087434, 38.4904569], [27.2098473, 38.4918818], [27.2123218, 38.496972], [27.212054, 38.4981727], [27.2129469, 38.498833], [27.2132327, 38.49888], [27.2135623, 38.4990694], [27.21436, 38.4988543], [27.2147675, 38.4986671], [27.2148448, 38.4978462], [27.2147154, 38.4972546], [27.2145811, 38.4969987], [27.2154982, 38.4962125], [27.2166753, 38.4959302], [27.2166431, 38.495737], [27.2165894, 38.4955565], [27.2165841, 38.4954641], [27.2165358, 38.4953802], [27.2163883, 38.4951933], [27.2162998, 38.4951094], [27.2162086, 38.4950128], [27.2161362, 38.4949141], [27.2160664, 38.4948071], [27.2160369, 38.4947063], [27.2160611, 38.4945635], [27.2161147, 38.4944292], [27.2162113, 38.4942382], [27.2163159, 38.49415], [27.21645, 38.4940807], [27.2165814, 38.4940219], [27.2167316, 38.4939485], [27.2168604, 38.4938477], [27.2169784, 38.4937238], [27.2172332, 38.4933669], [27.2173324, 38.4932441], [27.2174156, 38.4930919], [27.2174746, 38.4929082], [27.2175416, 38.4926259], [27.2175953, 38.4923215], [27.2176999, 38.4919835], [27.2178259, 38.4915741], [27.2178823, 38.4913432], [27.2179735, 38.4911584], [27.2181827, 38.4909149], [27.2183195, 38.4906945], [27.2184858, 38.4903754], [27.2185528, 38.4902074], [27.2185877, 38.4900143], [27.218577, 38.4899114], [27.218526, 38.4897959], [27.2184911, 38.489735], [27.2184214, 38.4896805], [27.2183624, 38.4896322], [27.2183007, 38.4895734], [27.2182256, 38.4895041], [27.2181505, 38.4894159], [27.2180808, 38.4893278], [27.2180298, 38.4892333], [27.2179601, 38.4889961], [27.2178823, 38.4887399], [27.2178072, 38.4885132], [27.2177455, 38.488404], [27.2176784, 38.488299], [27.2175926, 38.4881983], [27.2174585, 38.4880807], [27.2173351, 38.4880072], [27.2171152, 38.4879358]]]]}, "bbox": [27.1982861, 38.4872094, 27.2185877, 38.4990694]}, {"id": "59", "type": "Feature", "properties": {"mahalle_adi": "Çamkule Mahallesi", "_gece_lst_str": "22.6°C"}, "geometry": {"type": "MultiPolygon", "coordinates": [[[[27.2350645, 38.3988381], [27.2341096, 38.3989474], [27.2332084, 38.3985186], [27.2331306, 38.3978335], [27.2328309, 38.3974575], [27.2327547, 38.3975739], [27.2326037, 38.3975355], [27.2326, 38.3973597], [27.2325194, 38.3971449], [27.2318586, 38.3966965], [27.2317689, 38.3966732], [27.2316703, 38.3962844], [27.2314961, 38.3962603], [27.2313651, 38.3963924], [27.2312852, 38.3963709], [27.2310588, 38.3961829], [27.2307985, 38.3961518], [27.2306564, 38.3959558], [27.2303155, 38.3959878], [27.2301089, 38.3961751], [27.2300429, 38.3962005], [27.2298919, 38.3963702], [27.2296184, 38.3959874], [27.2292582, 38.3959226], [27.229048, 38.3955886], [27.2286296, 38.3957006], [27.2283538, 38.3959311], [27.2282828, 38.3959299], [27.2282362, 38.3961095], [27.2279992, 38.3959097], [27.2278138, 38.3958142], [27.2276531, 38.3959433], [27.2266954, 38.3962078], [27.2266653, 38.3963245], [27.2265674, 38.3964192], [27.2263265, 38.3964857], [27.225784, 38.3965248], [27.2255117, 38.396625], [27.2253708, 38.3967105], [27.2252783, 38.3966711], [27.2250986, 38.3966873], [27.2248801, 38.3965676], [27.2243697, 38.3965936], [27.223645, 38.3967811], [27.223426, 38.3967588], [27.22318, 38.396799], [27.223003, 38.3968522], [27.2226987, 38.3968778], [27.2225195, 38.3969237], [27.2220737, 38.3969363], [27.2214404, 38.3971526], [27.2212895, 38.3972765], [27.2210896, 38.3972047], [27.2208961, 38.397374], [27.2207686, 38.3974329], [27.2205608, 38.3974366], [27.2202088, 38.3974057], [27.2196818, 38.3976698], [27.2181953, 38.3979976], [27.2173538, 38.3979679], [27.2166759, 38.3982021], [27.2155499, 38.3979453], [27.2148175, 38.3976233], [27.2124029, 38.3978457], [27.2114456, 38.3987149], [27.2112434, 38.3989926], [27.2111828, 38.4002749], [27.2111708, 38.4014199], [27.2124806, 38.4027973], [27.2115516, 38.4049064], [27.2110462, 38.4053728], [27.2106396, 38.4066474], [27.2091735, 38.407033], [27.2089795, 38.4072527], [27.2072194, 38.408493], [27.2066438, 38.4082715], [27.2051203, 38.4082883], [27.2037041, 38.408011], [27.2024917, 38.4079857], [27.200211, 38.4084864], [27.1986937, 38.4091123], [27.1954436, 38.4086221], [27.1951764, 38.40856], [27.1937584, 38.4082211], [27.1905398, 38.4080698], [27.1924223, 38.4075853], [27.1941339, 38.407145], [27.192155, 38.4062489], [27.1916125, 38.4060376], [27.1901429, 38.4052869], [27.1889173, 38.4049535], [27.1883519, 38.405187], [27.1880556, 38.405342], [27.1866989, 38.4063926], [27.187171, 38.4066447], [27.1885014, 38.407229], [27.1891022, 38.4075632], [27.1896253, 38.4080865], [27.1886327, 38.4079215], [27.1878584, 38.4077928], [27.1866465, 38.407479], [27.186566, 38.4084469], [27.1859828, 38.4084565], [27.1860414, 38.4091398], [27.1864506, 38.409244], [27.1862127, 38.409764], [27.1862313, 38.4099451], [27.1863133, 38.4100308], [27.1863594, 38.4102905], [27.1862665, 38.4106697], [27.1864001, 38.4107767], [27.1864095, 38.4108983], [27.1860127, 38.4109442], [27.1860722, 38.4112475], [27.1861625, 38.411441], [27.1861786, 38.4118403], [27.1863824, 38.4119916], [27.1870047, 38.4121724], [27.187289, 38.4122018], [27.1871763, 38.412248], [27.1870905, 38.4122922], [27.1869752, 38.4123237], [27.1868584, 38.412307], [27.1867794, 38.4124834], [27.1869269, 38.4125444], [27.1868384, 38.41262], [27.1866909, 38.4126872], [27.1865192, 38.4126662], [27.1864253, 38.4128911], [27.1863036, 38.4130767], [27.1862778, 38.413116], [27.1861571, 38.4135931], [27.1861383, 38.4139882], [27.1862295, 38.414232], [27.1862885, 38.4144968], [27.186192, 38.414915], [27.1861169, 38.4151651], [27.1860605, 38.415432], [27.1860364, 38.4157073], [27.1860444, 38.4166446], [27.186774, 38.4168211], [27.1868407, 38.4171373], [27.1864294, 38.4172418], [27.1864736, 38.4174642], [27.1866986, 38.4174238], [27.1869886, 38.4173717], [27.1875572, 38.417275], [27.1885861, 38.4173617], [27.1890593, 38.4178425], [27.1890163, 38.4174768], [27.1889573, 38.4172036], [27.1889788, 38.4170103], [27.1890432, 38.4168758], [27.1892416, 38.4165731], [27.1898371, 38.4160225], [27.1900892, 38.4157577], [27.1903574, 38.4154887], [27.1906525, 38.4151525], [27.1908781, 38.4149319], [27.1909961, 38.4147911], [27.1910465, 38.4146438], [27.191098, 38.4144674], [27.1911299, 38.4143335], [27.1912292, 38.4142792], [27.1921472, 38.4140248], [27.192352, 38.4139792], [27.1925594, 38.41407], [27.1927062, 38.4141318], [27.1930603, 38.4141655], [27.1934465, 38.4142495], [27.1935538, 38.4142411], [27.1934894, 38.4139721], [27.1933177, 38.4138124], [27.1932212, 38.4133584], [27.1931128, 38.4131583], [27.1930143, 38.4128179], [27.1937428, 38.4128619], [27.194546, 38.412979], [27.1945647, 38.4124813], [27.1953493, 38.4124228], [27.1958163, 38.4123642], [27.195891, 38.4125545], [27.1960778, 38.4125545], [27.1963954, 38.4124813], [27.1967876, 38.4131692], [27.1969744, 38.4130229], [27.1970305, 38.4127009], [27.1973667, 38.4123496], [27.1978337, 38.4122471], [27.1977777, 38.4118665], [27.1980579, 38.4116177], [27.198226, 38.4118519], [27.1982073, 38.4123057], [27.1983941, 38.4125691], [27.1984128, 38.4130229], [27.198749, 38.4133302], [27.1989919, 38.4135498], [27.19916, 38.4136522], [27.1992907, 38.4135644], [27.1993468, 38.4134473], [27.2000566, 38.4137547], [27.2002808, 38.4137254], [27.200561, 38.4136961], [27.2007851, 38.4137254], [27.2009533, 38.4137547], [27.2022609, 38.4129058], [27.202429, 38.4129497], [27.2025597, 38.4128765], [27.2028399, 38.4124667], [27.202952, 38.4123935], [27.2045585, 38.411969], [27.2051749, 38.4111932], [27.2057167, 38.4109883], [27.2086681, 38.4098613], [27.2088549, 38.4097734], [27.2108163, 38.4090855], [27.2126198, 38.410243], [27.2132152, 38.4098773], [27.2137669, 38.4096054], [27.2148246, 38.4094275], [27.2148138, 38.4101673], [27.2147226, 38.4103607], [27.2147763, 38.4107474], [27.2147816, 38.4109828], [27.2147655, 38.4112686], [27.2148406, 38.411668], [27.2146582, 38.4117772], [27.2149157, 38.4122732], [27.2147012, 38.4124666], [27.2146153, 38.4128029], [27.2146261, 38.4131055], [27.2146904, 38.4133829], [27.2146904, 38.4137024], [27.214905, 38.4143413], [27.215023, 38.4146943], [27.2150874, 38.4150978], [27.2150767, 38.4156442], [27.2150552, 38.4161991], [27.2151196, 38.416695], [27.215184, 38.4170145], [27.2152483, 38.4174264], [27.2154522, 38.4180064], [27.2154481, 38.4187462], [27.2161174, 38.4183174], [27.2179091, 38.4171321], [27.2194326, 38.4161907], [27.2201514, 38.4158544], [27.2240455, 38.4147449], [27.2248828, 38.413013], [27.2273112, 38.4127865], [27.2288915, 38.4124616], [27.2299254, 38.4118865], [27.2298503, 38.4111383], [27.2297215, 38.41076], [27.2294533, 38.4103481], [27.2293782, 38.4098184], [27.229228, 38.4091123], [27.2290134, 38.4088096], [27.2284984, 38.4080277], [27.2278762, 38.4073636], [27.2274148, 38.4069348], [27.2273934, 38.406464], [27.2305476, 38.4021538], [27.236762, 38.4013339], [27.2350645, 38.3988381]]]]}, "bbox": [27.1859828, 38.3955886, 27.236762, 38.4187462]}, {"id": "61", "type": "Feature", "properties": {"mahalle_adi": "Kemalpaşa Mahallesi", "_gece_lst_str": "22.2°C"}, "geometry": {"type": "MultiPolygon", "coordinates": [[[[27.3047804, 38.4505303], [27.3049307, 38.4502363], [27.3050487, 38.4500262], [27.304759, 38.4499086], [27.3043191, 38.4497406], [27.3054135, 38.44785], [27.3038685, 38.4471358], [27.30389, 38.4468669], [27.3030049, 38.4467283], [27.3019642, 38.4464594], [27.3013258, 38.4463081], [27.3001456, 38.4460182], [27.2997218, 38.4459426], [27.29918, 38.445888], [27.2986221, 38.4458082], [27.2978496, 38.4457535], [27.2966856, 38.4455771], [27.2959831, 38.4454672], [27.2956819, 38.4455857], [27.2953155, 38.4457084], [27.2950255, 38.4458795], [27.2938274, 38.4463774], [27.2935169, 38.446481], [27.2922989, 38.4466687], [27.29191, 38.4466738], [27.290415, 38.4471616], [27.2906153, 38.4473613], [27.2903982, 38.447438], [27.2902013, 38.4475796], [27.2902695, 38.4470204], [27.2887551, 38.4456057], [27.2883422, 38.4452595], [27.2881502, 38.4451244], [27.2879724, 38.4450225], [27.287761, 38.4449206], [27.2874023, 38.4447777], [27.283236, 38.4434526], [27.2829312, 38.443354], [27.2827361, 38.4433158], [27.2824921, 38.4432903], [27.2770282, 38.4424115], [27.2698729, 38.4411633], [27.2696218, 38.4411149], [27.2671258, 38.4406334], [27.257953, 38.438947], [27.2575139, 38.4388833], [27.2571724, 38.4388833], [27.2569285, 38.4388706], [27.2562325, 38.4389217], [27.255165, 38.4389343], [27.253797, 38.4389764], [27.2532821, 38.4389806], [27.2527081, 38.4389638], [27.2521663, 38.4388671], [27.2515118, 38.4387285], [27.2513026, 38.4387158], [27.2510183, 38.4387158], [27.2505033, 38.4387243], [27.2500634, 38.4387411], [27.2492266, 38.4387789], [27.2486418, 38.4387999], [27.2477406, 38.4388461], [27.2472578, 38.4388461], [27.2466999, 38.4387831], [27.2455037, 38.438489], [27.2446132, 38.4382789], [27.243154, 38.4378839], [27.2423225, 38.4376192], [27.2431757, 38.4347145], [27.2434115, 38.4336314], [27.2435708, 38.4336788], [27.2438193, 38.4336819], [27.2440445, 38.4336315], [27.2452891, 38.4329844], [27.2449565, 38.4327743], [27.2447204, 38.4325641], [27.2446239, 38.4323372], [27.2445702, 38.4321775], [27.2444844, 38.4320515], [27.244302, 38.4319842], [27.2440874, 38.431959], [27.2443986, 38.4316229], [27.2444415, 38.4314043], [27.2444522, 38.4311522], [27.2443342, 38.4309589], [27.2441733, 38.4307152], [27.2443235, 38.4305975], [27.2446453, 38.4303538], [27.2446883, 38.4301521], [27.244581, 38.4298999], [27.2444737, 38.4297066], [27.2444522, 38.4294545], [27.2445488, 38.4293032], [27.2446346, 38.4291603], [27.244581, 38.428967], [27.2444748, 38.4287081], [27.244469, 38.4285327], [27.2446076, 38.4282597], [27.2446844, 38.4281901], [27.2451818, 38.4282274], [27.2456485, 38.4282736], [27.2459435, 38.428345], [27.2464156, 38.4284543], [27.2468823, 38.428551], [27.2476494, 38.4286644], [27.247982, 38.4287233], [27.2483736, 38.4287275], [27.2486257, 38.4287275], [27.2487974, 38.4286686], [27.2488189, 38.4287779], [27.2487974, 38.428988], [27.2488511, 38.4290552], [27.2490495, 38.4290805], [27.249425, 38.4292317], [27.2496879, 38.4290805], [27.2498274, 38.4290048], [27.2500849, 38.428925], [27.2504336, 38.4288157], [27.2506106, 38.4288157], [27.2506374, 38.4289166], [27.2507501, 38.428946], [27.2508359, 38.4287653], [27.2509217, 38.4286098], [27.2508734, 38.4284795], [27.2509754, 38.4283408], [27.2510397, 38.4282316], [27.2510934, 38.4281013], [27.2511148, 38.42795], [27.2512114, 38.4278912], [27.251265, 38.4278155], [27.2512436, 38.4277525], [27.2512114, 38.4277063], [27.2512275, 38.4276516], [27.2513348, 38.4276138], [27.2514099, 38.4276012], [27.2515011, 38.427492], [27.2515762, 38.4273449], [27.2516727, 38.4272818], [27.2517961, 38.4272272], [27.2522253, 38.4272482], [27.2525471, 38.4272356], [27.2526759, 38.4271936], [27.2528905, 38.4270675], [27.2530836, 38.4269456], [27.2533303, 38.4268784], [27.2538561, 38.4268448], [27.2539312, 38.42716], [27.2539794, 38.4273239], [27.2540921, 38.4275214], [27.2541994, 38.427618], [27.2547895, 38.4275592], [27.2549236, 38.427597], [27.2552079, 38.4277021], [27.25546, 38.4277441], [27.2560018, 38.4277777], [27.25649, 38.4277861], [27.2573858, 38.4277693], [27.2578579, 38.4277903], [27.2579008, 38.4277147], [27.2586143, 38.4278029], [27.2594619, 38.4279122], [27.2601002, 38.4280341], [27.2605187, 38.4281559], [27.2608244, 38.4282862], [27.2623265, 38.4284249], [27.2626644, 38.4283619], [27.2629327, 38.4283072], [27.2633779, 38.4283198], [27.2637212, 38.4283114], [27.2639465, 38.428219], [27.2645849, 38.4280046], [27.2649389, 38.42795], [27.2655934, 38.4278744], [27.266264, 38.4278786], [27.2665697, 38.4278912], [27.2667253, 38.4279626], [27.2668862, 38.4280719], [27.2670901, 38.4282148], [27.2671705, 38.4284669], [27.2683883, 38.4284795], [27.2695577, 38.4284123], [27.2710812, 38.4282946], [27.2709954, 38.4300344], [27.2721648, 38.4301184], [27.2748041, 38.4303706], [27.275995, 38.4304967], [27.2765744, 38.4305807], [27.2771323, 38.430732], [27.2779047, 38.4311018], [27.2790742, 38.4315724], [27.2793639, 38.431169], [27.2796965, 38.4305639], [27.2798681, 38.430068], [27.2798467, 38.4297234], [27.2797608, 38.4293872], [27.2797286, 38.4290679], [27.279675, 38.4287317], [27.2801041, 38.4285384], [27.2805977, 38.4285384], [27.2811663, 38.4285804], [27.281574, 38.4287149], [27.2820246, 38.4288409], [27.2821963, 38.4288577], [27.2823894, 38.4288998], [27.2828293, 38.4288914], [27.2832155, 38.4288325], [27.2834515, 38.4288073], [27.2836554, 38.4287569], [27.2838807, 38.428656], [27.2838163, 38.4284039], [27.2834086, 38.4279248], [27.2833013, 38.4276979], [27.2833013, 38.427471], [27.2838378, 38.4266809], [27.2843742, 38.4261598], [27.2849536, 38.4257731], [27.2858119, 38.4252688], [27.2865844, 38.4248486], [27.2870779, 38.4247477], [27.2875929, 38.4243611], [27.2878933, 38.4239072], [27.2881293, 38.4235205], [27.2886014, 38.4228481], [27.2893953, 38.4213687], [27.2896957, 38.4212006], [27.2899961, 38.4212679], [27.2903394, 38.4212342], [27.2906828, 38.4209989], [27.2909403, 38.4207131], [27.2911763, 38.4204777], [27.2913909, 38.4199061], [27.2915196, 38.4192841], [27.2919488, 38.4189647], [27.2923136, 38.4187966], [27.2925925, 38.4186789], [27.2929573, 38.4187125], [27.2930646, 38.4188974], [27.2932577, 38.4191832], [27.2937298, 38.4192841], [27.2952533, 38.4192505], [27.2967338, 38.419116], [27.2974419, 38.4190319], [27.298193, 38.4187966], [27.2989654, 38.4182922], [27.299459, 38.417771], [27.2997594, 38.417149], [27.2998023, 38.4164429], [27.2998881, 38.4159889], [27.3001241, 38.4152492], [27.3005533, 38.4145766], [27.3013326, 38.4134279], [27.3018225, 38.4149856], [27.3018027, 38.4168899], [27.3086643, 38.4158628], [27.3089325, 38.4162327], [27.309308, 38.4162747], [27.3098552, 38.4161907], [27.3104775, 38.4159973], [27.3112285, 38.4156947], [27.3119366, 38.4152828], [27.3124194, 38.4151651], [27.3129988, 38.4151062], [27.3134494, 38.4150642], [27.3136854, 38.4149717], [27.3139965, 38.4147868], [27.3141682, 38.4146607], [27.3144472, 38.414501], [27.314769, 38.4141899], [27.31552, 38.4135426], [27.3156702, 38.4132652], [27.3156166, 38.4126936], [27.3158204, 38.4123237], [27.3160994, 38.4119874], [27.316196, 38.4115419], [27.3163783, 38.4111383], [27.3167109, 38.4110038], [27.3171401, 38.4108609], [27.3174727, 38.4106087], [27.318052, 38.4102052], [27.3191142, 38.4099193], [27.3193502, 38.4097512], [27.3194253, 38.4094485], [27.319715, 38.4091963], [27.3200905, 38.4087928], [27.3204446, 38.4082884], [27.3207557, 38.407868], [27.3210883, 38.4075485], [27.3215711, 38.4068507], [27.3219788, 38.4066994], [27.322365, 38.4065733], [27.3226869, 38.4066069], [27.323041, 38.4066069], [27.3232233, 38.406464], [27.3234272, 38.4068003], [27.3237812, 38.4072795], [27.3239851, 38.4077083], [27.3240924, 38.4081202], [27.324307, 38.4083808], [27.3246395, 38.4085322], [27.3249185, 38.4087087], [27.3249936, 38.4089862], [27.3250258, 38.4097764], [27.3250151, 38.4102976], [27.3250151, 38.4106087], [27.3250043, 38.4109366], [27.3251974, 38.4113569], [27.3253584, 38.411525], [27.3256481, 38.4117184], [27.3258734, 38.4119033], [27.3260772, 38.4122396], [27.3262274, 38.4126095], [27.3262918, 38.4129374], [27.3263132, 38.4133745], [27.3262918, 38.4137276], [27.3263132, 38.4141059], [27.326442, 38.4145514], [27.3266137, 38.4150138], [27.3269892, 38.4152239], [27.3272788, 38.4152828], [27.3273325, 38.4155182], [27.3274183, 38.4157451], [27.3276651, 38.4159637], [27.3279118, 38.4161991], [27.3280513, 38.4163588], [27.3280728, 38.4165689], [27.328105, 38.4168716], [27.3283088, 38.4171406], [27.3285019, 38.4173843], [27.3287272, 38.4176113], [27.3290598, 38.4178719], [27.3293602, 38.4181493], [27.3295212, 38.4184183], [27.3297674, 38.4195962], [27.329754, 38.421652], [27.3294713, 38.4244415], [27.3285862, 38.4246943], [27.3276943, 38.4284866], [27.3258007, 38.4318884], [27.3256531, 38.4344452], [27.3233735, 38.4352955], [27.3221612, 38.4349425], [27.3224401, 38.4345643], [27.3220217, 38.4342786], [27.3212707, 38.434682], [27.3209166, 38.4349089], [27.3205197, 38.4352283], [27.3201871, 38.4355056], [27.319833, 38.4356737], [27.3195112, 38.435598], [27.3191249, 38.4354468], [27.3187172, 38.4354552], [27.3183203, 38.4354972], [27.3179662, 38.4356653], [27.3177516, 38.435867], [27.317698, 38.4361779], [27.3177302, 38.4364973], [27.3178482, 38.4367746], [27.3179233, 38.4370351], [27.3178697, 38.4373376], [27.3176443, 38.4375814], [27.317419, 38.4378251], [27.3172581, 38.4382368], [27.3170757, 38.4384301], [27.316829, 38.4386402], [27.3166573, 38.4387495], [27.3165715, 38.438968], [27.3165929, 38.4392117], [27.3166788, 38.4393965], [27.316829, 38.439615], [27.3169362, 38.4397411], [27.3171079, 38.4399176], [27.3173547, 38.4399512], [27.3175907, 38.4400856], [27.3177624, 38.4402621], [27.3180413, 38.4407327], [27.3180628, 38.4414134], [27.318331, 38.4415647], [27.3187709, 38.4420184], [27.318846, 38.4422789], [27.3185715, 38.4428595], [27.3184843, 38.4435654], [27.3181612, 38.4448835], [27.3176806, 38.4455396], [27.317039, 38.4460948], [27.3168745, 38.4473109], [27.3159492, 38.4472198], [27.3155415, 38.4473459], [27.3155307, 38.4475475], [27.3141789, 38.4479088], [27.3139322, 38.4476483], [27.3134668, 38.4478017], [27.3129773, 38.4481693], [27.3117757, 38.4482281], [27.3117435, 38.4476315], [27.312634, 38.4465224], [27.3117542, 38.4466736], [27.3108745, 38.4477576], [27.3111212, 38.4483038], [27.3108208, 38.4488331], [27.3100162, 38.4495053], [27.3098445, 38.4493793], [27.3078275, 38.4497742], [27.3069799, 38.4500262], [27.3069001, 38.4502099], [27.3067975, 38.4503959], [27.3066688, 38.4505556], [27.3065616, 38.4506479], [27.306422, 38.4507489], [27.3058534, 38.4508664], [27.3056066, 38.4507068], [27.3053813, 38.4503876], [27.3049428, 38.4505371], [27.3047804, 38.4505303]]]]}, "bbox": [27.2423225, 38.406464, 27.3297674, 38.4508664]}, {"id": "67", "type": "Feature", "properties": {"mahalle_adi": "Egemenlik Mahallesi", "_gece_lst_str": "23.1°C"}, "geometry": {"type": "MultiPolygon", "coordinates": [[[[27.2305476, 38.4021538], [27.2310358, 38.4031572], [27.2316796, 38.4041829], [27.2328168, 38.4056963], [27.2361213, 38.4091265], [27.2373015, 38.4108751], [27.238031, 38.4126069], [27.2383529, 38.4145404], [27.2378379, 38.421198], [27.2376019, 38.4226942], [27.2370869, 38.4242576], [27.2361152, 38.4241471], [27.2357565, 38.4241063], [27.2354484, 38.4241015], [27.2349388, 38.4242014], [27.233608, 38.4244786], [27.232249, 38.4244454], [27.2317535, 38.424523], [27.2302812, 38.4255655], [27.2299807, 38.4259273], [27.2297205, 38.4257426], [27.2296229, 38.4256343], [27.2295986, 38.4255005], [27.2295579, 38.4253795], [27.2293628, 38.4251565], [27.2292001, 38.4250482], [27.2287042, 38.4249399], [27.2284521, 38.4248062], [27.2286105, 38.4268462], [27.2287787, 38.4272194], [27.2285452, 38.4272925], [27.2275372, 38.4283555], [27.2270935, 38.4292341], [27.2266991, 38.4295913], [27.2238314, 38.430837], [27.2244805, 38.4309715], [27.2253442, 38.4312068], [27.2257626, 38.4313455], [27.2261703, 38.4314758], [27.2265458, 38.4316229], [27.2270232, 38.4318035], [27.228182, 38.432249], [27.2293031, 38.4326272], [27.2306549, 38.432997], [27.2310251, 38.433144], [27.2313791, 38.4333499], [27.231818, 38.4336557], [27.2325256, 38.434188], [27.2330673, 38.4345013], [27.2337467, 38.434828], [27.2350269, 38.4354471], [27.2352586, 38.4355609], [27.2355117, 38.4356557], [27.23682, 38.4360827], [27.2405056, 38.4371094], [27.2423225, 38.4376192], [27.2431757, 38.4347145], [27.2434115, 38.4336314], [27.2434853, 38.4329554], [27.2435394, 38.4324595], [27.2436749, 38.4314845], [27.2438598, 38.4298239], [27.2439091, 38.4291481], [27.2439214, 38.4288295], [27.2438968, 38.428453], [27.2438475, 38.427391], [27.2445006, 38.4274103], [27.2446132, 38.4273953], [27.2445273, 38.4272524], [27.2444951, 38.4271011], [27.2446024, 38.4267985], [27.2445273, 38.42658], [27.2444844, 38.4263951], [27.2449243, 38.4256807], [27.2452354, 38.4253361], [27.2453964, 38.4251596], [27.2455037, 38.4249242], [27.2454286, 38.4247477], [27.2452462, 38.4246132], [27.2450423, 38.4244367], [27.2449887, 38.4241593], [27.2448599, 38.4239492], [27.2447956, 38.4238231], [27.244935, 38.4232263], [27.2450316, 38.422949], [27.2450209, 38.4227388], [27.2451818, 38.4224951], [27.2452891, 38.4223185], [27.2453749, 38.4220075], [27.2450852, 38.4216965], [27.2449672, 38.4213855], [27.2450745, 38.4210073], [27.2449779, 38.4207971], [27.2449565, 38.4204525], [27.2449565, 38.4200826], [27.2448063, 38.419738], [27.2442806, 38.4187965], [27.2464049, 38.417233], [27.2467375, 38.4171321], [27.2477567, 38.4169556], [27.2487116, 38.4167539], [27.2492266, 38.4166026], [27.2495484, 38.4164512], [27.2499347, 38.4162243], [27.2502243, 38.4159385], [27.2506857, 38.4149886], [27.2537676, 38.4133863], [27.2550066, 38.4125255], [27.2544837, 38.4080361], [27.2555137, 38.404875], [27.2554922, 38.4045471], [27.2551596, 38.4041856], [27.2549236, 38.4039754], [27.2545159, 38.403782], [27.2541726, 38.4036727], [27.253679, 38.4037063], [27.2529817, 38.4037736], [27.2523165, 38.403967], [27.2520697, 38.4040594], [27.2509003, 38.4033196], [27.2499867, 38.4019177], [27.248615, 38.4013269], [27.2391951, 38.3986027], [27.2380686, 38.3973582], [27.2361052, 38.3967654], [27.2360998, 38.3975642], [27.2353327, 38.3982579], [27.2350645, 38.3988381], [27.236762, 38.4013339], [27.2305476, 38.4021538]]]]}, "bbox": [27.2238314, 38.3967654, 27.2555137, 38.4376192]}, {"id": "68", "type": "Feature", "properties": {"mahalle_adi": "Laka Mahallesi", "_gece_lst_str": "22.7°C"}, "geometry": {"type": "MultiPolygon", "coordinates": [[[[27.1787, 38.512], [27.1797156, 38.5120878], [27.1826923, 38.5123835], [27.1835122, 38.512704], [27.1849584, 38.5123585], [27.1886548, 38.5059815], [27.1944857, 38.5017674], [27.1960649, 38.490181], [27.1957862, 38.4849419], [27.1956092, 38.4847908], [27.1954912, 38.4846774], [27.1929504, 38.484161], [27.1907857, 38.4826093], [27.1893597, 38.4810807], [27.189306, 38.481318], [27.1890861, 38.4812676], [27.1889788, 38.4811878], [27.1889251, 38.4810954], [27.1888179, 38.4810198], [27.1886167, 38.481066], [27.1879944, 38.4800897], [27.1878442, 38.4801296], [27.1875626, 38.4801673], [27.1871951, 38.4801632], [27.1870047, 38.4800939], [27.1864924, 38.4800708], [27.1861839, 38.4800477], [27.1857436, 38.4800627], [27.1852733, 38.4805425], [27.1849671, 38.4810435], [27.1845006, 38.4813076], [27.1845671, 38.4822175], [27.1851151, 38.4828648], [27.1850028, 38.4830251], [27.1843883, 38.4856907], [27.184239, 38.4856814], [27.1839983, 38.48588], [27.1838513, 38.486058], [27.1834536, 38.4861179], [27.1830656, 38.4860051], [27.1827264, 38.4860832], [27.182646, 38.4862648], [27.1822216, 38.4864957], [27.1821387, 38.4870575], [27.1820189, 38.4871918], [27.1818524, 38.4871436], [27.1812766, 38.4871536], [27.1811074, 38.4872907], [27.1810413, 38.4875515], [27.1809029, 38.4876496], [27.180586, 38.4876571], [27.1804221, 38.4877239], [27.1800985, 38.4877854], [27.1796271, 38.4876601], [27.1795325, 38.4875855], [27.179373, 38.487599], [27.1792343, 38.4876451], [27.179045, 38.4878224], [27.1785418, 38.487949], [27.1788454, 38.4882197], [27.1796896, 38.4886916], [27.180849, 38.4891606], [27.1812434, 38.4894243], [27.1825648, 38.4901081], [27.1830334, 38.490479], [27.183491, 38.4910598], [27.1836573, 38.4913159], [27.1838289, 38.491677], [27.183845, 38.4920129], [27.1837914, 38.4925251], [27.1841, 38.4945], [27.1824, 38.4953], [27.1816, 38.4978], [27.1822, 38.5001], [27.1758, 38.5065], [27.175, 38.5087], [27.1787, 38.512]]]]}, "bbox": [27.175, 38.4800477, 27.1960649, 38.512704]}, {"id": "73", "type": "Feature", "properties": {"mahalle_adi": "Gökdere Mahallesi", "_gece_lst_str": "22.2°C"}, "geometry": {"type": "MultiPolygon", "coordinates": [[[[27.2114456, 38.3987149], [27.211132, 38.3986556], [27.2107208, 38.3983924], [27.2103882, 38.3979636], [27.2109869, 38.3968951], [27.2126949, 38.3964922], [27.2128907, 38.3954684], [27.2133198, 38.3952435], [27.2142934, 38.3941335], [27.2151613, 38.3940262], [27.2158395, 38.3929523], [27.2162893, 38.3914499], [27.2162418, 38.3907349], [27.2159685, 38.3904851], [27.2162676, 38.3897734], [27.217056, 38.3895893], [27.2170529, 38.3885524], [27.2168934, 38.388203], [27.2168233, 38.3877305], [27.215866, 38.3873454], [27.215538, 38.3867292], [27.2154069, 38.3862405], [27.215142, 38.385958], [27.2151349, 38.385827], [27.2149586, 38.3858294], [27.2146583, 38.3854845], [27.2146636, 38.385392], [27.2149372, 38.3852575], [27.2150391, 38.3852196], [27.2151571, 38.3851271], [27.2152162, 38.3849673], [27.2154146, 38.3847781], [27.2158105, 38.3846404], [27.2161587, 38.3845753], [27.2166364, 38.384182], [27.2169596, 38.3840843], [27.2176784, 38.383874], [27.2184241, 38.3837899], [27.2194004, 38.3835629], [27.2208353, 38.3825149], [27.2218794, 38.3833127], [27.2218757, 38.3836452], [27.2225332, 38.3839372], [27.2238335, 38.3837148], [27.2244859, 38.3839708], [27.2251012, 38.3833714], [27.2257304, 38.3831802], [27.2260523, 38.3824402], [27.2255158, 38.381986], [27.2254085, 38.3817842], [27.2257519, 38.3815487], [27.2257897, 38.380939], [27.2260743, 38.3803242], [27.2268604, 38.3784231], [27.2273647, 38.3780685], [27.2276182, 38.3778579], [27.2277345, 38.3774822], [27.2278011, 38.3767294], [27.2282329, 38.3755288], [27.2300177, 38.3713911], [27.23382, 38.3684359], [27.2349036, 38.3681583], [27.2352294, 38.367907], [27.2355688, 38.3676452], [27.2366467, 38.3664816], [27.2371888, 38.3658366], [27.237339, 38.3654076], [27.2372103, 38.364743], [27.2373419, 38.3642189], [27.2376339, 38.3639661], [27.2381759, 38.3637335], [27.2396826, 38.3641579], [27.2401607, 38.3640952], [27.2403217, 38.364499], [27.2409439, 38.3646421], [27.2402787, 38.3648944], [27.2397208, 38.3654748], [27.2395491, 38.3661731], [27.240386, 38.3662908], [27.2407615, 38.3666778], [27.2409761, 38.3665432], [27.2413248, 38.3669512], [27.2419417, 38.3671825], [27.241652, 38.3674601], [27.2417807, 38.3677125], [27.2428536, 38.367805], [27.2431111, 38.3677798], [27.2437656, 38.3681331], [27.2454717, 38.3683411], [27.246043, 38.3678411], [27.2474245, 38.3679297], [27.2475782, 38.3688439], [27.2472417, 38.3692855], [27.2466815, 38.3692932], [27.2464156, 38.3698406], [27.2457885, 38.3702129], [27.2472509, 38.3708019], [27.2487502, 38.3709775], [27.2489087, 38.370852], [27.2491672, 38.3733899], [27.2509885, 38.3747447], [27.2519891, 38.3751358], [27.2525361, 38.3757067], [27.2590422, 38.3788746], [27.2574279, 38.3803811], [27.2560912, 38.3816229], [27.2527299, 38.3816123], [27.2425763, 38.3810438], [27.2426009, 38.3816337], [27.2384254, 38.3826433], [27.2382467, 38.3835375], [27.2403335, 38.3895935], [27.2388133, 38.3900971], [27.2361052, 38.3967654], [27.2360998, 38.3975642], [27.2353327, 38.3982579], [27.2350645, 38.3988381], [27.2341096, 38.3989474], [27.2332084, 38.3985186], [27.2331306, 38.3978335], [27.2328309, 38.3974575], [27.2327547, 38.3975739], [27.2326037, 38.3975355], [27.2326, 38.3973597], [27.2325194, 38.3971449], [27.2318586, 38.3966965], [27.2317689, 38.3966732], [27.2316703, 38.3962844], [27.2314961, 38.3962603], [27.2313651, 38.3963924], [27.2312852, 38.3963709], [27.2310588, 38.3961829], [27.2307985, 38.3961518], [27.2306564, 38.3959558], [27.2303155, 38.3959878], [27.2301089, 38.3961751], [27.2300429, 38.3962005], [27.2298919, 38.3963702], [27.2296184, 38.3959874], [27.2292582, 38.3959226], [27.229048, 38.3955886], [27.2286296, 38.3957006], [27.2283538, 38.3959311], [27.2282828, 38.3959299], [27.2282362, 38.3961095], [27.2279992, 38.3959097], [27.2278138, 38.3958142], [27.2276531, 38.3959433], [27.2266954, 38.3962078], [27.2266653, 38.3963245], [27.2265674, 38.3964192], [27.2263265, 38.3964857], [27.225784, 38.3965248], [27.2255117, 38.396625], [27.2253708, 38.3967105], [27.2252783, 38.3966711], [27.2250986, 38.3966873], [27.2248801, 38.3965676], [27.2243697, 38.3965936], [27.223645, 38.3967811], [27.223426, 38.3967588], [27.22318, 38.396799], [27.223003, 38.3968522], [27.2226987, 38.3968778], [27.2225195, 38.3969237], [27.2220737, 38.3969363], [27.2214404, 38.3971526], [27.2212895, 38.3972765], [27.2210896, 38.3972047], [27.2208961, 38.397374], [27.2207686, 38.3974329], [27.2205608, 38.3974366], [27.2202088, 38.3974057], [27.2196818, 38.3976698], [27.2181953, 38.3979976], [27.2173538, 38.3979679], [27.2166759, 38.3982021], [27.2155499, 38.3979453], [27.2148175, 38.3976233], [27.2124029, 38.3978457], [27.2114456, 38.3987149]]]]}, "bbox": [27.2103882, 38.3637335, 27.2590422, 38.3989474]}, {"id": "101", "type": "Feature", "properties": {"mahalle_adi": "Gürpınar Mahallesi", "_gece_lst_str": "22.1°C"}, "geometry": {"type": "MultiPolygon", "coordinates": [[[[27.2434115, 38.4336314], [27.2434853, 38.4329554], [27.2435394, 38.4324595], [27.2436749, 38.4314845], [27.2438598, 38.4298239], [27.2439091, 38.4291481], [27.2439214, 38.4288295], [27.2438968, 38.428453], [27.2438475, 38.427391], [27.2445006, 38.4274103], [27.2446132, 38.4273953], [27.2445273, 38.4272524], [27.2444951, 38.4271011], [27.2446024, 38.4267985], [27.2445273, 38.42658], [27.2444844, 38.4263951], [27.2449243, 38.4256807], [27.2452354, 38.4253361], [27.2453964, 38.4251596], [27.2455037, 38.4249242], [27.2454286, 38.4247477], [27.2452462, 38.4246132], [27.2450423, 38.4244367], [27.2449887, 38.4241593], [27.2448599, 38.4239492], [27.2447956, 38.4238231], [27.244935, 38.4232263], [27.2450316, 38.422949], [27.2450209, 38.4227388], [27.2451818, 38.4224951], [27.2452891, 38.4223185], [27.2453749, 38.4220075], [27.2450852, 38.4216965], [27.2449672, 38.4213855], [27.2450745, 38.4210073], [27.2449779, 38.4207971], [27.2449565, 38.4204525], [27.2449565, 38.4200826], [27.2448063, 38.419738], [27.2442806, 38.4187965], [27.2464049, 38.417233], [27.2467375, 38.4171321], [27.2477567, 38.4169556], [27.2487116, 38.4167539], [27.2492266, 38.4166026], [27.2495484, 38.4164512], [27.2499347, 38.4162243], [27.2502243, 38.4159385], [27.2506857, 38.4149886], [27.2537676, 38.4133863], [27.2550066, 38.4125255], [27.2544837, 38.4080361], [27.2555137, 38.404875], [27.2554922, 38.4045471], [27.2551596, 38.4041856], [27.2549236, 38.4039754], [27.2545159, 38.403782], [27.2541726, 38.4036727], [27.253679, 38.4037063], [27.2529817, 38.4037736], [27.2523165, 38.403967], [27.2520697, 38.4040594], [27.2509003, 38.4033196], [27.2499867, 38.4019177], [27.248615, 38.4013269], [27.2391951, 38.3986027], [27.2380686, 38.3973582], [27.2361052, 38.3967654], [27.2388133, 38.3900971], [27.2403335, 38.3895935], [27.2382467, 38.3835375], [27.2384254, 38.3826433], [27.2426009, 38.3816337], [27.2425763, 38.3810438], [27.2527299, 38.3816123], [27.2560912, 38.3816229], [27.2574279, 38.3803811], [27.260437, 38.38532], [27.2608766, 38.3873603], [27.2616131, 38.3912105], [27.2619354, 38.3918572], [27.2620044, 38.3961637], [27.2626038, 38.3977367], [27.2632599, 38.3992081], [27.2646346, 38.4010849], [27.2665214, 38.4019155], [27.2711777, 38.4030757], [27.2743749, 38.4039838], [27.2795892, 38.4056148], [27.2837305, 38.4063547], [27.2882829, 38.4065093], [27.2946047, 38.4071407], [27.2972488, 38.4078008], [27.2983861, 38.4083388], [27.2993054, 38.4089283], [27.3001657, 38.4106169], [27.3006177, 38.411483], [27.3010095, 38.4124006], [27.3013326, 38.4134279], [27.3005533, 38.4145766], [27.3001241, 38.4152492], [27.2998881, 38.4159889], [27.2998023, 38.4164429], [27.2997594, 38.417149], [27.299459, 38.417771], [27.2989654, 38.4182922], [27.298193, 38.4187966], [27.2974419, 38.4190319], [27.2967338, 38.419116], [27.2952533, 38.4192505], [27.2937298, 38.4192841], [27.2932577, 38.4191832], [27.2930646, 38.4188974], [27.2929573, 38.4187125], [27.2925925, 38.4186789], [27.2923136, 38.4187966], [27.2919488, 38.4189647], [27.2915196, 38.4192841], [27.2913909, 38.4199061], [27.2911763, 38.4204777], [27.2909403, 38.4207131], [27.2906828, 38.4209989], [27.2903394, 38.4212342], [27.2899961, 38.4212679], [27.2896957, 38.4212006], [27.2893953, 38.4213687], [27.2886014, 38.4228481], [27.2881293, 38.4235205], [27.2878933, 38.4239072], [27.2875929, 38.4243611], [27.2870779, 38.4247477], [27.2865844, 38.4248486], [27.2858119, 38.4252688], [27.2849536, 38.4257731], [27.2843742, 38.4261598], [27.2838378, 38.4266809], [27.2833013, 38.427471], [27.2833013, 38.4276979], [27.2834086, 38.4279248], [27.2838163, 38.4284039], [27.2838807, 38.428656], [27.2836554, 38.4287569], [27.2834515, 38.4288073], [27.2832155, 38.4288325], [27.2828293, 38.4288914], [27.2823894, 38.4288998], [27.2821963, 38.4288577], [27.2820246, 38.4288409], [27.281574, 38.4287149], [27.2811663, 38.4285804], [27.2805977, 38.4285384], [27.2801041, 38.4285384], [27.279675, 38.4287317], [27.2797286, 38.4290679], [27.2797608, 38.4293872], [27.2798467, 38.4297234], [27.2798681, 38.430068], [27.2796965, 38.4305639], [27.2793639, 38.431169], [27.2790742, 38.4315724], [27.2779047, 38.4311018], [27.2771323, 38.430732], [27.2765744, 38.4305807], [27.275995, 38.4304967], [27.2748041, 38.4303706], [27.2721648, 38.4301184], [27.2709954, 38.4300344], [27.2710812, 38.4282946], [27.2695577, 38.4284123], [27.2683883, 38.4284795], [27.2671705, 38.4284669], [27.2670901, 38.4282148], [27.2668862, 38.4280719], [27.2667253, 38.4279626], [27.2665697, 38.4278912], [27.266264, 38.4278786], [27.2655934, 38.4278744], [27.2649389, 38.42795], [27.2645849, 38.4280046], [27.2639465, 38.428219], [27.2637212, 38.4283114], [27.2633779, 38.4283198], [27.2629327, 38.4283072], [27.2626644, 38.4283619], [27.2623265, 38.4284249], [27.2608244, 38.4282862], [27.2605187, 38.4281559], [27.2601002, 38.4280341], [27.2594619, 38.4279122], [27.2586143, 38.4278029], [27.2579008, 38.4277147], [27.2578579, 38.4277903], [27.2573858, 38.4277693], [27.25649, 38.4277861], [27.2560018, 38.4277777], [27.25546, 38.4277441], [27.2552079, 38.4277021], [27.2549236, 38.427597], [27.2547895, 38.4275592], [27.2541994, 38.427618], [27.2540921, 38.4275214], [27.2539794, 38.4273239], [27.2539312, 38.42716], [27.2538561, 38.4268448], [27.2533303, 38.4268784], [27.2530836, 38.4269456], [27.2528905, 38.4270675], [27.2526759, 38.4271936], [27.2525471, 38.4272356], [27.2522253, 38.4272482], [27.2517961, 38.4272272], [27.2516727, 38.4272818], [27.2515762, 38.4273449], [27.2515011, 38.427492], [27.2514099, 38.4276012], [27.2513348, 38.4276138], [27.2512275, 38.4276516], [27.2512114, 38.4277063], [27.2512436, 38.4277525], [27.251265, 38.4278155], [27.2512114, 38.4278912], [27.2511148, 38.42795], [27.2510934, 38.4281013], [27.2510397, 38.4282316], [27.2509754, 38.4283408], [27.2508734, 38.4284795], [27.2509217, 38.4286098], [27.2508359, 38.4287653], [27.2507501, 38.428946], [27.2506374, 38.4289166], [27.2506106, 38.4288157], [27.2504336, 38.4288157], [27.2500849, 38.428925], [27.2498274, 38.4290048], [27.2496879, 38.4290805], [27.249425, 38.4292317], [27.2490495, 38.4290805], [27.2488511, 38.4290552], [27.2487974, 38.428988], [27.2488189, 38.4287779], [27.2487974, 38.4286686], [27.2486257, 38.4287275], [27.2483736, 38.4287275], [27.247982, 38.4287233], [27.2476494, 38.4286644], [27.2468823, 38.428551], [27.2464156, 38.4284543], [27.2459435, 38.428345], [27.2456485, 38.4282736], [27.2451818, 38.4282274], [27.2446844, 38.4281901], [27.2446076, 38.4282597], [27.244469, 38.4285327], [27.2444748, 38.4287081], [27.244581, 38.428967], [27.2446346, 38.4291603], [27.2445488, 38.4293032], [27.2444522, 38.4294545], [27.2444737, 38.4297066], [27.244581, 38.4298999], [27.2446883, 38.4301521], [27.2446453, 38.4303538], [27.2443235, 38.4305975], [27.2441733, 38.4307152], [27.2443342, 38.4309589], [27.2444522, 38.4311522], [27.2444415, 38.4314043], [27.2443986, 38.4316229], [27.2440874, 38.431959], [27.244302, 38.4319842], [27.2444844, 38.4320515], [27.2445702, 38.4321775], [27.2446239, 38.4323372], [27.2447204, 38.4325641], [27.2449565, 38.4327743], [27.2452891, 38.4329844], [27.2440445, 38.4336315], [27.2438193, 38.4336819], [27.2435708, 38.4336788], [27.2434115, 38.4336314]]]]}, "bbox": [27.2361052, 38.3803811, 27.3013326, 38.4336819]}, {"id": "103", "type": "Feature", "properties": {"mahalle_adi": "Naldöken Mahallesi", "_gece_lst_str": "22.6°C"}, "geometry": {"type": "MultiPolygon", "coordinates": [[[[27.3137726, 38.4642803], [27.3080901, 38.4599343], [27.307634, 38.4597913], [27.3080168, 38.4586733], [27.3077267, 38.4585824], [27.3075212, 38.4583405], [27.3067363, 38.4581606], [27.3068605, 38.4580606], [27.3050932, 38.4571412], [27.3047225, 38.4568118], [27.3043673, 38.4562667], [27.3033241, 38.4554032], [27.3026876, 38.4548507], [27.3025199, 38.4549215], [27.3000123, 38.4543366], [27.2995236, 38.4543097], [27.2991371, 38.4541161], [27.2986812, 38.4540798], [27.2981016, 38.4539619], [27.2976458, 38.4538083], [27.2969775, 38.4540867], [27.2965388, 38.4541202], [27.2960452, 38.4540265], [27.2945444, 38.4536398], [27.2940762, 38.4531547], [27.2934302, 38.4531534], [27.2926509, 38.4528464], [27.2924286, 38.4526406], [27.2920234, 38.4514727], [27.290035, 38.4505629], [27.2901989, 38.4503201], [27.2900495, 38.4501738], [27.2898479, 38.4501793], [27.2896758, 38.45016], [27.2894827, 38.4501095], [27.2885171, 38.4497398], [27.2873584, 38.4496054], [27.2799769, 38.450244], [27.2705999, 38.4513363], [27.2696786, 38.4514361], [27.2689305, 38.4515507], [27.2682963, 38.4516781], [27.2679223, 38.4517672], [27.267467, 38.4518818], [27.2668815, 38.4520729], [27.266475, 38.4522002], [27.2657432, 38.4524422], [27.2632714, 38.4533336], [27.2610435, 38.4541614], [27.25958, 38.454709], [27.2569786, 38.4556515], [27.2549665, 38.4563781], [27.2550309, 38.4567226], [27.255106, 38.4569242], [27.2552025, 38.4571174], [27.2553313, 38.457277], [27.2554386, 38.4575207], [27.2554493, 38.4576299], [27.2554815, 38.457882], [27.2554922, 38.4581928], [27.2556317, 38.4585541], [27.2560179, 38.4595118], [27.2562754, 38.4600747], [27.2568869, 38.4619565], [27.2573805, 38.4632922], [27.2576594, 38.4641575], [27.2577345, 38.4645775], [27.2577453, 38.4650228], [27.2574448, 38.464964], [27.2572625, 38.4653882], [27.2573644, 38.4656066], [27.2568977, 38.4657662], [27.2572946, 38.4659804], [27.2576165, 38.4661358], [27.2579813, 38.4663542], [27.2583407, 38.4665643], [27.2587591, 38.4668121], [27.2591776, 38.4670641], [27.2595048, 38.4673203], [27.2597516, 38.4676017], [27.2598535, 38.4677613], [27.2600037, 38.4679545], [27.2603148, 38.4683787], [27.2605669, 38.4686055], [27.2607708, 38.4687735], [27.2611088, 38.4690717], [27.2614843, 38.4693657], [27.2618812, 38.4697101], [27.2624779, 38.4707038], [27.2627395, 38.4707349], [27.2631419, 38.4706425], [27.2634852, 38.4707517], [27.263732, 38.4709617], [27.2639465, 38.4710961], [27.2648585, 38.4716505], [27.2650462, 38.4718101], [27.2651321, 38.4719151], [27.2652769, 38.4720369], [27.2704363, 38.4747198], [27.272522, 38.4762985], [27.2790779, 38.480706], [27.2842383, 38.485985], [27.2890305, 38.4849377], [27.2896314, 38.4844842], [27.2926941, 38.4863942], [27.2933413, 38.4833536], [27.2925603, 38.4826954], [27.2923028, 38.4825022], [27.2919273, 38.4821831], [27.2917664, 38.4819479], [27.2917128, 38.4815868], [27.2917235, 38.4812424], [27.2930449, 38.4775446], [27.2952181, 38.4751079], [27.3011846, 38.4717141], [27.3039499, 38.4695797], [27.3071714, 38.4678552], [27.3102545, 38.4657019], [27.3137726, 38.4642803]]]]}, "bbox": [27.2549665, 38.4496054, 27.3137726, 38.4863942]}, {"id": "105", "type": "Feature", "properties": {"mahalle_adi": "Siteler Mahallesi", "_gece_lst_str": "22.2°C"}, "geometry": {"type": "MultiPolygon", "coordinates": [[[[26.874522, 38.3698238], [26.875155, 38.3725071], [26.8753803, 38.3736594], [26.8754876, 38.3745173], [26.8755305, 38.3751734], [26.8755038, 38.3757352], [26.8741295, 38.3754822], [26.8695375, 38.3747688], [26.8671537, 38.3743243], [26.8670189, 38.3743403], [26.8669437, 38.3743492], [26.8669115, 38.3744838], [26.8663643, 38.3743613], [26.8662615, 38.3744084], [26.8661658, 38.3747596], [26.8661283, 38.3748983], [26.8660846, 38.3749295], [26.8660095, 38.3749295], [26.8659574, 38.3748857], [26.8660058, 38.3748178], [26.8660594, 38.374461], [26.8656909, 38.3743843], [26.8656488, 38.3743033], [26.8654382, 38.3742973], [26.8651357, 38.3742763], [26.8637993, 38.3740603], [26.8637358, 38.374395], [26.8641762, 38.3748209], [26.8648863, 38.374971], [26.8649737, 38.3750221], [26.866129, 38.3752679], [26.86629, 38.3753015], [26.86629, 38.3754025], [26.8661719, 38.3754529], [26.8659895, 38.3754025], [26.8657084, 38.3753442], [26.8642178, 38.3750197], [26.8639388, 38.3749188], [26.8637457, 38.3747842], [26.8635442, 38.3745704], [26.8635074, 38.3744785], [26.8635051, 38.3740255], [26.8624475, 38.3737833], [26.8611064, 38.3735225], [26.8595966, 38.373222], [26.8592273, 38.3731745], [26.8591048, 38.3731956], [26.8589516, 38.3733036], [26.8587831, 38.3733697], [26.8583198, 38.3733697], [26.858293, 38.3734988], [26.8577569, 38.3733967], [26.8572897, 38.3734105], [26.8563659, 38.3735004], [26.8555902, 38.3736379], [26.8550148, 38.3735753], [26.8549131, 38.3735491], [26.855135, 38.3732725], [26.8558732, 38.3724208], [26.856063, 38.3721412], [26.8560791, 38.3719687], [26.856181, 38.3718005], [26.8563215, 38.371688], [26.8563795, 38.3715881], [26.8565941, 38.3713505], [26.8567452, 38.3711594], [26.8568033, 38.3710224], [26.8568087, 38.3707995], [26.8568489, 38.3704736], [26.8568676, 38.3703643], [26.8569079, 38.3702381], [26.856932, 38.3701455], [26.8569294, 38.3700131], [26.8568408, 38.3699121], [26.8567952, 38.3697965], [26.8567827, 38.3695029], [26.8568408, 38.369092], [26.8568033, 38.3687429], [26.8569481, 38.3686882], [26.8571788, 38.3685999], [26.8573397, 38.3684948], [26.8574363, 38.3683644], [26.8574202, 38.368112], [26.8572602, 38.3677959], [26.8573826, 38.3677082], [26.8574685, 38.3675526], [26.857506, 38.3674012], [26.8575114, 38.3670774], [26.8574631, 38.3667998], [26.8574631, 38.3661689], [26.8573183, 38.3658492], [26.8573386, 38.3656575], [26.8575329, 38.3654496], [26.8574792, 38.3654034], [26.8578011, 38.3651173], [26.8581965, 38.3648443], [26.8583273, 38.364721], [26.8586808, 38.3643392], [26.8593997, 38.3644107], [26.8597859, 38.3644906], [26.860097, 38.3644906], [26.8603331, 38.3643855], [26.8603706, 38.3642761], [26.8604833, 38.3641037], [26.860612, 38.3638177], [26.8609393, 38.3629217], [26.8611163, 38.3626063], [26.8613094, 38.3622782], [26.8614113, 38.3620552], [26.8615401, 38.3619249], [26.8615562, 38.3617903], [26.8615079, 38.3616767], [26.8613738, 38.3615], [26.8612182, 38.3613149], [26.8609822, 38.3609111], [26.8609875, 38.3606167], [26.8609285, 38.3604442], [26.8608963, 38.3603054], [26.8610144, 38.3600867], [26.861127, 38.3598259], [26.8612772, 38.359523], [26.8622804, 38.3608985], [26.8626988, 38.3614538], [26.8634176, 38.3622866], [26.8639648, 38.3628755], [26.864469, 38.3634643], [26.8657029, 38.3647682], [26.8663037, 38.3653823], [26.8670225, 38.3660132], [26.8676019, 38.366518], [26.8688679, 38.3674349], [26.869576, 38.367847], [26.8701982, 38.3681835], [26.8710136, 38.3685873], [26.8716895, 38.3688817], [26.8727624, 38.3693023], [26.873889, 38.369664], [26.874522, 38.3698238]]]]}, "bbox": [26.8549131, 38.359523, 26.8755305, 38.3757352]}, {"id": "107", "type": "Feature", "properties": {"mahalle_adi": "Teleferik Mahallesi", "_gece_lst_str": "23.1°C"}, "geometry": {"type": "MultiPolygon", "coordinates": [[[[27.0347356, 38.3821963], [27.0352185, 38.3827177], [27.0356583, 38.3833821], [27.0360446, 38.3837858], [27.036581, 38.3845174], [27.0368385, 38.3852743], [27.0372033, 38.3860648], [27.0375895, 38.3868049], [27.0379436, 38.3873095], [27.0385766, 38.3877552], [27.0391452, 38.3877173], [27.0397621, 38.3876206], [27.0401752, 38.3875365], [27.0405883, 38.3875239], [27.0415324, 38.3874692], [27.042042, 38.3874566], [27.0424122, 38.3874777], [27.0435601, 38.3876332], [27.0441502, 38.3876416], [27.0447403, 38.3876501], [27.0457971, 38.3876122], [27.0460868, 38.3875996], [27.0466125, 38.3874903], [27.0468807, 38.3874356], [27.0474708, 38.3873221], [27.048887, 38.3870488], [27.049402, 38.3869689], [27.0505232, 38.3868385], [27.0508397, 38.3868133], [27.051183, 38.386746], [27.051993, 38.3864853], [27.0529211, 38.3861784], [27.0558393, 38.3853416], [27.0566118, 38.3850557], [27.0574164, 38.3847865], [27.0583028, 38.3844844], [27.058264, 38.3843156], [27.0581889, 38.3839287], [27.0582211, 38.3834746], [27.0581353, 38.3828607], [27.0585108, 38.382684], [27.058661, 38.3824906], [27.0587575, 38.381843], [27.0588541, 38.3812795], [27.0594549, 38.3784873], [27.0599913, 38.3715229], [27.0593369, 38.3681172], [27.0578885, 38.3686125], [27.0558714, 38.3670143], [27.0559197, 38.3666484], [27.0554239, 38.366436], [27.054525, 38.3665096], [27.0537685, 38.3664507], [27.0520681, 38.3676494], [27.0507162, 38.367111], [27.0502484, 38.3671671], [27.0501767, 38.3671757], [27.0497345, 38.3672288], [27.0476478, 38.3671194], [27.0460224, 38.3677377], [27.0447011, 38.3679532], [27.0434047, 38.3689678], [27.042396, 38.3693864], [27.0414734, 38.3695715], [27.0395636, 38.3699248], [27.0389487, 38.3710651], [27.0386302, 38.3726753], [27.0380904, 38.373671], [27.0378792, 38.3745426], [27.0374221, 38.3754769], [27.0390179, 38.3761112], [27.0377827, 38.3767126], [27.0377827, 38.3776462], [27.0383084, 38.3778312], [27.0381904, 38.3780583], [27.0378256, 38.3781508], [27.0374071, 38.3784536], [27.037214, 38.3786387], [27.0371604, 38.379076], [27.0375788, 38.38006], [27.0367097, 38.3797236], [27.0362699, 38.3796395], [27.0357227, 38.3796227], [27.0352935, 38.3797489], [27.0349441, 38.3799264], [27.0349878, 38.3806025], [27.0350629, 38.3807202], [27.0352024, 38.3809053], [27.0352346, 38.3811534], [27.0352453, 38.3815192], [27.0352721, 38.3817799], [27.0352399, 38.3819229], [27.0351058, 38.3820533], [27.0347356, 38.3821963]]]]}, "bbox": [27.0347356, 38.366436, 27.0599913, 38.3877552]}, {"id": "108", "type": "Feature", "properties": {"mahalle_adi": "Çetin Emeç Mahallesi", "_gece_lst_str": "23.1°C"}, "geometry": {"type": "MultiPolygon", "coordinates": [[[[27.076688, 38.3449848], [27.0773828, 38.3453587], [27.0780694, 38.3456027], [27.0784235, 38.3458972], [27.0788956, 38.34636], [27.0793891, 38.3469574], [27.0797217, 38.3473697], [27.079947, 38.3475127], [27.0804405, 38.3475716], [27.0809662, 38.3476474], [27.081331, 38.3477315], [27.0816314, 38.3478493], [27.0818674, 38.3479839], [27.0820632, 38.3481263], [27.082243, 38.3483457], [27.0824253, 38.3486571], [27.0825112, 38.3489179], [27.0825755, 38.3493302], [27.0825469, 38.3502025], [27.0824146, 38.3507942], [27.0822322, 38.3513832], [27.0811701, 38.3529145], [27.080977, 38.3531753], [27.0806551, 38.3534445], [27.0803547, 38.3537053], [27.080301, 38.3539073], [27.0803708, 38.3542606], [27.0805364, 38.3548199], [27.0809014, 38.356111], [27.0809233, 38.3563892], [27.0808053, 38.35665], [27.0806229, 38.3568267], [27.0800972, 38.3572053], [27.0797324, 38.3574745], [27.0795768, 38.3576175], [27.0795071, 38.3577605], [27.0795071, 38.3578867], [27.0795554, 38.3580297], [27.0798987, 38.3584546], [27.0799792, 38.3586649], [27.0799202, 38.3590645], [27.0798451, 38.359359], [27.0797646, 38.3595567], [27.0796377, 38.3596172], [27.079373, 38.3595819], [27.0789546, 38.3594221], [27.0787507, 38.3594305], [27.0785576, 38.3595441], [27.0784342, 38.3597838], [27.0784342, 38.3600194], [27.0785522, 38.3601792], [27.0791209, 38.3605494], [27.0799309, 38.3610415], [27.0802313, 38.361193], [27.0807141, 38.3613023], [27.0816806, 38.3615038], [27.0818865, 38.3615458], [27.0825011, 38.3616713], [27.0831764, 38.3618491], [27.0834875, 38.3619459], [27.0836699, 38.3620426], [27.0838201, 38.3621268], [27.0839912, 38.3621498], [27.0845067, 38.3621688], [27.0848393, 38.3621941], [27.0850325, 38.3622529], [27.0851397, 38.3622572], [27.0854187, 38.3622445], [27.0856762, 38.3622614], [27.0859605, 38.3623076], [27.0861958, 38.3623273], [27.0863575, 38.3623034], [27.0865399, 38.3622319], [27.0867705, 38.3621183], [27.0870388, 38.3619669], [27.0871729, 38.3619164], [27.0873177, 38.3619164], [27.0874464, 38.3619459], [27.087779, 38.3620595], [27.0880634, 38.3621646], [27.0882249, 38.3622423], [27.0884094, 38.3623981], [27.0886669, 38.3626042], [27.0887607, 38.3626694], [27.0889512, 38.3627346], [27.0891765, 38.3628103], [27.0892918, 38.3628586], [27.0894232, 38.3629596], [27.0895573, 38.3631341], [27.0896673, 38.3632793], [27.0899355, 38.363498], [27.0901233, 38.3636158], [27.0904264, 38.3637651], [27.0906748, 38.3639337], [27.0907536, 38.3640427], [27.0908475, 38.364253], [27.0910352, 38.3645874], [27.0911828, 38.3647661], [27.0912579, 38.364907], [27.091341, 38.3651195], [27.0914429, 38.36558], [27.0914885, 38.3657819], [27.0915154, 38.3658786], [27.0915958, 38.3659859], [27.0917889, 38.3661541], [27.0920813, 38.3663098], [27.0923844, 38.3664296], [27.0927411, 38.3666105], [27.0931015, 38.3668313], [27.093578, 38.3671362], [27.0939052, 38.3673045], [27.0940715, 38.3674517], [27.0943183, 38.3676788], [27.0944846, 38.3677629], [27.0951996, 38.3679062], [27.0950224, 38.3683573], [27.0946938, 38.3687471], [27.0943505, 38.369134], [27.0938837, 38.3697313], [27.0932275, 38.3701698], [27.0928538, 38.3705304], [27.0926017, 38.3707995], [27.0921317, 38.3712112], [27.0919955, 38.3713304], [27.0904827, 38.3721706], [27.0896298, 38.3726501], [27.0890378, 38.3730234], [27.0885676, 38.3732388], [27.0879882, 38.3734281], [27.0874143, 38.3736762], [27.0871514, 38.3739159], [27.0866686, 38.3744543], [27.0864943, 38.3746435], [27.0863217, 38.3747861], [27.0860195, 38.3750641], [27.0857325, 38.3752197], [27.0855045, 38.3753816], [27.0853242, 38.3753924], [27.0844155, 38.3764266], [27.0837557, 38.3770743], [27.0831105, 38.3773503], [27.0815769, 38.3774496], [27.0792466, 38.3775408], [27.078917, 38.3775537], [27.0781874, 38.3783695], [27.0760243, 38.3792838], [27.0765567, 38.3803544], [27.0757574, 38.3815772], [27.0758546, 38.3829492], [27.0744109, 38.3847781], [27.0738201, 38.3854313], [27.0733166, 38.3858462], [27.0732844, 38.3856612], [27.073338, 38.3850725], [27.0732522, 38.3847024], [27.0732039, 38.3844712], [27.0730644, 38.3842693], [27.0727479, 38.3837942], [27.0725977, 38.383483], [27.0725012, 38.3835082], [27.0724475, 38.3834157], [27.0725065, 38.3833821], [27.0716965, 38.3828228], [27.071428, 38.3832453], [27.0710751, 38.3836673], [27.0704734, 38.3842231], [27.0700121, 38.3846015], [27.0693315, 38.3850341], [27.0680487, 38.3858798], [27.0671904, 38.386418], [27.0666019, 38.3868192], [27.066198, 38.3871076], [27.0656562, 38.3876206], [27.065227, 38.3880285], [27.0649159, 38.3879444], [27.0647013, 38.3879402], [27.0644385, 38.3879906], [27.0641702, 38.3879276], [27.0637947, 38.3878939], [27.0634407, 38.3877552], [27.0631403, 38.3876458], [27.0628828, 38.3875407], [27.0621049, 38.3869815], [27.0614344, 38.3868932], [27.0604475, 38.3883723], [27.0601129, 38.3883027], [27.0599741, 38.3883085], [27.0598785, 38.3883624], [27.0596977, 38.3886621], [27.0590218, 38.3885022], [27.0590949, 38.388301], [27.0587222, 38.3882657], [27.0587522, 38.3880789], [27.0587951, 38.3875533], [27.0588004, 38.3872254], [27.0587039, 38.3867124], [27.0586181, 38.3861742], [27.0585537, 38.3856275], [27.0583606, 38.3847361], [27.0583028, 38.3844844], [27.058264, 38.3843156], [27.0581889, 38.3839287], [27.0582211, 38.3834746], [27.0581353, 38.3828607], [27.0585108, 38.382684], [27.058661, 38.3824906], [27.0587575, 38.381843], [27.0588541, 38.3812795], [27.0594549, 38.3784873], [27.0599913, 38.3715229], [27.0593369, 38.3681172], [27.0643579, 38.3664003], [27.0670187, 38.3660133], [27.067372, 38.3635648], [27.0693537, 38.3611521], [27.0696604, 38.3608733], [27.0696473, 38.3613612], [27.0719496, 38.3599669], [27.0725721, 38.3597473], [27.0734031, 38.3591886], [27.0739603, 38.3588037], [27.0745396, 38.3578278], [27.0749688, 38.3571043], [27.0752907, 38.3558087], [27.0753121, 38.3550515], [27.0750761, 38.3541933], [27.0741856, 38.3519638], [27.0759741, 38.3482107], [27.0697812, 38.3457453], [27.072199, 38.3428878], [27.0738637, 38.3438525], [27.0749117, 38.3441079], [27.0762884, 38.3447697], [27.076688, 38.3449848]]]]}, "bbox": [27.0581353, 38.3428878, 27.0951996, 38.3886621]}, {"id": "110", "type": "Feature", "properties": {"mahalle_adi": "İnciraltı Mahallesi", "_gece_lst_str": "22.8°C"}, "geometry": {"type": "MultiPolygon", "coordinates": [[[[27.0356455, 38.4108051], [27.0356691, 38.4106087], [27.0357656, 38.4104658], [27.0358622, 38.4101631], [27.035874, 38.4095817], [27.0358843, 38.4090716], [27.0358944, 38.4085742], [27.0358515, 38.4081454], [27.0358837, 38.4075822], [27.0356691, 38.4069516], [27.0356369, 38.4065312], [27.0362162, 38.4063463], [27.0367312, 38.4063127], [27.037096, 38.4061697], [27.0374608, 38.4060941], [27.0375574, 38.4059764], [27.0379221, 38.4057325], [27.0384049, 38.4056401], [27.0389199, 38.4056443], [27.0394778, 38.4056527], [27.0399499, 38.4057578], [27.0406902, 38.4057578], [27.0406794, 38.4052197], [27.0406794, 38.4048329], [27.0406741, 38.4043495], [27.0405936, 38.4040258], [27.0405292, 38.4037147], [27.0405078, 38.403534], [27.0407385, 38.4032985], [27.0409155, 38.4030505], [27.0410389, 38.4028151], [27.0411515, 38.4026385], [27.0411783, 38.4025124], [27.0412642, 38.4019407], [27.0412749, 38.4016128], [27.0417631, 38.4015413], [27.0420366, 38.4014698], [27.0422459, 38.4013521], [27.0424229, 38.4011882], [27.0425194, 38.4008603], [27.042675, 38.4004399], [27.0428409, 38.3999702], [27.0428413, 38.399969], [27.0427472, 38.399772], [27.0426707, 38.399612], [27.0424926, 38.3992039], [27.0423478, 38.3991828], [27.0421171, 38.3980687], [27.0425677, 38.3980141], [27.0426106, 38.39793], [27.0426214, 38.3978333], [27.042616, 38.3976946], [27.0425999, 38.3975516], [27.0426214, 38.3974928], [27.0427608, 38.3974087], [27.0426321, 38.3969168], [27.0414466, 38.3959666], [27.0413661, 38.3942134], [27.0404005, 38.3942807], [27.0376539, 38.3940452], [27.0372507, 38.3939627], [27.036463, 38.3938014], [27.0328474, 38.3931623], [27.0320213, 38.3930025], [27.0312381, 38.3929269], [27.0304012, 38.3928512], [27.029382, 38.3928091], [27.028529, 38.3928007], [27.027955, 38.3927503], [27.0271879, 38.3926746], [27.0265174, 38.3926241], [27.0260185, 38.3925863], [27.0256215, 38.3925947], [27.0251119, 38.3926199], [27.0245379, 38.392683], [27.0240337, 38.3927419], [27.0234704, 38.3927923], [27.0231539, 38.392847], [27.0234168, 38.3934776], [27.023567, 38.3939023], [27.0238781, 38.3946002], [27.0239532, 38.3948483], [27.0239478, 38.3952056], [27.0239246, 38.395853], [27.0239103, 38.3962525], [27.0240498, 38.3972699], [27.0241839, 38.3975264], [27.0241996, 38.3975709], [27.0242697, 38.3977702], [27.0242482, 38.3979805], [27.0241409, 38.398342], [27.0240122, 38.3985816], [27.0239639, 38.3988087], [27.0239586, 38.3990147], [27.0239907, 38.3992375], [27.0241141, 38.399578], [27.0242107, 38.3998429], [27.0242429, 38.3999942], [27.0241678, 38.4001077], [27.0239317, 38.4002591], [27.0237762, 38.4003558], [27.0237064, 38.4004651], [27.0236152, 38.400608], [27.0235026, 38.4007299], [27.023406, 38.4008897], [27.0232451, 38.400999], [27.0229715, 38.4011671], [27.0227945, 38.401268], [27.0226926, 38.4013647], [27.0226926, 38.4014824], [27.0226282, 38.4017725], [27.0225263, 38.4019659], [27.0224512, 38.4020121], [27.0222419, 38.402029], [27.0220113, 38.4020794], [27.0219094, 38.4021046], [27.0218867, 38.402142], [27.0218986, 38.4022181], [27.0219684, 38.4024073], [27.0220488, 38.4025965], [27.0220917, 38.4027562], [27.0220542, 38.4028824], [27.0220005, 38.4030043], [27.021904, 38.4031934], [27.0218611, 38.403328], [27.0218611, 38.4040347], [27.0218611, 38.4041171], [27.0218611, 38.4042066], [27.021845, 38.4044882], [27.021786, 38.4046732], [27.0215177, 38.4052239], [27.0212763, 38.4057956], [27.0212388, 38.4060436], [27.0212281, 38.406216], [27.0212549, 38.4065186], [27.0212924, 38.4068844], [27.0212656, 38.4071744], [27.0209652, 38.407145], [27.0202088, 38.4070273], [27.0199192, 38.4069978], [27.0197046, 38.4071029], [27.0195597, 38.4072585], [27.0194632, 38.4074476], [27.0193237, 38.407847], [27.0190448, 38.4087718], [27.0189589, 38.4090282], [27.0189393, 38.409061], [27.0188785, 38.4091627], [27.0187014, 38.4094611], [27.0183635, 38.4098731], [27.0181972, 38.4101631], [27.017988, 38.4106003], [27.0178486, 38.4109446], [27.017358, 38.4120286], [27.017194, 38.4123909], [27.0172761, 38.4127083], [27.017355, 38.413013], [27.015263, 38.4133195], [27.0153509, 38.4134348], [27.0154791, 38.4135465], [27.015586, 38.4136153], [27.0156145, 38.4136935], [27.0156382, 38.4137921], [27.0158686, 38.4140526], [27.0160681, 38.4143335], [27.0163435, 38.4147001], [27.0165359, 38.4148564], [27.0168375, 38.415035], [27.0169799, 38.4151913], [27.0170916, 38.4153867], [27.0171794, 38.4156341], [27.0172507, 38.4159318], [27.0173029, 38.4163393], [27.0173741, 38.4165738], [27.0174003, 38.4166817], [27.0173789, 38.416877], [27.0173266, 38.4174966], [27.017348, 38.4175487], [27.0173741, 38.4176138], [27.0173694, 38.4177515], [27.0173575, 38.4178892], [27.0173219, 38.4179655], [27.0173361, 38.4180529], [27.0173718, 38.4180808], [27.0174828, 38.4181065], [27.0175712, 38.4181181], [27.0176615, 38.4181162], [27.0177921, 38.4180083], [27.0180937, 38.4177255], [27.0181548, 38.4176995], [27.018655, 38.417148], [27.018981, 38.416635], [27.019145, 38.416506], [27.019307, 38.416378], [27.019471, 38.416249], [27.019634, 38.416121], [27.019797, 38.415992], [27.01996, 38.415864], [27.020124, 38.415735], [27.020287, 38.415607], [27.02045, 38.415478], [27.0209587, 38.4154116], [27.02143, 38.41535], [27.0209762, 38.4145716], [27.0216259, 38.4141134], [27.0219668, 38.4139673], [27.022082, 38.413937], [27.0229627, 38.4138787], [27.0235123, 38.4139169], [27.024041, 38.413936], [27.024512, 38.4139847], [27.0245417, 38.4141947], [27.0247569, 38.4142206], [27.025081, 38.4141357], [27.0253148, 38.4142287], [27.0256608, 38.4143332], [27.0263504, 38.4144458], [27.0270092, 38.4145], [27.0278434, 38.4143878], [27.0282296, 38.4142791], [27.0284668, 38.4142345], [27.028581, 38.4140047], [27.0292487, 38.4137273], [27.0297519, 38.4137836], [27.030181, 38.4138315], [27.0305634, 38.4137986], [27.0308669, 38.4137962], [27.0311996, 38.4138035], [27.0316318, 38.4138724], [27.0320942, 38.4140345], [27.0324027, 38.414009], [27.0326484, 38.4139597], [27.0327455, 38.4139485], [27.032841, 38.4139641], [27.033262, 38.413846], [27.0337507, 38.4137285], [27.0342095, 38.4136641], [27.0344057, 38.4136427], [27.0344924, 38.4136195], [27.0345203, 38.4135889], [27.0345234, 38.4135553], [27.0345252, 38.4135148], [27.0344641, 38.4134861], [27.0343612, 38.4134985], [27.0342616, 38.4134986], [27.0339264, 38.4135501], [27.0329961, 38.4136223], [27.0329113, 38.4136129], [27.0328494, 38.4135739], [27.0328077, 38.413441], [27.0328907, 38.4131743], [27.0328785, 38.4129574], [27.0328824, 38.412709], [27.0329643, 38.4125423], [27.0331668, 38.4122717], [27.0334227, 38.4119547], [27.0334273, 38.411949], [27.0334699, 38.4119171], [27.0339173, 38.4114993], [27.0342026, 38.4113166], [27.0348552, 38.410972], [27.0354995, 38.4108067], [27.0356455, 38.4108051]]]]}, "bbox": [27.015263, 38.3925863, 27.0428413, 38.4181181]}, {"id": "111", "type": "Feature", "properties": {"mahalle_adi": "Bahçelerarası Mahallesi", "_gece_lst_str": "22.6°C"}, "geometry": {"type": "MultiPolygon", "coordinates": [[[[27.0518656, 38.4124591], [27.0519309, 38.4124892], [27.0519962, 38.4125004], [27.0519797, 38.4125379], [27.0518947, 38.4126139], [27.0516629, 38.4126704], [27.0515212, 38.4126868], [27.0512198, 38.4126537], [27.0508497, 38.4126791], [27.0502466, 38.4127577], [27.0501952, 38.412797], [27.0501387, 38.41281], [27.0500512, 38.4127907], [27.049253, 38.412792], [27.0489973, 38.4127551], [27.0488607, 38.4127008], [27.0488264, 38.4126336], [27.0488529, 38.412567], [27.0489106, 38.4125507], [27.048993, 38.4125276], [27.0491609, 38.4124607], [27.0501351, 38.4124673], [27.0503026, 38.4124995], [27.0511233, 38.4124188], [27.0514688, 38.4123381], [27.05162, 38.4123595], [27.0517179, 38.4124107], [27.0518656, 38.4124591]]], [[[27.0722748, 38.4033745], [27.0714712, 38.4034877], [27.0708896, 38.4033977], [27.070152, 38.4031288], [27.0689177, 38.4021677], [27.0689082, 38.4017428], [27.0689057, 38.4015087], [27.0688229, 38.4014159], [27.0688039, 38.4012772], [27.0688593, 38.4011821], [27.0690679, 38.4007215], [27.069143, 38.4001246], [27.0692587, 38.3992308], [27.0693134, 38.3982007], [27.0693321, 38.3977647], [27.0693141, 38.3975415], [27.0641611, 38.3969101], [27.0636652, 38.3968161], [27.0632655, 38.3967629], [27.0621173, 38.3965994], [27.0616271, 38.3964425], [27.0603025, 38.3958615], [27.0597553, 38.3956513], [27.0590633, 38.3953822], [27.0579657, 38.3950998], [27.0576417, 38.3950164], [27.0563543, 38.3947432], [27.0553672, 38.3944825], [27.0539135, 38.3940789], [27.0534575, 38.393999], [27.0529854, 38.3939948], [27.0520091, 38.3940074], [27.05136, 38.3940242], [27.0510643, 38.3940347], [27.0506465, 38.3940494], [27.0495522, 38.3941461], [27.0489782, 38.3941966], [27.0481253, 38.3942555], [27.047562, 38.3943227], [27.0470846, 38.3942639], [27.0458615, 38.3941672], [27.0450032, 38.3941083], [27.0439303, 38.3940789], [27.0426428, 38.3941588], [27.0420152, 38.3941588], [27.0413661, 38.3942134], [27.0414466, 38.3959666], [27.0426321, 38.3969168], [27.0427608, 38.3974087], [27.0426214, 38.3974928], [27.0425999, 38.3975516], [27.042616, 38.3976946], [27.0426214, 38.3978333], [27.0426106, 38.39793], [27.0425677, 38.3980141], [27.0421171, 38.3980687], [27.0423478, 38.3991828], [27.0424926, 38.3992039], [27.0426707, 38.399612], [27.0427472, 38.399772], [27.0428413, 38.399969], [27.0428409, 38.3999702], [27.042675, 38.4004399], [27.0425194, 38.4008603], [27.0424229, 38.4011882], [27.0422459, 38.4013521], [27.0420366, 38.4014698], [27.0417631, 38.4015413], [27.0412749, 38.4016128], [27.0412642, 38.4019407], [27.0411783, 38.4025124], [27.0411515, 38.4026385], [27.0410389, 38.4028151], [27.0409155, 38.4030505], [27.0407385, 38.4032985], [27.0405078, 38.403534], [27.0405292, 38.4037147], [27.0405936, 38.4040258], [27.0406741, 38.4043495], [27.0406794, 38.4048329], [27.0406794, 38.4052197], [27.0406902, 38.4057578], [27.0399499, 38.4057578], [27.0394778, 38.4056527], [27.0389199, 38.4056443], [27.0384049, 38.4056401], [27.0379221, 38.4057325], [27.0375574, 38.4059764], [27.0374608, 38.4060941], [27.037096, 38.4061697], [27.0367312, 38.4063127], [27.0362162, 38.4063463], [27.0356369, 38.4065312], [27.0356691, 38.4069516], [27.0358837, 38.4075822], [27.0358515, 38.4081454], [27.0358944, 38.4085742], [27.0358843, 38.4090716], [27.035874, 38.4095817], [27.0358622, 38.4101631], [27.0357656, 38.4104658], [27.0356691, 38.4106087], [27.0356455, 38.4108051], [27.0357007, 38.4108686], [27.0357346, 38.4109413], [27.0358135, 38.4110067], [27.0358731, 38.41105], [27.035945, 38.4110589], [27.0360525, 38.4110542], [27.0361426, 38.4110349], [27.0362406, 38.4110083], [27.0363313, 38.4109588], [27.0363932, 38.4108639], [27.036458, 38.4108235], [27.0374477, 38.4108917], [27.0379797, 38.4107333], [27.0402659, 38.4110346], [27.0406091, 38.4111377], [27.0407442, 38.4112489], [27.0407864, 38.4113415], [27.0407067, 38.412322], [27.0396338, 38.4122615], [27.0391617, 38.4122279], [27.0384651, 38.4119222], [27.0384015, 38.4119561], [27.0384319, 38.4120089], [27.038786, 38.4122738], [27.0389389, 38.4123559], [27.0390749, 38.412394], [27.0392946, 38.412412], [27.039661, 38.4124389], [27.0399759, 38.4124794], [27.0408739, 38.4125624], [27.0413369, 38.4125977], [27.04207, 38.4126636], [27.0421048, 38.4126115], [27.0420623, 38.4125511], [27.0411155, 38.4124658], [27.0408445, 38.4123825], [27.0408834, 38.4118498], [27.0409488, 38.41135], [27.041124, 38.4113341], [27.0413371, 38.4114449], [27.0412613, 38.4115046], [27.0412017, 38.4115833], [27.0412103, 38.411674], [27.0419193, 38.4115198], [27.0426511, 38.4116636], [27.0433539, 38.411819], [27.0439508, 38.4119766], [27.0443055, 38.4120812], [27.0450554, 38.4122872], [27.0457461, 38.4125013], [27.045899, 38.4124876], [27.0464891, 38.4125479], [27.0472877, 38.412649], [27.0481833, 38.4127648], [27.0483913, 38.4128257], [27.0485099, 38.4128808], [27.0485353, 38.4128734], [27.048521, 38.4128327], [27.0485569, 38.4128124], [27.0486055, 38.4127924], [27.0486683, 38.4127708], [27.048761, 38.4126993], [27.0487536, 38.4125563], [27.0486479, 38.4124856], [27.0484689, 38.4124205], [27.0479681, 38.4123965], [27.047612, 38.4123543], [27.047227, 38.4123018], [27.0468465, 38.4122682], [27.046456, 38.4122037], [27.0463775, 38.4121496], [27.0462495, 38.4121057], [27.0461798, 38.4121008], [27.0459089, 38.4118986], [27.0457809, 38.4117134], [27.0457541, 38.411315], [27.0457636, 38.4112673], [27.0457688, 38.4112083], [27.0457327, 38.4109954], [27.0457353, 38.4107824], [27.0457542, 38.4105372], [27.0457689, 38.4102455], [27.0457569, 38.409995], [27.045785, 38.4097861], [27.0459027, 38.4094825], [27.0459697, 38.4090626], [27.0463819, 38.408679], [27.046825, 38.4082551], [27.0475205, 38.4077262], [27.0478934, 38.4076444], [27.0481055, 38.4076329], [27.0482811, 38.4076842], [27.0484355, 38.4077023], [27.0486497, 38.4076871], [27.0487528, 38.4076401], [27.0487931, 38.4075809], [27.048874, 38.4074213], [27.0490456, 38.40727], [27.0492307, 38.4072832], [27.0493838, 38.4073487], [27.049443, 38.4073975], [27.0495303, 38.4074026], [27.049578, 38.4073871], [27.0496444, 38.4073549], [27.0497604, 38.407361], [27.0498891, 38.4073392], [27.0501585, 38.4073235], [27.0503226, 38.4072552], [27.0506329, 38.4072244], [27.0507042, 38.407191], [27.0507635, 38.4071376], [27.0508364, 38.4070468], [27.0509357, 38.4070245], [27.0510723, 38.4070147], [27.0511238, 38.4069678], [27.0511752, 38.406879], [27.0512501, 38.4067991], [27.0512942, 38.4067276], [27.0513801, 38.4066921], [27.0514783, 38.4066595], [27.0515625, 38.4065901], [27.051615, 38.4064816], [27.05164, 38.4063299], [27.0517258, 38.4061892], [27.0518316, 38.4061208], [27.052031, 38.4061222], [27.0523772, 38.4061188], [27.0525688, 38.4060782], [27.0527257, 38.4059767], [27.0528222, 38.405861], [27.052912, 38.4057433], [27.0530032, 38.405708], [27.0532108, 38.4056971], [27.0533964, 38.4056672], [27.0536294, 38.4056704], [27.0537869, 38.4057639], [27.0538737, 38.4058297], [27.0539264, 38.405863], [27.0540537, 38.4058796], [27.0544229, 38.4058715], [27.0546284, 38.4058672], [27.0547884, 38.405944], [27.0549218, 38.4060287], [27.0551221, 38.4060611], [27.0554835, 38.4062533], [27.0555694, 38.4063206], [27.0556676, 38.4063497], [27.0559146, 38.4063162], [27.0560822, 38.4062055], [27.0562264, 38.4061471], [27.056566, 38.4061222], [27.0570896, 38.4061157], [27.0572685, 38.4061315], [27.0574244, 38.4061865], [27.0575348, 38.4062997], [27.0575652, 38.4063321], [27.0575139, 38.4063792], [27.0578962, 38.4068052], [27.0579471, 38.4068435], [27.0580165, 38.4068659], [27.0580719, 38.4068659], [27.0581336, 38.4068557], [27.0582045, 38.4068154], [27.0582459, 38.4067865], [27.0582827, 38.4067285], [27.0583428, 38.4065595], [27.0583671, 38.406563], [27.0583009, 38.406774], [27.0582402, 38.4068536], [27.0581948, 38.406893], [27.0581601, 38.4069352], [27.058138, 38.4070035], [27.0581392, 38.4070641], [27.0581171, 38.4072531], [27.0580302, 38.4073634], [27.0580779, 38.407602], [27.0580577, 38.4077916], [27.0581014, 38.4079317], [27.0580845, 38.4081943], [27.0580615, 38.4087071], [27.0579909, 38.4096729], [27.0579202, 38.4100259], [27.0578401, 38.410623], [27.0577407, 38.4110124], [27.0576897, 38.411358], [27.0574559, 38.4124312], [27.05715, 38.4135277], [27.0570392, 38.4136316], [27.0568937, 38.4136883], [27.0567745, 38.413696], [27.0566195, 38.4136749], [27.0564616, 38.4136352], [27.0563743, 38.4135862], [27.0562041, 38.4135882], [27.0560847, 38.413536], [27.0560202, 38.4135121], [27.0559053, 38.4134996], [27.0558295, 38.4134573], [27.0557145, 38.4134103], [27.055562, 38.4133786], [27.0553825, 38.4133134], [27.0553397, 38.4132778], [27.0552826, 38.4132082], [27.0551058, 38.4131278], [27.054991, 38.4130973], [27.0548615, 38.4130273], [27.0547581, 38.4130078], [27.0546393, 38.4129289], [27.0545366, 38.4129162], [27.0544429, 38.4129413], [27.0542801, 38.412925], [27.054143, 38.4128969], [27.0540917, 38.4128672], [27.0539535, 38.4128457], [27.0538375, 38.4128033], [27.0536867, 38.4127988], [27.0535264, 38.4128184], [27.0533106, 38.4127776], [27.0531475, 38.4128007], [27.0526874, 38.4127743], [27.0524007, 38.4127367], [27.0522996, 38.4127321], [27.0522108, 38.4127709], [27.0521313, 38.4128591], [27.0519752, 38.4129582], [27.0519102, 38.4130271], [27.0520662, 38.4131823], [27.0522284, 38.413268], [27.0526666, 38.4133799], [27.0531025, 38.413548], [27.0541297, 38.4138989], [27.0551473, 38.4142456], [27.0552406, 38.4143381], [27.0561263, 38.4145287], [27.0566591, 38.4146972], [27.0572091, 38.4149084], [27.0572949, 38.4150196], [27.058192, 38.415239], [27.0582764, 38.4153342], [27.0587589, 38.4152983], [27.0592696, 38.4153799], [27.0595188, 38.4152413], [27.0599113, 38.4151034], [27.0601623, 38.415074], [27.0613108, 38.4142164], [27.0614766, 38.4141815], [27.061746, 38.413794], [27.062072, 38.413281], [27.062235, 38.413152], [27.062398, 38.413024], [27.062724, 38.412253], [27.0628424, 38.4121472], [27.0629368, 38.4119992], [27.0630656, 38.4118445], [27.0632372, 38.4115284], [27.0636406, 38.4108693], [27.063865, 38.410582], [27.0640011, 38.4104389], [27.0641041, 38.4102775], [27.0648251, 38.4091543], [27.0652457, 38.4088853], [27.0666029, 38.4072333], [27.0666831, 38.407178], [27.0668045, 38.4071131], [27.0668651, 38.4070937], [27.0674078, 38.4066653], [27.067511, 38.4067384], [27.0677236, 38.4068872], [27.0677811, 38.4069197], [27.067848, 38.4069434], [27.0679319, 38.4069608], [27.0680341, 38.4069654], [27.0683109, 38.4069505], [27.0684022, 38.4069336], [27.0684861, 38.4069088], [27.0685503, 38.4068776], [27.0690099, 38.4065688], [27.0690297, 38.4065229], [27.0690264, 38.4064731], [27.0690119, 38.4064393], [27.0689746, 38.4064153], [27.0689116, 38.4064127], [27.0688498, 38.4064188], [27.0683828, 38.4067524], [27.0679407, 38.4067869], [27.0675513, 38.4065304], [27.0678985, 38.4062189], [27.0685223, 38.4056592], [27.0692292, 38.4061162], [27.0692267, 38.4061316], [27.069273, 38.4061825], [27.0693386, 38.4062228], [27.069363, 38.4062451], [27.0694024, 38.4062974], [27.0694231, 38.4064183], [27.0693647, 38.4066549], [27.0693128, 38.4067271], [27.0693057, 38.4067481], [27.069312, 38.4067711], [27.0693377, 38.4068003], [27.0693607, 38.4068112], [27.0694005, 38.4068127], [27.0694475, 38.406787], [27.0694779, 38.4067591], [27.0695119, 38.4066611], [27.0695089, 38.4066172], [27.0695639, 38.4064349], [27.0695686, 38.406379], [27.0695597, 38.4063107], [27.0695429, 38.4062619], [27.0695022, 38.4061974], [27.0694568, 38.4061439], [27.0693852, 38.4060874], [27.0695564, 38.4059572], [27.0697914, 38.406132], [27.0700771, 38.4058899], [27.0703952, 38.4061313], [27.0704065, 38.4061317], [27.070467, 38.4060817], [27.0704672, 38.4060734], [27.0701459, 38.4058274], [27.0701896, 38.4057914], [27.0705647, 38.405475], [27.0711552, 38.4059284], [27.071188, 38.4059266], [27.0714674, 38.405706], [27.071467, 38.4056852], [27.0699145, 38.4044995], [27.0705713, 38.4041374], [27.0707164, 38.4040566], [27.0711619, 38.4038508], [27.0718841, 38.4035823], [27.0722748, 38.4033745]]]]}, "bbox": [27.0356369, 38.3939948, 27.0722748, 38.4153799]}, {"id": "114", "type": "Feature", "properties": {"mahalle_adi": "Latife Hanım Mahallesi", "_gece_lst_str": "22.5°C"}, "geometry": {"type": "MultiPolygon", "coordinates": [[[[27.1141773, 38.4866215], [27.1162909, 38.4863486], [27.1174514, 38.4862535], [27.1168756, 38.4867517], [27.1162534, 38.4874026], [27.1165162, 38.4879736], [27.1167093, 38.4887588], [27.1167523, 38.4894768], [27.1168113, 38.4898799], [27.1170473, 38.4905307], [27.1177393, 38.4923068], [27.1178824, 38.4925928], [27.1179968, 38.4928358], [27.1185923, 38.4937343], [27.1189195, 38.4943515], [27.1191233, 38.4950779], [27.1192574, 38.4954725], [27.1197724, 38.4957706], [27.1207166, 38.4961863], [27.1214247, 38.4967447], [27.1219611, 38.4969378], [27.122916, 38.4973031], [27.1233934, 38.4975424], [27.1236509, 38.4975969], [27.1242946, 38.4975298], [27.1250671, 38.4976767], [27.125566, 38.4977649], [27.1268159, 38.4980252], [27.1283072, 38.4987557], [27.1304691, 38.4993225], [27.1309358, 38.4997045], [27.1330655, 38.5016021], [27.1334732, 38.5020807], [27.1339774, 38.5024165], [27.1371746, 38.5037725], [27.1395242, 38.5048514], [27.1409672, 38.5050865], [27.1390823, 38.5089055], [27.1322822, 38.5123947], [27.1319497, 38.5122604], [27.1316171, 38.5120001], [27.1312415, 38.5118322], [27.131027, 38.5117147], [27.1306944, 38.5117819], [27.1303618, 38.5117567], [27.1300828, 38.5117147], [27.1300614, 38.5115048], [27.1297502, 38.5113453], [27.1294069, 38.511488], [27.1289992, 38.5118238], [27.1287954, 38.5121093], [27.128495, 38.5121848], [27.1281302, 38.5121177], [27.1278083, 38.512168], [27.1272826, 38.5121429], [27.1271002, 38.5123024], [27.126832, 38.5124283], [27.1264565, 38.5124115], [27.1262205, 38.5124619], [27.124697, 38.5137295], [27.1243215, 38.5136288], [27.1246111, 38.5128984], [27.1246004, 38.5125962], [27.1244931, 38.5122352], [27.1242034, 38.5119414], [27.1236992, 38.5114377], [27.1229267, 38.5111942], [27.1227443, 38.5109675], [27.1223688, 38.51085], [27.1219289, 38.5107744], [27.1216178, 38.5106905], [27.1216392, 38.5104386], [27.1217358, 38.5101364], [27.1216714, 38.5097922], [27.1216071, 38.5093389], [27.1214461, 38.5089275], [27.1211886, 38.5086084], [27.1206629, 38.5084321], [27.1202552, 38.508239], [27.1198261, 38.5081551], [27.1195149, 38.5080376], [27.1187961, 38.5077185], [27.1184313, 38.5075674], [27.1182811, 38.5073827], [27.1182167, 38.5070637], [27.1179914, 38.506753], [27.1174014, 38.5063752], [27.116704, 38.5060226], [27.116586, 38.5058127], [27.1168327, 38.5057875], [27.1171009, 38.5058211], [27.1173799, 38.505947], [27.1176267, 38.5060478], [27.1177983, 38.5061737], [27.117852, 38.506073], [27.1174121, 38.5056448], [27.117176, 38.5054013], [27.1168864, 38.5052754], [27.1164787, 38.5051578], [27.1161675, 38.5050403], [27.115792, 38.504864], [27.1154702, 38.5046373], [27.1149766, 38.5045701], [27.1145475, 38.5045029], [27.1142149, 38.5043098], [27.1138716, 38.5042427], [27.113539, 38.5041671], [27.1134317, 38.5040328], [27.1136677, 38.5038397], [27.1141612, 38.5035038], [27.1143436, 38.5032939], [27.1146333, 38.5030252], [27.1148157, 38.5028573], [27.1151483, 38.5027902], [27.115438, 38.5027314], [27.1156955, 38.502723], [27.1159208, 38.5026474], [27.1160817, 38.5023871], [27.116189, 38.5020933], [27.1161675, 38.5017994], [27.1160388, 38.5015559], [27.1158886, 38.5013124], [27.1158564, 38.5011613], [27.1159744, 38.5008926], [27.1162534, 38.5001705], [27.1165216, 38.4994316], [27.11694, 38.4986171], [27.1170795, 38.4980966], [27.1170366, 38.4974584], [27.1169722, 38.4970889], [27.1167147, 38.4967111], [27.1162534, 38.4960561], [27.1159959, 38.4956531], [27.1159422, 38.4952584], [27.116071, 38.4946538], [27.1160817, 38.4940828], [27.1160066, 38.4937133], [27.1158028, 38.4933523], [27.1154809, 38.4929912], [27.1152985, 38.4925797], [27.1153414, 38.4920927], [27.1153843, 38.491614], [27.1153521, 38.4911773], [27.1149337, 38.4905979], [27.1147621, 38.4898253], [27.1145904, 38.4887588], [27.1141773, 38.4866215]]]]}, "bbox": [27.1134317, 38.4862535, 27.1409672, 38.5137295]}, {"id": "115", "type": "Feature", "properties": {"mahalle_adi": "Zübeyde Hanım Mahallesi", "_gece_lst_str": "23.0°C"}, "geometry": {"type": "MultiPolygon", "coordinates": [[[[27.1118421, 38.5200018], [27.1119726, 38.5201009], [27.1154395, 38.523102], [27.1221542, 38.5130915], [27.1243215, 38.5136288], [27.1246111, 38.5128984], [27.1246004, 38.5125962], [27.1244931, 38.5122352], [27.1242034, 38.5119414], [27.1236992, 38.5114377], [27.1229267, 38.5111942], [27.1227443, 38.5109675], [27.1223688, 38.51085], [27.1219289, 38.5107744], [27.1216178, 38.5106905], [27.1216392, 38.5104386], [27.1217358, 38.5101364], [27.1216714, 38.5097922], [27.1216071, 38.5093389], [27.1214461, 38.5089275], [27.1211886, 38.5086084], [27.1206629, 38.5084321], [27.1202552, 38.508239], [27.1198261, 38.5081551], [27.1195149, 38.5080376], [27.1187961, 38.5077185], [27.1184313, 38.5075674], [27.1182811, 38.5073827], [27.1182167, 38.5070637], [27.1179914, 38.506753], [27.1174014, 38.5063752], [27.116704, 38.5060226], [27.116586, 38.5058127], [27.1168327, 38.5057875], [27.1171009, 38.5058211], [27.1173799, 38.505947], [27.1176267, 38.5060478], [27.1177983, 38.5061737], [27.117852, 38.506073], [27.1174121, 38.5056448], [27.117176, 38.5054013], [27.1168864, 38.5052754], [27.1164787, 38.5051578], [27.1161675, 38.5050403], [27.115792, 38.504864], [27.1154702, 38.5046373], [27.1149766, 38.5045701], [27.1145475, 38.5045029], [27.1142149, 38.5043098], [27.1138716, 38.5042427], [27.113539, 38.5041671], [27.1134317, 38.5040328], [27.1136677, 38.5038397], [27.1141612, 38.5035038], [27.1143436, 38.5032939], [27.1146333, 38.5030252], [27.1148157, 38.5028573], [27.1151483, 38.5027902], [27.115438, 38.5027314], [27.1156955, 38.502723], [27.1159208, 38.5026474], [27.1160817, 38.5023871], [27.116189, 38.5020933], [27.1161675, 38.5017994], [27.1160388, 38.5015559], [27.1158886, 38.5013124], [27.1158564, 38.5011613], [27.1159744, 38.5008926], [27.1162534, 38.5001705], [27.1165216, 38.4994316], [27.11694, 38.4986171], [27.1170795, 38.4980966], [27.1170366, 38.4974584], [27.1169722, 38.4970889], [27.1167147, 38.4967111], [27.1162534, 38.4960561], [27.1159959, 38.4956531], [27.1159422, 38.4952584], [27.116071, 38.4946538], [27.1160817, 38.4940828], [27.1160066, 38.4937133], [27.1158028, 38.4933523], [27.1154809, 38.4929912], [27.1152985, 38.4925797], [27.1153414, 38.4920927], [27.1153843, 38.491614], [27.1153521, 38.4911773], [27.1149337, 38.4905979], [27.1147621, 38.4898253], [27.1145904, 38.4887588], [27.1141773, 38.4866215], [27.1138287, 38.4866761], [27.1134853, 38.4867307], [27.1127665, 38.4868357], [27.1119672, 38.4869533], [27.111125, 38.4871002], [27.1108407, 38.4871548], [27.1105081, 38.4872178], [27.1098697, 38.4873606], [27.1093708, 38.4874739], [27.1086627, 38.4876713], [27.1079224, 38.4878686], [27.1066189, 38.4882382], [27.1056962, 38.4885111], [27.1054065, 38.4886203], [27.105031, 38.4887252], [27.1045375, 38.4888596], [27.1037328, 38.4891409], [27.1033788, 38.4892543], [27.1031535, 38.4893131], [27.1029389, 38.4893551], [27.1025902, 38.4894348], [27.1022844, 38.4895356], [27.1015602, 38.4897372], [27.1010721, 38.4898337], [27.100718, 38.4898841], [27.1004444, 38.4899093], [27.0999134, 38.4899555], [27.0986527, 38.4901108], [27.0991838, 38.4902788], [27.0992857, 38.4912823], [27.1001912, 38.4920003], [27.103647, 38.492206], [27.1039045, 38.4925377], [27.1039903, 38.4931927], [27.1040869, 38.4937721], [27.1040869, 38.494234], [27.1042049, 38.4943767], [27.1043283, 38.4945195], [27.1040654, 38.4949225], [27.1043658, 38.49525], [27.1072676, 38.4988228], [27.0997823, 38.50337], [27.0949995, 38.5033863], [27.0905384, 38.5033313], [27.0904778, 38.503559], [27.0904612, 38.5036214], [27.0903271, 38.503869], [27.090944, 38.505183], [27.0921135, 38.505649], [27.0926346, 38.505996], [27.092725, 38.5060562], [27.0931596, 38.5064214], [27.09427, 38.507261], [27.0955253, 38.5081299], [27.0965445, 38.5088519], [27.0987224, 38.5104302], [27.1011901, 38.5123611], [27.102955, 38.513549], [27.1075201, 38.5171126], [27.111243, 38.5195469], [27.1118421, 38.5200018]]]]}, "bbox": [27.0903271, 38.4866215, 27.1246111, 38.523102]}, {"id": "119", "type": "Feature", "properties": {"mahalle_adi": "Narlı Mahallesi", "_gece_lst_str": "22.4°C"}, "geometry": {"type": "MultiPolygon", "coordinates": [[[[27.0089811, 38.3844922], [27.0089114, 38.3840717], [27.0087075, 38.3837774], [27.0084822, 38.3834914], [27.008332, 38.3834325], [27.0080531, 38.3832812], [27.0077312, 38.3831634], [27.0070767, 38.3826336], [27.0067012, 38.3825663], [27.006551, 38.3817001], [27.0062721, 38.3815655], [27.006669, 38.3808674], [27.0069373, 38.380716], [27.0070338, 38.380531], [27.0071196, 38.3802619], [27.0071089, 38.3799339], [27.0069909, 38.3793157], [27.00683, 38.378954], [27.0066583, 38.3786555], [27.0065618, 38.3785293], [27.0063794, 38.3781635], [27.0063204, 38.3778438], [27.0063043, 38.377457], [27.0064115, 38.3771079], [27.0065296, 38.376843], [27.0065939, 38.3766285], [27.0066261, 38.3762921], [27.006433, 38.3754257], [27.0061862, 38.3746772], [27.0055693, 38.3744837], [27.0049632, 38.3750094], [27.0039868, 38.3742818], [27.004137, 38.3734744], [27.0051026, 38.3726837], [27.004652, 38.372322], [27.0045018, 38.3720276], [27.0043731, 38.3718005], [27.0042443, 38.3712454], [27.0034504, 38.3700762], [27.0023239, 38.3674769], [26.9971633, 38.3693864], [26.9905543, 38.3733566], [26.9906187, 38.3785714], [26.9930756, 38.3798918], [26.9926143, 38.3805562], [26.9927966, 38.380817], [26.9930541, 38.3809347], [26.9934297, 38.3809852], [26.9945669, 38.3809431], [26.9944918, 38.3812711], [26.9944274, 38.3819103], [26.994524, 38.3824486], [26.9959938, 38.3828354], [26.9959724, 38.3817505], [26.9963908, 38.3817421], [26.9966268, 38.3816159], [26.9969702, 38.3816075], [26.9974637, 38.3819944], [26.9977212, 38.3827261], [26.9975388, 38.3830961], [26.9978928, 38.3835251], [26.9981182, 38.383853], [26.9981289, 38.3846015], [26.9984722, 38.3844838], [26.9987297, 38.3844249], [26.998837, 38.3841979], [26.9990086, 38.3842147], [26.9992232, 38.3843829], [26.9994485, 38.3843913], [26.9995558, 38.3841979], [26.9997382, 38.3845258], [26.9999742, 38.384509], [27.0003068, 38.3842988], [27.000221, 38.386519], [26.999824, 38.3867965], [26.9997704, 38.3872254], [26.9998991, 38.3876038], [27.0000172, 38.3879402], [27.0003068, 38.3881757], [27.0007467, 38.3885457], [27.0010471, 38.3887895], [27.0013046, 38.3888484], [27.0017338, 38.3888989], [27.0019859, 38.3890208], [27.0022058, 38.3892226], [27.0025867, 38.3894875], [27.0028818, 38.3896725], [27.0030642, 38.3898365], [27.0032304, 38.3899837], [27.0034182, 38.3901392], [27.0035148, 38.3903116], [27.0035738, 38.3905387], [27.0037186, 38.3907867], [27.003665, 38.390976], [27.0035094, 38.3912282], [27.0033002, 38.3914637], [27.0032144, 38.3921532], [27.0027637, 38.3930025], [27.002297, 38.393814], [27.0021254, 38.3941714], [27.0018196, 38.3946717], [27.0016962, 38.3950711], [27.0016694, 38.3951846], [27.0010418, 38.395399], [27.0009023, 38.3961979], [27.0006072, 38.3978123], [27.002356, 38.3978291], [27.0036167, 38.3977576], [27.0046413, 38.396921], [27.0049417, 38.3964838], [27.0051241, 38.3959372], [27.0052421, 38.3957018], [27.0055103, 38.3955168], [27.0061219, 38.3950711], [27.0064974, 38.3946339], [27.0066047, 38.394348], [27.0067978, 38.3941335], [27.0070124, 38.3938981], [27.0071197, 38.3937215], [27.0071518, 38.3935701], [27.0071465, 38.3933936], [27.0071036, 38.3932422], [27.0070821, 38.3930824], [27.0070821, 38.3929479], [27.0071304, 38.3927545], [27.0072484, 38.3926115], [27.0074415, 38.3925064], [27.0076668, 38.3922878], [27.0078278, 38.3920986], [27.0080316, 38.3917832], [27.0083159, 38.3910558], [27.0084661, 38.3904462], [27.008509, 38.3902065], [27.0085305, 38.3898533], [27.0085305, 38.3896389], [27.0085627, 38.3895169], [27.0086431, 38.389416], [27.0087022, 38.3892521], [27.0085466, 38.3886802], [27.0085198, 38.3885078], [27.0085466, 38.388285], [27.0085788, 38.3881294], [27.0087075, 38.3879402], [27.0088041, 38.3877468], [27.0088202, 38.3875029], [27.0088041, 38.3871665], [27.0087826, 38.3870572], [27.0087397, 38.3869226], [27.00867, 38.3867712], [27.0086002, 38.3866956], [27.0084929, 38.3865736], [27.0083857, 38.3864769], [27.0083427, 38.3863718], [27.0083052, 38.3862162], [27.0083052, 38.3860859], [27.0082784, 38.3858672], [27.0082515, 38.3856906], [27.0081174, 38.3855266], [27.0080101, 38.3853542], [27.0079672, 38.385207], [27.008273, 38.3848496], [27.0084983, 38.3847361], [27.0086056, 38.3846099], [27.0087558, 38.3844838], [27.0089811, 38.3844922]]]]}, "bbox": [26.9905543, 38.3674769, 27.0089811, 38.3978291]}, {"id": "124", "type": "Feature", "properties": {"mahalle_adi": "Sahilevleri Mahallesi", "_gece_lst_str": "22.8°C"}, "geometry": {"type": "MultiPolygon", "coordinates": [[[[27.019023, 38.3962115], [27.0200586, 38.3961054], [27.0209491, 38.3960045], [27.0225477, 38.3958615], [27.0239246, 38.395853], [27.0239103, 38.3962525], [27.0240498, 38.3972699], [27.0241839, 38.3975264], [27.0241996, 38.3975709], [27.0242697, 38.3977702], [27.0242482, 38.3979805], [27.0241409, 38.398342], [27.0240122, 38.3985816], [27.0239639, 38.3988087], [27.0239586, 38.3990147], [27.0239907, 38.3992375], [27.0241141, 38.399578], [27.0242107, 38.3998429], [27.0242429, 38.3999942], [27.0241678, 38.4001077], [27.0239317, 38.4002591], [27.0237762, 38.4003558], [27.0237064, 38.4004651], [27.0236152, 38.400608], [27.0235026, 38.4007299], [27.023406, 38.4008897], [27.0232451, 38.400999], [27.0229715, 38.4011671], [27.0227945, 38.401268], [27.0226926, 38.4013647], [27.0226926, 38.4014824], [27.0226282, 38.4017725], [27.0225263, 38.4019659], [27.0224512, 38.4020121], [27.0222419, 38.402029], [27.0220113, 38.4020794], [27.0219094, 38.4021046], [27.0218867, 38.402142], [27.0218986, 38.4022181], [27.0219684, 38.4024073], [27.0220488, 38.4025965], [27.0220917, 38.4027562], [27.0220542, 38.4028824], [27.0220005, 38.4030043], [27.021904, 38.4031934], [27.0218611, 38.403328], [27.0218611, 38.4040347], [27.0218611, 38.4041171], [27.0218611, 38.4042066], [27.021845, 38.4044882], [27.021786, 38.4046732], [27.0215177, 38.4052239], [27.0212763, 38.4057956], [27.0212388, 38.4060436], [27.0212281, 38.406216], [27.0212549, 38.4065186], [27.0212924, 38.4068844], [27.0212656, 38.4071744], [27.0209652, 38.407145], [27.0202088, 38.4070273], [27.0199192, 38.4069978], [27.0197046, 38.4071029], [27.0195597, 38.4072585], [27.0194632, 38.4074476], [27.0193237, 38.407847], [27.0190448, 38.4087718], [27.0189589, 38.4090282], [27.0189393, 38.409061], [27.0188785, 38.4091627], [27.0187014, 38.4094611], [27.0183635, 38.4098731], [27.0181972, 38.4101631], [27.017988, 38.4106003], [27.0178486, 38.4109446], [27.017358, 38.4120286], [27.017194, 38.4123909], [27.0172761, 38.4127083], [27.017355, 38.413013], [27.015263, 38.4133195], [27.0150707, 38.4132208], [27.0149567, 38.413152], [27.0148546, 38.4130218], [27.0147525, 38.4129641], [27.0146171, 38.4128915], [27.0145007, 38.412765], [27.0142775, 38.4124077], [27.0140282, 38.4120542], [27.0138168, 38.4118104], [27.0136202, 38.4117239], [27.0134204, 38.411505], [27.0129508, 38.4110448], [27.012513, 38.4106376], [27.0124755, 38.4106061], [27.0119881, 38.4100957], [27.0116539, 38.4098426], [27.0113805, 38.409585], [27.0109749, 38.4092682], [27.0107916, 38.4091564], [27.0106629, 38.409003], [27.0104697, 38.4089105], [27.0102581, 38.4087702], [27.0101906, 38.4087308], [27.0097774, 38.4085764], [27.0091434, 38.4083736], [27.0088086, 38.4083289], [27.0082956, 38.4082991], [27.0079845, 38.4083177], [27.0074455, 38.408368], [27.0069634, 38.4084573], [27.0058164, 38.4086787], [27.0052964, 38.4087811], [27.004952, 38.4088555], [27.0046552, 38.4089951], [27.0044961, 38.4090565], [27.0043892, 38.4090658], [27.0042966, 38.4090453], [27.0042159, 38.4089876], [27.004166, 38.4089132], [27.0040222, 38.4088807], [27.0040297, 38.4087318], [27.0040995, 38.4084649], [27.0041531, 38.4081349], [27.004239, 38.4077377], [27.0044053, 38.4070903], [27.0045018, 38.4066363], [27.0045266, 38.4065212], [27.0046306, 38.4060394], [27.0047808, 38.4048329], [27.0047861, 38.4045891], [27.0047378, 38.4044798], [27.0044589, 38.404278], [27.0042175, 38.4040468], [27.0039386, 38.4037189], [27.0037186, 38.4036348], [27.0036113, 38.4035171], [27.00315, 38.4029244], [27.0028281, 38.4025545], [27.0024043, 38.4020878], [27.0023078, 38.4019617], [27.0022649, 38.4018356], [27.0021576, 38.4014488], [27.0020878, 38.4012344], [27.0020932, 38.4010789], [27.0021254, 38.4009023], [27.0023239, 38.4006879], [27.0026082, 38.4004146], [27.0028496, 38.4001666], [27.0029461, 38.3999732], [27.0030534, 38.3997126], [27.0031285, 38.3995023], [27.0032197, 38.3992543], [27.003386, 38.3990105], [27.0034611, 38.3987582], [27.0035577, 38.398178], [27.0036167, 38.3977576], [27.0057195, 38.3976105], [27.006492, 38.397539], [27.0084178, 38.3973246], [27.010231, 38.3971396], [27.0120013, 38.3969294], [27.0133209, 38.3967781], [27.014544, 38.3966687], [27.0160997, 38.396509], [27.0165288, 38.3964669], [27.019023, 38.3962115]]]]}, "bbox": [27.0020878, 38.395853, 27.0242697, 38.4133195]}, {"id": "128", "type": "Feature", "properties": {"mahalle_adi": "Kahramandere Mahallesi", "_gece_lst_str": "22.0°C"}, "geometry": {"type": "MultiPolygon", "coordinates": [[[[26.8612772, 38.359523], [26.8622804, 38.3608985], [26.8626988, 38.3614538], [26.8634176, 38.3622866], [26.8639648, 38.3628755], [26.864469, 38.3634643], [26.8657029, 38.3647682], [26.8663037, 38.3653823], [26.8670225, 38.3660132], [26.8676019, 38.366518], [26.8688679, 38.3674349], [26.869576, 38.367847], [26.8701982, 38.3681835], [26.8710136, 38.3685873], [26.8716895, 38.3688817], [26.8727624, 38.3693023], [26.873889, 38.369664], [26.874522, 38.3698238], [26.874125, 38.367826], [26.8745595, 38.3676283], [26.8750852, 38.3673045], [26.8754768, 38.3671489], [26.8758792, 38.3669974], [26.8762225, 38.3668208], [26.8768877, 38.3665516], [26.8773973, 38.3663077], [26.8778747, 38.3660847], [26.878159, 38.3659754], [26.8784702, 38.3658913], [26.8786043, 38.3658534], [26.8787867, 38.3657609], [26.8791032, 38.3655295], [26.8793607, 38.3652688], [26.8803585, 38.364335], [26.8806052, 38.3640995], [26.8808466, 38.3638513], [26.8811095, 38.3635989], [26.8816996, 38.36309], [26.8822253, 38.3627577], [26.8824345, 38.3626778], [26.8826544, 38.3625263], [26.8830138, 38.3621772], [26.8831479, 38.3619038], [26.8840438, 38.3609322], [26.8843925, 38.3604947], [26.8857068, 38.3591655], [26.885916, 38.358951], [26.8860045, 38.3588416], [26.8857229, 38.3587554], [26.8855137, 38.3586881], [26.8854117, 38.3586208], [26.8853044, 38.3584672], [26.8851784, 38.3581728], [26.8851274, 38.3579162], [26.8851301, 38.3577058], [26.8851789, 38.3573551], [26.8844556, 38.3568417], [26.8843323, 38.3567298], [26.8843808, 38.3566726], [26.8844929, 38.3566155], [26.8845596, 38.3565655], [26.8845536, 38.3565154], [26.88594, 38.3550016], [26.8864172, 38.3547518], [26.8868643, 38.3543113], [26.8872353, 38.3542103], [26.8874474, 38.3540675], [26.8876067, 38.3538472], [26.8875996, 38.3535433], [26.8883733, 38.3523344], [26.8871476, 38.352214], [26.8854473, 38.3507048], [26.8849404, 38.3506506], [26.8838963, 38.35059], [26.8833373, 38.3499638], [26.8832998, 38.3497254], [26.883385, 38.3485218], [26.8836957, 38.3482599], [26.884498, 38.3481057], [26.8843472, 38.3477659], [26.8845517, 38.3476231], [26.8845293, 38.3474682], [26.8839397, 38.3470922], [26.8837739, 38.3466808], [26.8837971, 38.3463293], [26.883669, 38.3460074], [26.8830105, 38.346114], [26.8826616, 38.346638], [26.880709, 38.3468685], [26.8807086, 38.3471545], [26.8795583, 38.3472189], [26.8801015, 38.3482384], [26.8786476, 38.3488387], [26.877628, 38.3496163], [26.8774348, 38.3495994], [26.8769413, 38.3496289], [26.8764639, 38.3496752], [26.8763351, 38.3497551], [26.8761688, 38.3499402], [26.8757933, 38.3503399], [26.8754607, 38.3507143], [26.8752837, 38.3508279], [26.8749779, 38.3509583], [26.8744791, 38.3511728], [26.8733901, 38.3516103], [26.8727678, 38.3518333], [26.872403, 38.3520983], [26.8721241, 38.3523297], [26.871829, 38.3525863], [26.8714964, 38.3528135], [26.8709546, 38.3531164], [26.8687499, 38.3533688], [26.8685514, 38.3534824], [26.8686211, 38.3536506], [26.8689215, 38.3542228], [26.86831, 38.3544036], [26.8682295, 38.3544962], [26.8682724, 38.3546098], [26.8683207, 38.3547318], [26.8683904, 38.3550262], [26.867221, 38.355224], [26.8674517, 38.3560947], [26.8668187, 38.3561873], [26.8670922, 38.3565322], [26.8671459, 38.3565995], [26.8673283, 38.3569571], [26.8674517, 38.3573146], [26.8675697, 38.3575502], [26.8677682, 38.3578783], [26.8672532, 38.3580045], [26.8669689, 38.358097], [26.866647, 38.3582106], [26.8657726, 38.3584041], [26.8648553, 38.3585345], [26.8649089, 38.3587364], [26.8636429, 38.3589299], [26.8636322, 38.3590435], [26.8618727, 38.3590982], [26.8612772, 38.359523]]]]}, "bbox": [26.8612772, 38.3460074, 26.8883733, 38.3698238]}, {"id": "135", "type": "Feature", "properties": {"mahalle_adi": "Aydoğdu Mahallesi", "_gece_lst_str": "23.0°C"}, "geometry": {"type": "MultiPolygon", "coordinates": [[[[27.1989228, 38.3984585], [27.1993482, 38.3976862], [27.1995306, 38.3971733], [27.1996083, 38.3966724], [27.1991676, 38.396113], [27.2034382, 38.3961653], [27.2038024, 38.3964268], [27.2037761, 38.3978332], [27.2037899, 38.3979216], [27.2040689, 38.3978501], [27.2042996, 38.3978459], [27.2047073, 38.3978669], [27.2051257, 38.3978838], [27.2055227, 38.3978627], [27.2063488, 38.3978123], [27.206558, 38.3977702], [27.2066814, 38.3977282], [27.2090796, 38.3991795], [27.2107453, 38.4005837], [27.2111828, 38.4002749], [27.2111708, 38.4014199], [27.2124806, 38.4027973], [27.2115516, 38.4049064], [27.2110462, 38.4053728], [27.2106396, 38.4066474], [27.2091735, 38.407033], [27.2089795, 38.4072527], [27.2072194, 38.408493], [27.2066438, 38.4082715], [27.2051203, 38.4082883], [27.2037041, 38.408011], [27.2024917, 38.4079857], [27.200211, 38.4084864], [27.1986937, 38.4091123], [27.1954436, 38.4086221], [27.1951764, 38.40856], [27.1937584, 38.4082211], [27.1905398, 38.4080698], [27.1924223, 38.4075853], [27.1941339, 38.407145], [27.192155, 38.4062489], [27.1916125, 38.4060376], [27.1901429, 38.4052869], [27.1889173, 38.4049535], [27.1887213, 38.4048056], [27.1886194, 38.40469], [27.1883002, 38.4041561], [27.1883404, 38.4040132], [27.1883941, 38.4038997], [27.1885496, 38.4038577], [27.1911285, 38.4037982], [27.1914464, 38.4038324], [27.19161, 38.4038766], [27.1917629, 38.4039375], [27.1939708, 38.4047469], [27.1943486, 38.4047741], [27.1946007, 38.404669], [27.1946651, 38.4044798], [27.1944613, 38.4041205], [27.1921015, 38.4023307], [27.1919952, 38.4022415], [27.1916288, 38.401947], [27.1918675, 38.4019134], [27.1920043, 38.4020269], [27.1925703, 38.4020016], [27.192927, 38.4022896], [27.193222, 38.4025334], [27.1936619, 38.4028361], [27.1940455, 38.4030526], [27.1942708, 38.4031808], [27.1949762, 38.4035445], [27.1954375, 38.4030043], [27.195754, 38.4032145], [27.1960035, 38.40337], [27.1961725, 38.4034814], [27.1963119, 38.403555], [27.196438, 38.4035676], [27.1965668, 38.4035403], [27.1968323, 38.4034205], [27.1970844, 38.4033112], [27.1973017, 38.4032376], [27.1975645, 38.4031745], [27.1979856, 38.4030925], [27.1984872, 38.402979], [27.1986562, 38.4028992], [27.1987689, 38.4028067], [27.1989861, 38.4026154], [27.1991658, 38.4024178], [27.1993053, 38.4022791], [27.1991819, 38.4020248], [27.199029, 38.4017683], [27.1999651, 38.4012996], [27.1998578, 38.399599], [27.1989228, 38.3984585]]]]}, "bbox": [27.1883002, 38.396113, 27.2124806, 38.4091123]}, {"id": "136", "type": "Feature", "properties": {"mahalle_adi": "Adatepe Mahallesi", "_gece_lst_str": "22.9°C"}, "geometry": {"type": "MultiPolygon", "coordinates": [[[[27.1811042, 38.3895538], [27.1810685, 38.3894202], [27.1809739, 38.3892815], [27.1809271, 38.389216], [27.1808286, 38.3890786], [27.1806429, 38.3888464], [27.1804744, 38.3886628], [27.1804538, 38.3886404], [27.1802523, 38.3884207], [27.1800527, 38.3881832], [27.1799236, 38.3880289], [27.1798996, 38.3879984], [27.179887, 38.3879703], [27.1797097, 38.3875762], [27.1794485, 38.3871545], [27.1791478, 38.3874592], [27.1790095, 38.3876053], [27.1789709, 38.3876461], [27.1787472, 38.3878911], [27.1785267, 38.3880736], [27.1779053, 38.3885481], [27.177349, 38.3881258], [27.1769451, 38.3878106], [27.1763222, 38.388267], [27.1755157, 38.3877151], [27.1757179, 38.3873599], [27.1759379, 38.3870572], [27.1762007, 38.386767], [27.1764582, 38.3865232], [27.1767318, 38.3863381], [27.1771395, 38.3861069], [27.1777511, 38.3857831], [27.1780676, 38.3856359], [27.1784162, 38.3855224], [27.178486, 38.3850052], [27.1780622, 38.3846898], [27.1777631, 38.3843765], [27.1775794, 38.3841348], [27.1773702, 38.3838614], [27.1771824, 38.3835839], [27.1768659, 38.3830289], [27.1763992, 38.3820827], [27.1780112, 38.3816601], [27.1785048, 38.3815171], [27.178703, 38.3814797], [27.1788563, 38.3814316], [27.1790201, 38.3813807], [27.1791515, 38.3813508], [27.1792483, 38.3813264], [27.1793557, 38.3813009], [27.179575, 38.3812585], [27.1801597, 38.3811113], [27.1804145, 38.3810419], [27.1809268, 38.380838], [27.1819997, 38.3804406], [27.1822907, 38.3803265], [27.1823587, 38.380306], [27.1824903, 38.3802552], [27.1825013, 38.3802514], [27.1829465, 38.3800222], [27.1831557, 38.3798561], [27.1833676, 38.3797509], [27.1835661, 38.3796269], [27.1838987, 38.3794587], [27.1841937, 38.3793115], [27.1844083, 38.3792232], [27.1845907, 38.3791769], [27.1846833, 38.3791749], [27.1849877, 38.3791685], [27.1855402, 38.3791559], [27.1861142, 38.3787143], [27.1866131, 38.3783106], [27.1869564, 38.378113], [27.1874446, 38.3778649], [27.1883565, 38.3773644], [27.1888983, 38.3770701], [27.1899015, 38.3766243], [27.1905291, 38.3763173], [27.1911567, 38.3761154], [27.1913928, 38.3760061], [27.1917844, 38.375657], [27.1920633, 38.3753164], [27.1924603, 38.3746561], [27.1930128, 38.3737267], [27.1931899, 38.3734407], [27.1933132, 38.3732641], [27.193501, 38.3730454], [27.1940052, 38.3726416], [27.1944022, 38.372301], [27.1945953, 38.3720739], [27.1946973, 38.3719141], [27.1947885, 38.3716533], [27.1950066, 38.3713544], [27.1954825, 38.3703922], [27.1956616, 38.3700177], [27.1958729, 38.3696521], [27.196126, 38.3692633], [27.1963346, 38.3689355], [27.1967436, 38.3684552], [27.1971704, 38.3679962], [27.1977411, 38.367378], [27.1981841, 38.3669596], [27.1983612, 38.3667829], [27.1985006, 38.3666021], [27.1986347, 38.3664254], [27.1988279, 38.3662193], [27.1991014, 38.3659375], [27.1993214, 38.3657777], [27.1995896, 38.3656053], [27.1998471, 38.3654707], [27.2002387, 38.3653823], [27.200802, 38.3653571], [27.2016388, 38.3653192], [27.2027707, 38.3652898], [27.2032964, 38.3652646], [27.2037578, 38.3652477], [27.204085, 38.3652141], [27.2045892, 38.3651678], [27.2050774, 38.3651047], [27.2058713, 38.365008], [27.2064614, 38.3649239], [27.2069699, 38.3648692], [27.207427, 38.3648439], [27.2080815, 38.3648692], [27.2090042, 38.3649323], [27.2097857, 38.3650527], [27.211622, 38.3653655], [27.2124642, 38.3656221], [27.2132313, 38.3658408], [27.2141164, 38.3660301], [27.2149479, 38.3662109], [27.215538, 38.3663161], [27.2165412, 38.3664296], [27.2173083, 38.366518], [27.2184133, 38.3666147], [27.2198993, 38.3667535], [27.220661, 38.3668292], [27.2226781, 38.366989], [27.2234505, 38.3670647], [27.2262347, 38.3673087], [27.2275704, 38.3674433], [27.2287613, 38.3675232], [27.2295787, 38.3675538], [27.2300627, 38.3675607], [27.2305389, 38.3675466], [27.2310059, 38.3675083], [27.2320497, 38.3673087], [27.2324896, 38.3677713], [27.232762, 38.3683204], [27.23382, 38.3684359], [27.2300177, 38.3713911], [27.2282329, 38.3755288], [27.2278011, 38.3767294], [27.2277345, 38.3774822], [27.2276182, 38.3778579], [27.2273647, 38.3780685], [27.2268604, 38.3784231], [27.2260743, 38.3803242], [27.2257897, 38.380939], [27.2257519, 38.3815487], [27.2254085, 38.3817842], [27.2255158, 38.381986], [27.2260523, 38.3824402], [27.2257304, 38.3831802], [27.2251012, 38.3833714], [27.2244859, 38.3839708], [27.2238335, 38.3837148], [27.2225332, 38.3839372], [27.2218757, 38.3836452], [27.2218794, 38.3833127], [27.2208353, 38.3825149], [27.2194004, 38.3835629], [27.2184241, 38.3837899], [27.2176784, 38.383874], [27.2169596, 38.3840843], [27.2166364, 38.384182], [27.2161587, 38.3845753], [27.2158105, 38.3846404], [27.2154146, 38.3847781], [27.2152162, 38.3849673], [27.2151571, 38.3851271], [27.2150391, 38.3852196], [27.2149372, 38.3852575], [27.2146636, 38.385392], [27.2146583, 38.3854845], [27.2149586, 38.3858294], [27.2151349, 38.385827], [27.215142, 38.385958], [27.2154069, 38.3862405], [27.215538, 38.3867292], [27.215866, 38.3873454], [27.2168233, 38.3877305], [27.2168934, 38.388203], [27.2170529, 38.3885524], [27.217056, 38.3895893], [27.2162676, 38.3897734], [27.2159685, 38.3904851], [27.2162418, 38.3907349], [27.2162893, 38.3914499], [27.2158395, 38.3929523], [27.2151613, 38.3940262], [27.2142934, 38.3941335], [27.2133198, 38.3952435], [27.2128907, 38.3954684], [27.2126949, 38.3964922], [27.2109869, 38.3968951], [27.2103882, 38.3979636], [27.2107208, 38.3983924], [27.211132, 38.3986556], [27.2114456, 38.3987149], [27.2112434, 38.3989926], [27.2111828, 38.4002749], [27.2107453, 38.4005837], [27.2090796, 38.3991795], [27.2066814, 38.3977282], [27.206558, 38.3977702], [27.2063488, 38.3978123], [27.2055227, 38.3978627], [27.2051257, 38.3978838], [27.2047073, 38.3978669], [27.2042996, 38.3978459], [27.2040689, 38.3978501], [27.2037899, 38.3979216], [27.2037761, 38.3978332], [27.2038024, 38.3964268], [27.2034382, 38.3961653], [27.1991676, 38.396113], [27.1996083, 38.3966724], [27.1995306, 38.3971733], [27.1993482, 38.3976862], [27.1989228, 38.3984585], [27.1976235, 38.3969672], [27.1966338, 38.3955252], [27.1955448, 38.3943984], [27.1948314, 38.3934987], [27.1941984, 38.392683], [27.1939221, 38.3923719], [27.1937746, 38.3921196], [27.1934849, 38.3916739], [27.1933347, 38.391531], [27.192868, 38.3912619], [27.1922725, 38.3908877], [27.1920955, 38.3907615], [27.1919399, 38.3907405], [27.1917629, 38.3907573], [27.1915644, 38.3908036], [27.191382, 38.3909213], [27.1912211, 38.3911273], [27.1911514, 38.3913544], [27.1911621, 38.3916277], [27.1912801, 38.3919178], [27.1915537, 38.3926199], [27.1917844, 38.3932464], [27.1915001, 38.3933725], [27.1906179, 38.3937354], [27.1904543, 38.3933738], [27.1900788, 38.3926086], [27.1897918, 38.3920347], [27.1897408, 38.3919191], [27.1896872, 38.3917719], [27.1896672, 38.3916587], [27.1896523, 38.3915743], [27.1896014, 38.3912232], [27.1895397, 38.3908805], [27.1894833, 38.3905715], [27.1894351, 38.3902393], [27.1893841, 38.3900312], [27.1893412, 38.3898967], [27.1892822, 38.3898042], [27.1891963, 38.3897074], [27.189081, 38.3896086], [27.1889308, 38.3895014], [27.1885768, 38.3893564], [27.1883246, 38.3893353], [27.1880966, 38.3893374], [27.1878687, 38.3893564], [27.1876487, 38.3893984], [27.1874315, 38.3894636], [27.1873188, 38.3895193], [27.1872357, 38.3895603], [27.1869971, 38.3897121], [27.1867368, 38.3898777], [27.1866429, 38.3899429], [27.1866183, 38.3899697], [27.1865749, 38.3900169], [27.1865275, 38.3900685], [27.186498, 38.3901006], [27.1864454, 38.390173], [27.1863773, 38.3902667], [27.1863449, 38.3903156], [27.1862654, 38.3904356], [27.1862352, 38.3904811], [27.1852747, 38.3900846], [27.184875, 38.3899122], [27.1843708, 38.3896956], [27.1840543, 38.3895548], [27.1835634, 38.3893467], [27.1830699, 38.3891785], [27.1822411, 38.3889809], [27.1817395, 38.3888862], [27.1816859, 38.3889766], [27.1815464, 38.3891406], [27.1814463, 38.389357], [27.1812975, 38.389461], [27.1811042, 38.3895538]], [[27.1887125, 38.3788487], [27.1898017, 38.3779401], [27.1919884, 38.3786185], [27.1917868, 38.3801571], [27.1905492, 38.3801507], [27.1887125, 38.3788487]], [[27.190751, 38.3844115], [27.1922654, 38.3849043], [27.1930518, 38.3850523], [27.1932117, 38.384879], [27.192356, 38.3841116], [27.1919095, 38.3821733], [27.1904547, 38.3822233], [27.1907086, 38.3841838], [27.190751, 38.3844115]], [[27.2132117, 38.3939484], [27.214056, 38.3942382], [27.2140453, 38.3943358], [27.2124754, 38.3952819], [27.2102641, 38.3965609], [27.2103239, 38.3973042], [27.2098093, 38.3973074], [27.2098369, 38.3974148], [27.2095136, 38.3974257], [27.2080779, 38.3968786], [27.2065881, 38.3973995], [27.206357, 38.3970872], [27.2050412, 38.395954], [27.2044006, 38.3955448], [27.2042233, 38.3954097], [27.2040737, 38.3953084], [27.2038462, 38.39521], [27.2031546, 38.3950674], [27.202098, 38.3948672], [27.2013505, 38.3945902], [27.2010499, 38.3944489], [27.1997857, 38.39374], [27.1994292, 38.3934529], [27.1990701, 38.3930958], [27.1985016, 38.3924575], [27.1976523, 38.3917473], [27.1946073, 38.389164], [27.1949806, 38.3888941], [27.195284, 38.3888564], [27.1966691, 38.3883051], [27.1976881, 38.3889807], [27.206122, 38.3936598], [27.206835, 38.3936325], [27.2082103, 38.3943541], [27.2082019, 38.39453], [27.2083366, 38.3945022], [27.2088908, 38.394601], [27.2089057, 38.3944594], [27.2096137, 38.3946569], [27.2095374, 38.3948784], [27.2100988, 38.3950565], [27.2101553, 38.3949912], [27.2102127, 38.3947739], [27.2111749, 38.3949962], [27.2129746, 38.3946343], [27.2131035, 38.3944717], [27.2132117, 38.3939484]]]]}, "bbox": [27.1755157, 38.3648439, 27.23382, 38.4005837]}, {"id": "137", "type": "Feature", "properties": {"mahalle_adi": "Buca Organize Sanayi Bölgesi", "_gece_lst_str": "22.7°C"}, "geometry": {"type": "MultiPolygon", "coordinates": [[[[27.1887125, 38.3788487], [27.1898017, 38.3779401], [27.1919884, 38.3786185], [27.1917868, 38.3801571], [27.1905492, 38.3801507], [27.1887125, 38.3788487]]], [[[27.190751, 38.3844115], [27.1922654, 38.3849043], [27.1930518, 38.3850523], [27.1932117, 38.384879], [27.192356, 38.3841116], [27.1919095, 38.3821733], [27.1904547, 38.3822233], [27.1907086, 38.3841838], [27.190751, 38.3844115]]], [[[27.2132117, 38.3939484], [27.214056, 38.3942382], [27.2140453, 38.3943358], [27.2124754, 38.3952819], [27.2102641, 38.3965609], [27.2103239, 38.3973042], [27.2098093, 38.3973074], [27.2098369, 38.3974148], [27.2095136, 38.3974257], [27.2080779, 38.3968786], [27.2065881, 38.3973995], [27.206357, 38.3970872], [27.2050412, 38.395954], [27.2044006, 38.3955448], [27.2042233, 38.3954097], [27.2040737, 38.3953084], [27.2038462, 38.39521], [27.2031546, 38.3950674], [27.202098, 38.3948672], [27.2013505, 38.3945902], [27.2010499, 38.3944489], [27.1997857, 38.39374], [27.1994292, 38.3934529], [27.1990701, 38.3930958], [27.1985016, 38.3924575], [27.1976523, 38.3917473], [27.1946073, 38.389164], [27.1949806, 38.3888941], [27.195284, 38.3888564], [27.1966691, 38.3883051], [27.1976881, 38.3889807], [27.206122, 38.3936598], [27.206835, 38.3936325], [27.2082103, 38.3943541], [27.2082019, 38.39453], [27.2083366, 38.3945022], [27.2088908, 38.394601], [27.2089057, 38.3944594], [27.2096137, 38.3946569], [27.2095374, 38.3948784], [27.2100988, 38.3950565], [27.2101553, 38.3949912], [27.2102127, 38.3947739], [27.2111749, 38.3949962], [27.2129746, 38.3946343], [27.2131035, 38.3944717], [27.2132117, 38.3939484]]]]}, "bbox": [27.1887125, 38.3779401, 27.214056, 38.3974257]}, {"id": "146", "type": "Feature", "properties": {"mahalle_adi": "Kuruçeşme Mahallesi", "_gece_lst_str": "22.9°C"}, "geometry": {"type": "MultiPolygon", "coordinates": [[[[27.1878469, 38.3727636], [27.1883136, 38.3732767], [27.1885443, 38.37363], [27.1887803, 38.3739202], [27.1890485, 38.3741641], [27.1892202, 38.374387], [27.1893543, 38.3746183], [27.1896279, 38.3749757], [27.1905291, 38.3763173], [27.1911567, 38.3761154], [27.1913928, 38.3760061], [27.1917844, 38.375657], [27.1920633, 38.3753164], [27.1924603, 38.3746561], [27.1930128, 38.3737267], [27.1931899, 38.3734407], [27.1933132, 38.3732641], [27.193501, 38.3730454], [27.1940052, 38.3726416], [27.1944022, 38.372301], [27.1945953, 38.3720739], [27.1946973, 38.3719141], [27.1947885, 38.3716533], [27.1950066, 38.3713544], [27.1954825, 38.3703922], [27.1956616, 38.3700177], [27.1958729, 38.3696521], [27.196126, 38.3692633], [27.1963346, 38.3689355], [27.1967436, 38.3684552], [27.1971704, 38.3679962], [27.1977411, 38.367378], [27.1981841, 38.3669596], [27.1983612, 38.3667829], [27.1985006, 38.3666021], [27.1986347, 38.3664254], [27.1988279, 38.3662193], [27.1991014, 38.3659375], [27.1993214, 38.3657777], [27.1995896, 38.3656053], [27.1998471, 38.3654707], [27.2002387, 38.3653823], [27.2007376, 38.3652477], [27.201789, 38.36513], [27.202127, 38.3650795], [27.2022986, 38.3649954], [27.2024488, 38.3649028], [27.2026259, 38.3647051], [27.2026849, 38.3645159], [27.2026581, 38.3642551], [27.2025508, 38.3640532], [27.2023576, 38.3638555], [27.2021484, 38.3637293], [27.2017729, 38.3636116], [27.2012043, 38.3635569], [27.1992731, 38.3634896], [27.1982646, 38.3636116], [27.1977335, 38.3636746], [27.1969074, 38.3637672], [27.1962154, 38.3638387], [27.1952981, 38.3638976], [27.1943325, 38.363948], [27.193104, 38.3640364], [27.1922135, 38.3640826], [27.1904755, 38.3641668], [27.1895367, 38.3642257], [27.1886865, 38.3642709], [27.1886998, 38.365702], [27.1891022, 38.3660301], [27.1890593, 38.3661899], [27.1891773, 38.3663035], [27.1894348, 38.3665348], [27.1898961, 38.3669091], [27.1901643, 38.3671573], [27.1907222, 38.3676704], [27.190513, 38.3677587], [27.1896547, 38.3680615], [27.1898371, 38.3690205], [27.1899229, 38.3695883], [27.1899176, 38.3698532], [27.1886998, 38.3699416], [27.1876484, 38.3700257], [27.1871173, 38.3700804], [27.1872193, 38.3711949], [27.1874285, 38.3715398], [27.1875626, 38.3717753], [27.1876484, 38.3720276], [27.1877396, 38.3724103], [27.1878469, 38.3727636]]]]}, "bbox": [27.1871173, 38.3634896, 27.2026849, 38.3763173]}, {"id": "151", "type": "Feature", "properties": {"mahalle_adi": "Buca Koop Mahallesi", "_gece_lst_str": "23.0°C"}, "geometry": {"type": "MultiPolygon", "coordinates": [[[[27.1734216, 38.3706265], [27.1734649, 38.3704505], [27.173481, 38.3702528], [27.1734863, 38.3700551], [27.1735024, 38.369706], [27.1734649, 38.3693443], [27.1734005, 38.36897], [27.1732825, 38.3684821], [27.1731752, 38.3680069], [27.1731108, 38.3676199], [27.1730357, 38.367254], [27.1729714, 38.3667956], [27.1729714, 38.366396], [27.1727139, 38.3661394], [27.1723774, 38.3656707], [27.1723667, 38.3653439], [27.1723545, 38.3649701], [27.1730089, 38.3650248], [27.1736312, 38.3650795], [27.1740603, 38.3651216], [27.1749616, 38.3652015], [27.175616, 38.3652688], [27.1763563, 38.3653445], [27.1768552, 38.3653865], [27.1778154, 38.365437], [27.178545, 38.365458], [27.1792692, 38.3654707], [27.1800846, 38.3654538], [27.1809483, 38.3653907], [27.1815115, 38.3653529], [27.1820801, 38.3652856], [27.1826059, 38.3652225], [27.1833193, 38.3651258], [27.1845639, 38.3649028], [27.1855724, 38.3647304], [27.1868116, 38.3645075], [27.1873856, 38.3644275], [27.1881688, 38.3643308], [27.1886865, 38.3642709], [27.1886998, 38.365702], [27.1891022, 38.3660301], [27.1890593, 38.3661899], [27.1891773, 38.3663035], [27.1894348, 38.3665348], [27.1898961, 38.3669091], [27.1901643, 38.3671573], [27.1907222, 38.3676704], [27.190513, 38.3677587], [27.1896547, 38.3680615], [27.1898371, 38.3690205], [27.1899229, 38.3695883], [27.1899176, 38.3698532], [27.1886998, 38.3699416], [27.1876484, 38.3700257], [27.1871173, 38.3700804], [27.1869028, 38.3700972], [27.1864843, 38.3700719], [27.1858191, 38.369992], [27.1853149, 38.3699121], [27.1845639, 38.3698028], [27.1838021, 38.3696682], [27.1833193, 38.3695925], [27.1829385, 38.3695841], [27.1821284, 38.3696472], [27.1816295, 38.3696976], [27.1805137, 38.3698701], [27.1791083, 38.3701519], [27.1763509, 38.3705388], [27.1754336, 38.3706608], [27.174953, 38.3706531], [27.1741944, 38.3706481], [27.1734216, 38.3706265]]]]}, "bbox": [27.1723545, 38.3642709, 27.1907222, 38.3706608]}, {"id": "174", "type": "Feature", "properties": {"mahalle_adi": "Yaşar Kemal Mahallesi", "_gece_lst_str": "22.6°C"}, "geometry": {"type": "MultiPolygon", "coordinates": [[[[27.0816314, 38.3478493], [27.0818674, 38.3479839], [27.0820632, 38.3481263], [27.082243, 38.3483457], [27.0824253, 38.3486571], [27.0825112, 38.3489179], [27.0825755, 38.3493302], [27.0825469, 38.3502025], [27.0824146, 38.3507942], [27.0822322, 38.3513832], [27.0811701, 38.3529145], [27.080977, 38.3531753], [27.0806551, 38.3534445], [27.0803547, 38.3537053], [27.080301, 38.3539073], [27.0803708, 38.3542606], [27.0805364, 38.3548199], [27.0809014, 38.356111], [27.0809233, 38.3563892], [27.0808053, 38.35665], [27.0806229, 38.3568267], [27.0800972, 38.3572053], [27.0797324, 38.3574745], [27.0795768, 38.3576175], [27.0795071, 38.3577605], [27.0795071, 38.3578867], [27.0795554, 38.3580297], [27.0798987, 38.3584546], [27.0799792, 38.3586649], [27.0799202, 38.3590645], [27.0798451, 38.359359], [27.0797646, 38.3595567], [27.0796377, 38.3596172], [27.079373, 38.3595819], [27.0789546, 38.3594221], [27.0787507, 38.3594305], [27.0785576, 38.3595441], [27.0784342, 38.3597838], [27.0784342, 38.3600194], [27.0785522, 38.3601792], [27.0791209, 38.3605494], [27.0799309, 38.3610415], [27.0802313, 38.361193], [27.0807141, 38.3613023], [27.0816806, 38.3615038], [27.0818865, 38.3615458], [27.0822322, 38.3609995], [27.0826399, 38.3604947], [27.082994, 38.3600825], [27.0835572, 38.3594978], [27.0840186, 38.3590561], [27.0847964, 38.3584294], [27.085467, 38.3579456], [27.0863789, 38.3573651], [27.0871031, 38.3569739], [27.0884603, 38.3563766], [27.0891041, 38.3561368], [27.0898497, 38.3559012], [27.0905632, 38.3556909], [27.0912605, 38.355531], [27.091738, 38.3554133], [27.0911801, 38.3536044], [27.0891952, 38.3526957], [27.0886266, 38.3524854], [27.0881653, 38.3522077], [27.0872512, 38.3515068], [27.0867169, 38.3510971], [27.0853329, 38.3499949], [27.0851397, 38.3497256], [27.0850968, 38.3492376], [27.0851719, 38.3488085], [27.085247, 38.3482364], [27.0852256, 38.3477904], [27.0846784, 38.3473529], [27.0841849, 38.3474034], [27.0821679, 38.3477778], [27.081905, 38.3478241], [27.0816314, 38.3478493]]]]}, "bbox": [27.0784342, 38.3473529, 27.091738, 38.3615458]}, {"id": "175", "type": "Feature", "properties": {"mahalle_adi": "Uzundere Mahallesi", "_gece_lst_str": "22.4°C"}, "geometry": {"type": "MultiPolygon", "coordinates": [[[[27.0932507, 38.3317301], [27.0930737, 38.331545], [27.0928109, 38.3313388], [27.0924568, 38.3310737], [27.0924193, 38.3309727], [27.0923227, 38.3306823], [27.0921993, 38.3305308], [27.091856, 38.3302237], [27.0913786, 38.330009], [27.0910513, 38.3297355], [27.0910191, 38.3292937], [27.0909065, 38.3292726], [27.0908233, 38.329199], [27.0907858, 38.3290706], [27.0906034, 38.3288434], [27.0903783, 38.3284966], [27.0888841, 38.3262385], [27.0886803, 38.3260996], [27.0887404, 38.3245858], [27.0849484, 38.3226766], [27.083291, 38.3211542], [27.0811905, 38.3192583], [27.0794338, 38.3190452], [27.0785093, 38.3204812], [27.078166, 38.3207337], [27.0777261, 38.321163], [27.0771038, 38.3215165], [27.0758593, 38.3219879], [27.0750546, 38.3221478], [27.0745182, 38.3223919], [27.0741427, 38.3228296], [27.073617, 38.3233515], [27.0731664, 38.3235367], [27.0722759, 38.3237639], [27.0703018, 38.3237471], [27.0704305, 38.3241511], [27.0705914, 38.3245299], [27.0709669, 38.3247571], [27.0707846, 38.3250012], [27.0703876, 38.3255315], [27.0703018, 38.326129], [27.0699799, 38.3267603], [27.0699906, 38.326937], [27.0701086, 38.3272737], [27.0702267, 38.3279891], [27.0703661, 38.3283594], [27.070291, 38.328856], [27.0702481, 38.32926], [27.0705914, 38.3300006], [27.07057, 38.3304888], [27.0706558, 38.3308675], [27.0709348, 38.3312462], [27.0714283, 38.3315324], [27.0719111, 38.3317764], [27.0722544, 38.3322393], [27.0725226, 38.3332576], [27.0723939, 38.3336111], [27.0721793, 38.3339141], [27.0716858, 38.3341413], [27.0711708, 38.3343349], [27.0712674, 38.3347977], [27.0717072, 38.3352101], [27.0718467, 38.3357487], [27.0720613, 38.3364219], [27.0721793, 38.3373224], [27.0722115, 38.3377179], [27.0722544, 38.3378946], [27.0726085, 38.3381555], [27.0727265, 38.3384837], [27.0725012, 38.3389466], [27.0720506, 38.339502], [27.0717609, 38.3400237], [27.071718, 38.3404613], [27.0717609, 38.3406801], [27.072072, 38.34084], [27.072351, 38.3409325], [27.0729732, 38.3413617], [27.0734882, 38.341673], [27.0735848, 38.3419928], [27.0735848, 38.3425229], [27.073971, 38.3425902], [27.0743251, 38.3427585], [27.0744431, 38.3431288], [27.0745611, 38.343457], [27.0749044, 38.3436337], [27.0755267, 38.3436926], [27.0758593, 38.3438861], [27.076267, 38.3443237], [27.076688, 38.3449848], [27.0773828, 38.3453587], [27.0780694, 38.3456027], [27.0784235, 38.3458972], [27.0788956, 38.34636], [27.0793891, 38.3469574], [27.0797217, 38.3473697], [27.079947, 38.3475127], [27.0804405, 38.3475716], [27.0809662, 38.3476474], [27.081331, 38.3477315], [27.0816314, 38.3478493], [27.081905, 38.3478241], [27.0821679, 38.3477778], [27.0841849, 38.3474034], [27.0846784, 38.3473529], [27.0852256, 38.3477904], [27.085247, 38.3482364], [27.0851719, 38.3488085], [27.0850968, 38.3492376], [27.0851397, 38.3497256], [27.0853329, 38.3499949], [27.0867169, 38.3510971], [27.0872512, 38.3515068], [27.0881653, 38.3522077], [27.0886266, 38.3524854], [27.0891952, 38.3526957], [27.0911801, 38.3536044], [27.091738, 38.3554133], [27.0923763, 38.3553039], [27.0931864, 38.3551903], [27.0939481, 38.3551146], [27.0947099, 38.3550935], [27.0955414, 38.3550851], [27.0958203, 38.3550851], [27.0967054, 38.3551398], [27.0977206, 38.3552063], [27.0977408, 38.3553712], [27.0978051, 38.3554806], [27.0978695, 38.3555521], [27.0979553, 38.3556194], [27.0980626, 38.3556867], [27.0981753, 38.3557582], [27.0982504, 38.3558928], [27.0982665, 38.3559854], [27.0982894, 38.3561354], [27.0987434, 38.3561112], [27.0987573, 38.3562882], [27.0988163, 38.3564081], [27.0988646, 38.3565322], [27.0989022, 38.3566921], [27.0988914, 38.3569613], [27.098881, 38.3570943], [27.0996612, 38.3570622], [27.0998597, 38.3570791], [27.100026, 38.3571674], [27.1005356, 38.357546], [27.1015334, 38.358177], [27.1019036, 38.3584336], [27.1021289, 38.3586397], [27.1023756, 38.3589552], [27.1025473, 38.3591276], [27.1029496, 38.3594515], [27.1033573, 38.3592328], [27.1037006, 38.3591108], [27.103991, 38.3590806], [27.1045073, 38.3590909], [27.1057482, 38.3590411], [27.1060071, 38.35906], [27.1057854, 38.3603085], [27.1074982, 38.3602936], [27.1073912, 38.3610639], [27.1082783, 38.3609354], [27.1090367, 38.3619537], [27.1092937, 38.3617866], [27.1094298, 38.3619164], [27.1095049, 38.3620258], [27.1097588, 38.3618808], [27.1098983, 38.3621616], [27.1100475, 38.3624599], [27.1097517, 38.3626778], [27.1098884, 38.3628584], [27.1101745, 38.3631161], [27.1105795, 38.3633236], [27.1107399, 38.3634116], [27.1109631, 38.3634515], [27.1113771, 38.3634685], [27.1116507, 38.3634433], [27.1119404, 38.3634601], [27.1122193, 38.3635022], [27.1124446, 38.3635653], [27.1126163, 38.3636284], [27.1128416, 38.3636957], [27.1130508, 38.3636915], [27.1133137, 38.3636578], [27.1136461, 38.3636694], [27.1142363, 38.3638008], [27.1148445, 38.3638729], [27.1149445, 38.3639396], [27.1152234, 38.3639396], [27.1156633, 38.3638723], [27.1153003, 38.3632789], [27.1154532, 38.3631408], [27.116026, 38.3631583], [27.1165329, 38.3631034], [27.1168113, 38.3630816], [27.1175033, 38.3631203], [27.117693, 38.3631468], [27.1176614, 38.3630492], [27.1174706, 38.3628384], [27.1179068, 38.3629095], [27.1181667, 38.3630258], [27.1187815, 38.3632219], [27.119067, 38.3632241], [27.1194673, 38.3632191], [27.1196265, 38.3632235], [27.120198, 38.3634241], [27.1205506, 38.3634927], [27.1204303, 38.3631625], [27.1204636, 38.3627693], [27.1204781, 38.362352], [27.120418, 38.3621391], [27.1204334, 38.3619959], [27.1204552, 38.3617147], [27.1205589, 38.3614352], [27.1208853, 38.3610539], [27.1207032, 38.3606323], [27.1205328, 38.3603824], [27.1204291, 38.360279], [27.1203877, 38.3602218], [27.1203684, 38.3601637], [27.1203182, 38.3596398], [27.1203743, 38.359473], [27.1204693, 38.3593572], [27.1208078, 38.3592556], [27.1209538, 38.3591944], [27.1210737, 38.3590693], [27.1211434, 38.3589484], [27.121187, 38.3588402], [27.1211521, 38.3583527], [27.1212343, 38.3580983], [27.1215313, 38.3575575], [27.1218632, 38.3573752], [27.1219709, 38.3571214], [27.1210987, 38.3570963], [27.1213072, 38.3566195], [27.1209118, 38.3564853], [27.1210686, 38.3560116], [27.1206387, 38.3559694], [27.1203895, 38.3558399], [27.1201023, 38.3556488], [27.1199696, 38.3555268], [27.1197939, 38.3554587], [27.119582, 38.3554448], [27.1187961, 38.3554343], [27.118466, 38.3553693], [27.1181899, 38.3551903], [27.1178788, 38.3549926], [27.1177554, 38.3549127], [27.1176052, 38.3548369], [27.116914, 38.3546965], [27.116771, 38.354614], [27.1165913, 38.3544731], [27.1164036, 38.3541849], [27.1163017, 38.354025], [27.1162158, 38.3539514], [27.1160898, 38.3538946], [27.1159181, 38.353882], [27.1158296, 38.3538946], [27.1157464, 38.3539304], [27.1156579, 38.3539956], [27.1151054, 38.3545761], [27.1148264, 38.3549085], [27.1147299, 38.355001], [27.1145099, 38.3550893], [27.1140808, 38.3551861], [27.1137857, 38.3552408], [27.1136731, 38.3552492], [27.1135604, 38.3552408], [27.1134639, 38.3552176], [27.113378, 38.3551903], [27.1131099, 38.3550802], [27.1127611, 38.3549253], [27.1125734, 38.3548706], [27.1123105, 38.354879], [27.1120343, 38.3548895], [27.1119136, 38.3548727], [27.1118036, 38.3548159], [27.1116856, 38.3547086], [27.111589, 38.3545929], [27.1114656, 38.3542249], [27.1113664, 38.3541723], [27.1112484, 38.3541365], [27.1110848, 38.3540945], [27.1109828, 38.3540818], [27.1107047, 38.3541085], [27.1103793, 38.3540923], [27.1100843, 38.3540461], [27.1099174, 38.3539774], [27.1098187, 38.3539367], [27.1093681, 38.3538421], [27.1091509, 38.3536738], [27.1088558, 38.3535181], [27.1085286, 38.3532868], [27.108542, 38.3531185], [27.1084642, 38.3529839], [27.1084401, 38.3528598], [27.1084535, 38.3526578], [27.1084481, 38.352559], [27.1083811, 38.3524748], [27.1082711, 38.3523907], [27.108155, 38.3523042], [27.1079908, 38.352152], [27.1079372, 38.352111], [27.1078742, 38.3520857], [27.1078299, 38.3520836], [27.1076716, 38.3521446], [27.1075255, 38.3522098], [27.1072671, 38.3522445], [27.1071687, 38.3522498], [27.1070453, 38.3522729], [27.1068049, 38.352306], [27.1066725, 38.3523108], [27.1064633, 38.3522855], [27.1063158, 38.3522245], [27.10623, 38.3521572], [27.1061495, 38.35205], [27.1060958, 38.3519343], [27.1060207, 38.3516019], [27.105979, 38.3512208], [27.1059108, 38.3509604], [27.1058357, 38.35079], [27.1056426, 38.3505712], [27.1054789, 38.3503777], [27.1053073, 38.3502031], [27.1051866, 38.3501274], [27.1050619, 38.3500595], [27.1049505, 38.3499938], [27.1047896, 38.3498866], [27.104748, 38.3498382], [27.1047078, 38.3497561], [27.1046944, 38.3496723], [27.1047038, 38.3495931], [27.1048138, 38.3493028], [27.1048701, 38.3491808], [27.1049049, 38.3490757], [27.104913, 38.3489368], [27.1048754, 38.3488043], [27.1047351, 38.348603], [27.1046635, 38.3485308], [27.1045965, 38.348432], [27.1045589, 38.348371], [27.104508, 38.3482595], [27.1044382, 38.3481522], [27.1043444, 38.3480765], [27.1042666, 38.3480554], [27.1040064, 38.3480533], [27.1037757, 38.3480428], [27.1036872, 38.3479881], [27.1035987, 38.347904], [27.1035612, 38.3477967], [27.1035209, 38.3475674], [27.1033385, 38.3473402], [27.1029193, 38.3467856], [27.1026657, 38.3467592], [27.1020806, 38.3466881], [27.1017036, 38.3466447], [27.1008789, 38.3464904], [27.1005034, 38.3464273], [27.0996773, 38.3455438], [27.0992482, 38.344168], [27.0991838, 38.3436421], [27.0985508, 38.3428806], [27.0985178, 38.3428302], [27.0978427, 38.3417993], [27.0937084, 38.3381759], [27.0936075, 38.3380319], [27.0929611, 38.337558], [27.0928162, 38.337457], [27.0927966, 38.3373881], [27.0928699, 38.3371835], [27.0929933, 38.3370615], [27.0932883, 38.3367586], [27.0934278, 38.3364977], [27.093417, 38.3362578], [27.0933366, 38.3360769], [27.0933473, 38.3359086], [27.09346, 38.3355467], [27.0932829, 38.3352606], [27.0932454, 38.3351386], [27.0933688, 38.3349997], [27.0936531, 38.334924], [27.0938086, 38.3348651], [27.0937551, 38.3345158], [27.0937014, 38.3341666], [27.0937121, 38.3337878], [27.0936799, 38.3335606], [27.0934307, 38.3330538], [27.0933151, 38.3327948], [27.0933151, 38.3326601], [27.0933795, 38.3323571], [27.0933366, 38.3320289], [27.0932507, 38.3317301]]]]}, "bbox": [27.0699799, 38.3190452, 27.1219709, 38.3639396]}, {"id": "187", "type": "Feature", "properties": {"mahalle_adi": "Irmak Mahallesi", "_gece_lst_str": "22.6°C"}, "geometry": {"type": "MultiPolygon", "coordinates": [[[[27.1230501, 38.3207464], [27.1228301, 38.3206832], [27.122696, 38.3207001], [27.1225727, 38.3207464], [27.12246, 38.3207927], [27.1223205, 38.3207842], [27.1222132, 38.3207211], [27.1221113, 38.3206201], [27.122063, 38.3204938], [27.1219933, 38.3202792], [27.1219665, 38.3201193], [27.1219718, 38.3199467], [27.1220899, 38.3198289], [27.1222132, 38.3197489], [27.1222454, 38.3196816], [27.1221918, 38.3196184], [27.1220577, 38.3195721], [27.1219611, 38.3195258], [27.1218699, 38.3194459], [27.1218109, 38.3193154], [27.1217519, 38.3191849], [27.121709, 38.3190713], [27.1217358, 38.3189787], [27.1218431, 38.3189282], [27.1219128, 38.3188482], [27.1218806, 38.3187683], [27.1217412, 38.3187009], [27.1213174, 38.3184694], [27.1210277, 38.3182885], [27.1208399, 38.3181748], [27.1208024, 38.3180949], [27.1208453, 38.3179518], [27.1209097, 38.3178213], [27.1209365, 38.3176824], [27.1209419, 38.3174972], [27.1209633, 38.3173836], [27.1209955, 38.317291], [27.1209741, 38.3171394], [27.120856, 38.3170553], [27.120738, 38.3170048], [27.1205825, 38.3169837], [27.1204001, 38.3170048], [27.1202606, 38.3170468], [27.1201855, 38.3170805], [27.1200514, 38.3170342], [27.1197402, 38.3164576], [27.1196705, 38.3162598], [27.1194613, 38.3161125], [27.1192414, 38.3161461], [27.1190911, 38.3162135], [27.1188122, 38.316264], [27.1186674, 38.3162682], [27.1185923, 38.3161041], [27.1185708, 38.3160199], [27.1146818, 38.3152641], [27.1144724, 38.3150308], [27.1141773, 38.3147866], [27.1139145, 38.3146351], [27.1136945, 38.3145846], [27.1134907, 38.3152623], [27.1133995, 38.3155653], [27.1120369, 38.3161335], [27.110728, 38.3162556], [27.1103471, 38.3162977], [27.1101487, 38.3163818], [27.1097463, 38.3163482], [27.109462, 38.3162472], [27.1091241, 38.316184], [27.1089095, 38.316163], [27.1080673, 38.3159778], [27.10774, 38.3158894], [27.1075576, 38.3157505], [27.1074343, 38.3155232], [27.1072411, 38.3152749], [27.1063238, 38.3152328], [27.1058142, 38.3152286], [27.1055889, 38.3152749], [27.1054226, 38.3152202], [27.1052509, 38.3151149], [27.1049398, 38.3150476], [27.1046501, 38.3149929], [27.1044624, 38.3150055], [27.1043926, 38.3150139], [27.1042317, 38.3149466], [27.1040869, 38.3148077], [27.1040547, 38.3146141], [27.1039635, 38.3147403], [27.1039796, 38.3148835], [27.10406, 38.3149971], [27.1041888, 38.3150897], [27.1044087, 38.3152033], [27.1044731, 38.3152875], [27.1042156, 38.3152833], [27.103824, 38.3151907], [27.103411, 38.3150855], [27.1032178, 38.3149887], [27.1030247, 38.3148287], [27.102955, 38.314774], [27.1014991, 38.3155385], [27.1011203, 38.3156327], [27.1006375, 38.3156411], [27.1002406, 38.315599], [27.0997363, 38.3154811], [27.0986688, 38.3150308], [27.0980036, 38.3150771], [27.0976067, 38.3157631], [27.0964984, 38.3145833], [27.0948923, 38.3137723], [27.0942807, 38.3133514], [27.0928001, 38.3122991], [27.0919418, 38.3115498], [27.0875326, 38.3090395], [27.0872264, 38.3098805], [27.0869636, 38.310245], [27.0867705, 38.3104554], [27.0864701, 38.3106154], [27.0858371, 38.3109437], [27.0851934, 38.3111794], [27.0847106, 38.3112299], [27.0842922, 38.3112805], [27.0841312, 38.3113731], [27.0840132, 38.3115162], [27.0839167, 38.3117687], [27.0837664, 38.3119455], [27.083509, 38.312055], [27.0831764, 38.3120802], [27.0824039, 38.3119623], [27.0821249, 38.3120381], [27.0817172, 38.3122991], [27.0813739, 38.312459], [27.0807532, 38.31256], [27.0802045, 38.3128715], [27.0796358, 38.3137386], [27.0792043, 38.3142393], [27.0787624, 38.3146354], [27.0778602, 38.315721], [27.0774579, 38.3161293], [27.0774759, 38.3166585], [27.0776354, 38.3174901], [27.0779836, 38.3184863], [27.0785737, 38.3189408], [27.0794338, 38.3190452], [27.0811905, 38.3192583], [27.083291, 38.3211542], [27.0849484, 38.3226766], [27.0887404, 38.3245858], [27.0886803, 38.3260996], [27.0888841, 38.3262385], [27.0903783, 38.3284966], [27.0906034, 38.3288434], [27.0907858, 38.3290706], [27.0908233, 38.329199], [27.0909065, 38.3292726], [27.0910191, 38.3292937], [27.0910513, 38.3297355], [27.0913786, 38.330009], [27.091856, 38.3302237], [27.0921993, 38.3305308], [27.0923227, 38.3306823], [27.0924193, 38.3309727], [27.0924568, 38.3310737], [27.0928109, 38.3313388], [27.0930737, 38.331545], [27.0932507, 38.3317301], [27.1062004, 38.3291253], [27.1102667, 38.3280354], [27.110787, 38.3288981], [27.1110338, 38.3291337], [27.1114951, 38.3295293], [27.1117634, 38.3297523], [27.1121496, 38.3299922], [27.112568, 38.3301269], [27.1130133, 38.3302868], [27.1135175, 38.3304383], [27.1139789, 38.3305687], [27.1141291, 38.3306529], [27.1143007, 38.330817], [27.1144777, 38.3310611], [27.1148908, 38.3308843], [27.1152663, 38.330716], [27.1154796, 38.330636], [27.1155131, 38.3306234], [27.115792, 38.3305855], [27.1161246, 38.3305393], [27.1163204, 38.3304972], [27.1164867, 38.3304362], [27.1166638, 38.3303709], [27.1168756, 38.3303036], [27.1171278, 38.3302321], [27.1174657, 38.33015], [27.1177366, 38.3300974], [27.1178386, 38.330068], [27.1179163, 38.3300132], [27.1179646, 38.329927], [27.1180129, 38.3298028], [27.1180424, 38.3296997], [27.1180826, 38.3295651], [27.1181256, 38.3294536], [27.1181631, 38.3293799], [27.1182194, 38.3293084], [27.1183026, 38.3292579], [27.1184045, 38.3292053], [27.1185172, 38.3292158], [27.1186379, 38.3292831], [27.1187317, 38.3293105], [27.1188927, 38.3293526], [27.119126, 38.3293862], [27.1194023, 38.3294115], [27.1195793, 38.3294304], [27.1203679, 38.3295567], [27.1205769, 38.3295918], [27.1207434, 38.3296198], [27.1209124, 38.329725], [27.1210787, 38.3298533], [27.1211752, 38.3299375], [27.121245, 38.330028], [27.1213254, 38.3301416], [27.1213952, 38.3302194], [27.121481, 38.3302931], [27.1216232, 38.330373], [27.1217519, 38.3304277], [27.1219209, 38.3304446], [27.1221489, 38.330413], [27.1222723, 38.330352], [27.1223715, 38.3303394], [27.1225297, 38.3303562], [27.1228382, 38.3304046], [27.1229857, 38.3304151], [27.1231627, 38.3304025], [27.123372, 38.3303878], [27.1235195, 38.3304046], [27.1236321, 38.3304404], [27.1237662, 38.3305329], [27.1238843, 38.3306108], [27.1240452, 38.3306697], [27.1242061, 38.3307497], [27.1243322, 38.3308149], [27.1244556, 38.3309096], [27.1246219, 38.3310484], [27.1247157, 38.3311663], [27.1248043, 38.3313051], [27.1248928, 38.3314124], [27.1250966, 38.3315618], [27.1252227, 38.3316439], [27.1253648, 38.331707], [27.1254963, 38.3317596], [27.1256518, 38.3318269], [27.1257994, 38.3319111], [27.1259066, 38.3319952], [27.1261239, 38.332153], [27.1262607, 38.332254], [27.1264243, 38.332334], [27.1267247, 38.3324266], [27.1268427, 38.3324581], [27.1269849, 38.3325065], [27.1270815, 38.332557], [27.1271807, 38.3326391], [27.1272799, 38.3327064], [27.127414, 38.3327232], [27.1275857, 38.3326748], [27.1277386, 38.332618], [27.1280122, 38.332496], [27.1281329, 38.3324287], [27.1283233, 38.3323003], [27.1284869, 38.3322351], [27.1286479, 38.3321972], [27.1292326, 38.3321278], [27.1294713, 38.3321131], [27.1298736, 38.3321004], [27.1301606, 38.3320878], [27.1305764, 38.3319973], [27.1307936, 38.3319342], [27.1311477, 38.3318269], [27.1313301, 38.3317596], [27.131637, 38.3316423], [27.1315956, 38.3314103], [27.1313757, 38.3310442], [27.1312308, 38.3308465], [27.1310002, 38.3306024], [27.1305764, 38.3301942], [27.1300667, 38.3297018], [27.1297234, 38.3293442], [27.1294552, 38.3289991], [27.1292835, 38.3287424], [27.1286774, 38.3278208], [27.1282643, 38.3271517], [27.1279413, 38.3264282], [27.1278942, 38.3263226], [27.1276098, 38.3256114], [27.127524, 38.3253295], [27.1271646, 38.3248707], [27.1267301, 38.3243994], [27.1264189, 38.3240375], [27.1261024, 38.3236124], [27.1259683, 38.3234104], [27.125861, 38.323221], [27.1257859, 38.322918], [27.1256036, 38.3226444], [27.1253675, 38.322232], [27.1252871, 38.3219879], [27.1252549, 38.321567], [27.1252858, 38.3210733], [27.12511, 38.3210536], [27.1234953, 38.3209189], [27.1232861, 38.3208726], [27.1231681, 38.3208221], [27.1230501, 38.3207464]]]]}, "bbox": [27.0774579, 38.3090395, 27.131637, 38.3327232]}, {"id": "188", "type": "Feature", "properties": {"mahalle_adi": "Zafer Mahallesi", "_gece_lst_str": "23.0°C"}, "geometry": {"type": "MultiPolygon", "coordinates": [[[[27.1164036, 38.3541849], [27.1163017, 38.354025], [27.1162158, 38.3539514], [27.1160898, 38.3538946], [27.1159181, 38.353882], [27.1158296, 38.3538946], [27.1157464, 38.3539304], [27.1156579, 38.3539956], [27.1151054, 38.3545761], [27.1148264, 38.3549085], [27.1147299, 38.355001], [27.1145099, 38.3550893], [27.1140808, 38.3551861], [27.1137857, 38.3552408], [27.1136731, 38.3552492], [27.1135604, 38.3552408], [27.1134639, 38.3552176], [27.113378, 38.3551903], [27.1131099, 38.3550802], [27.1127611, 38.3549253], [27.1125734, 38.3548706], [27.1123105, 38.354879], [27.1120343, 38.3548895], [27.1119136, 38.3548727], [27.1118036, 38.3548159], [27.1116856, 38.3547086], [27.111589, 38.3545929], [27.1114656, 38.3542249], [27.1113664, 38.3541723], [27.1112484, 38.3541365], [27.1110848, 38.3540945], [27.1109828, 38.3540818], [27.1107047, 38.3541085], [27.1103793, 38.3540923], [27.1100843, 38.3540461], [27.1099174, 38.3539774], [27.1098187, 38.3539367], [27.1093681, 38.3538421], [27.1091509, 38.3536738], [27.1088558, 38.3535181], [27.1085286, 38.3532868], [27.108542, 38.3531185], [27.1084642, 38.3529839], [27.1084401, 38.3528598], [27.1084535, 38.3526578], [27.1084481, 38.352559], [27.1083811, 38.3524748], [27.1082711, 38.3523907], [27.108155, 38.3523042], [27.1079908, 38.352152], [27.1079372, 38.352111], [27.1078742, 38.3520857], [27.1078299, 38.3520836], [27.1076716, 38.3521446], [27.1075255, 38.3522098], [27.1072671, 38.3522445], [27.1071687, 38.3522498], [27.1070453, 38.3522729], [27.1068049, 38.352306], [27.1066725, 38.3523108], [27.1064633, 38.3522855], [27.1063158, 38.3522245], [27.10623, 38.3521572], [27.1061495, 38.35205], [27.1060958, 38.3519343], [27.1060207, 38.3516019], [27.105979, 38.3512208], [27.1059108, 38.3509604], [27.1058357, 38.35079], [27.1056426, 38.3505712], [27.1054789, 38.3503777], [27.1053073, 38.3502031], [27.1051866, 38.3501274], [27.1050619, 38.3500595], [27.1049505, 38.3499938], [27.1047896, 38.3498866], [27.104748, 38.3498382], [27.1047078, 38.3497561], [27.1046944, 38.3496723], [27.1047038, 38.3495931], [27.1048138, 38.3493028], [27.1048701, 38.3491808], [27.1049049, 38.3490757], [27.104913, 38.3489368], [27.1048754, 38.3488043], [27.1047351, 38.348603], [27.1046635, 38.3485308], [27.1045965, 38.348432], [27.1045589, 38.348371], [27.104508, 38.3482595], [27.1044382, 38.3481522], [27.1043444, 38.3480765], [27.1042666, 38.3480554], [27.1040064, 38.3480533], [27.1037757, 38.3480428], [27.1036872, 38.3479881], [27.1035987, 38.347904], [27.1035612, 38.3477967], [27.1035209, 38.3475674], [27.1033385, 38.3473402], [27.1029193, 38.3467856], [27.1026657, 38.3467592], [27.1020806, 38.3466881], [27.1017036, 38.3466447], [27.1008789, 38.3464904], [27.1005034, 38.3464273], [27.0996773, 38.3455438], [27.0992482, 38.344168], [27.0991838, 38.3436421], [27.0985508, 38.3428806], [27.0985178, 38.3428302], [27.0978427, 38.3417993], [27.0937084, 38.3381759], [27.0936075, 38.3380319], [27.0929611, 38.337558], [27.0928162, 38.337457], [27.0927966, 38.3373881], [27.0928699, 38.3371835], [27.0929933, 38.3370615], [27.0932883, 38.3367586], [27.0934278, 38.3364977], [27.093417, 38.3362578], [27.0933366, 38.3360769], [27.0933473, 38.3359086], [27.09346, 38.3355467], [27.0932829, 38.3352606], [27.0932454, 38.3351386], [27.0933688, 38.3349997], [27.0936531, 38.334924], [27.0938086, 38.3348651], [27.0937551, 38.3345158], [27.0937014, 38.3341666], [27.0937121, 38.3337878], [27.0936799, 38.3335606], [27.0934307, 38.3330538], [27.0933151, 38.3327948], [27.0933151, 38.3326601], [27.0933795, 38.3323571], [27.0933366, 38.3320289], [27.0932507, 38.3317301], [27.1062004, 38.3291253], [27.1102667, 38.3280354], [27.110787, 38.3288981], [27.1110338, 38.3291337], [27.1114951, 38.3295293], [27.1117634, 38.3297523], [27.1121496, 38.3299922], [27.112568, 38.3301269], [27.1130133, 38.3302868], [27.1135175, 38.3304383], [27.1139789, 38.3305687], [27.1141291, 38.3306529], [27.1143007, 38.330817], [27.1144777, 38.3310611], [27.1148908, 38.3308843], [27.1152663, 38.330716], [27.1154796, 38.330636], [27.1155131, 38.3306234], [27.115792, 38.3305855], [27.1161246, 38.3305393], [27.1163204, 38.3304972], [27.1164867, 38.3304362], [27.1166638, 38.3303709], [27.1168756, 38.3303036], [27.1171278, 38.3302321], [27.1174657, 38.33015], [27.1177366, 38.3300974], [27.1178386, 38.330068], [27.1179163, 38.3300132], [27.1179646, 38.329927], [27.1180129, 38.3298028], [27.1180424, 38.3296997], [27.1180826, 38.3295651], [27.1181256, 38.3294536], [27.1181631, 38.3293799], [27.1182194, 38.3293084], [27.1183026, 38.3292579], [27.1184045, 38.3292053], [27.1185172, 38.3292158], [27.1186379, 38.3292831], [27.1187317, 38.3293105], [27.1188927, 38.3293526], [27.119126, 38.3293862], [27.1194023, 38.3294115], [27.1195793, 38.3294304], [27.1203679, 38.3295567], [27.1205769, 38.3295918], [27.1207434, 38.3296198], [27.1209124, 38.329725], [27.1210787, 38.3298533], [27.1211752, 38.3299375], [27.121245, 38.330028], [27.1213254, 38.3301416], [27.1213952, 38.3302194], [27.121481, 38.3302931], [27.1216232, 38.330373], [27.1217519, 38.3304277], [27.1219209, 38.3304446], [27.1221489, 38.330413], [27.1222723, 38.330352], [27.1223715, 38.3303394], [27.1225297, 38.3303562], [27.1228382, 38.3304046], [27.1229857, 38.3304151], [27.1231627, 38.3304025], [27.123372, 38.3303878], [27.1235195, 38.3304046], [27.1236321, 38.3304404], [27.1237662, 38.3305329], [27.1238843, 38.3306108], [27.1240452, 38.3306697], [27.1242061, 38.3307497], [27.1243322, 38.3308149], [27.1244556, 38.3309096], [27.1246219, 38.3310484], [27.1247157, 38.3311663], [27.1248043, 38.3313051], [27.1248928, 38.3314124], [27.1250966, 38.3315618], [27.1252227, 38.3316439], [27.1253648, 38.331707], [27.1254963, 38.3317596], [27.1256518, 38.3318269], [27.1257994, 38.3319111], [27.1259066, 38.3319952], [27.1261239, 38.332153], [27.1262607, 38.332254], [27.1264243, 38.332334], [27.1267247, 38.3324266], [27.1268427, 38.3324581], [27.1269849, 38.3325065], [27.1270815, 38.332557], [27.1271807, 38.3326391], [27.1272799, 38.3327064], [27.127414, 38.3327232], [27.1275857, 38.3326748], [27.1277386, 38.332618], [27.1280122, 38.332496], [27.1281329, 38.3324287], [27.1283233, 38.3323003], [27.1284869, 38.3322351], [27.1286479, 38.3321972], [27.1292326, 38.3321278], [27.1294713, 38.3321131], [27.1298736, 38.3321004], [27.1301606, 38.3320878], [27.1305764, 38.3319973], [27.1307936, 38.3319342], [27.1311477, 38.3318269], [27.1313301, 38.3317596], [27.131637, 38.3316423], [27.1317619, 38.3317806], [27.1323734, 38.3332871], [27.1329313, 38.3346462], [27.1335643, 38.3360853], [27.1338755, 38.3366323], [27.1337199, 38.3374991], [27.1335858, 38.3382439], [27.1334088, 38.3392663], [27.1333605, 38.3396534], [27.1333283, 38.3399143], [27.1333283, 38.3404486], [27.1333498, 38.341105], [27.1333551, 38.3414879], [27.1333605, 38.3419844], [27.1333605, 38.3424893], [27.1333551, 38.34291], [27.1332961, 38.3431961], [27.133221, 38.343457], [27.1330011, 38.3440712], [27.132808, 38.3445046], [27.1326524, 38.3448622], [27.1325773, 38.345081], [27.1325076, 38.3453334], [27.1324593, 38.3457205], [27.1324217, 38.346116], [27.1314052, 38.3461791], [27.1309975, 38.3462317], [27.1302062, 38.34636], [27.1298951, 38.3464231], [27.12901, 38.3466397], [27.1287149, 38.3467176], [27.1284574, 38.3467996], [27.1277466, 38.3470668], [27.1274328, 38.3471909], [27.127178, 38.3472961], [27.1265048, 38.3476284], [27.126376, 38.3476957], [27.1261963, 38.3477988], [27.1259522, 38.3479397], [27.1252361, 38.3483668], [27.1250671, 38.3484719], [27.1248203, 38.3486381], [27.1241283, 38.3490588], [27.122975, 38.349774], [27.1222669, 38.3502031], [27.1215266, 38.350668], [27.1209741, 38.3509667], [27.1205395, 38.3511939], [27.1201345, 38.3513832], [27.1195418, 38.3516482], [27.1191394, 38.3518186], [27.1185252, 38.3520521], [27.1180397, 38.3522224], [27.1174711, 38.3523928], [27.11716, 38.3524959], [27.1167254, 38.3526095], [27.1161783, 38.3527357], [27.1163204, 38.353089], [27.1164197, 38.3532047], [27.1164894, 38.3532804], [27.1165055, 38.3533225], [27.1165135, 38.3534024], [27.1165001, 38.3534782], [27.1164733, 38.3535244], [27.1164116, 38.3535644], [27.1163607, 38.3536401], [27.1163821, 38.3537369], [27.1164519, 38.3538484], [27.1164948, 38.3539199], [27.1165189, 38.3539788], [27.116476, 38.354086], [27.1164036, 38.3541849]]]]}, "bbox": [27.0927966, 38.3280354, 27.1338755, 38.3552492]}, {"id": "192", "type": "Feature", "properties": {"mahalle_adi": "Yeşil Mahallesi", "_gece_lst_str": "22.8°C"}, "geometry": {"type": "MultiPolygon", "coordinates": [[[[27.1230501, 38.3207464], [27.1228301, 38.3206832], [27.122696, 38.3207001], [27.1225727, 38.3207464], [27.12246, 38.3207927], [27.1223205, 38.3207842], [27.1222132, 38.3207211], [27.1221113, 38.3206201], [27.122063, 38.3204938], [27.1219933, 38.3202792], [27.1219665, 38.3201193], [27.1219718, 38.3199467], [27.1220899, 38.3198289], [27.1222132, 38.3197489], [27.1222454, 38.3196816], [27.1221918, 38.3196184], [27.1220577, 38.3195721], [27.1219611, 38.3195258], [27.1218699, 38.3194459], [27.1218109, 38.3193154], [27.1217519, 38.3191849], [27.121709, 38.3190713], [27.1217358, 38.3189787], [27.1218431, 38.3189282], [27.1219128, 38.3188482], [27.1218806, 38.3187683], [27.1217412, 38.3187009], [27.1213174, 38.3184694], [27.1210277, 38.3182885], [27.1208399, 38.3181748], [27.1208024, 38.3180949], [27.1208453, 38.3179518], [27.1209097, 38.3178213], [27.1209365, 38.3176824], [27.1209419, 38.3174972], [27.1209633, 38.3173836], [27.1209955, 38.317291], [27.1209741, 38.3171394], [27.120856, 38.3170553], [27.120738, 38.3170048], [27.1205825, 38.3169837], [27.1204001, 38.3170048], [27.1202606, 38.3170468], [27.1201855, 38.3170805], [27.1200514, 38.3170342], [27.1197402, 38.3164576], [27.1196705, 38.3162598], [27.1194613, 38.3161125], [27.1192414, 38.3161461], [27.1190911, 38.3162135], [27.1188122, 38.316264], [27.1186674, 38.3162682], [27.1185923, 38.3161041], [27.1185708, 38.3160199], [27.1146818, 38.3152641], [27.1144724, 38.3150308], [27.1141773, 38.3147866], [27.1139145, 38.3146351], [27.1136945, 38.3145846], [27.1134907, 38.3152623], [27.1133995, 38.3155653], [27.1120369, 38.3161335], [27.110728, 38.3162556], [27.1103471, 38.3162977], [27.1101487, 38.3163818], [27.1097463, 38.3163482], [27.109462, 38.3162472], [27.1091241, 38.316184], [27.1089095, 38.316163], [27.1080673, 38.3159778], [27.10774, 38.3158894], [27.1075576, 38.3157505], [27.1074343, 38.3155232], [27.1072411, 38.3152749], [27.1063238, 38.3152328], [27.1058142, 38.3152286], [27.1055889, 38.3152749], [27.1054226, 38.3152202], [27.1052509, 38.3151149], [27.1049398, 38.3150476], [27.1046501, 38.3149929], [27.1044624, 38.3150055], [27.1043926, 38.3150139], [27.1042317, 38.3149466], [27.1040869, 38.3148077], [27.1040547, 38.3146141], [27.1039635, 38.3147403], [27.1039796, 38.3148835], [27.10406, 38.3149971], [27.1041888, 38.3150897], [27.1044087, 38.3152033], [27.1044731, 38.3152875], [27.1042156, 38.3152833], [27.103824, 38.3151907], [27.103411, 38.3150855], [27.1032178, 38.3149887], [27.1030247, 38.3148287], [27.102955, 38.314774], [27.1014991, 38.3155385], [27.1011203, 38.3156327], [27.1006375, 38.3156411], [27.1002406, 38.315599], [27.0997363, 38.3154811], [27.0986688, 38.3150308], [27.0980036, 38.3150771], [27.0976067, 38.3157631], [27.0964984, 38.3145833], [27.0948923, 38.3137723], [27.0942807, 38.3133514], [27.0928001, 38.3122991], [27.0919418, 38.3115498], [27.0875326, 38.3090395], [27.0876825, 38.3088349], [27.0878649, 38.3086833], [27.0883906, 38.3084855], [27.0890933, 38.3082876], [27.0900053, 38.3079846], [27.0904452, 38.3077699], [27.0907548, 38.3075695], [27.090928, 38.3073784], [27.0911211, 38.3071006], [27.0913839, 38.3068143], [27.09162, 38.3067049], [27.0921349, 38.3064102], [27.0923237, 38.3060698], [27.0924246, 38.3057409], [27.0924783, 38.3052779], [27.0923602, 38.3047685], [27.0924139, 38.3042718], [27.0923602, 38.303935], [27.09243, 38.303674], [27.0925748, 38.3034425], [27.0927572, 38.3032152], [27.0929181, 38.3030847], [27.0932085, 38.302849], [27.0936155, 38.3026595], [27.0940125, 38.3024995], [27.0997095, 38.3014892], [27.1034159, 38.3009373], [27.1045911, 38.301868], [27.1042156, 38.3020617], [27.1040761, 38.3022385], [27.1040439, 38.30255], [27.1040654, 38.3028447], [27.1041298, 38.3031562], [27.1041512, 38.3033751], [27.1041298, 38.3035772], [27.1043122, 38.3043686], [27.1044624, 38.304537], [27.1045697, 38.3048232], [27.104795, 38.3052695], [27.105149, 38.3056904], [27.1053636, 38.3061029], [27.1064687, 38.3062461], [27.107445, 38.3064313], [27.1081424, 38.3066333], [27.108475, 38.3066165], [27.1090865, 38.3066754], [27.1095264, 38.3065912], [27.1101165, 38.3066418], [27.1106851, 38.3065828], [27.1116936, 38.306667], [27.1124661, 38.3068101], [27.1139789, 38.3069701], [27.1149766, 38.307088], [27.1160495, 38.3071722], [27.1168113, 38.3073658], [27.1172726, 38.3074668], [27.1181953, 38.3077025], [27.1190965, 38.3078793], [27.1200406, 38.3080309], [27.1206683, 38.3081614], [27.1213442, 38.3083971], [27.1217573, 38.3085318], [27.122725, 38.3087754], [27.1232081, 38.3082266], [27.1261673, 38.3138726], [27.1275884, 38.3143826], [27.127701, 38.3142942], [27.127862, 38.3141595], [27.1280551, 38.3140417], [27.1283018, 38.3139996], [27.1289885, 38.3140248], [27.130115, 38.3141343], [27.1306836, 38.3142774], [27.1312308, 38.314471], [27.1320248, 38.3148161], [27.1319497, 38.3151276], [27.1318263, 38.315519], [27.1317351, 38.3158347], [27.1315795, 38.3160956], [27.1312523, 38.3164366], [27.1311021, 38.3166302], [27.130512, 38.3172868], [27.1302091, 38.3175831], [27.1300346, 38.3177539], [27.1296161, 38.3181243], [27.1283287, 38.3193491], [27.1274328, 38.3202034], [27.126596, 38.3209694], [27.1262848, 38.3208053], [27.1258235, 38.3211336], [27.1252858, 38.3210733], [27.12511, 38.3210536], [27.1234953, 38.3209189], [27.1232861, 38.3208726], [27.1231681, 38.3208221], [27.1230501, 38.3207464]]]]}, "bbox": [27.0875326, 38.3009373, 27.1320248, 38.3211336]}, {"id": "194", "type": "Feature", "properties": {"mahalle_adi": "Sevgi Mahallesi", "_gece_lst_str": "23.0°C"}, "geometry": {"type": "MultiPolygon", "coordinates": [[[[27.1426482, 38.2905726], [27.1420777, 38.2923028], [27.1414339, 38.2940627], [27.1411765, 38.2948879], [27.1408224, 38.2961931], [27.1406078, 38.2975403], [27.1403396, 38.2990475], [27.1400714, 38.300984], [27.1399748, 38.3016155], [27.1399426, 38.3020785], [27.1399212, 38.3024237], [27.1400177, 38.3030047], [27.1402323, 38.3036866], [27.1405005, 38.3042507], [27.1409082, 38.3049327], [27.1414232, 38.3056483], [27.1417236, 38.3061535], [27.1419167, 38.3066333], [27.1420777, 38.307029], [27.1422493, 38.3075678], [27.1423781, 38.3080309], [27.1424532, 38.3086286], [27.1424854, 38.3092853], [27.1424639, 38.3099924], [27.1406507, 38.3098662], [27.1405113, 38.309521], [27.140286, 38.3091506], [27.1399748, 38.3088222], [27.1395242, 38.3084771], [27.1383333, 38.3098156], [27.1376145, 38.3104975], [27.1372068, 38.3109437], [27.1366703, 38.3113057], [27.1355331, 38.3119118], [27.1345353, 38.3124927], [27.1340418, 38.312821], [27.1335161, 38.3132167], [27.1330762, 38.3135534], [27.1326792, 38.313848], [27.1323466, 38.3141679], [27.1322071, 38.3144289], [27.1320248, 38.3148161], [27.1312308, 38.314471], [27.1306836, 38.3142774], [27.130115, 38.3141343], [27.1289885, 38.3140248], [27.1283018, 38.3139996], [27.1280551, 38.3140417], [27.127862, 38.3141595], [27.127701, 38.3142942], [27.1275884, 38.3143826], [27.1261673, 38.3138726], [27.1232081, 38.3082266], [27.122725, 38.3087754], [27.1217573, 38.3085318], [27.1213442, 38.3083971], [27.1206683, 38.3081614], [27.1200406, 38.3080309], [27.1190965, 38.3078793], [27.1181953, 38.3077025], [27.1172726, 38.3074668], [27.1168113, 38.3073658], [27.1160495, 38.3071722], [27.1149766, 38.307088], [27.1139789, 38.3069701], [27.1124661, 38.3068101], [27.1116936, 38.306667], [27.1106851, 38.3065828], [27.1101165, 38.3066418], [27.1095264, 38.3065912], [27.1090865, 38.3066754], [27.108475, 38.3066165], [27.1081424, 38.3066333], [27.107445, 38.3064313], [27.1064687, 38.3062461], [27.1053636, 38.3061029], [27.105149, 38.3056904], [27.104795, 38.3052695], [27.1045697, 38.3048232], [27.1044624, 38.304537], [27.1043122, 38.3043686], [27.1041298, 38.3035772], [27.1041512, 38.3033751], [27.1041298, 38.3031562], [27.1040654, 38.3028447], [27.1040439, 38.30255], [27.1040761, 38.3022385], [27.1042156, 38.3020617], [27.1045911, 38.301868], [27.1034159, 38.3009373], [27.1046697, 38.3007506], [27.1058169, 38.3004346], [27.1067154, 38.29978], [27.1068013, 38.2992411], [27.1067691, 38.2989127], [27.1067798, 38.2985591], [27.1070373, 38.2980202], [27.1073913, 38.2977003], [27.1078898, 38.2975754], [27.1101165, 38.2974477], [27.1142428, 38.2972114], [27.1147835, 38.2972456], [27.1160817, 38.2974982], [27.1170151, 38.2976413], [27.1183777, 38.2980118], [27.1191501, 38.2982813], [27.1200514, 38.298778], [27.120726, 38.2991082], [27.1212473, 38.2994331], [27.121886, 38.2999821], [27.1219718, 38.3003862], [27.1220362, 38.3006893], [27.1226048, 38.3013881], [27.1231949, 38.3014723], [27.1235431, 38.3014978], [27.1243, 38.3015818], [27.124679, 38.3013276], [27.1253621, 38.3006135], [27.1256196, 38.3004788], [27.1258761, 38.3004985], [27.1261346, 38.3006304], [27.1265209, 38.3005714], [27.1268856, 38.3004199], [27.1275497, 38.3000697], [27.1287417, 38.2993169], [27.1295571, 38.2984075], [27.1297717, 38.2984581], [27.1299004, 38.2983739], [27.1300077, 38.298256], [27.1301687, 38.2978771], [27.1310718, 38.2967499], [27.131381, 38.2963362], [27.1316063, 38.2960583], [27.1326148, 38.2957131], [27.1329582, 38.2953426], [27.1331835, 38.2952247], [27.1333444, 38.2952584], [27.1337092, 38.2953174], [27.1338487, 38.2952837], [27.1339935, 38.2951153], [27.1348756, 38.2948378], [27.1359944, 38.2943827], [27.1365309, 38.293667], [27.1369922, 38.2932544], [27.1379149, 38.292766], [27.1382689, 38.2923955], [27.1387088, 38.2919492], [27.1387088, 38.2917302], [27.138523, 38.291461], [27.1387293, 38.291291], [27.1388912, 38.2911576], [27.1391702, 38.2911913], [27.1398615, 38.2910386], [27.1404254, 38.2909724], [27.1410155, 38.2906776], [27.1412837, 38.2905682], [27.1417236, 38.2906524], [27.1422386, 38.2905598], [27.1426482, 38.2905726]]]]}, "bbox": [27.1034159, 38.2905598, 27.1426482, 38.3148161]}, {"id": "195", "type": "Feature", "properties": {"mahalle_adi": "Beyazevler Mahallesi", "_gece_lst_str": "23.1°C"}, "geometry": {"type": "MultiPolygon", "coordinates": [[[[27.136681, 38.3462403], [27.1397033, 38.3463681], [27.1408653, 38.3464441], [27.1422507, 38.3466611], [27.1433973, 38.3469364], [27.1445292, 38.3466797], [27.1448672, 38.3465998], [27.1451408, 38.3464525], [27.1459132, 38.3465325], [27.1463508, 38.3464343], [27.1466911, 38.3462927], [27.1469969, 38.3462758], [27.1472959, 38.3462955], [27.1478122, 38.3463389], [27.1481663, 38.3461875], [27.1484291, 38.3461412], [27.1488261, 38.3460571], [27.1492821, 38.3458172], [27.1497698, 38.3454793], [27.1501833, 38.3452451], [27.1505213, 38.3454554], [27.1509021, 38.3455101], [27.1512401, 38.3454807], [27.1515942, 38.345792], [27.1526506, 38.3458574], [27.1529083, 38.346898], [27.1536793, 38.3469779], [27.1537399, 38.3471341], [27.1540993, 38.347336], [27.1541744, 38.3476768], [27.1542388, 38.3479082], [27.154507, 38.3481143], [27.1547323, 38.34827], [27.1548557, 38.3482279], [27.1550059, 38.3481101], [27.1551454, 38.3480639], [27.1553868, 38.3480807], [27.1555746, 38.3479965], [27.1559018, 38.3477399], [27.1562183, 38.347538], [27.1567172, 38.3474202], [27.1568888, 38.3474076], [27.1573716, 38.3474959], [27.157774, 38.3473276], [27.1582782, 38.3470163], [27.1586323, 38.3468985], [27.1591097, 38.3469321], [27.1595504, 38.3470401], [27.1597964, 38.3471467], [27.1604186, 38.3470626], [27.1609497, 38.3469364], [27.1614829, 38.3467658], [27.162205, 38.3464273], [27.1629614, 38.34628], [27.1637618, 38.3461643], [27.1645385, 38.3462632], [27.1644017, 38.3461286], [27.1643105, 38.3460129], [27.1642005, 38.345914], [27.1639779, 38.3456553], [27.1524444, 38.3395019], [27.1517363, 38.3392895], [27.1513876, 38.3392495], [27.1510953, 38.3392327], [27.1501324, 38.3392285], [27.1497622, 38.3391548], [27.1466374, 38.3379788], [27.1456665, 38.3371583], [27.143966, 38.3364177], [27.1432686, 38.3362494], [27.1426731, 38.3360937], [27.1419275, 38.3359254], [27.1415895, 38.3358202], [27.142073, 38.3345764], [27.1396597, 38.334621], [27.1395779, 38.3351175], [27.1395457, 38.3354373], [27.1395411, 38.3358963], [27.1371954, 38.3357203], [27.1373308, 38.3352911], [27.1370673, 38.3349787], [27.1366757, 38.3348693], [27.1361339, 38.3347641], [27.1356726, 38.3346715], [27.135458, 38.3355888], [27.1347231, 38.3354836], [27.1340901, 38.3354121], [27.1338755, 38.3366323], [27.1337199, 38.3374991], [27.1335858, 38.3382439], [27.1334088, 38.3392663], [27.1333605, 38.3396534], [27.1333283, 38.3399143], [27.1333283, 38.3404486], [27.1333498, 38.341105], [27.1333551, 38.3414879], [27.1333605, 38.3419844], [27.1333605, 38.3424893], [27.1333551, 38.34291], [27.1332961, 38.3431961], [27.133221, 38.343457], [27.1330011, 38.3440712], [27.132808, 38.3445046], [27.1326524, 38.3448622], [27.1325773, 38.345081], [27.1325076, 38.3453334], [27.1324593, 38.3457205], [27.1324217, 38.346116], [27.1330118, 38.3460991], [27.1335322, 38.3461117], [27.1347016, 38.3461664], [27.136681, 38.3462403]]]]}, "bbox": [27.1324217, 38.3345764, 27.1645385, 38.34827]}, {"id": "196", "type": "Feature", "properties": {"mahalle_adi": "Dokuz Eylül Mahallesi", "_gece_lst_str": "22.9°C"}, "geometry": {"type": "MultiPolygon", "coordinates": [[[[27.1340901, 38.3354121], [27.1347231, 38.3354836], [27.135458, 38.3355888], [27.1356726, 38.3346715], [27.1361339, 38.3347641], [27.1366757, 38.3348693], [27.1370673, 38.3349787], [27.1373308, 38.3352911], [27.1371954, 38.3357203], [27.1395411, 38.3358963], [27.1395457, 38.3354373], [27.1395779, 38.3351175], [27.1396597, 38.334621], [27.142073, 38.3345764], [27.1415895, 38.3358202], [27.1419275, 38.3359254], [27.1426731, 38.3360937], [27.1432686, 38.3362494], [27.143966, 38.3364177], [27.1456665, 38.3371583], [27.1466374, 38.3379788], [27.1497622, 38.3391548], [27.1501324, 38.3392285], [27.1510953, 38.3392327], [27.1513876, 38.3392495], [27.1517363, 38.3392895], [27.1524444, 38.3395019], [27.1639779, 38.3456553], [27.1642005, 38.345914], [27.1643105, 38.3460129], [27.1644017, 38.3461286], [27.1645385, 38.3462632], [27.1649429, 38.3467921], [27.1651876, 38.3471089], [27.165606, 38.3473192], [27.1661425, 38.3473865], [27.1668381, 38.347261], [27.1673441, 38.3471425], [27.1677357, 38.3471425], [27.1681595, 38.3472014], [27.1685082, 38.3473276], [27.1687067, 38.3473234], [27.1690232, 38.3470079], [27.1698602, 38.3468286], [27.1703267, 38.3464778], [27.1705252, 38.3463642], [27.1707559, 38.3462674], [27.1711546, 38.3462633], [27.1714479, 38.3463726], [27.1716461, 38.3464707], [27.1719682, 38.3466587], [27.1725476, 38.3469364], [27.1730304, 38.3472267], [27.1732449, 38.3473907], [27.1734917, 38.3474791], [27.1737331, 38.347538], [27.1742535, 38.3476263], [27.1743554, 38.3466208], [27.1746504, 38.3464399], [27.1752727, 38.3457373], [27.1757769, 38.3451231], [27.1776285, 38.34361], [27.1791549, 38.3421366], [27.1799948, 38.341403], [27.1803689, 38.3410587], [27.1805459, 38.3408736], [27.1806693, 38.3405623], [27.1807444, 38.3404655], [27.1808571, 38.3403855], [27.1809643, 38.340394], [27.1809643, 38.3401625], [27.1809536, 38.3399311], [27.1808517, 38.3395903], [27.1808186, 38.3392611], [27.1808732, 38.3389297], [27.1810153, 38.3384753], [27.1811119, 38.3382544], [27.1810542, 38.3379748], [27.1810663, 38.3377642], [27.1812004, 38.3372509], [27.1816724, 38.33691], [27.1820533, 38.3364598], [27.182431, 38.3359508], [27.1825684, 38.3356224], [27.1825898, 38.3355173], [27.1825576, 38.33537], [27.1823484, 38.3349997], [27.1821767, 38.3345831], [27.1821123, 38.3343601], [27.1818012, 38.3340235], [27.1815008, 38.3336616], [27.1807015, 38.332576], [27.1802167, 38.3320116], [27.1801275, 38.3318269], [27.1799895, 38.3316641], [27.1795642, 38.3313051], [27.1790224, 38.3309727], [27.1790171, 38.3306066], [27.1792155, 38.3303246], [27.1797681, 38.3297776], [27.1799928, 38.3279995], [27.1801007, 38.327198], [27.1804755, 38.323397], [27.1815778, 38.3212869], [27.1793282, 38.3196774], [27.1780139, 38.3190334], [27.1763563, 38.3181622], [27.175895, 38.3179265], [27.1754765, 38.3176613], [27.1748543, 38.3174214], [27.1743607, 38.3174341], [27.1733576, 38.3175182], [27.172966, 38.3176024], [27.1726227, 38.3177792], [27.1722418, 38.3179854], [27.1717483, 38.3184273], [27.1715659, 38.3185662], [27.1713352, 38.3188693], [27.1710455, 38.3191765], [27.1707666, 38.3194627], [27.1704608, 38.3196858], [27.1705306, 38.3194543], [27.1705896, 38.3192102], [27.1706164, 38.3189829], [27.1705735, 38.3187851], [27.1704394, 38.3185031], [27.1702087, 38.3181117], [27.1700156, 38.317796], [27.1698546, 38.3176066], [27.1696293, 38.3174172], [27.1692592, 38.3171437], [27.1688139, 38.3168322], [27.168358, 38.3165123], [27.1680683, 38.3162892], [27.1676713, 38.3159147], [27.1672046, 38.315519], [27.1669257, 38.3152875], [27.1666574, 38.3151107], [27.1663463, 38.3149718], [27.1653753, 38.314572], [27.1648443, 38.3143742], [27.1645224, 38.3142479], [27.1641362, 38.3138691], [27.1638948, 38.3136923], [27.1632135, 38.3133345], [27.1625161, 38.3129473], [27.1619475, 38.3126821], [27.1615559, 38.3124211], [27.161293, 38.3121475], [27.1609229, 38.3117435], [27.1602845, 38.3111752], [27.1591258, 38.3102871], [27.1585518, 38.3098619], [27.1582031, 38.3096431], [27.157892, 38.3094831], [27.1577096, 38.3094158], [27.1573394, 38.309361], [27.1569103, 38.3092979], [27.1565241, 38.3092726], [27.156508, 38.3091548], [27.1564436, 38.3089654], [27.1561271, 38.3082161], [27.1572912, 38.3066123], [27.1577847, 38.3059809], [27.1588629, 38.3047222], [27.1594584, 38.3037961], [27.1602309, 38.3038045], [27.1607083, 38.3038087], [27.1611106, 38.3037624], [27.1616203, 38.3036572], [27.1623659, 38.3034719], [27.1626395, 38.3033541], [27.1627897, 38.3032615], [27.1629023, 38.3031352], [27.1629828, 38.3029963], [27.1631008, 38.3027142], [27.1631759, 38.3024995], [27.1632886, 38.3023227], [27.163412, 38.3021038], [27.1636587, 38.301746], [27.1638787, 38.301405], [27.1641469, 38.3009293], [27.164399, 38.3003778], [27.1644205, 38.3001967], [27.164458, 38.2997968], [27.1644473, 38.2994642], [27.1644473, 38.2991611], [27.164458, 38.2989422], [27.164399, 38.2987233], [27.1642864, 38.2984917], [27.1639323, 38.2979739], [27.1632242, 38.2969256], [27.163015, 38.2966941], [27.1628272, 38.296572], [27.1626878, 38.2964162], [27.1626234, 38.2962436], [27.162661, 38.2959278], [27.162779, 38.2949595], [27.1641362, 38.2947995], [27.1654504, 38.2946311], [27.1655792, 38.2945511], [27.1656543, 38.2944332], [27.1657509, 38.2939954], [27.1657991, 38.2936712], [27.1646619, 38.2924628], [27.1633959, 38.2906776], [27.1634227, 38.2905387], [27.1640557, 38.2899619], [27.1657455, 38.2903071], [27.1686208, 38.2908418], [27.1688086, 38.2901345], [27.1698064, 38.2868671], [27.1685028, 38.2866187], [27.1658796, 38.2861387], [27.1634858, 38.2856833], [27.1642005, 38.2848249], [27.165016, 38.2815152], [27.1626127, 38.2804624], [27.161875, 38.273605], [27.1584115, 38.2753399], [27.1533777, 38.2781476], [27.1519669, 38.2826167], [27.1515083, 38.2844123], [27.1466052, 38.2909387], [27.1464121, 38.2907619], [27.1458542, 38.290644], [27.1453575, 38.2907715], [27.1437654, 38.2904635], [27.1430433, 38.290585], [27.1426482, 38.2905726], [27.1420777, 38.2923028], [27.1414339, 38.2940627], [27.1411765, 38.2948879], [27.1408224, 38.2961931], [27.1406078, 38.2975403], [27.1403396, 38.2990475], [27.1400714, 38.300984], [27.1399748, 38.3016155], [27.1399426, 38.3020785], [27.1399212, 38.3024237], [27.1400177, 38.3030047], [27.1402323, 38.3036866], [27.1405005, 38.3042507], [27.1409082, 38.3049327], [27.1414232, 38.3056483], [27.1417236, 38.3061535], [27.1419167, 38.3066333], [27.1420777, 38.307029], [27.1422493, 38.3075678], [27.1423781, 38.3080309], [27.1424532, 38.3086286], [27.1424854, 38.3092853], [27.1424639, 38.3099924], [27.1423137, 38.3118361], [27.1420669, 38.3136376], [27.141906, 38.3143447], [27.1417344, 38.3148835], [27.1416056, 38.3152959], [27.1414125, 38.3156916], [27.1410584, 38.3161967], [27.1405756, 38.3168196], [27.1402323, 38.31719], [27.1399319, 38.3175182], [27.1396315, 38.3178634], [27.1393311, 38.3182843], [27.1388483, 38.3189577], [27.1385693, 38.3193785], [27.1384406, 38.3195721], [27.1382475, 38.3199257], [27.1379363, 38.320557], [27.1376789, 38.3211125], [27.1374857, 38.321626], [27.1373409, 38.3219837], [27.1371531, 38.3227539], [27.1369922, 38.3235156], [27.1368205, 38.3244625], [27.1366572, 38.3253671], [27.1365523, 38.3259481], [27.1362734, 38.3275515], [27.1361178, 38.3284015], [27.1359086, 38.3293862], [27.1357852, 38.3297902], [27.1356243, 38.3302699], [27.1353024, 38.3309853], [27.1350181, 38.3317217], [27.1347982, 38.3323487], [27.1346641, 38.3327527], [27.134487, 38.3334217], [27.1343797, 38.3339646], [27.1340901, 38.3354121]]]]}, "bbox": [27.1340901, 38.273605, 27.1825898, 38.3476263]}, {"id": "197", "type": "Feature", "properties": {"mahalle_adi": "Menderes Mahallesi", "_gece_lst_str": "22.8°C"}, "geometry": {"type": "MultiPolygon", "coordinates": [[[[27.1737063, 38.2993674], [27.1736044, 38.2996537], [27.17332, 38.3004704], [27.1730518, 38.3004115], [27.1730357, 38.3011145], [27.1730196, 38.3019522], [27.1717214, 38.3018175], [27.1709704, 38.3017249], [27.169486, 38.3015685], [27.1656167, 38.3011608], [27.1663409, 38.3004999], [27.1665341, 38.3002262], [27.1662605, 38.300201], [27.165944, 38.3002388], [27.1655792, 38.3003651], [27.1654022, 38.3004325], [27.1651554, 38.3004956], [27.1648443, 38.3004578], [27.1645009, 38.3003904], [27.164399, 38.3003778], [27.1644205, 38.3001967], [27.164458, 38.2997968], [27.1644473, 38.2994642], [27.1644473, 38.2991611], [27.164458, 38.2989422], [27.164399, 38.2987233], [27.1642864, 38.2984917], [27.1639323, 38.2979739], [27.1632242, 38.2969256], [27.163015, 38.2966941], [27.1628272, 38.296572], [27.1626878, 38.2964162], [27.1626234, 38.2962436], [27.162661, 38.2959278], [27.162779, 38.2949595], [27.1641362, 38.2947995], [27.1654504, 38.2946311], [27.1655792, 38.2945511], [27.1656543, 38.2944332], [27.1657509, 38.2939954], [27.1657991, 38.2936712], [27.1646619, 38.2924628], [27.1633959, 38.2906776], [27.1634227, 38.2905387], [27.1640557, 38.2899619], [27.1657455, 38.2903071], [27.1686208, 38.2908418], [27.1683472, 38.2914145], [27.1684706, 38.2913597], [27.1687549, 38.2912797], [27.1691358, 38.2912039], [27.1695167, 38.2911576], [27.16986, 38.2911324], [27.169801, 38.2913429], [27.1698224, 38.2918102], [27.1699619, 38.2926523], [27.170096, 38.2929007], [27.1702141, 38.2934901], [27.1702623, 38.2939575], [27.1703589, 38.2939238], [27.1704394, 38.2941469], [27.1704715, 38.2943322], [27.1704823, 38.294568], [27.1704662, 38.294909], [27.1704394, 38.2952626], [27.1703535, 38.2957426], [27.1701497, 38.2963951], [27.1700638, 38.2965636], [27.1699029, 38.2967614], [27.1697098, 38.2969846], [27.1695918, 38.2971993], [27.1695542, 38.297355], [27.169522, 38.297574], [27.169404, 38.2979529], [27.1698868, 38.298016], [27.1702784, 38.298075], [27.1710885, 38.2982518], [27.1718073, 38.2984454], [27.1721399, 38.2984917], [27.1724296, 38.2984749], [27.1730787, 38.2983402], [27.1736473, 38.2982055], [27.1741891, 38.2980792], [27.1746451, 38.2979865], [27.1742321, 38.2986925], [27.1737877, 38.299384], [27.1737063, 38.2993674]]]]}, "bbox": [27.1626234, 38.2899619, 27.1746451, 38.3019522]}, {"id": "198", "type": "Feature", "properties": {"mahalle_adi": "Atatürk Mahallesi", "_gece_lst_str": "22.3°C"}, "geometry": {"type": "MultiPolygon", "coordinates": [[[[27.1634858, 38.2856833], [27.1670651, 38.2829722], [27.1686219, 38.2827302], [27.1704642, 38.2820683], [27.171921, 38.282239], [27.173481, 38.2822649], [27.1751933, 38.2823766], [27.1770165, 38.2825316], [27.1772167, 38.2825763], [27.1807659, 38.283587], [27.1820339, 38.283835], [27.1870208, 38.284547], [27.1787795, 38.293053], [27.1790122, 38.2954481], [27.177193, 38.2966004], [27.176435, 38.2970805], [27.1764743, 38.2976666], [27.1760452, 38.2977466], [27.1753693, 38.2978645], [27.1746451, 38.2979865], [27.1741891, 38.2980792], [27.1736473, 38.2982055], [27.1730787, 38.2983402], [27.1724296, 38.2984749], [27.1721399, 38.2984917], [27.1718073, 38.2984454], [27.1710885, 38.2982518], [27.1702784, 38.298075], [27.1698868, 38.298016], [27.169404, 38.2979529], [27.169522, 38.297574], [27.1695542, 38.297355], [27.1695918, 38.2971993], [27.1697098, 38.2969846], [27.1699029, 38.2967614], [27.1700638, 38.2965636], [27.1701497, 38.2963951], [27.1703535, 38.2957426], [27.1704394, 38.2952626], [27.1704662, 38.294909], [27.1704823, 38.294568], [27.1704715, 38.2943322], [27.1704394, 38.2941469], [27.1703589, 38.2939238], [27.1702623, 38.2939575], [27.1702141, 38.2934901], [27.170096, 38.2929007], [27.1699619, 38.2926523], [27.1698224, 38.2918102], [27.169801, 38.2913429], [27.16986, 38.2911324], [27.1695167, 38.2911576], [27.1691358, 38.2912039], [27.1687549, 38.2912797], [27.1684706, 38.2913597], [27.1683472, 38.2914145], [27.1686208, 38.2908418], [27.1688086, 38.2901345], [27.1698064, 38.2868671], [27.1685028, 38.2866187], [27.1658796, 38.2861387], [27.1634858, 38.2856833]]]]}, "bbox": [27.1634858, 38.2820683, 27.1870208, 38.2984917]}, {"id": "199", "type": "Feature", "properties": {"mahalle_adi": "Fatih Mahallesi", "_gece_lst_str": "22.0°C"}, "geometry": {"type": "MultiPolygon", "coordinates": [[[[27.1815778, 38.3212869], [27.182579, 38.31953], [27.183064, 38.319138], [27.1830672, 38.3182295], [27.1832381, 38.3174837], [27.1831369, 38.3171352], [27.1828097, 38.3167817], [27.1823269, 38.3160914], [27.1836082, 38.3162498], [27.1846926, 38.3163313], [27.1857043, 38.3162113], [27.1862376, 38.3160451], [27.1868169, 38.3157673], [27.18804, 38.3150266], [27.1888983, 38.3145467], [27.1891451, 38.3144457], [27.1891558, 38.3141511], [27.1891397, 38.3139448], [27.1891397, 38.3138228], [27.1892095, 38.3137302], [27.1893275, 38.3136502], [27.1894133, 38.3135997], [27.189542, 38.313545], [27.189703, 38.313444], [27.1898371, 38.3133345], [27.1899283, 38.3132083], [27.1899605, 38.3130062], [27.1898371, 38.3126526], [27.1897137, 38.3122822], [27.1895099, 38.312076], [27.1893382, 38.3118192], [27.1892041, 38.3114657], [27.1890432, 38.3110868], [27.1889466, 38.3108174], [27.1889466, 38.3105102], [27.1889305, 38.310064], [27.1888339, 38.3098704], [27.1886355, 38.3096978], [27.1885711, 38.3095504], [27.1884745, 38.3092768], [27.1882278, 38.3090958], [27.1879864, 38.3088685], [27.1877342, 38.3086118], [27.1874607, 38.3082329], [27.1871871, 38.3080267], [27.1870583, 38.3077951], [27.1869457, 38.3073363], [27.1868491, 38.306928], [27.1867472, 38.3067007], [27.1866238, 38.3065449], [27.1864146, 38.3063892], [27.1861464, 38.3062376], [27.1858835, 38.3061871], [27.1854758, 38.3061408], [27.185052, 38.3060819], [27.1846336, 38.306044], [27.1843868, 38.3059893], [27.1836358, 38.3056188], [27.1833944, 38.3055431], [27.1830994, 38.3053073], [27.1829224, 38.3051642], [27.1826273, 38.3050211], [27.182343, 38.3048906], [27.1821499, 38.3047853], [27.1819138, 38.3047685], [27.1813077, 38.3047264], [27.181077, 38.3047727], [27.1808356, 38.3048106], [27.1805406, 38.304819], [27.1802294, 38.3048443], [27.1799076, 38.3048401], [27.1792209, 38.3048401], [27.1788669, 38.3048906], [27.178604, 38.3050169], [27.1779764, 38.3044444], [27.1776277, 38.3043475], [27.1779978, 38.3026721], [27.1774346, 38.3025669], [27.1768874, 38.3024953], [27.1750796, 38.3022427], [27.1742696, 38.3021375], [27.1735668, 38.3020406], [27.1730196, 38.3019522], [27.1717214, 38.3018175], [27.1709704, 38.3017249], [27.169486, 38.3015685], [27.1656167, 38.3011608], [27.1663409, 38.3004999], [27.1665341, 38.3002262], [27.1662605, 38.300201], [27.165944, 38.3002388], [27.1655792, 38.3003651], [27.1654022, 38.3004325], [27.1651554, 38.3004956], [27.1648443, 38.3004578], [27.1645009, 38.3003904], [27.164399, 38.3003778], [27.1641469, 38.3009293], [27.1638787, 38.301405], [27.1636587, 38.301746], [27.163412, 38.3021038], [27.1632886, 38.3023227], [27.1631759, 38.3024995], [27.1631008, 38.3027142], [27.1629828, 38.3029963], [27.1629023, 38.3031352], [27.1627897, 38.3032615], [27.1626395, 38.3033541], [27.1623659, 38.3034719], [27.1616203, 38.3036572], [27.1611106, 38.3037624], [27.1607083, 38.3038087], [27.1602309, 38.3038045], [27.1594584, 38.3037961], [27.1588629, 38.3047222], [27.1577847, 38.3059809], [27.1572912, 38.3066123], [27.1561271, 38.3082161], [27.1564436, 38.3089654], [27.156508, 38.3091548], [27.1565241, 38.3092726], [27.1569103, 38.3092979], [27.1573394, 38.309361], [27.1577096, 38.3094158], [27.157892, 38.3094831], [27.1582031, 38.3096431], [27.1585518, 38.3098619], [27.1591258, 38.3102871], [27.1602845, 38.3111752], [27.1609229, 38.3117435], [27.161293, 38.3121475], [27.1615559, 38.3124211], [27.1619475, 38.3126821], [27.1625161, 38.3129473], [27.1632135, 38.3133345], [27.1638948, 38.3136923], [27.1641362, 38.3138691], [27.1645224, 38.3142479], [27.1648443, 38.3143742], [27.1653753, 38.314572], [27.1663463, 38.3149718], [27.1666574, 38.3151107], [27.1669257, 38.3152875], [27.1672046, 38.315519], [27.1676713, 38.3159147], [27.1680683, 38.3162892], [27.168358, 38.3165123], [27.1688139, 38.3168322], [27.1692592, 38.3171437], [27.1696293, 38.3174172], [27.1698546, 38.3176066], [27.1700156, 38.317796], [27.1702087, 38.3181117], [27.1704394, 38.3185031], [27.1705735, 38.3187851], [27.1706164, 38.3189829], [27.1705896, 38.3192102], [27.1705306, 38.3194543], [27.1704608, 38.3196858], [27.1707666, 38.3194627], [27.1710455, 38.3191765], [27.1713352, 38.3188693], [27.1715659, 38.3185662], [27.1717483, 38.3184273], [27.1722418, 38.3179854], [27.1726227, 38.3177792], [27.172966, 38.3176024], [27.1733576, 38.3175182], [27.1743607, 38.3174341], [27.1748543, 38.3174214], [27.1754765, 38.3176613], [27.175895, 38.3179265], [27.1763563, 38.3181622], [27.1780139, 38.3190334], [27.1793282, 38.3196774], [27.1815778, 38.3212869]]]]}, "bbox": [27.1561271, 38.300201, 27.1899605, 38.3212869]}, {"id": "204", "type": "Feature", "properties": {"mahalle_adi": "Yelki Mahallesi", "_gece_lst_str": "22.0°C"}, "geometry": {"type": "MultiPolygon", "coordinates": [[[[26.8612772, 38.359523], [26.8618727, 38.3590982], [26.8636322, 38.3590435], [26.8636429, 38.3589299], [26.8649089, 38.3587364], [26.8648553, 38.3585345], [26.8657726, 38.3584041], [26.866647, 38.3582106], [26.8669689, 38.358097], [26.8672532, 38.3580045], [26.8677682, 38.3578783], [26.8675697, 38.3575502], [26.8674517, 38.3573146], [26.8673283, 38.3569571], [26.8671459, 38.3565995], [26.8670922, 38.3565322], [26.8668187, 38.3561873], [26.8674517, 38.3560947], [26.867221, 38.355224], [26.8683904, 38.3550262], [26.8683207, 38.3547318], [26.8682724, 38.3546098], [26.8682295, 38.3544962], [26.86831, 38.3544036], [26.8689215, 38.3542228], [26.8686211, 38.3536506], [26.8685514, 38.3534824], [26.8673605, 38.3509709], [26.8665612, 38.3491535], [26.8669035, 38.3488362], [26.8670279, 38.3486781], [26.8671244, 38.3484593], [26.8671785, 38.3483229], [26.8672478, 38.348148], [26.8674034, 38.3479923], [26.8676287, 38.3477736], [26.8678808, 38.3475632], [26.8682456, 38.3471551], [26.8686372, 38.3465787], [26.8690288, 38.3460865], [26.8691897, 38.3459477], [26.8694526, 38.3457205], [26.8695867, 38.3455522], [26.8696082, 38.3451609], [26.8696304, 38.3450042], [26.8696772, 38.3446747], [26.8697027, 38.3445988], [26.8697369, 38.3445172], [26.8697425, 38.3444802], [26.869753, 38.3440965], [26.8697173, 38.3438694], [26.8697047, 38.3437178], [26.8696949, 38.3436555], [26.8696564, 38.3434107], [26.8696779, 38.3431793], [26.8696189, 38.3429689], [26.8695599, 38.3427123], [26.8694901, 38.3423925], [26.8692434, 38.3414037], [26.8687767, 38.3415089], [26.8688303, 38.3401499], [26.869008, 38.3401099], [26.8689295, 38.33934], [26.8691415, 38.3391443], [26.8678808, 38.3382102], [26.8672317, 38.3378105], [26.8669903, 38.3376506], [26.866706, 38.3375791], [26.8665183, 38.3374697], [26.8662178, 38.3371415], [26.8658584, 38.3367628], [26.8656868, 38.3365692], [26.8654668, 38.3362747], [26.8651235, 38.3356982], [26.8649089, 38.3353279], [26.8648124, 38.335147], [26.8647855, 38.3349787], [26.8647695, 38.3347851], [26.8647855, 38.3346168], [26.8647051, 38.3343896], [26.8646032, 38.3339646], [26.8645334, 38.3336279], [26.8645066, 38.3333755], [26.8644476, 38.3331398], [26.8643618, 38.3329673], [26.8640399, 38.3324708], [26.8636805, 38.3319111], [26.8634208, 38.3315658], [26.8631172, 38.3311621], [26.8631172, 38.3309348], [26.8630046, 38.3285362], [26.862967, 38.3278292], [26.8628275, 38.3255272], [26.8628061, 38.3250433], [26.86279, 38.3245046], [26.8627685, 38.3239785], [26.8627484, 38.3235917], [26.8622482, 38.3236377], [26.8612933, 38.3236545], [26.8600166, 38.3237723], [26.8579677, 38.3238196], [26.8574417, 38.3247487], [26.8566906, 38.3245467], [26.8567765, 38.3241932], [26.8562829, 38.3240417], [26.8562078, 38.3235619], [26.8560362, 38.3234609], [26.8552959, 38.3232589], [26.8547165, 38.3231831], [26.8541586, 38.3229643], [26.8531608, 38.3228885], [26.8523846, 38.3226424], [26.8499318, 38.3236261], [26.849361, 38.3231105], [26.8474837, 38.3223143], [26.8470198, 38.3228071], [26.8457399, 38.3228054], [26.8439683, 38.3235325], [26.8387928, 38.3242334], [26.8362334, 38.3240797], [26.8357422, 38.3245509], [26.8342715, 38.3245918], [26.833236, 38.3249121], [26.8302676, 38.3249507], [26.8284165, 38.3246692], [26.8274089, 38.3247106], [26.8279252, 38.3251618], [26.8275631, 38.3285937], [26.8270716, 38.3291078], [26.827799, 38.3324554], [26.8279889, 38.3327775], [26.829972, 38.3349256], [26.8300504, 38.336363], [26.829931, 38.3408249], [26.8300659, 38.3413828], [26.8308341, 38.3425818], [26.8311131, 38.3427165], [26.8313813, 38.3429016], [26.831907, 38.3432382], [26.8323434, 38.3435912], [26.8329209, 38.3439787], [26.8345132, 38.3447151], [26.8342191, 38.34498], [26.8346322, 38.3451525], [26.8350506, 38.3453839], [26.8354583, 38.3457541], [26.8361664, 38.3461833], [26.8369214, 38.3467984], [26.8374119, 38.3474861], [26.8377435, 38.3479503], [26.8384731, 38.3485897], [26.8388432, 38.3487833], [26.8395352, 38.3495405], [26.8400234, 38.3505123], [26.8412022, 38.3514687], [26.8426895, 38.3525443], [26.84657, 38.3546335], [26.8483778, 38.3563087], [26.8489981, 38.3570959], [26.8491273, 38.3581009], [26.8531714, 38.3602263], [26.8531223, 38.3605662], [26.8533599, 38.3618561], [26.8537187, 38.3623455], [26.8547487, 38.363069], [26.8556017, 38.3637924], [26.8560576, 38.3641626], [26.8563634, 38.3643813], [26.8567604, 38.3646126], [26.8570047, 38.3647077], [26.8583273, 38.364721], [26.8586808, 38.3643392], [26.8593997, 38.3644107], [26.8597859, 38.3644906], [26.860097, 38.3644906], [26.8603331, 38.3643855], [26.8603706, 38.3642761], [26.8604833, 38.3641037], [26.860612, 38.3638177], [26.8609393, 38.3629217], [26.8611163, 38.3626063], [26.8613094, 38.3622782], [26.8614113, 38.3620552], [26.8615401, 38.3619249], [26.8615562, 38.3617903], [26.8615079, 38.3616767], [26.8613738, 38.3615], [26.8612182, 38.3613149], [26.8609822, 38.3609111], [26.8609875, 38.3606167], [26.8609285, 38.3604442], [26.8608963, 38.3603054], [26.8610144, 38.3600867], [26.861127, 38.3598259], [26.8612772, 38.359523]]]]}, "bbox": [26.8270716, 38.3223143, 26.869753, 38.364721]}, {"id": "213", "type": "Feature", "properties": {"mahalle_adi": "İstiklal Mahallesi", "_gece_lst_str": "22.5°C"}, "geometry": {"type": "MultiPolygon", "coordinates": [[[[27.0677376, 38.5539717], [27.0677268, 38.5536109], [27.0675176, 38.5533509], [27.067244, 38.5533592], [27.0670295, 38.5535102], [27.0664716, 38.5535186], [27.0655489, 38.5527467], [27.065227, 38.5523607], [27.0648622, 38.5520251], [27.0635962, 38.5518909], [27.0631027, 38.5513707], [27.0623088, 38.5508001], [27.0614719, 38.550582], [27.0608496, 38.5499443], [27.0601201, 38.5495247], [27.0596695, 38.5488031], [27.0584464, 38.5485682], [27.057395, 38.5484675], [27.0560646, 38.5478969], [27.055099, 38.5471921], [27.0537364, 38.546504], [27.0532536, 38.5466634], [27.0525134, 38.5469068], [27.0512742, 38.5469991], [27.049339, 38.5473186], [27.0498258, 38.5490129], [27.0501852, 38.5498142], [27.0503308, 38.5514006], [27.0515478, 38.5554759], [27.0514896, 38.5588962], [27.0505148, 38.5625454], [27.052052, 38.5610862], [27.0529103, 38.5604402], [27.0537043, 38.5612162], [27.0546833, 38.5606941], [27.0553207, 38.5606223], [27.0564815, 38.5600855], [27.0586432, 38.5586722], [27.0601679, 38.5579027], [27.0632639, 38.5576151], [27.0646518, 38.5567563], [27.0646972, 38.5565596], [27.0657727, 38.5558274], [27.0668843, 38.5550707], [27.0678234, 38.554752], [27.0681023, 38.554752], [27.0679843, 38.5543408], [27.0677376, 38.5539717]]]]}, "bbox": [27.049339, 38.546504, 27.0681023, 38.5625454]}, {"id": "216", "type": "Feature", "properties": {"mahalle_adi": "Gazi Mahallesi", "_gece_lst_str": "22.4°C"}, "geometry": {"type": "MultiPolygon", "coordinates": [[[[27.0685101, 38.5754222], [27.0684725, 38.5750992], [27.0684779, 38.5749105], [27.0685691, 38.5746756], [27.0687085, 38.574273], [27.06873, 38.5737823], [27.0687783, 38.5734972], [27.0689124, 38.5726458], [27.0692396, 38.5723648], [27.069363, 38.5721802], [27.0695293, 38.5715679], [27.0702052, 38.5698106], [27.0707416, 38.569366], [27.0710528, 38.5688627], [27.0712244, 38.5684852], [27.0715141, 38.5682168], [27.0719218, 38.5678645], [27.0720827, 38.5675793], [27.0723228, 38.5672703], [27.0724839, 38.5613353], [27.0713405, 38.5563069], [27.0702924, 38.5553958], [27.0683126, 38.5562372], [27.0668843, 38.5550707], [27.0657727, 38.5558274], [27.0646972, 38.5565596], [27.0646518, 38.5567563], [27.0632639, 38.5576151], [27.0601679, 38.5579027], [27.0586432, 38.5586722], [27.0564815, 38.5600855], [27.0553207, 38.5606223], [27.0546833, 38.5606941], [27.0537043, 38.5612162], [27.0529103, 38.5604402], [27.052052, 38.5610862], [27.0505148, 38.5625454], [27.0503276, 38.5632462], [27.0516443, 38.5624956], [27.0528781, 38.5628731], [27.0537794, 38.5632758], [27.054702, 38.5641986], [27.055335, 38.5645761], [27.0569122, 38.5655827], [27.0592725, 38.5669753], [27.0595193, 38.5676296], [27.061668, 38.5685992], [27.0676811, 38.5706457], [27.0676303, 38.5709514], [27.0672333, 38.5721593], [27.0671368, 38.5723564], [27.0669115, 38.5726038], [27.0666781, 38.5728219], [27.066544, 38.5730316], [27.0663884, 38.5733525], [27.0660317, 38.5738788], [27.0656723, 38.5744492], [27.0651895, 38.5749818], [27.0647389, 38.5753089], [27.0652002, 38.5752754], [27.0656347, 38.5751789], [27.0660049, 38.5749399], [27.0661551, 38.5749063], [27.0662892, 38.5750195], [27.0665735, 38.5748728], [27.0668739, 38.5747344], [27.0674908, 38.5751118], [27.0678073, 38.5753257], [27.0678824, 38.5754138], [27.0679092, 38.5754976], [27.0685101, 38.5754222]]]]}, "bbox": [27.0503276, 38.5550707, 27.0724839, 38.5754976]}, {"id": "220", "type": "Feature", "properties": {"mahalle_adi": "Güvendik Mahallesi", "_gece_lst_str": "22.2°C"}, "geometry": {"type": "MultiPolygon", "coordinates": [[[[26.6865011, 38.4112218], [26.6864239, 38.4111426], [26.6862017, 38.411098], [26.6860088, 38.4111138], [26.6852778, 38.4113599], [26.6848314, 38.4115989], [26.6845963, 38.4116104], [26.6845319, 38.4116599], [26.6839882, 38.4115922], [26.6838137, 38.4115203], [26.6836208, 38.4113404], [26.6835522, 38.4111337], [26.6834922, 38.4109532], [26.6830588, 38.4102005], [26.6830018, 38.409845], [26.6830422, 38.4097457], [26.682932, 38.4095442], [26.6829926, 38.4094074], [26.682932, 38.4091239], [26.6830863, 38.4091066], [26.6829835, 38.4088202], [26.6831286, 38.4084157], [26.6832204, 38.4083826], [26.6831928, 38.4083121], [26.6832737, 38.4082056], [26.6835125, 38.4081379], [26.6834592, 38.407958], [26.6835014, 38.4078947], [26.6835804, 38.4078961], [26.6835455, 38.4077393], [26.683731, 38.4076227], [26.684137, 38.4074874], [26.6843592, 38.4071664], [26.6844509, 38.4067889], [26.6844749, 38.40669], [26.6846807, 38.4065532], [26.6849121, 38.406618], [26.6850407, 38.4065878], [26.6853915, 38.4062754], [26.6859391, 38.4055577], [26.6860846, 38.4052218], [26.6861496, 38.4045043], [26.6884196, 38.4042528], [26.7052296, 38.3950164], [26.7089012, 38.3902632], [26.7131308, 38.3890294], [26.7239799, 38.3886908], [26.7326988, 38.3894833], [26.7360504, 38.3897483], [26.7356908, 38.3902444], [26.7401773, 38.3916828], [26.7400575, 38.3925485], [26.7412591, 38.3927671], [26.7426216, 38.3930614], [26.7440176, 38.3933717], [26.74407, 38.3932212], [26.7442793, 38.3930488], [26.7442755, 38.3932232], [26.7452127, 38.3934776], [26.7451751, 38.3936458], [26.7454863, 38.393671], [26.7458188, 38.3928638], [26.7456418, 38.3927545], [26.7457598, 38.3925148], [26.7458135, 38.3923382], [26.7460281, 38.3923677], [26.7466611, 38.3925274], [26.7469025, 38.392704], [26.7474228, 38.3928386], [26.7487479, 38.3931714], [26.7485243, 38.3935813], [26.7498468, 38.3937354], [26.7498872, 38.3938333], [26.7498505, 38.3938664], [26.7494211, 38.3938426], [26.7488076, 38.3937649], [26.7488113, 38.3937087], [26.748567, 38.3936699], [26.748488, 38.3941521], [26.7483944, 38.3941349], [26.7484505, 38.3941979], [26.7484788, 38.3942529], [26.7485303, 38.39443], [26.7488848, 38.3949742], [26.748848, 38.3950332], [26.748995, 38.3951959], [26.7491603, 38.3951872], [26.7494652, 38.3953801], [26.7498822, 38.395527], [26.7502514, 38.3955457], [26.7506573, 38.3954319], [26.7507381, 38.3953801], [26.750885, 38.3947222], [26.7507491, 38.3943767], [26.7508153, 38.394358], [26.750334, 38.3932193], [26.7503726, 38.3931588], [26.7504754, 38.3931545], [26.7510926, 38.3946546], [26.7510871, 38.3949238], [26.7509622, 38.3954247], [26.7508722, 38.3955082], [26.7505103, 38.395645], [26.7503524, 38.3957515], [26.7502477, 38.3957011], [26.7492356, 38.3959056], [26.7489546, 38.3960035], [26.7486846, 38.3962179], [26.7485505, 38.3967635], [26.7483246, 38.3973278], [26.7482437, 38.3973753], [26.7474704, 38.3983456], [26.7474576, 38.3988782], [26.7475807, 38.3989862], [26.7480123, 38.3991445], [26.7485082, 38.3992237], [26.7487723, 38.39933], [26.7490294, 38.3993444], [26.7491323, 38.399402], [26.7492327, 38.3995851], [26.7492094, 38.3997031], [26.7493081, 38.4001795], [26.7492094, 38.4002731], [26.7486405, 38.4003261], [26.7483989, 38.4004279], [26.7474534, 38.4005928], [26.7471157, 38.4005887], [26.7469338, 38.4007027], [26.7468351, 38.4008716], [26.7456662, 38.4010976], [26.7446011, 38.4014003], [26.7442479, 38.4015007], [26.7437492, 38.4016981], [26.7433855, 38.4017857], [26.7427387, 38.4021032], [26.7421516, 38.4023109], [26.7418191, 38.4025633], [26.7413673, 38.4027644], [26.7413022, 38.4027933], [26.7412087, 38.4028931], [26.7411126, 38.4031862], [26.7411126, 38.4036931], [26.7409723, 38.4040045], [26.7406788, 38.4044198], [26.7406034, 38.4047252], [26.7404034, 38.4050732], [26.740393, 38.4054295], [26.7403047, 38.4057124], [26.7402657, 38.4062457], [26.7403021, 38.4064004], [26.7400553, 38.4067383], [26.7396943, 38.4070254], [26.7395748, 38.4072981], [26.7395774, 38.4075037], [26.7394241, 38.4080838], [26.7391644, 38.4084095], [26.7388007, 38.4087026], [26.7387228, 38.4089509], [26.7380837, 38.4099748], [26.73805, 38.4104206], [26.7381331, 38.4106363], [26.7380006, 38.4107096], [26.7380214, 38.4107442], [26.7378889, 38.4109477], [26.7379798, 38.4113813], [26.7379383, 38.411481], [26.7378967, 38.4115441], [26.737816, 38.411603], [26.7370733, 38.4121446], [26.7368629, 38.4121893], [26.7364654, 38.4124458], [26.7361459, 38.4128508], [26.7360836, 38.4130076], [26.7359147, 38.4130869], [26.7355456, 38.4133565], [26.7352784, 38.4136583], [26.7350835, 38.4139784], [26.7350617, 38.4140862], [26.7349432, 38.4146726], [26.7348107, 38.4154093], [26.7346679, 38.4158489], [26.7345614, 38.4158407], [26.7345094, 38.4159323], [26.7344471, 38.4162213], [26.7344346, 38.4164501], [26.734403, 38.4170316], [26.7345088, 38.4176706], [26.7345757, 38.4180747], [26.7346295, 38.4185256], [26.734778, 38.4188696], [26.7349303, 38.4191564], [26.735124, 38.4193486], [26.7353797, 38.4196021], [26.7354547, 38.4196393], [26.7358924, 38.4198567], [26.7362388, 38.4200287], [26.7365841, 38.4202001], [26.7369331, 38.4203734], [26.7371279, 38.4204029], [26.7372123, 38.4202442], [26.7373318, 38.4202778], [26.7375448, 38.4198931], [26.7376006, 38.4199114], [26.7372911, 38.4205392], [26.7378385, 38.4207406], [26.7388965, 38.4207982], [26.7389626, 38.4207435], [26.7390912, 38.4207406], [26.7393189, 38.4208788], [26.7393961, 38.4208356], [26.7396679, 38.4209191], [26.7401271, 38.4211896], [26.7403108, 38.4214947], [26.7401749, 38.4216415], [26.7400867, 38.421843], [26.73987, 38.4220185], [26.7397597, 38.4223898], [26.739565, 38.4226431], [26.7395687, 38.4227035], [26.7394034, 38.422833], [26.7392014, 38.4236504], [26.738665, 38.4239324], [26.7384777, 38.424226], [26.7385511, 38.4243526], [26.7383932, 38.4244303], [26.7383307, 38.4245426], [26.7381287, 38.4245397], [26.7381764, 38.4246347], [26.7380111, 38.4247124], [26.7377466, 38.4249455], [26.737776, 38.4250088], [26.7376915, 38.4251239], [26.737405, 38.4253311], [26.7374233, 38.4253858], [26.7372066, 38.4255067], [26.7371699, 38.4256304], [26.7370413, 38.4257686], [26.7370339, 38.4258175], [26.7373168, 38.4259326], [26.7374086, 38.4260995], [26.7369348, 38.4271154], [26.7364866, 38.4273831], [26.7362809, 38.4276536], [26.7360862, 38.4280076], [26.7361155, 38.4281544], [26.7360347, 38.4282436], [26.7360384, 38.4283587], [26.7359098, 38.4284939], [26.7359612, 38.4285688], [26.7359392, 38.4286954], [26.7355902, 38.4289084], [26.7354433, 38.4291357], [26.7354947, 38.4292969], [26.7354029, 38.4293055], [26.7353184, 38.4293774], [26.7353441, 38.4294609], [26.7351273, 38.4294666], [26.7351163, 38.4295904], [26.7350502, 38.4296595], [26.7346314, 38.4296738], [26.7342751, 38.4297947], [26.73404, 38.4298235], [26.7337204, 38.4297573], [26.733544, 38.4296422], [26.7331069, 38.4291156], [26.7329967, 38.4289486], [26.7330995, 38.4288479], [26.7330591, 38.4287472], [26.7329967, 38.4287357], [26.732982, 38.4286062], [26.7327689, 38.4284019], [26.7325522, 38.4278407], [26.7324052, 38.427622], [26.7324603, 38.4274752], [26.7323354, 38.4273917], [26.7323501, 38.4273313], [26.7319717, 38.4267039], [26.7320195, 38.4266176], [26.7319056, 38.4264938], [26.7319534, 38.4262204], [26.7320966, 38.4259182], [26.7319901, 38.4255988], [26.7319827, 38.4251901], [26.7320402, 38.4244642], [26.7322597, 38.4235921], [26.7327208, 38.4230182], [26.7327169, 38.4228768], [26.7329611, 38.4228035], [26.7332066, 38.4224494], [26.7331481, 38.4223365], [26.7326503, 38.4221422], [26.7325034, 38.4221328], [26.7316814, 38.4225696], [26.7316098, 38.4226588], [26.7316125, 38.4227804], [26.731866, 38.4229142], [26.73153, 38.4228193], [26.7312027, 38.423096], [26.7311611, 38.4233199], [26.7310312, 38.4234908], [26.7308442, 38.4242438], [26.7305169, 38.425066], [26.7303506, 38.4251759], [26.7303662, 38.4252613], [26.7297324, 38.4259451], [26.729483, 38.4260224], [26.7290103, 38.4260509], [26.7287869, 38.426523], [26.7290258, 38.4267347], [26.7296753, 38.4270806], [26.7298311, 38.4272597], [26.7300285, 38.4276748], [26.7303974, 38.4281307], [26.7311819, 38.4294493], [26.7313066, 38.4297545], [26.7313014, 38.4299784], [26.7310728, 38.4305685], [26.7304909, 38.4309022], [26.7299558, 38.4311423], [26.7298519, 38.4312441], [26.7294311, 38.4312563], [26.7292388, 38.4313417], [26.7290466, 38.4315615], [26.7287037, 38.4315493], [26.7283505, 38.4316877], [26.7283401, 38.4317976], [26.7282414, 38.4317202], [26.7280855, 38.4317162], [26.7280284, 38.4317976], [26.7280751, 38.4318667], [26.727753, 38.4318952], [26.7273686, 38.4318545], [26.7271504, 38.4317853], [26.7267763, 38.4318016], [26.7266724, 38.4318789], [26.7267711, 38.4320214], [26.7265789, 38.432001], [26.7265269, 38.4320417], [26.7264542, 38.4323307], [26.7263347, 38.4324772], [26.7263295, 38.4331324], [26.7262048, 38.4331283], [26.726184, 38.4332138], [26.7263243, 38.4332993], [26.7263191, 38.4336492], [26.7261529, 38.4336655], [26.7261165, 38.4337428], [26.7261944, 38.4337957], [26.7261321, 38.4338812], [26.7258464, 38.4341946], [26.7257165, 38.4342719], [26.7257217, 38.4343411], [26.7255554, 38.4343858], [26.7255814, 38.4345852], [26.725358, 38.4347765], [26.7253892, 38.4348904], [26.7253216, 38.4349393], [26.7252853, 38.4351265], [26.7251814, 38.4352648], [26.7252333, 38.4353381], [26.7251606, 38.4355212], [26.7249787, 38.435741], [26.7248593, 38.4357654], [26.7247554, 38.4358997], [26.723841, 38.4362619], [26.7225785, 38.4366078], [26.7216954, 38.4367461], [26.7213577, 38.4368438], [26.7212018, 38.4368601], [26.7211602, 38.4368275], [26.7203602, 38.4369415], [26.7202043, 38.4368723], [26.7200848, 38.436917], [26.719851, 38.4368641], [26.7196224, 38.4367176], [26.7196796, 38.4365467], [26.7196744, 38.4360991], [26.7197627, 38.4359729], [26.719716, 38.4358386], [26.7197471, 38.4356596], [26.7199601, 38.435452], [26.7200329, 38.4352811], [26.7199653, 38.4351428], [26.720116, 38.4349637], [26.7203706, 38.4348823], [26.7206771, 38.4346463], [26.7208329, 38.4346219], [26.7208433, 38.4344225], [26.7207758, 38.4343411], [26.7207238, 38.4343492], [26.7207186, 38.4342108], [26.7207966, 38.4340969], [26.7207966, 38.4339911], [26.7211291, 38.4336492], [26.7212174, 38.4334905], [26.7214304, 38.433283], [26.7220071, 38.4329208], [26.7221006, 38.4328719], [26.722272, 38.4329045], [26.7223551, 38.432876], [26.7225526, 38.4327051], [26.7225889, 38.432583], [26.7226102, 38.4324332], [26.7226253, 38.4323266], [26.7225006, 38.4319685], [26.7223863, 38.4317609], [26.7218512, 38.4311423], [26.7217629, 38.4309307], [26.7216954, 38.4304749], [26.7217317, 38.4302551], [26.721846, 38.4300638], [26.7221058, 38.4298156], [26.7221257, 38.4296606], [26.7223915, 38.4295714], [26.7223799, 38.4295666], [26.7226985, 38.4294501], [26.722815, 38.4294257], [26.7228763, 38.4294232], [26.7229006, 38.4294981], [26.7229127, 38.4295656], [26.7229737, 38.429633], [26.7231161, 38.4296732], [26.723203, 38.4296528], [26.7234288, 38.4296082], [26.7238306, 38.4293964], [26.7240696, 38.4290627], [26.7240956, 38.4288388], [26.7239137, 38.4284034], [26.7233215, 38.4277522], [26.7229162, 38.4273899], [26.7220902, 38.4269952], [26.7209057, 38.4265637], [26.7203913, 38.4265922], [26.7196744, 38.4268975], [26.7195393, 38.4268283], [26.7190821, 38.4267713], [26.7188691, 38.4267917], [26.7187237, 38.4268893], [26.7184743, 38.4272841], [26.7182613, 38.4275039], [26.7180431, 38.4276382], [26.7173417, 38.4278214], [26.7170404, 38.4278051], [26.7167443, 38.4277033], [26.716604, 38.4277196], [26.71663, 38.4274429], [26.7164014, 38.4273492], [26.715565, 38.4272597], [26.7148065, 38.4272963], [26.714609, 38.4274022], [26.7144584, 38.4275568], [26.713996, 38.42774], [26.7138142, 38.4279353], [26.7134869, 38.4288185], [26.7130972, 38.4294534], [26.7128063, 38.4298237], [26.7127595, 38.4299702], [26.7128375, 38.4303569], [26.7127855, 38.430654], [26.712692, 38.4307435], [26.7122972, 38.4309388], [26.7120893, 38.4311505], [26.7115906, 38.4312604], [26.7112945, 38.4314028], [26.7111802, 38.4315696], [26.7111542, 38.4317894], [26.7112269, 38.4321272], [26.7110607, 38.4327702], [26.7108321, 38.4329533], [26.7102866, 38.4331365], [26.7101151, 38.4330225], [26.7098969, 38.432994], [26.7095489, 38.4331446], [26.7093411, 38.433108], [26.7090709, 38.4331446], [26.7087332, 38.4333318], [26.7086449, 38.433462], [26.7085306, 38.4335149], [26.7085098, 38.4336859], [26.7082968, 38.4336737], [26.7081513, 38.433751], [26.7079331, 38.4341742], [26.7077669, 38.4343492], [26.7076214, 38.4344225], [26.7075071, 38.4343777], [26.7070551, 38.4344021], [26.706921, 38.434372], [26.7068292, 38.4343404], [26.7065206, 38.4340555], [26.7063332, 38.433713], [26.7062745, 38.4334138], [26.7061753, 38.4332238], [26.7063332, 38.4329533], [26.7063112, 38.4328296], [26.7061385, 38.432562], [26.705672, 38.4313476], [26.7058153, 38.4306603], [26.7055214, 38.4298517], [26.705334, 38.429538], [26.7049409, 38.4292358], [26.704276, 38.4288934], [26.7038425, 38.4287955], [26.7024356, 38.4286545], [26.7017045, 38.4281192], [26.7012269, 38.4279437], [26.7010359, 38.4279149], [26.7007237, 38.4280818], [26.7007677, 38.4281595], [26.7005106, 38.4281624], [26.7003343, 38.4280617], [26.7003306, 38.4279926], [26.7003894, 38.4279782], [26.70036, 38.427676], [26.7004224, 38.4276444], [26.7004775, 38.4276962], [26.7005583, 38.4276501], [26.7005326, 38.4275293], [26.700753, 38.4272731], [26.7007751, 38.4270745], [26.7006943, 38.4269767], [26.7007604, 38.4268961], [26.7007347, 38.4267436], [26.7009698, 38.4265623], [26.7010506, 38.4263982], [26.7010102, 38.4262543], [26.7009147, 38.4261507], [26.7007384, 38.4260702], [26.7005877, 38.4260558], [26.7004665, 38.4260845], [26.7004151, 38.4261536], [26.7004592, 38.4262745], [26.7003085, 38.4262659], [26.7001175, 38.4261191], [26.7001396, 38.426073], [26.7003159, 38.4260586], [26.7003563, 38.425909], [26.7003012, 38.4258169], [26.6997575, 38.4255492], [26.6992359, 38.4254082], [26.6990081, 38.4254197], [26.6985562, 38.4255809], [26.6978619, 38.4255636], [26.6974101, 38.4257737], [26.697175, 38.4258198], [26.6970207, 38.4257968], [26.6966974, 38.425627], [26.6966092, 38.4255032], [26.6966056, 38.4254025], [26.6967966, 38.4249938], [26.6966496, 38.4244441], [26.6966754, 38.4239261], [26.6965762, 38.4236267], [26.696286, 38.4233361], [26.6960692, 38.4232152], [26.6955586, 38.4230425], [26.6953565, 38.4229303], [26.6950553, 38.4228871], [26.6948386, 38.4227835], [26.6941957, 38.4225964], [26.6940157, 38.4223086], [26.6941847, 38.4217474], [26.6942072, 38.4215905], [26.6942434, 38.4213387], [26.6941847, 38.4212293], [26.6934206, 38.420953], [26.6912458, 38.4199226], [26.6912237, 38.4198449], [26.6912752, 38.419796], [26.6914368, 38.4198161], [26.6914625, 38.4198708], [26.6932222, 38.420694], [26.6941185, 38.4210537], [26.6942508, 38.4209242], [26.6942765, 38.4206652], [26.6942398, 38.4200493], [26.6942141, 38.4200003], [26.6940965, 38.4199687], [26.6941222, 38.4198449], [26.6937769, 38.4196147], [26.6934426, 38.4194621], [26.6933838, 38.4193643], [26.6930201, 38.4191311], [26.6927887, 38.4190736], [26.692436, 38.4188404], [26.6917821, 38.4185843], [26.6913376, 38.418449], [26.6910474, 38.4184375], [26.6908197, 38.4184778], [26.6902907, 38.418685], [26.6896698, 38.4186821], [26.6893723, 38.4184605], [26.6889755, 38.4184173], [26.6886228, 38.4180172], [26.6885016, 38.4179165], [26.6883326, 38.4178676], [26.6882224, 38.4176287], [26.6879065, 38.4171912], [26.6879506, 38.4170473], [26.6878808, 38.4167393], [26.687642, 38.4165954], [26.6875024, 38.4163507], [26.6875097, 38.4159823], [26.6879065, 38.4153922], [26.6878881, 38.4153059], [26.6877056, 38.415142], [26.6876604, 38.4151015], [26.6874436, 38.414995], [26.6872122, 38.4149921], [26.6870946, 38.4151677], [26.6868007, 38.415231], [26.6867934, 38.4153174], [26.6867236, 38.4153289], [26.6864701, 38.4152167], [26.6862019, 38.415018], [26.6858787, 38.4146295], [26.6859301, 38.4145143], [26.6857978, 38.4142927], [26.6856913, 38.4142438], [26.6856252, 38.4139588], [26.6852888, 38.4137217], [26.6852282, 38.4134857], [26.6852024, 38.4129215], [26.6845228, 38.4124092], [26.6845339, 38.4122796], [26.6846037, 38.412235], [26.6847781, 38.4122278], [26.6848553, 38.4123242], [26.6848149, 38.4124322], [26.6853182, 38.4127963], [26.6855237, 38.4128231], [26.6856543, 38.4127906], [26.6857149, 38.4127114], [26.6856874, 38.4125891], [26.686108, 38.4120263], [26.6864, 38.4118335], [26.6865433, 38.4116622], [26.6865672, 38.411429], [26.6865011, 38.4112218]]]]}, "bbox": [26.682932, 38.3886908, 26.7510926, 38.4369415]}, {"id": "222", "type": "Feature", "properties": {"mahalle_adi": "Denizli Mahallesi", "_gece_lst_str": "22.0°C"}, "geometry": {"type": "MultiPolygon", "coordinates": [[[[26.7536989, 38.3664876], [26.7541544, 38.3660774], [26.7546011, 38.3660485], [26.754587, 38.3657327], [26.7557775, 38.3650737], [26.7565058, 38.3645449], [26.7560611, 38.3640196], [26.7562141, 38.3635372], [26.7575626, 38.3631229], [26.7589389, 38.3634773], [26.7591513, 38.3633288], [26.7598169, 38.3634493], [26.7597912, 38.364355], [26.7597066, 38.364766], [26.7603717, 38.3650415], [26.7609092, 38.3650187], [26.7612639, 38.3653293], [26.7612014, 38.3659191], [26.7599643, 38.3669475], [26.7591154, 38.3673093], [26.7588347, 38.3674994], [26.7590916, 38.367625], [26.7592198, 38.3677862], [26.7591438, 38.3678635], [26.7588711, 38.3679523], [26.7584087, 38.368154], [26.7581053, 38.36835], [26.7578769, 38.3687547], [26.757596, 38.3690104], [26.7575641, 38.369487], [26.7572747, 38.3700048], [26.7577353, 38.3703454], [26.7582657, 38.3701856], [26.7583725, 38.3699416], [26.7588039, 38.3699484], [26.758895, 38.3698711], [26.7590174, 38.3694602], [26.7591685, 38.3695618], [26.7593276, 38.3694966], [26.7594116, 38.3692763], [26.7595927, 38.3694674], [26.7599555, 38.369623], [26.7604247, 38.3696419], [26.7604167, 38.369761], [26.7606579, 38.3700714], [26.7607854, 38.3704173], [26.7604506, 38.3709529], [26.7596686, 38.3716663], [26.7593341, 38.3721185], [26.7578003, 38.3735515], [26.7581106, 38.37357], [26.7582482, 38.3735879], [26.7584356, 38.3737137], [26.7587233, 38.3737083], [26.7588215, 38.373774], [26.7588201, 38.3741793], [26.7589937, 38.3743345], [26.7594098, 38.3744069], [26.7592272, 38.3746687], [26.7602027, 38.3749806], [26.7605985, 38.374308], [26.7607498, 38.374356], [26.7607556, 38.3748864], [26.7608918, 38.3748986], [26.7616262, 38.3750812], [26.7615274, 38.3757064], [26.7614054, 38.3759182], [26.7613898, 38.376578], [26.7615664, 38.3769893], [26.761782, 38.3771604], [26.7622002, 38.3772764], [26.7623431, 38.3774882], [26.762421, 38.3775127], [26.7624886, 38.3774068], [26.7625379, 38.3774149], [26.7625353, 38.3775167], [26.7627016, 38.3775412], [26.7626912, 38.3781114], [26.7626288, 38.3781154], [26.7625606, 38.3782267], [26.762659, 38.3782699], [26.762749, 38.3784207], [26.7627873, 38.3784433], [26.7628574, 38.3785369], [26.762673, 38.3789666], [26.7625951, 38.3790012], [26.7625613, 38.3789646], [26.7624158, 38.3789625], [26.7620418, 38.379602], [26.7618963, 38.3795531], [26.7614391, 38.3801904], [26.7609819, 38.3810742], [26.7609144, 38.3816525], [26.7611248, 38.3821493], [26.7612781, 38.3823224], [26.7619431, 38.3827358], [26.7620236, 38.3827521], [26.7622106, 38.382695], [26.7623899, 38.3828335], [26.7625301, 38.3832265], [26.7624236, 38.3834505], [26.7624964, 38.3836643], [26.7624158, 38.3840837], [26.7621249, 38.3843769], [26.7617716, 38.3846274], [26.7617638, 38.3847435], [26.7616521, 38.3848677], [26.7613846, 38.3849002], [26.7612703, 38.3849817], [26.761156, 38.3851222], [26.7611248, 38.3853849], [26.7609456, 38.3856496], [26.7608624, 38.3856312], [26.7607689, 38.3856638], [26.7607585, 38.3857269], [26.7606001, 38.3857452], [26.7605793, 38.3856638], [26.7603793, 38.3856312], [26.7599529, 38.3857048], [26.7596608, 38.3858819], [26.7595653, 38.3858689], [26.7594018, 38.3859236], [26.7591098, 38.3861036], [26.7588673, 38.3861108], [26.7581032, 38.3863541], [26.7577009, 38.386429], [26.7569607, 38.3867357], [26.7566338, 38.3868076], [26.7561599, 38.387038], [26.754628, 38.3876384], [26.75249, 38.3891573], [26.7514871, 38.390273], [26.7506274, 38.3907712], [26.7500066, 38.391275], [26.7495731, 38.3917775], [26.7491745, 38.3923893], [26.7487479, 38.3931714], [26.7474228, 38.3928386], [26.7469025, 38.392704], [26.7466611, 38.3925274], [26.7460281, 38.3923677], [26.7458135, 38.3923382], [26.7457598, 38.3925148], [26.7456418, 38.3927545], [26.7458188, 38.3928638], [26.7454863, 38.393671], [26.7451751, 38.3936458], [26.7452127, 38.3934776], [26.7442755, 38.3932232], [26.7442793, 38.3930488], [26.74407, 38.3932212], [26.7440176, 38.3933717], [26.7426216, 38.3930614], [26.7412591, 38.3927671], [26.7400575, 38.3925485], [26.7401773, 38.3916828], [26.7356908, 38.3902444], [26.7360504, 38.3897483], [26.7326988, 38.3894833], [26.7239799, 38.3886908], [26.7296989, 38.38399], [26.7366388, 38.3742094], [26.7397724, 38.367906], [26.7484472, 38.3676567], [26.7484938, 38.3672993], [26.7494492, 38.3668008], [26.7496276, 38.3657188], [26.7498207, 38.3655338], [26.7503142, 38.3657525], [26.7506683, 38.3659291], [26.7516875, 38.3663665], [26.7519343, 38.366518], [26.7525887, 38.3666694], [26.7531681, 38.366661], [26.7536989, 38.3664876]]]]}, "bbox": [26.7239799, 38.3631229, 26.7628574, 38.393671]}, {"id": "225", "type": "Feature", "properties": {"mahalle_adi": "Şirinkent Mahallesi", "_gece_lst_str": "22.3°C"}, "geometry": {"type": "MultiPolygon", "coordinates": [[[[26.827535, 38.3594431], [26.8273992, 38.3593896], [26.8270357, 38.3595083], [26.8269452, 38.3593651], [26.8267939, 38.3593291], [26.8268096, 38.3591265], [26.8269458, 38.3591267], [26.8271428, 38.3590198], [26.8281718, 38.3591286], [26.8283687, 38.3590693], [26.8285659, 38.3588669], [26.8290504, 38.35882], [26.8290811, 38.3586293], [26.8291873, 38.3585341], [26.8298079, 38.358535], [26.8297935, 38.3582132], [26.8296125, 38.3579389], [26.8302215, 38.3564262], [26.8311131, 38.356385], [26.8308556, 38.3558507], [26.8306518, 38.3555521], [26.8303782, 38.3553417], [26.8299597, 38.3551314], [26.8295038, 38.3549085], [26.8284309, 38.3544794], [26.8283075, 38.3543532], [26.8280286, 38.354227], [26.8272239, 38.3541134], [26.8263924, 38.3541428], [26.8262368, 38.3541512], [26.8262583, 38.353882], [26.8261778, 38.3533982], [26.8262422, 38.3531627], [26.8264407, 38.3530617], [26.8268162, 38.3530575], [26.8279588, 38.3531332], [26.8281895, 38.3531248], [26.8283182, 38.3527798], [26.8284041, 38.3525232], [26.8283933, 38.3523718], [26.8284041, 38.3521867], [26.8284899, 38.3520436], [26.8286401, 38.3518754], [26.8287152, 38.3517155], [26.8287367, 38.3514379], [26.8287045, 38.3511181], [26.8287313, 38.3505292], [26.8289137, 38.3503525], [26.82895, 38.3500483], [26.8294499, 38.3498345], [26.830434, 38.3496691], [26.8303353, 38.3494438], [26.8303031, 38.3492839], [26.830346, 38.3490567], [26.8303943, 38.3488969], [26.8305069, 38.3487959], [26.8308663, 38.3486066], [26.83098, 38.3491574], [26.8323282, 38.3485992], [26.8320878, 38.34786], [26.83336, 38.3474208], [26.8330886, 38.3469675], [26.8330447, 38.346312], [26.8331816, 38.3460023], [26.8374119, 38.3474861], [26.8377435, 38.3479503], [26.8384731, 38.3485897], [26.8388432, 38.3487833], [26.8395352, 38.3495405], [26.8400234, 38.3505123], [26.8412022, 38.3514687], [26.8426895, 38.3525443], [26.84657, 38.3546335], [26.8483778, 38.3563087], [26.8489981, 38.3570959], [26.8491273, 38.3581009], [26.8531714, 38.3602263], [26.8531223, 38.3605662], [26.8533599, 38.3618561], [26.8537187, 38.3623455], [26.8547487, 38.363069], [26.8556017, 38.3637924], [26.8560576, 38.3641626], [26.8563634, 38.3643813], [26.8567604, 38.3646126], [26.8570047, 38.3647077], [26.8583273, 38.364721], [26.8570822, 38.3652814], [26.8562239, 38.3655674], [26.8559235, 38.3656599], [26.8555802, 38.3656852], [26.8553495, 38.3657441], [26.8551189, 38.3658113], [26.8547058, 38.3659417], [26.8542284, 38.3660721], [26.8541372, 38.3660679], [26.8539065, 38.3660595], [26.8537134, 38.366009], [26.8535525, 38.3659291], [26.8533057, 38.3657735], [26.8531394, 38.3656389], [26.8528658, 38.365437], [26.8526781, 38.3653361], [26.8523133, 38.3651552], [26.8520665, 38.365008], [26.8518573, 38.3648061], [26.8516427, 38.3646715], [26.8510795, 38.3642593], [26.8508166, 38.3640953], [26.8506074, 38.3640238], [26.8504572, 38.363906], [26.8502802, 38.3636957], [26.8500656, 38.3634517], [26.8498778, 38.3632288], [26.8497384, 38.3632961], [26.8495989, 38.3633255], [26.8493897, 38.3634097], [26.8489981, 38.3635064], [26.8486708, 38.3635569], [26.848188, 38.3637251], [26.8477696, 38.3638513], [26.8473136, 38.363906], [26.8467826, 38.3639607], [26.8464392, 38.364028], [26.8455166, 38.3641878], [26.8456302, 38.3635181], [26.8451732, 38.3635316], [26.8446314, 38.3635316], [26.8441647, 38.3634097], [26.843757, 38.3632751], [26.8434727, 38.3632204], [26.8432528, 38.3632288], [26.8428987, 38.3632666], [26.8424696, 38.3633718], [26.8419653, 38.363477], [26.8415844, 38.3635148], [26.8410158, 38.363477], [26.8399644, 38.363355], [26.8396532, 38.3633171], [26.8395245, 38.3630059], [26.8394762, 38.3628376], [26.8393689, 38.362724], [26.8388593, 38.3627072], [26.8386716, 38.3627913], [26.8384838, 38.3629386], [26.8382531, 38.3630521], [26.8380171, 38.3631531], [26.8378723, 38.3632456], [26.8378171, 38.3632854], [26.8377382, 38.3633424], [26.8374056, 38.3630774], [26.8369496, 38.3628418], [26.836676, 38.3626567], [26.836735, 38.362417], [26.8366706, 38.3617356], [26.8366331, 38.3614622], [26.8365687, 38.361357], [26.836381, 38.3613065], [26.8358767, 38.3613191], [26.8353403, 38.3612981], [26.8349433, 38.3612645], [26.8347019, 38.361193], [26.8343157, 38.3608396], [26.834203, 38.3606125], [26.8341011, 38.3602213], [26.8339992, 38.3598175], [26.8325025, 38.3602297], [26.8321913, 38.3602003], [26.8308556, 38.3598595], [26.8299651, 38.3596324], [26.8295038, 38.3598638], [26.8285167, 38.3596198], [26.827535, 38.3594431]]]]}, "bbox": [26.8261778, 38.3460023, 26.8583273, 38.3660721]}, {"id": "227", "type": "Feature", "properties": {"mahalle_adi": "M.Fevzi Çakmak Mahallesi", "_gece_lst_str": "22.5°C"}, "geometry": {"type": "MultiPolygon", "coordinates": [[[[26.827535, 38.3594431], [26.8274945, 38.3596813], [26.8272675, 38.3596333], [26.827297, 38.359979], [26.8274482, 38.3600507], [26.8272812, 38.3602412], [26.8277802, 38.3604564], [26.8280619, 38.3629476], [26.8273044, 38.3641962], [26.8272239, 38.3649365], [26.8271649, 38.3653613], [26.8269449, 38.3665011], [26.8269396, 38.3665979], [26.8280983, 38.3669049], [26.8280771, 38.3673448], [26.8282553, 38.367378], [26.8284536, 38.3674255], [26.8286079, 38.3674629], [26.8288412, 38.367522], [26.8290028, 38.3675825], [26.829091, 38.3676415], [26.8292269, 38.3676948], [26.8292784, 38.3677366], [26.8293004, 38.367787], [26.8294327, 38.367846], [26.8295245, 38.3678561], [26.8296292, 38.3678244], [26.8297137, 38.3678316], [26.8298276, 38.3678402], [26.8299929, 38.3678878], [26.8303088, 38.3679843], [26.8305549, 38.3680678], [26.8307202, 38.3681297], [26.8308047, 38.3681801], [26.8308543, 38.368219], [26.8308782, 38.3682766], [26.8308837, 38.3683457], [26.8309296, 38.3684077], [26.831038, 38.3684768], [26.8312052, 38.3685502], [26.8312988, 38.3685963], [26.8313484, 38.3686438], [26.8314311, 38.3686942], [26.8315486, 38.3687374], [26.831635, 38.3688224], [26.8317562, 38.3689117], [26.8318407, 38.3690053], [26.8319289, 38.3690355], [26.8320042, 38.3690312], [26.8321162, 38.3690499], [26.8322705, 38.3691291], [26.8322944, 38.369181], [26.8323127, 38.3692285], [26.8323495, 38.3692588], [26.8324064, 38.3692616], [26.8325405, 38.3692732], [26.8326581, 38.3693034], [26.8328417, 38.3693826], [26.8330052, 38.3694474], [26.833222, 38.3695597], [26.8334185, 38.3696202], [26.8335305, 38.3696533], [26.833694, 38.3696505], [26.8338116, 38.369698], [26.8339365, 38.3697513], [26.8340393, 38.3697902], [26.8342469, 38.3698262], [26.8344214, 38.3698506], [26.8345169, 38.3698636], [26.8346492, 38.3698996], [26.8348071, 38.3699529], [26.8349779, 38.3700177], [26.8350771, 38.3700926], [26.8351212, 38.3701631], [26.8351267, 38.3702207], [26.8351377, 38.3703071], [26.8351469, 38.3703878], [26.8351212, 38.3704555], [26.8350808, 38.3704915], [26.8350422, 38.370526], [26.8350092, 38.370562], [26.8350441, 38.3705779], [26.8351175, 38.370562], [26.835169, 38.3705577], [26.8352186, 38.3705908], [26.8352663, 38.3705851], [26.8352645, 38.3705577], [26.8352865, 38.3705419], [26.8353398, 38.370562], [26.8353912, 38.3705289], [26.8354426, 38.3704742], [26.8354941, 38.3704584], [26.8355363, 38.3704324], [26.8355547, 38.3703907], [26.8355767, 38.3703446], [26.8356282, 38.370323], [26.835742, 38.3703345], [26.8358467, 38.3703201], [26.8359055, 38.3703316], [26.8359257, 38.3703619], [26.8360984, 38.3703763], [26.8363096, 38.370395], [26.8364125, 38.3704166], [26.8365484, 38.3704094], [26.8366274, 38.3704065], [26.8367156, 38.3704238], [26.8368147, 38.3704627], [26.8369415, 38.3704972], [26.8370462, 38.3704843], [26.8372409, 38.3705404], [26.8374154, 38.3705822], [26.8375201, 38.3706153], [26.8375733, 38.370647], [26.8376523, 38.3706585], [26.8377258, 38.3706211], [26.837757, 38.3705894], [26.8378599, 38.370562], [26.8379774, 38.3705577], [26.8380766, 38.3705692], [26.838207, 38.3705851], [26.8384366, 38.3706268], [26.8386277, 38.3706672], [26.8387415, 38.3706801], [26.8388754, 38.3700551], [26.8381029, 38.3699836], [26.8381512, 38.369256], [26.8382049, 38.3688607], [26.8381727, 38.3679228], [26.8382156, 38.3675905], [26.8382585, 38.3670143], [26.8382746, 38.3667787], [26.8384248, 38.366539], [26.8385965, 38.3663834], [26.8387788, 38.3662404], [26.8387628, 38.365967], [26.8387091, 38.3656263], [26.8385643, 38.3652561], [26.8384355, 38.3647977], [26.8383121, 38.3643434], [26.8381405, 38.3639607], [26.8379903, 38.3636494], [26.8377382, 38.3633424], [26.8374056, 38.3630774], [26.8369496, 38.3628418], [26.836676, 38.3626567], [26.836735, 38.362417], [26.8366706, 38.3617356], [26.8366331, 38.3614622], [26.8365687, 38.361357], [26.836381, 38.3613065], [26.8358767, 38.3613191], [26.8353403, 38.3612981], [26.8349433, 38.3612645], [26.8347019, 38.361193], [26.8343157, 38.3608396], [26.834203, 38.3606125], [26.8341011, 38.3602213], [26.8339992, 38.3598175], [26.8325025, 38.3602297], [26.8321913, 38.3602003], [26.8308556, 38.3598595], [26.8299651, 38.3596324], [26.8295038, 38.3598638], [26.8285167, 38.3596198], [26.827535, 38.3594431]]]]}, "bbox": [26.8269396, 38.3594431, 26.8388754, 38.3706801]}, {"id": "228", "type": "Feature", "properties": {"mahalle_adi": "Zeytinalanı Mahallesi", "_gece_lst_str": "22.5°C"}, "geometry": {"type": "MultiPolygon", "coordinates": [[[[26.8377382, 38.3633424], [26.8379903, 38.3636494], [26.8381405, 38.3639607], [26.8383121, 38.3643434], [26.8384355, 38.3647977], [26.8385643, 38.3652561], [26.8387091, 38.3656263], [26.8387628, 38.365967], [26.8387788, 38.3662404], [26.8385965, 38.3663834], [26.8384248, 38.366539], [26.8382746, 38.3667787], [26.8382585, 38.3670143], [26.8382156, 38.3675905], [26.8381727, 38.3679228], [26.8382049, 38.3688607], [26.8381512, 38.369256], [26.8381029, 38.3699836], [26.8388754, 38.3700551], [26.8387415, 38.3706801], [26.8388609, 38.3706672], [26.8389858, 38.3706643], [26.8391071, 38.3706859], [26.8392099, 38.3706931], [26.8393863, 38.3706988], [26.839682, 38.3707464], [26.8399612, 38.3707752], [26.8401889, 38.3707968], [26.8403726, 38.3708256], [26.8405232, 38.3708644], [26.8406536, 38.3709048], [26.8408208, 38.370935], [26.8409053, 38.3709638], [26.8409824, 38.3709509], [26.8410632, 38.3709624], [26.8411092, 38.3709249], [26.8411992, 38.3709336], [26.841348, 38.3709638], [26.8414673, 38.3709696], [26.8415886, 38.3709465], [26.8417337, 38.370948], [26.8419559, 38.3709696], [26.8422241, 38.3709869], [26.8425051, 38.3710113], [26.8426502, 38.37102], [26.8427953, 38.3710445], [26.8429, 38.3710891], [26.842979, 38.3711251], [26.8430984, 38.3711424], [26.8431847, 38.3711179], [26.8433666, 38.3711323], [26.8435962, 38.3711741], [26.8438809, 38.3712086], [26.8440609, 38.3712907], [26.8441004, 38.3710182], [26.8443739, 38.3708164], [26.8444866, 38.3706986], [26.8444115, 38.3704631], [26.8444169, 38.3702906], [26.8443847, 38.3699542], [26.8443149, 38.3695841], [26.8440521, 38.3686462], [26.8439984, 38.3684737], [26.8439394, 38.3683854], [26.8436703, 38.3678024], [26.8436359, 38.3676706], [26.8435746, 38.3674769], [26.8442935, 38.3674475], [26.8452591, 38.367397], [26.8452805, 38.3670227], [26.8452215, 38.3669217], [26.845184, 38.3668208], [26.8451571, 38.3666988], [26.8451732, 38.36656], [26.8452805, 38.3664212], [26.8453771, 38.3663581], [26.8455434, 38.3662446], [26.8456238, 38.3661436], [26.8456989, 38.365866], [26.8457204, 38.365723], [26.8456829, 38.3655548], [26.8455756, 38.3653529], [26.8454683, 38.36513], [26.84542, 38.3650416], [26.84542, 38.3649701], [26.8454039, 38.3648608], [26.8453342, 38.3646589], [26.845243, 38.3645369], [26.8454307, 38.3644023], [26.8455166, 38.3641878], [26.8456302, 38.3635181], [26.8451732, 38.3635316], [26.8446314, 38.3635316], [26.8441647, 38.3634097], [26.843757, 38.3632751], [26.8434727, 38.3632204], [26.8432528, 38.3632288], [26.8428987, 38.3632666], [26.8424696, 38.3633718], [26.8419653, 38.363477], [26.8415844, 38.3635148], [26.8410158, 38.363477], [26.8399644, 38.363355], [26.8396532, 38.3633171], [26.8395245, 38.3630059], [26.8394762, 38.3628376], [26.8393689, 38.362724], [26.8388593, 38.3627072], [26.8386716, 38.3627913], [26.8384838, 38.3629386], [26.8382531, 38.3630521], [26.8380171, 38.3631531], [26.8378723, 38.3632456], [26.8378171, 38.3632854], [26.8377382, 38.3633424]]]]}, "bbox": [26.8377382, 38.3627072, 26.8457204, 38.3712907]}, {"id": "234", "type": "Feature", "properties": {"mahalle_adi": "Kemal Atatürk Mahallesi", "_gece_lst_str": "22.3°C"}, "geometry": {"type": "MultiPolygon", "coordinates": [[[[27.0685101, 38.5754222], [27.0684725, 38.5750992], [27.0684779, 38.5749105], [27.0685691, 38.5746756], [27.0687085, 38.574273], [27.06873, 38.5737823], [27.0687783, 38.5734972], [27.0689124, 38.5726458], [27.0692396, 38.5723648], [27.069363, 38.5721802], [27.0695293, 38.5715679], [27.0702052, 38.5698106], [27.0707416, 38.569366], [27.0710528, 38.5688627], [27.0712244, 38.5684852], [27.0715141, 38.5682168], [27.0719218, 38.5678645], [27.0720827, 38.5675793], [27.0723228, 38.5672703], [27.0724839, 38.5613353], [27.0713405, 38.5563069], [27.0702924, 38.5553958], [27.0683126, 38.5562372], [27.0668843, 38.5550707], [27.0678234, 38.554752], [27.0681023, 38.554752], [27.0681814, 38.5550087], [27.0689987, 38.5552522], [27.0693684, 38.5549617], [27.0756554, 38.5552134], [27.0782191, 38.5556039], [27.0805786, 38.5551495], [27.0823502, 38.5562034], [27.0850324, 38.5557168], [27.0847216, 38.5548248], [27.0861482, 38.554559], [27.0885086, 38.553485], [27.0899892, 38.5525957], [27.0907322, 38.5518804], [27.0914054, 38.5512364], [27.091856, 38.5502799], [27.0926499, 38.5502799], [27.1026645, 38.5552684], [27.1021128, 38.5580827], [27.0981689, 38.5650244], [27.0976719, 38.5679148], [27.0948076, 38.5714268], [27.0921216, 38.5721797], [27.0906045, 38.5729317], [27.08871, 38.5754775], [27.0887638, 38.5759482], [27.0878925, 38.5773194], [27.0871486, 38.577308], [27.0867616, 38.5774215], [27.0867397, 38.5781723], [27.0837343, 38.5786333], [27.0835297, 38.5790029], [27.0814919, 38.5790413], [27.080816, 38.5792049], [27.0802689, 38.5792846], [27.0799016, 38.5792855], [27.0787557, 38.5796259], [27.078126, 38.5799422], [27.0778605, 38.5801509], [27.0775189, 38.5801571], [27.0772839, 38.5804313], [27.0767527, 38.5806462], [27.0762669, 38.5806644], [27.0756821, 38.5808401], [27.0754321, 38.5809152], [27.0735194, 38.5811786], [27.070629, 38.5815994], [27.0701677, 38.5818007], [27.0692825, 38.5811172], [27.0695937, 38.5808614], [27.0695776, 38.5806978], [27.0695829, 38.5804085], [27.0694864, 38.5799304], [27.0690089, 38.5780978], [27.0688856, 38.5775903], [27.0687568, 38.5770997], [27.0685959, 38.5766929], [27.0685208, 38.5763112], [27.0685101, 38.5759548], [27.0685101, 38.5754222]]]]}, "bbox": [27.0668843, 38.5502799, 27.1026645, 38.5818007]}, {"id": "235", "type": "Feature", "properties": {"mahalle_adi": "Hürriyet Mahallesi", "_gece_lst_str": "22.8°C"}, "geometry": {"type": "MultiPolygon", "coordinates": [[[[27.1387293, 38.291291], [27.1382797, 38.2907997], [27.1380115, 38.2904376], [27.137754, 38.2899955], [27.137416, 38.2893135], [27.1368688, 38.2879408], [27.1364611, 38.2878019], [27.1358174, 38.2876419], [27.135458, 38.2875829], [27.1350664, 38.2875366], [27.1346909, 38.2875113], [27.1343958, 38.2875661], [27.1342456, 38.287625], [27.1342134, 38.2876882], [27.1339935, 38.2876798], [27.1335053, 38.2874987], [27.1331513, 38.2891787], [27.1326899, 38.2891913], [27.1325183, 38.2891492], [27.1323305, 38.2891703], [27.1322018, 38.289284], [27.1315902, 38.2885598], [27.1306568, 38.2889808], [27.1304852, 38.2891366], [27.1300077, 38.2889513], [27.1298583, 38.2889246], [27.12982, 38.2889177], [27.1295947, 38.289204], [27.1292299, 38.2895787], [27.1288651, 38.2898945], [27.1287095, 38.2899871], [27.1285593, 38.2900629], [27.1284735, 38.2900798], [27.1282214, 38.2907745], [27.1273684, 38.2914902], [27.1274704, 38.2917513], [27.1269393, 38.2922565], [27.1267623, 38.2922944], [27.1263921, 38.2923576], [27.1262097, 38.2924797], [27.1260488, 38.2926439], [27.1258181, 38.2928796], [27.1256465, 38.2930144], [27.1254319, 38.2932123], [27.1251476, 38.2936291], [27.1249276, 38.2939364], [27.1247989, 38.294168], [27.1246916, 38.2942985], [27.1245736, 38.2943995], [27.1244824, 38.2944753], [27.1242785, 38.2946353], [27.1241873, 38.2947785], [27.1240479, 38.2948795], [27.1237153, 38.2950605], [27.1233183, 38.2952753], [27.1230769, 38.2954816], [27.1227872, 38.2956415], [27.1222937, 38.2958857], [27.1218109, 38.296151], [27.1212637, 38.2964583], [27.1202284, 38.2970814], [27.1187426, 38.2965814], [27.1183862, 38.2964614], [27.1167033, 38.2955489], [27.117572, 38.2928146], [27.116572, 38.2915881], [27.1167072, 38.2910397], [27.116676, 38.2904558], [27.1183074, 38.2893458], [27.119273, 38.2880696], [27.120226, 38.2882831], [27.121017, 38.2868629], [27.1237892, 38.2850973], [27.1268728, 38.2845219], [27.1290851, 38.2852376], [27.1331835, 38.2846649], [27.1335053, 38.2846986], [27.1343851, 38.2845891], [27.1351683, 38.2845049], [27.1381509, 38.2831996], [27.138505, 38.2834606], [27.1392882, 38.2837807], [27.1402001, 38.2841512], [27.1410584, 38.2844207], [27.1424425, 38.2846439], [27.1447599, 38.2849091], [27.144556, 38.2853639], [27.1439606, 38.2870229], [27.1433651, 38.2886061], [27.1426482, 38.2905726], [27.1422386, 38.2905598], [27.1417236, 38.2906524], [27.1412837, 38.2905682], [27.1410155, 38.2906776], [27.1404254, 38.2909724], [27.1398615, 38.2910386], [27.1391702, 38.2911913], [27.1388912, 38.2911576], [27.1387293, 38.291291]]]]}, "bbox": [27.116572, 38.2831996, 27.1447599, 38.2970814]}, {"id": "238", "type": "Feature", "properties": {"mahalle_adi": "Görece Cumhuriyet Mahallesi", "_gece_lst_str": "22.4°C"}, "geometry": {"type": "MultiPolygon", "coordinates": [[[[27.1661451, 38.2714104], [27.1664858, 38.2713746], [27.1666038, 38.2730423], [27.1666467, 38.2740699], [27.1666896, 38.2743984], [27.1676767, 38.2768157], [27.1687281, 38.2769083], [27.1703717, 38.2775186], [27.170949, 38.2774558], [27.1711743, 38.2779442], [27.1653163, 38.2811783], [27.1670651, 38.2829722], [27.1634858, 38.2856833], [27.1642005, 38.2848249], [27.165016, 38.2815152], [27.1626127, 38.2804624], [27.161875, 38.273605], [27.1584115, 38.2753399], [27.1533777, 38.2781476], [27.1519669, 38.2826167], [27.1515083, 38.2844123], [27.1466052, 38.2909387], [27.1464121, 38.2907619], [27.1458542, 38.290644], [27.1453575, 38.2907715], [27.1437654, 38.2904635], [27.1430433, 38.290585], [27.1426482, 38.2905726], [27.1433651, 38.2886061], [27.1439606, 38.2870229], [27.144556, 38.2853639], [27.1447599, 38.2849091], [27.1424425, 38.2846439], [27.1410584, 38.2844207], [27.1402001, 38.2841512], [27.1392882, 38.2837807], [27.138505, 38.2834606], [27.1381509, 38.2831996], [27.1351683, 38.2845049], [27.1343851, 38.2845891], [27.1335053, 38.2846986], [27.1331835, 38.2846649], [27.1290851, 38.2852376], [27.1268728, 38.2845219], [27.1237892, 38.2850973], [27.121017, 38.2868629], [27.120226, 38.2882831], [27.119273, 38.2880696], [27.1183074, 38.2893458], [27.116676, 38.2904558], [27.1167072, 38.2910397], [27.116572, 38.2915881], [27.117572, 38.2928146], [27.1167033, 38.2955489], [27.1183862, 38.2964614], [27.1187426, 38.2965814], [27.1202284, 38.2970814], [27.1204323, 38.297334], [27.1207058, 38.2975824], [27.1210223, 38.2977887], [27.1213603, 38.298016], [27.1214837, 38.2980665], [27.1216392, 38.2982265], [27.1218592, 38.2984454], [27.1220845, 38.2985254], [27.1225619, 38.2987359], [27.1229106, 38.2987822], [27.123034, 38.2988748], [27.1231306, 38.2989464], [27.1236134, 38.2990938], [27.1237314, 38.2991359], [27.1265209, 38.3005714], [27.1261346, 38.3006304], [27.1258761, 38.3004985], [27.1256196, 38.3004788], [27.1253621, 38.3006135], [27.124679, 38.3013276], [27.1243, 38.3015818], [27.1235431, 38.3014978], [27.1231949, 38.3014723], [27.1226048, 38.3013881], [27.1220362, 38.3006893], [27.1219718, 38.3003862], [27.121886, 38.2999821], [27.1212473, 38.2994331], [27.120726, 38.2991082], [27.1200514, 38.298778], [27.1191501, 38.2982813], [27.1183777, 38.2980118], [27.1170151, 38.2976413], [27.1160817, 38.2974982], [27.1147835, 38.2972456], [27.1142428, 38.2972114], [27.1101165, 38.2974477], [27.1078898, 38.2975754], [27.1073913, 38.2977003], [27.1070373, 38.2980202], [27.1067798, 38.2985591], [27.1067691, 38.2989127], [27.1068013, 38.2992411], [27.1067154, 38.29978], [27.1058169, 38.3004346], [27.1046697, 38.3007506], [27.1034159, 38.3009373], [27.0997095, 38.3014892], [27.0940125, 38.3024995], [27.0931864, 38.3019943], [27.0934009, 38.3012534], [27.0932893, 38.3009015], [27.0923495, 38.3001757], [27.0921671, 38.3000073], [27.0921135, 38.2998221], [27.0920763, 38.2993662], [27.0915556, 38.2991317], [27.088927, 38.2979697], [27.0892703, 38.297254], [27.0884335, 38.2963783], [27.0878444, 38.2954671], [27.0872962, 38.2948206], [27.0868778, 38.294109], [27.086851, 38.2941554], [27.0858642, 38.2935272], [27.085644, 38.2929681], [27.0859766, 38.2922186], [27.0860088, 38.2918397], [27.0865096, 38.2912178], [27.0866847, 38.2910145], [27.0867305, 38.2905373], [27.0862944, 38.2904689], [27.085998, 38.2902566], [27.085601, 38.2900461], [27.0852041, 38.2899787], [27.0846567, 38.2899573], [27.0840132, 38.290105], [27.0833051, 38.2903239], [27.0826153, 38.2914626], [27.0817203, 38.2891589], [27.0814131, 38.2882543], [27.0857465, 38.2768271], [27.0861701, 38.2641937], [27.0861332, 38.2637218], [27.0865139, 38.2635284], [27.085779, 38.2633144], [27.0864043, 38.262842], [27.0872482, 38.2632275], [27.0881457, 38.2629265], [27.0896975, 38.2636118], [27.0905578, 38.2637218], [27.0914429, 38.2631995], [27.09243, 38.2636755], [27.0952624, 38.2642272], [27.0959583, 38.2642127], [27.0996178, 38.2652108], [27.099981, 38.265568], [27.1022844, 38.2648969], [27.1027028, 38.2643662], [27.1029925, 38.2640124], [27.1032393, 38.2638608], [27.1036792, 38.2638777], [27.104001, 38.2635491], [27.1042693, 38.2634228], [27.1044195, 38.2632711], [27.1046233, 38.2630268], [27.1048486, 38.2626983], [27.1051597, 38.2623192], [27.1053314, 38.2620328], [27.1054923, 38.2618896], [27.1057176, 38.2616537], [27.105782, 38.2614768], [27.1058249, 38.2612409], [27.1058786, 38.2610556], [27.1059966, 38.2608702], [27.1061897, 38.2607944], [27.1064258, 38.2607607], [27.1065974, 38.2606512], [27.106694, 38.2605417], [27.1067476, 38.2604238], [27.1068764, 38.2602721], [27.1071017, 38.2601458], [27.1076328, 38.2601458], [27.1080029, 38.2601289], [27.1084267, 38.2599351], [27.1089846, 38.2597035], [27.1091241, 38.2594971], [27.1091562, 38.2593876], [27.1091938, 38.2593159], [27.1093279, 38.2592443], [27.1094996, 38.2592275], [27.1096122, 38.2592064], [27.1097302, 38.2590843], [27.1098483, 38.2589158], [27.1098912, 38.2588484], [27.1101755, 38.2586967], [27.1103686, 38.2584019], [27.1105349, 38.2581323], [27.1106529, 38.2579301], [27.1108299, 38.2578037], [27.1109801, 38.2577406], [27.1111464, 38.2575426], [27.1111786, 38.2574541], [27.1111625, 38.2573825], [27.1110606, 38.2572856], [27.1109855, 38.2572435], [27.1111572, 38.2571213], [27.1112376, 38.2570245], [27.1112376, 38.2569234], [27.1112913, 38.2568138], [27.1115595, 38.2568307], [27.11164, 38.2568265], [27.1118224, 38.2567591], [27.1119189, 38.2566833], [27.1120262, 38.256599], [27.1121335, 38.2564895], [27.1122891, 38.2563884], [27.1124393, 38.2563084], [27.1129006, 38.2562115], [27.1130776, 38.256064], [27.113142, 38.2559377], [27.1132815, 38.2557776], [27.1134478, 38.2556344], [27.1137053, 38.2554153], [27.1142042, 38.2552215], [27.1143705, 38.255053], [27.1145421, 38.2548298], [27.1149337, 38.254556], [27.1153881, 38.2543349], [27.1155399, 38.2542611], [27.1157706, 38.2541347], [27.1161085, 38.2540631], [27.1166611, 38.2539746], [27.1170312, 38.2539283], [27.1174496, 38.2538314], [27.1180236, 38.2537724], [27.1188015, 38.2537767], [27.1188497, 38.2535871], [27.1189356, 38.2535028], [27.1190536, 38.2534354], [27.1191609, 38.2534144], [27.1193004, 38.2533849], [27.119531, 38.2533975], [27.1198046, 38.2534312], [27.1203089, 38.2534186], [27.1206737, 38.2534902], [27.1208936, 38.2535071], [27.1212047, 38.2534312], [27.1214944, 38.2533512], [27.1216232, 38.253347], [27.1216285, 38.2536671], [27.1215588, 38.2537556], [27.1215373, 38.2538061], [27.1214783, 38.2539325], [27.1214676, 38.2540547], [27.12143, 38.2541642], [27.1213925, 38.2542864], [27.1213549, 38.2544422], [27.1213227, 38.2547455], [27.1213227, 38.2548888], [27.1213067, 38.2550615], [27.1212852, 38.2552637], [27.1212584, 38.2554406], [27.1211725, 38.2557607], [27.1210706, 38.2560219], [27.1210062, 38.2561904], [27.1209204, 38.2562915], [27.1206737, 38.2566032], [27.1204752, 38.2568265], [27.1204108, 38.2569318], [27.1203732, 38.2570287], [27.1203303, 38.2571677], [27.1202874, 38.2573151], [27.120223, 38.2575679], [27.1201748, 38.2578122], [27.1201748, 38.2580312], [27.1201801, 38.2581618], [27.120164, 38.2585198], [27.1201479, 38.2589621], [27.1201587, 38.2592064], [27.1201426, 38.2593833], [27.120105, 38.2595097], [27.1200889, 38.2597498], [27.1201372, 38.2599899], [27.120384, 38.2606596], [27.1226626, 38.2606005], [27.1235168, 38.2610598], [27.1236402, 38.2610977], [27.1237582, 38.261144], [27.1239996, 38.2611651], [27.1241391, 38.2611693], [27.1239084, 38.2613209], [27.1236455, 38.2614894], [27.1235591, 38.2615927], [27.1235222, 38.2616368], [27.1234578, 38.2617716], [27.1234631, 38.2618938], [27.1233773, 38.262037], [27.12327, 38.262235], [27.123152, 38.2624161], [27.1228677, 38.2627193], [27.1227068, 38.2628794], [27.1226585, 38.2630058], [27.1226263, 38.2631995], [27.1226317, 38.2633259], [27.1225834, 38.2635365], [27.1225351, 38.2636586], [27.1224385, 38.2637302], [27.122342, 38.2637766], [27.1222401, 38.2638145], [27.1221757, 38.2638524], [27.1221435, 38.2639703], [27.1221864, 38.2641262], [27.1223098, 38.264143], [27.1227175, 38.2642062], [27.1239406, 38.264004], [27.1245092, 38.2641177], [27.1247613, 38.2641388], [27.1251154, 38.2641304], [27.1253407, 38.2641051], [27.1256679, 38.2641135], [27.1259576, 38.2641472], [27.1262097, 38.2642736], [27.126376, 38.2643915], [27.1265691, 38.2644757], [27.1266872, 38.2645137], [27.1268749, 38.2645473], [27.1271056, 38.2645389], [27.1273792, 38.2644757], [27.1281087, 38.2642188], [27.1286023, 38.2640882], [27.1301955, 38.263726], [27.1305656, 38.263646], [27.1314508, 38.2635028], [27.1318048, 38.2639577], [27.1319658, 38.264223], [27.1321213, 38.2645642], [27.1322662, 38.2649559], [27.1323734, 38.2653855], [27.1325502, 38.2663974], [27.1326148, 38.2668007], [27.1328455, 38.2681569], [27.1329421, 38.268915], [27.1329957, 38.2697489], [27.1335804, 38.2695636], [27.1338218, 38.2693067], [27.1340257, 38.2691214], [27.1342295, 38.2690834], [27.134707, 38.2691214], [27.1349591, 38.2690834], [27.1351469, 38.2695215], [27.1368796, 38.2692014], [27.1367294, 38.2685823], [27.1371853, 38.2684601], [27.1372068, 38.2683927], [27.1374267, 38.2684222], [27.1378881, 38.2683969], [27.1381241, 38.2684054], [27.1381402, 38.2683548], [27.1392506, 38.2683296], [27.139256, 38.2684096], [27.1393579, 38.2684896], [27.1394652, 38.2685233], [27.1397603, 38.2685233], [27.1403021, 38.2684812], [27.1409351, 38.2684559], [27.1409458, 38.2689066], [27.1408921, 38.2691466], [27.1408975, 38.2693909], [27.1409136, 38.2695636], [27.1409565, 38.2697405], [27.1412945, 38.2696647], [27.1414661, 38.2704901], [27.1414608, 38.2711808], [27.1413857, 38.2717325], [27.1414286, 38.2723179], [27.1414661, 38.2726885], [27.1417665, 38.2726717], [27.1418631, 38.2727096], [27.1419704, 38.2727643], [27.1420938, 38.2727938], [27.1422869, 38.2727728], [27.1424371, 38.2727349], [27.1426141, 38.2726843], [27.1428019, 38.2726464], [27.1430165, 38.2726001], [27.1432793, 38.2725411], [27.1434992, 38.2724822], [27.1436602, 38.2724064], [27.1437836, 38.2723895], [27.1439016, 38.2724611], [27.1440357, 38.2725243], [27.1442234, 38.2725959], [27.1443897, 38.2726464], [27.1445024, 38.2726928], [27.1445936, 38.2727012], [27.1447438, 38.2727012], [27.1448028, 38.2727012], [27.145291, 38.2727812], [27.1454519, 38.2727643], [27.1457148, 38.2727938], [27.1459025, 38.2727643], [27.1460634, 38.2726759], [27.146219, 38.272638], [27.1463478, 38.2725917], [27.1465301, 38.2725201], [27.1467555, 38.2724822], [27.1469271, 38.2725748], [27.1470773, 38.2726043], [27.14719, 38.2725748], [27.1472812, 38.2725243], [27.1473241, 38.2724485], [27.147367, 38.2723179], [27.1474206, 38.2722126], [27.1475333, 38.2720905], [27.1476352, 38.27204], [27.147764, 38.2719894], [27.1482789, 38.2718505], [27.1483916, 38.271741], [27.1485257, 38.2716188], [27.1486598, 38.271522], [27.1488529, 38.2714209], [27.1490782, 38.2713282], [27.1492499, 38.2712651], [27.1494377, 38.271185], [27.1496791, 38.271185], [27.1502262, 38.2708313], [27.1506339, 38.2706923], [27.1509719, 38.2705701], [27.1511489, 38.2704691], [27.1511328, 38.2703469], [27.1511167, 38.2702374], [27.1512294, 38.2701279], [27.1513957, 38.2700605], [27.1515942, 38.2700648], [27.1517014, 38.2700479], [27.1518141, 38.2699384], [27.1518838, 38.2698121], [27.1520555, 38.2697405], [27.1522915, 38.2697068], [27.1526509, 38.2696731], [27.1526885, 38.2696225], [27.1526724, 38.2694751], [27.1526992, 38.2694246], [27.1528923, 38.2693951], [27.1530694, 38.2695172], [27.1538579, 38.2694499], [27.1538311, 38.2693404], [27.1540832, 38.2692814], [27.1542335, 38.2692435], [27.1544802, 38.269193], [27.1546787, 38.2692814], [27.1547645, 38.2693572], [27.1549469, 38.2693951], [27.1552098, 38.2694035], [27.1553707, 38.2693783], [27.1556765, 38.2692856], [27.1557516, 38.2691593], [27.1557516, 38.2690371], [27.1557838, 38.2689108], [27.1558803, 38.2688434], [27.1560037, 38.2688055], [27.1561432, 38.2688055], [27.1562773, 38.2687423], [27.1563631, 38.2686791], [27.1565348, 38.2686286], [27.1567225, 38.268578], [27.1568513, 38.2684643], [27.1569478, 38.268359], [27.1570498, 38.2682959], [27.1572536, 38.2682706], [27.1574038, 38.2682748], [27.1575379, 38.2683296], [27.1576506, 38.2683717], [27.1577686, 38.2683843], [27.1580851, 38.268338], [27.1583211, 38.2682748], [27.1584499, 38.2682453], [27.158525, 38.2681653], [27.1586162, 38.2681063], [27.1586913, 38.2681316], [27.1586966, 38.2679926], [27.1587342, 38.2678241], [27.1588361, 38.2677399], [27.1593457, 38.2675588], [27.1598017, 38.2674872], [27.160247, 38.2674535], [27.1606225, 38.2673566], [27.1609604, 38.267264], [27.1611214, 38.2671755], [27.1611428, 38.2672977], [27.1612018, 38.2673819], [27.1623337, 38.2678663], [27.1630204, 38.267921], [27.1629077, 38.2687802], [27.1624571, 38.2707639], [27.1621996, 38.2716694], [27.1615237, 38.2735645], [27.1626395, 38.2727728], [27.1631223, 38.2724527], [27.1637928, 38.2721453], [27.164323, 38.2719347], [27.164387, 38.2719101], [27.1652297, 38.2716403], [27.1655384, 38.2715582], [27.1657199, 38.2715099], [27.1661451, 38.2714104]]]]}, "bbox": [27.0814131, 38.253347, 27.1711743, 38.3024995]}, {"id": "239", "type": "Feature", "properties": {"mahalle_adi": "Gazipaşa Mahallesi", "_gece_lst_str": "22.2°C"}, "geometry": {"type": "MultiPolygon", "coordinates": [[[[27.1325502, 38.2663974], [27.1326148, 38.2668007], [27.1328455, 38.2681569], [27.1329421, 38.268915], [27.1329957, 38.2697489], [27.1335804, 38.2695636], [27.1338218, 38.2693067], [27.1340257, 38.2691214], [27.1342295, 38.2690834], [27.134707, 38.2691214], [27.1349591, 38.2690834], [27.1351469, 38.2695215], [27.1368796, 38.2692014], [27.1367294, 38.2685823], [27.1371853, 38.2684601], [27.1372068, 38.2683927], [27.1374267, 38.2684222], [27.1378881, 38.2683969], [27.1381241, 38.2684054], [27.1381402, 38.2683548], [27.1392506, 38.2683296], [27.139256, 38.2684096], [27.1393579, 38.2684896], [27.1394652, 38.2685233], [27.1397603, 38.2685233], [27.1403021, 38.2684812], [27.1409351, 38.2684559], [27.1409458, 38.2689066], [27.1408921, 38.2691466], [27.1408975, 38.2693909], [27.1409136, 38.2695636], [27.1409565, 38.2697405], [27.1412945, 38.2696647], [27.1414661, 38.2704901], [27.1414608, 38.2711808], [27.1413857, 38.2717325], [27.1414286, 38.2723179], [27.1414661, 38.2726885], [27.1417665, 38.2726717], [27.1418631, 38.2727096], [27.1419704, 38.2727643], [27.1420938, 38.2727938], [27.1422869, 38.2727728], [27.1424371, 38.2727349], [27.1426141, 38.2726843], [27.1428019, 38.2726464], [27.1430165, 38.2726001], [27.1432793, 38.2725411], [27.1434992, 38.2724822], [27.1436602, 38.2724064], [27.1437836, 38.2723895], [27.1439016, 38.2724611], [27.1440357, 38.2725243], [27.1442234, 38.2725959], [27.1443897, 38.2726464], [27.1445024, 38.2726928], [27.1445936, 38.2727012], [27.1447438, 38.2727012], [27.1448028, 38.2727012], [27.1447974, 38.2725327], [27.1448135, 38.2724274], [27.1448672, 38.272259], [27.1449262, 38.2721453], [27.1451408, 38.2719431], [27.1452534, 38.2718168], [27.1453339, 38.2715683], [27.1455109, 38.2711556], [27.1456128, 38.2710292], [27.1457362, 38.2709155], [27.1458864, 38.2707007], [27.1461171, 38.2700985], [27.1461815, 38.2696225], [27.1461493, 38.2693109], [27.1461117, 38.2690624], [27.1461546, 38.2685612], [27.1462405, 38.2682369], [27.1462566, 38.2681021], [27.1462619, 38.2679673], [27.1464068, 38.267643], [27.1465677, 38.2673524], [27.1466428, 38.2671798], [27.1466267, 38.267066], [27.1465301, 38.2669228], [27.1463692, 38.2667333], [27.1462512, 38.266548], [27.1462083, 38.2664132], [27.1462029, 38.2662826], [27.1462136, 38.2661352], [27.1462029, 38.2657983], [27.146219, 38.2655077], [27.1461761, 38.2651033], [27.1460956, 38.2646358], [27.1459508, 38.2642651], [27.1458006, 38.2638776], [27.1456826, 38.2635954], [27.1455002, 38.2634228], [27.1453232, 38.2632753], [27.145189, 38.2631237], [27.1450871, 38.2629931], [27.1450496, 38.2628626], [27.1450335, 38.2626941], [27.144894, 38.262256], [27.1445936, 38.2618559], [27.1440464, 38.2613588], [27.1439177, 38.2615105], [27.1437299, 38.2616326], [27.1435529, 38.2616748], [27.143333, 38.2617169], [27.1430379, 38.2617464], [27.1427214, 38.261818], [27.1421689, 38.261957], [27.14145, 38.2622013], [27.1400499, 38.2629384], [27.1394277, 38.263229], [27.1382201, 38.2638713], [27.1371396, 38.2645135], [27.1366241, 38.2647806], [27.1362423, 38.2649172], [27.1358506, 38.26502], [27.1349244, 38.2652124], [27.134215, 38.2655194], [27.1325502, 38.2663974]]]]}, "bbox": [27.1325502, 38.2613588, 27.1466428, 38.2727938]}, {"id": "244", "type": "Feature", "properties": {"mahalle_adi": "Mithatpaşa Mahallesi", "_gece_lst_str": "22.0°C"}, "geometry": {"type": "MultiPolygon", "coordinates": [[[[27.1358898, 38.2515334], [27.1360293, 38.2522601], [27.1361527, 38.2530436], [27.1362868, 38.2534123], [27.136563, 38.2537114], [27.1367348, 38.2538104], [27.1373275, 38.2541621], [27.1377593, 38.2544233], [27.1381187, 38.2547329], [27.1382716, 38.2549604], [27.1384071, 38.2550805], [27.1385747, 38.2551837], [27.139433, 38.2555291], [27.139669, 38.2557503], [27.1400768, 38.2558366], [27.1405274, 38.2558492], [27.1408385, 38.2558155], [27.1410391, 38.2557745], [27.1416807, 38.2556386], [27.1421742, 38.2555164], [27.1426034, 38.2554869], [27.1440464, 38.255508], [27.1443093, 38.2555838], [27.1449906, 38.2558029], [27.1453392, 38.2558955], [27.1468466, 38.2559166], [27.1473885, 38.2560008], [27.148, 38.2561356], [27.1484184, 38.2563378], [27.148236, 38.2560893], [27.1481717, 38.2546992], [27.1481863, 38.2540729], [27.1482307, 38.2521674], [27.1465999, 38.2521085], [27.1460098, 38.2520453], [27.14513, 38.2517167], [27.1442503, 38.2515271], [27.1434402, 38.2510553], [27.1427965, 38.2508826], [27.1422815, 38.250554], [27.141552, 38.2499895], [27.1411443, 38.2496525], [27.1407082, 38.2495459], [27.1398514, 38.2493365], [27.1390682, 38.2504234], [27.1389341, 38.2505371], [27.1384621, 38.2507099], [27.137754, 38.2509584], [27.1358898, 38.2515334]]]]}, "bbox": [27.1358898, 38.2493365, 27.1484184, 38.2563378]}, {"id": "245", "type": "Feature", "properties": {"mahalle_adi": "Kemalpaşa Mahallesi", "_gece_lst_str": "22.2°C"}, "geometry": {"type": "MultiPolygon", "coordinates": [[[[27.139669, 38.2557503], [27.1399595, 38.2559324], [27.1408143, 38.2566943], [27.1395115, 38.2570611], [27.1392064, 38.2571018], [27.1386958, 38.2571283], [27.1379034, 38.257118], [27.1377982, 38.2572929], [27.1378672, 38.2585895], [27.1382769, 38.2585754], [27.1383199, 38.2588062], [27.1386592, 38.2595181], [27.1387115, 38.2603185], [27.1388134, 38.2607101], [27.1359149, 38.2606931], [27.1358917, 38.2609961], [27.1358257, 38.2611607], [27.135694, 38.2615041], [27.1359676, 38.2627783], [27.1366382, 38.2631722], [27.1367588, 38.2633258], [27.1368689, 38.2637281], [27.1371396, 38.2645135], [27.1366241, 38.2647806], [27.1362423, 38.2649172], [27.1358506, 38.26502], [27.1349244, 38.2652124], [27.134215, 38.2655194], [27.1325502, 38.2663974], [27.1323734, 38.2653855], [27.1322662, 38.2649559], [27.1321213, 38.2645642], [27.1319658, 38.264223], [27.1318048, 38.2639577], [27.1314508, 38.2635028], [27.1309304, 38.2629594], [27.1305925, 38.2626477], [27.1302277, 38.2624119], [27.1298414, 38.2621928], [27.1300721, 38.2617506], [27.1301258, 38.2614768], [27.130174, 38.2606575], [27.1302089, 38.259495], [27.1302545, 38.2591306], [27.1304584, 38.2584314], [27.1307105, 38.2572393], [27.1308446, 38.2566538], [27.130866, 38.2562873], [27.1308553, 38.255647], [27.1308392, 38.254379], [27.1316117, 38.2533048], [27.1330125, 38.2516167], [27.1333337, 38.2516598], [27.1339801, 38.2516261], [27.1347787, 38.2515829], [27.1356393, 38.2515814], [27.1358898, 38.2515334], [27.1360293, 38.2522601], [27.1361527, 38.2530436], [27.1362868, 38.2534123], [27.136563, 38.2537114], [27.1367348, 38.2538104], [27.1373275, 38.2541621], [27.1377593, 38.2544233], [27.1381187, 38.2547329], [27.1382716, 38.2549604], [27.1384071, 38.2550805], [27.1385747, 38.2551837], [27.139433, 38.2555291], [27.139669, 38.2557503]]]]}, "bbox": [27.1298414, 38.2515334, 27.1408143, 38.2663974]}, {"id": "248", "type": "Feature", "properties": {"mahalle_adi": "Çapak Mahallesi", "_gece_lst_str": "22.2°C"}, "geometry": {"type": "MultiPolygon", "coordinates": [[[[27.3380127, 38.2234279], [27.3383295, 38.2228289], [27.3385334, 38.2220071], [27.3387372, 38.2205995], [27.3387212, 38.2197734], [27.3393059, 38.2195163], [27.3396224, 38.2192003], [27.3396814, 38.2188715], [27.3397833, 38.2184711], [27.3385066, 38.2172657], [27.3393381, 38.2169539], [27.3380077, 38.2136832], [27.3405933, 38.2130215], [27.3393917, 38.2115462], [27.3389625, 38.2108971], [27.3386943, 38.2104672], [27.3382652, 38.2101384], [27.3377931, 38.2094471], [27.3366398, 38.2075377], [27.3374766, 38.2062478], [27.338807, 38.2042033], [27.340132, 38.2021925], [27.3413551, 38.2002745], [27.3425406, 38.1984617], [27.3441285, 38.1960207], [27.3453784, 38.1941404], [27.3462206, 38.1928208], [27.3466283, 38.1921968], [27.3468429, 38.1918511], [27.347095, 38.1915391], [27.3472103, 38.1913852], [27.3475134, 38.1910816], [27.3477656, 38.190835], [27.3490691, 38.1897219], [27.3497021, 38.1891822], [27.351231, 38.1878878], [27.3516226, 38.187483], [27.351982, 38.1869518], [27.3523414, 38.1860958], [27.3532265, 38.1839412], [27.3535699, 38.1840761], [27.3538434, 38.1843755], [27.3543316, 38.1848899], [27.355485, 38.186294], [27.356928, 38.1880565], [27.3577487, 38.1890515], [27.3583388, 38.1898062], [27.3591703, 38.1907465], [27.359814, 38.191556], [27.3605597, 38.1924751], [27.3614502, 38.1935333], [27.3626625, 38.1950089], [27.36292, 38.1953757], [27.3632634, 38.195772], [27.3635799, 38.1961683], [27.3638642, 38.1966067], [27.3642129, 38.1972518], [27.3644757, 38.1977914], [27.3646259, 38.1981582], [27.365039, 38.1997011], [27.3655647, 38.2018047], [27.3660529, 38.2035921], [27.3665035, 38.2054342], [27.3650014, 38.2059148], [27.3652589, 38.2062014], [27.3654306, 38.20637], [27.3657846, 38.2065555], [27.3657846, 38.2069096], [27.3658275, 38.208073], [27.3653126, 38.2090846], [27.3642482, 38.2101035], [27.3651434, 38.2108992], [27.3654857, 38.2113868], [27.3654894, 38.2121257], [27.3644564, 38.2124686], [27.364808, 38.2133018], [27.3660187, 38.2137509], [27.3657259, 38.2141153], [27.3656452, 38.2145804], [27.3672118, 38.2167088], [27.3666746, 38.2180274], [27.3668092, 38.219078], [27.3664916, 38.2192079], [27.3658705, 38.2206163], [27.3664713, 38.2210715], [27.3664176, 38.2213159], [27.366482, 38.2214677], [27.3666322, 38.2217374], [27.3666322, 38.2218891], [27.3668146, 38.2221251], [27.3668039, 38.2224622], [27.366761, 38.2226983], [27.3671687, 38.223204], [27.3660745, 38.2233865], [27.3663411, 38.2238326], [27.3661629, 38.224441], [27.3661172, 38.2261624], [27.3664176, 38.2273507], [27.3664284, 38.2275952], [27.3662245, 38.2277806], [27.3662352, 38.2279913], [27.3661387, 38.2282441], [27.3657739, 38.2286065], [27.365275, 38.2296817], [27.3655302, 38.2308548], [27.3655086, 38.2325771], [27.3651087, 38.2332586], [27.3660958, 38.2340424], [27.3664284, 38.2342699], [27.3675763, 38.234489], [27.3671365, 38.2361071], [27.3688068, 38.2364163], [27.3684153, 38.2381873], [27.3684664, 38.240821], [27.3680581, 38.2422704], [27.3681622, 38.243432], [27.3678021, 38.2454473], [27.3682545, 38.2452612], [27.3686071, 38.2447595], [27.369992, 38.2451782], [27.3701416, 38.2463577], [27.3701135, 38.2467868], [27.3701888, 38.247723], [27.3700547, 38.2479125], [27.3698117, 38.248355], [27.3675082, 38.2501082], [27.3668522, 38.2505666], [27.366718, 38.250554], [27.3664766, 38.2502675], [27.3659254, 38.2494159], [27.3655593, 38.2492143], [27.3652053, 38.2491638], [27.3635731, 38.2504959], [27.3628835, 38.2501047], [27.3616062, 38.2500431], [27.3607223, 38.2500994], [27.3606257, 38.2504215], [27.3605506, 38.250529], [27.3593044, 38.2504908], [27.3590898, 38.2506635], [27.3587465, 38.2510974], [27.3584676, 38.2515945], [27.3577058, 38.2513797], [27.3564291, 38.2510679], [27.356692, 38.250634], [27.356649, 38.2505245], [27.3562574, 38.2503897], [27.3561501, 38.2506298], [27.3559624, 38.2508657], [27.3558015, 38.2507899], [27.3551416, 38.2506298], [27.3540312, 38.2505076], [27.3538864, 38.2505371], [27.3537362, 38.2506087], [27.3536825, 38.2507478], [27.3535913, 38.2508489], [27.3534558, 38.2507115], [27.3534173, 38.2505626], [27.3532882, 38.2504379], [27.3525172, 38.2503866], [27.3520108, 38.2503643], [27.3516137, 38.2510627], [27.3513733, 38.2513554], [27.3505608, 38.2521146], [27.3508394, 38.2523823], [27.3508951, 38.252483], [27.3507804, 38.2526056], [27.3505257, 38.2526808], [27.3486961, 38.2524956], [27.3478121, 38.2525339], [27.3466852, 38.2523466], [27.3462045, 38.2518936], [27.3458127, 38.2516043], [27.345834, 38.2513182], [27.3455385, 38.2511462], [27.3454546, 38.2509916], [27.3452228, 38.2506719], [27.3442226, 38.2501496], [27.344048, 38.2498631], [27.3436779, 38.2491722], [27.3435491, 38.2489447], [27.3434204, 38.2487467], [27.3432434, 38.2485361], [27.3429966, 38.2482369], [27.3428571, 38.2480516], [27.3425755, 38.2475481], [27.3425111, 38.2474765], [27.3423609, 38.2473965], [27.3426863, 38.2472276], [27.3421767, 38.24652], [27.3418513, 38.2464196], [27.341972, 38.246042], [27.3420739, 38.2459325], [27.3421812, 38.2457934], [27.3422456, 38.2456249], [27.3423153, 38.2453806], [27.3423636, 38.2451109], [27.3422939, 38.2445717], [27.3422778, 38.2442894], [27.3424226, 38.2438807], [27.3418969, 38.2435984], [27.3416984, 38.2433878], [27.3415375, 38.2432108], [27.3414141, 38.2430549], [27.3413283, 38.242878], [27.341339, 38.2427516], [27.3415053, 38.2424398], [27.340666, 38.241781], [27.3401967, 38.2416036], [27.3391387, 38.2399262], [27.3385713, 38.239767], [27.3384642, 38.2394991], [27.3383272, 38.2392671], [27.33847, 38.2391177], [27.3385521, 38.238903], [27.3382709, 38.2385462], [27.3379981, 38.2383682], [27.3378608, 38.2380767], [27.337807, 38.2378861], [27.3379349, 38.2377606], [27.3377895, 38.2373737], [27.3377218, 38.2374335], [27.3376772, 38.2375885], [27.337527, 38.2377916], [27.3374517, 38.2378395], [27.337164, 38.2377211], [27.3371405, 38.2375365], [27.3374498, 38.2374402], [27.3374863, 38.23716], [27.3375611, 38.236987], [27.3380888, 38.2367352], [27.3386909, 38.2362508], [27.3388883, 38.2364469], [27.3394936, 38.2362588], [27.3396814, 38.2361913], [27.3401105, 38.2360902], [27.3403627, 38.2359385], [27.3405397, 38.2356436], [27.3408088, 38.2351542], [27.3412072, 38.2347061], [27.3413576, 38.2345567], [27.341614, 38.2344546], [27.3419452, 38.2344174], [27.3420417, 38.2342994], [27.3419881, 38.2341267], [27.3420047, 38.2340006], [27.3428648, 38.2337597], [27.3430234, 38.2339876], [27.3432275, 38.2337706], [27.3435143, 38.2336982], [27.3432863, 38.2333429], [27.3435722, 38.2331737], [27.3439139, 38.2332039], [27.3436618, 38.2325676], [27.3433399, 38.2319102], [27.3429644, 38.2312697], [27.3424923, 38.2307725], [27.3427713, 38.2307135], [27.3430931, 38.2306798], [27.3433292, 38.2308062], [27.3436618, 38.2306124], [27.3440158, 38.2304017], [27.3445737, 38.2299971], [27.3453516, 38.2292117], [27.3432622, 38.2282882], [27.3417592, 38.2267551], [27.3420451, 38.2264921], [27.3417567, 38.2262069], [27.3414525, 38.2257787], [27.340574, 38.2252927], [27.3402118, 38.2253771], [27.3400291, 38.2250916], [27.3401803, 38.2251031], [27.3400584, 38.2248889], [27.3399781, 38.2238523], [27.3398258, 38.2235905], [27.3391002, 38.2234973], [27.3384043, 38.2232967], [27.3380127, 38.2234279]]]]}, "bbox": [27.3366398, 38.1839412, 27.3701888, 38.2526808]}, {"id": "252", "type": "Feature", "properties": {"mahalle_adi": "Özbek Mahallesi", "_gece_lst_str": "22.2°C"}, "geometry": {"type": "MultiPolygon", "coordinates": [[[[26.6922827, 38.3440912], [26.6923555, 38.3440036], [26.692675, 38.3436817], [26.6929321, 38.3433638], [26.6929399, 38.3432844], [26.6931451, 38.3431234], [26.6935062, 38.3425408], [26.6938673, 38.3421964], [26.6940309, 38.341681], [26.6941063, 38.3415893], [26.6941322, 38.3412715], [26.6947349, 38.3406501], [26.6953739, 38.3402793], [26.6955739, 38.3398697], [26.6955298, 38.3393889], [26.6954155, 38.3391811], [26.6946725, 38.3382907], [26.6944803, 38.3378914], [26.6941998, 38.3375205], [26.6939764, 38.3368624], [26.6938049, 38.3366098], [26.6937764, 38.3363775], [26.6934932, 38.3359741], [26.6934257, 38.3357581], [26.6934257, 38.3355197], [26.6936517, 38.3354015], [26.6940907, 38.3353445], [26.6944673, 38.3351978], [26.6946414, 38.3349675], [26.6948907, 38.3348065], [26.6952103, 38.3344133], [26.6953583, 38.3343114], [26.6964052, 38.3340363], [26.6966, 38.3340771], [26.6972987, 38.333912], [26.6981793, 38.3336105], [26.6992885, 38.3329503], [26.7001951, 38.3322758], [26.700338, 38.3320822], [26.7002548, 38.3319926], [26.7003068, 38.3318031], [26.7007146, 38.3310043], [26.7007276, 38.3303767], [26.7005977, 38.3299468], [26.7003743, 38.329637], [26.7005016, 38.3294088], [26.7007016, 38.3292173], [26.7011064, 38.3293357], [26.7012834, 38.3296177], [26.7012995, 38.3296724], [26.7014551, 38.3297018], [26.7015356, 38.329664], [26.7015892, 38.3295966], [26.7017019, 38.3295083], [26.701895, 38.3295546], [26.7020935, 38.3296345], [26.7022705, 38.3297734], [26.7024207, 38.3298533], [26.7026085, 38.3298954], [26.7027962, 38.3298786], [26.7030644, 38.3298744], [26.7032093, 38.3299754], [26.7033434, 38.3300553], [26.7035848, 38.3300806], [26.7037779, 38.3300848], [26.7039335, 38.3300217], [26.70403, 38.329908], [26.7042232, 38.3299459], [26.7044538, 38.329967], [26.7046094, 38.3299501], [26.7048722, 38.3299712], [26.7051887, 38.3299543], [26.7052692, 38.3298912], [26.7053336, 38.3298533], [26.7055052, 38.3298702], [26.7057896, 38.3299585], [26.7059612, 38.3300427], [26.7061919, 38.3300722], [26.7064547, 38.330009], [26.7067176, 38.3300175], [26.7069429, 38.3300385], [26.707136, 38.3300764], [26.7073452, 38.330211], [26.7074901, 38.3303373], [26.7076188, 38.3304088], [26.7077261, 38.3303289], [26.7078763, 38.3302237], [26.7080694, 38.3302237], [26.708343, 38.3302742], [26.7084557, 38.3303289], [26.7084664, 38.3304761], [26.7085952, 38.3305477], [26.7087239, 38.3305771], [26.7089224, 38.330594], [26.7090511, 38.3305435], [26.7090887, 38.3306781], [26.7091584, 38.3308044], [26.7093247, 38.3307497], [26.7094856, 38.3307118], [26.7096198, 38.3305771], [26.7098343, 38.3303373], [26.7099202, 38.3303036], [26.7101026, 38.3303878], [26.7102957, 38.3305351], [26.7104459, 38.3304846], [26.7104834, 38.3303667], [26.7105049, 38.3303036], [26.710521, 38.3302531], [26.7106068, 38.3302237], [26.7107892, 38.330211], [26.7109233, 38.3301732], [26.7109984, 38.3301058], [26.7111164, 38.329967], [26.7113846, 38.3299123], [26.7115992, 38.3299123], [26.7117602, 38.3298491], [26.7120177, 38.3296892], [26.7124253, 38.3293147], [26.7126507, 38.3290538], [26.7128384, 38.328936], [26.713053, 38.328978], [26.7134714, 38.3291927], [26.7140186, 38.3296724], [26.7142492, 38.3297481], [26.7158157, 38.3296724], [26.7162448, 38.3297818], [26.7165291, 38.3300595], [26.7166579, 38.3302489], [26.7169583, 38.3305561], [26.7172158, 38.330695], [26.7174357, 38.3308465], [26.7179131, 38.3309937], [26.7183745, 38.3311789], [26.7187017, 38.3312799], [26.718986, 38.3313514], [26.719324, 38.3314861], [26.7203379, 38.3315155], [26.720708, 38.3315197], [26.7209333, 38.3314608], [26.7211693, 38.3313135], [26.7213356, 38.3311915], [26.7214966, 38.3309895], [26.7220169, 38.3308296], [26.7222047, 38.3306697], [26.7223871, 38.3305182], [26.7225641, 38.3304214], [26.7228645, 38.3303878], [26.7230362, 38.3302868], [26.7231488, 38.3301437], [26.7232025, 38.3299922], [26.7233205, 38.3299165], [26.7236584, 38.3297481], [26.723873, 38.3296976], [26.7241734, 38.3296934], [26.7243934, 38.3297061], [26.7245758, 38.3296766], [26.7248976, 38.3295504], [26.7251819, 38.3294872], [26.7252946, 38.3294451], [26.7254502, 38.329361], [26.7256057, 38.3292389], [26.725831, 38.3292474], [26.7262226, 38.3292221], [26.7264748, 38.32918], [26.7267805, 38.3292179], [26.7272204, 38.329382], [26.7276603, 38.329584], [26.7279017, 38.3296556], [26.7281753, 38.3297566], [26.7282987, 38.3298491], [26.7285079, 38.3299838], [26.7287064, 38.3301058], [26.7289424, 38.3301269], [26.7291301, 38.3301353], [26.7293876, 38.3301479], [26.7296612, 38.3301353], [26.7301226, 38.3300469], [26.7304337, 38.3300469], [26.7306054, 38.3301395], [26.730718, 38.3302279], [26.7307931, 38.3303878], [26.7309004, 38.3305266], [26.7310935, 38.330636], [26.731351, 38.330716], [26.7316782, 38.3307455], [26.7318714, 38.3307034], [26.7320645, 38.330716], [26.7322469, 38.3308086], [26.7324293, 38.3309937], [26.7326707, 38.3312294], [26.7330354, 38.3314777], [26.7333358, 38.3317049], [26.7336953, 38.3318185], [26.7344034, 38.3318438], [26.7348754, 38.3319027], [26.735267, 38.3319027], [26.735605, 38.3318732], [26.7358518, 38.3317848], [26.7360127, 38.3321888], [26.7360717, 38.3325675], [26.7360073, 38.3331566], [26.7359161, 38.3336448], [26.7358732, 38.3342086], [26.7359859, 38.3344695], [26.7360502, 38.3347304], [26.7360341, 38.335046], [26.7359805, 38.3351933], [26.7359161, 38.3353784], [26.7358518, 38.3359086], [26.735782, 38.3361821], [26.7353958, 38.3369437], [26.7353797, 38.3370657], [26.7354011, 38.3372551], [26.7351276, 38.3377305], [26.7354602, 38.3381892], [26.7355084, 38.3383364], [26.7355192, 38.3384585], [26.7351973, 38.3390854], [26.735439, 38.3397519], [26.7372853, 38.3396845], [26.7378145, 38.3398049], [26.7393433, 38.3396653], [26.7399467, 38.3402029], [26.7405824, 38.3401567], [26.7405643, 38.340979], [26.740351, 38.3413837], [26.7406045, 38.3424449], [26.7405395, 38.3436962], [26.7401147, 38.3439932], [26.7400828, 38.3444579], [26.7393815, 38.3454512], [26.7391026, 38.3458425], [26.7386252, 38.3461833], [26.7385662, 38.3463263], [26.7383355, 38.3469953], [26.7381209, 38.3474875], [26.7377722, 38.3478872], [26.7373484, 38.3481732], [26.7365599, 38.3486024], [26.7368423, 38.3492178], [26.7366412, 38.3504091], [26.736943, 38.3506601], [26.7369121, 38.3508507], [26.7372787, 38.3514589], [26.7366519, 38.3516367], [26.7365279, 38.3524588], [26.7366026, 38.352733], [26.7371475, 38.3526985], [26.737508, 38.353474], [26.7380957, 38.3541784], [26.7379133, 38.3543806], [26.7381241, 38.354691], [26.7360556, 38.3572726], [26.7355427, 38.3570211], [26.7344337, 38.3581388], [26.7349171, 38.3583902], [26.7340669, 38.3591153], [26.7344034, 38.3600404], [26.7344034, 38.3605452], [26.734285, 38.361547], [26.7357964, 38.3621582], [26.7368101, 38.3622797], [26.7375045, 38.3628056], [26.7379218, 38.3625205], [26.738261, 38.3629146], [26.7393044, 38.363185], [26.7392304, 38.3648295], [26.7424838, 38.3659839], [26.7432868, 38.3659964], [26.7436838, 38.3659459], [26.7438018, 38.3658198], [26.743834, 38.3656431], [26.7438877, 38.3653403], [26.74407, 38.3650122], [26.7442846, 38.3646841], [26.7445421, 38.3645664], [26.7452073, 38.3643813], [26.7455399, 38.3642383], [26.7458725, 38.3640953], [26.7461193, 38.3638513], [26.7461944, 38.3636326], [26.7462695, 38.3633213], [26.7465591, 38.3633297], [26.7470419, 38.3635401], [26.7483294, 38.3646757], [26.7485869, 38.3650122], [26.7486298, 38.3652393], [26.7485762, 38.3655422], [26.7488873, 38.3654328], [26.7491984, 38.3652814], [26.749413, 38.3652646], [26.7498207, 38.3655338], [26.7496276, 38.3657188], [26.7494492, 38.3668008], [26.7484938, 38.3672993], [26.7484472, 38.3676567], [26.7397724, 38.367906], [26.7366388, 38.3742094], [26.7296989, 38.38399], [26.7239799, 38.3886908], [26.7131308, 38.3890294], [26.7089012, 38.3902632], [26.7052296, 38.3950164], [26.6884196, 38.4042528], [26.6861496, 38.4045043], [26.6861833, 38.4041327], [26.6862508, 38.4041022], [26.6861391, 38.4036198], [26.6860066, 38.4034834], [26.6860045, 38.4034151], [26.686004, 38.4033999], [26.6860222, 38.4033409], [26.6861157, 38.4033958], [26.6863054, 38.4033327], [26.6863937, 38.4031434], [26.6863417, 38.4028767], [26.6861027, 38.4024594], [26.6855676, 38.4020767], [26.6851053, 38.4019261], [26.6848767, 38.4017897], [26.6848273, 38.401525], [26.6849312, 38.4013846], [26.6851286, 38.4013194], [26.6851884, 38.4010976], [26.6850273, 38.4008166], [26.684913, 38.4007189], [26.6847865, 38.400684], [26.6846247, 38.4006395], [26.6845909, 38.4005581], [26.6846585, 38.4000268], [26.6845805, 38.3997886], [26.6843416, 38.399585], [26.6838688, 38.399355], [26.6837467, 38.3993102], [26.6832298, 38.3991962], [26.6829752, 38.3991901], [26.6826921, 38.3990761], [26.6823544, 38.399188], [26.6822531, 38.3991758], [26.6822375, 38.3991249], [26.682066, 38.3991616], [26.6819569, 38.3989234], [26.6812218, 38.3985712], [26.6809153, 38.3984816], [26.6807075, 38.3984938], [26.6805741, 38.3985411], [26.6804893, 38.3985712], [26.6801048, 38.3985427], [26.679975, 38.3984043], [26.6798269, 38.3983269], [26.6795697, 38.3982923], [26.6792268, 38.3980561], [26.6792424, 38.3978851], [26.6793697, 38.3977711], [26.6793593, 38.3977202], [26.6791593, 38.3977487], [26.6789359, 38.3976917], [26.6781488, 38.3972215], [26.6780423, 38.3969507], [26.6780293, 38.3966535], [26.6782553, 38.3964173], [26.6782787, 38.3962483], [26.6784034, 38.3961221], [26.6784631, 38.3961404], [26.6783774, 38.3961832], [26.6783203, 38.3962972], [26.6783514, 38.3964031], [26.6783982, 38.3964132], [26.6785696, 38.3962585], [26.6785682, 38.3961906], [26.678567, 38.3961343], [26.6785099, 38.396118], [26.6785463, 38.3960386], [26.6788632, 38.3959979], [26.6789671, 38.3959348], [26.6791229, 38.3956539], [26.6791229, 38.3953342], [26.6789463, 38.3950003], [26.6777826, 38.3942247], [26.677063, 38.3938786], [26.6767539, 38.3938236], [26.6765877, 38.3939539], [26.6765201, 38.3938887], [26.6765435, 38.3937218], [26.6764058, 38.3934816], [26.6764448, 38.3931538], [26.676202, 38.3924979], [26.6759485, 38.3923223], [26.6758236, 38.392354], [26.6756767, 38.3923108], [26.6755334, 38.3921611], [26.6757207, 38.3920747], [26.6760697, 38.3920948], [26.6761689, 38.3919422], [26.676213, 38.3913808], [26.6759081, 38.3907041], [26.6759742, 38.3906005], [26.6759154, 38.3904709], [26.6758493, 38.3897914], [26.6759228, 38.3889247], [26.6760073, 38.388749], [26.6759779, 38.3886684], [26.6758383, 38.388559], [26.675493, 38.3883661], [26.6753277, 38.3883286], [26.6751624, 38.3881588], [26.6750558, 38.3881386], [26.6749272, 38.3882307], [26.6748685, 38.3881904], [26.6749199, 38.3880407], [26.675302, 38.3877441], [26.6753791, 38.3875829], [26.6753313, 38.3870617], [26.6751403, 38.3867075], [26.6751771, 38.3865376], [26.6754122, 38.386313], [26.6754893, 38.3861143], [26.675493, 38.3858206], [26.6753644, 38.3854607], [26.6755371, 38.3852101], [26.6757061, 38.3851382], [26.6757465, 38.3849279], [26.675875, 38.3847206], [26.6758089, 38.3841332], [26.6753534, 38.3833528], [26.6754562, 38.3823132], [26.6761506, 38.381314], [26.6762387, 38.3810865], [26.6762681, 38.380715], [26.6763636, 38.3804386], [26.6766318, 38.3799778], [26.6767714, 38.3793961], [26.6770065, 38.3789785], [26.676933, 38.3784976], [26.6770983, 38.37844], [26.677293, 38.3784918], [26.6779212, 38.3785264], [26.6785053, 38.3784457], [26.6791445, 38.3777949], [26.6791923, 38.3776711], [26.679769, 38.3770634], [26.6797176, 38.3770375], [26.6801107, 38.3766487], [26.6802062, 38.376427], [26.6802833, 38.3763665], [26.6803752, 38.3760929], [26.6805001, 38.3759546], [26.6806397, 38.375851], [26.6807205, 38.3757617], [26.6807132, 38.3756148], [26.680434, 38.3752145], [26.680287, 38.3751022], [26.680963, 38.3746443], [26.6810732, 38.3741201], [26.6811871, 38.3740999], [26.6812054, 38.3741547], [26.6810768, 38.3747134], [26.6805405, 38.3750331], [26.6804854, 38.3751252], [26.6805589, 38.3751454], [26.6808821, 38.3754939], [26.6810144, 38.3755083], [26.6819842, 38.3750619], [26.6820026, 38.3747652], [26.6814185, 38.3747566], [26.6814222, 38.3747134], [26.6822524, 38.3747307], [26.6822928, 38.3745521], [26.6823332, 38.3745521], [26.682392, 38.3739271], [26.6815691, 38.373858], [26.6814295, 38.3737947], [26.6811871, 38.3737831], [26.6810364, 38.3738062], [26.6807536, 38.3739646], [26.6807205, 38.3738523], [26.6812017, 38.373691], [26.6825426, 38.3737918], [26.6826344, 38.3737371], [26.6825977, 38.3734663], [26.6826712, 38.3732676], [26.682403, 38.3728673], [26.6823516, 38.3726398], [26.6821642, 38.3726686], [26.6821385, 38.3726023], [26.6823442, 38.3725764], [26.682392, 38.3725044], [26.6823516, 38.372225], [26.6818226, 38.3717441], [26.681694, 38.3715799], [26.6816169, 38.3713437], [26.6815948, 38.3711882], [26.6816756, 38.3708109], [26.6819769, 38.3701024], [26.6819328, 38.3699584], [26.6810328, 38.3691779], [26.6809336, 38.3689014], [26.6810364, 38.3687228], [26.6815507, 38.3684088], [26.6819659, 38.3679797], [26.6822377, 38.3677752], [26.6823479, 38.3676024], [26.6825169, 38.3675275], [26.6825059, 38.3671905], [26.6824508, 38.3670378], [26.6821642, 38.3667901], [26.6812128, 38.3666029], [26.6807793, 38.3664272], [26.6805919, 38.3660989], [26.6806066, 38.3660038], [26.6808601, 38.3656466], [26.6819732, 38.3651253], [26.6821679, 38.3649669], [26.6824251, 38.3645982], [26.6824838, 38.3642122], [26.6823369, 38.363881], [26.6820687, 38.3635613], [26.6820467, 38.3633971], [26.6820981, 38.3629045], [26.6822487, 38.3622852], [26.6826087, 38.3617581], [26.6826271, 38.3616112], [26.6827557, 38.3613721], [26.6832443, 38.36058], [26.6833545, 38.3605281], [26.6834316, 38.36041], [26.68345, 38.3601853], [26.6851215, 38.3572096], [26.6854043, 38.3567862], [26.6856578, 38.3565068], [26.6859297, 38.3559969], [26.6865762, 38.3552248], [26.6868077, 38.3547726], [26.6876379, 38.3536778], [26.6877738, 38.3534387], [26.6880457, 38.3525975], [26.688391, 38.351909], [26.6886518, 38.3516497], [26.6887179, 38.3514135], [26.6886371, 38.3512262], [26.6880346, 38.3507826], [26.6874505, 38.3505377], [26.6867672, 38.3503389], [26.6858929, 38.3502554], [26.6855697, 38.3503447], [26.6847615, 38.3503562], [26.6844382, 38.3504426], [26.6837512, 38.3511657], [26.6833949, 38.3513732], [26.6832112, 38.3516901], [26.6832883, 38.3518485], [26.683619, 38.3521971], [26.6837512, 38.3525169], [26.6840157, 38.3527992], [26.6841847, 38.3533638], [26.68417, 38.354303], [26.6840929, 38.3544585], [26.6839863, 38.3545795], [26.6834353, 38.3546372], [26.6831194, 38.3548849], [26.6830275, 38.355124], [26.6830643, 38.3554611], [26.6829908, 38.3555907], [26.6830532, 38.3557837], [26.6827079, 38.3565125], [26.6825904, 38.3567286], [26.6822781, 38.3570282], [26.6822157, 38.3570685], [26.6819622, 38.3570858], [26.6819218, 38.3571491], [26.6819622, 38.3572874], [26.6818997, 38.3573422], [26.6817124, 38.3574199], [26.6812862, 38.3574804], [26.6807977, 38.3573364], [26.6805662, 38.3573479], [26.6802944, 38.3573882], [26.6791445, 38.3580306], [26.678836, 38.3584138], [26.6788102, 38.3587277], [26.6790196, 38.3589207], [26.67888, 38.3590993], [26.6788543, 38.3592722], [26.6789241, 38.3594248], [26.6790233, 38.3594565], [26.6789976, 38.3596726], [26.6790527, 38.3598252], [26.6790013, 38.3599289], [26.678869, 38.3600038], [26.6781086, 38.3601392], [26.6779984, 38.3601162], [26.6778698, 38.3600615], [26.6778294, 38.3599837], [26.6766538, 38.3594796], [26.6763048, 38.3590993], [26.6757648, 38.3586903], [26.6754195, 38.3586442], [26.6753864, 38.3580076], [26.6752505, 38.357757], [26.6752469, 38.3571405], [26.6755958, 38.3568208], [26.6758714, 38.3562907], [26.6765877, 38.3553948], [26.6768816, 38.3549108], [26.6769, 38.3547378], [26.6769023, 38.3547224], [26.6769068, 38.3546819], [26.6769079, 38.3546626], [26.6769127, 38.3546283], [26.6769123, 38.3546122], [26.6769139, 38.3546049], [26.676915, 38.3545828], [26.6769257, 38.3544845], [26.6770763, 38.3541474], [26.6770506, 38.3537182], [26.6769881, 38.353554], [26.6770763, 38.3532227], [26.6768889, 38.3527358], [26.6767971, 38.3520098], [26.6764518, 38.3516901], [26.6761469, 38.351546], [26.6757171, 38.3514826], [26.6757465, 38.3513357], [26.6755003, 38.3511917], [26.6754269, 38.3512435], [26.6755003, 38.3510102], [26.6753497, 38.3508114], [26.6752652, 38.3507883], [26.6752983, 38.3505723], [26.6752579, 38.3504743], [26.6750999, 38.3503792], [26.6747436, 38.350264], [26.6747803, 38.3501574], [26.6749603, 38.3500047], [26.6751366, 38.3497224], [26.6753387, 38.3491952], [26.6755077, 38.3490165], [26.6753901, 38.3485757], [26.6750081, 38.3481695], [26.6746774, 38.3479678], [26.674288, 38.3478036], [26.6736856, 38.3476596], [26.6734364, 38.347461], [26.6732053, 38.3471776], [26.6731617, 38.3470747], [26.6732003, 38.3468885], [26.6731754, 38.3467385], [26.6731239, 38.3466074], [26.6730256, 38.3465211], [26.6730101, 38.346489], [26.6730661, 38.3464369], [26.6731401, 38.3464413], [26.673214, 38.3465346], [26.6732846, 38.3466194], [26.6732805, 38.346839], [26.6733026, 38.3469771], [26.6733526, 38.3471481], [26.6735296, 38.3473557], [26.6737664, 38.3474781], [26.6752314, 38.3477989], [26.6752607, 38.3478018], [26.6752811, 38.3478038], [26.6770947, 38.3479823], [26.6786082, 38.3480744], [26.6796221, 38.3479073], [26.6798682, 38.3479218], [26.6801327, 38.3480024], [26.6804707, 38.3480111], [26.6814111, 38.3477662], [26.6820246, 38.3477489], [26.682381, 38.347625], [26.6824508, 38.347576], [26.6824214, 38.3474838], [26.682594, 38.3474349], [26.6826161, 38.3474838], [26.6831157, 38.3474637], [26.6844382, 38.3471813], [26.6851149, 38.3471625], [26.6853316, 38.3470948], [26.6862978, 38.3471193], [26.6863565, 38.3470357], [26.6863835, 38.3471043], [26.6865758, 38.34709], [26.6865845, 38.3470017], [26.6866407, 38.3470534], [26.6867582, 38.3470442], [26.6867943, 38.3469691], [26.6868979, 38.3470065], [26.6876745, 38.3467193], [26.6880096, 38.3464483], [26.688233, 38.346106], [26.6885967, 38.3459736], [26.6889552, 38.3459492], [26.6894877, 38.345719], [26.6898202, 38.3456538], [26.6901709, 38.3455213], [26.6903354, 38.3453442], [26.6902936, 38.3449937], [26.6904448, 38.3448551], [26.6907138, 38.3448552], [26.6909294, 38.3447105], [26.6922827, 38.3440912]]]]}, "bbox": [26.6730101, 38.328936, 26.7498207, 38.4045043]}, {"id": "274", "type": "Feature", "properties": {"mahalle_adi": "Bozköy Mahallesi", "_gece_lst_str": "22.0°C"}, "geometry": {"type": "MultiPolygon", "coordinates": [[[[27.3538139, 38.2861176], [27.3534894, 38.286105], [27.3532319, 38.2863408], [27.3528993, 38.2864797], [27.3523736, 38.2865261], [27.3519964, 38.2861731], [27.3513436, 38.2858945], [27.3506462, 38.2855239], [27.3503244, 38.2850439], [27.3488965, 38.2848681], [27.3475134, 38.2847828], [27.3462796, 38.2850355], [27.3454339, 38.2850205], [27.3439143, 38.2845678], [27.3433614, 38.2842439], [27.3427606, 38.2840754], [27.342149, 38.2837975], [27.3413028, 38.2832766], [27.3411834, 38.2830564], [27.3412162, 38.2822362], [27.3406387, 38.2815943], [27.3390605, 38.2803713], [27.3385124, 38.2795506], [27.3386747, 38.2786801], [27.3395419, 38.2775231], [27.3394883, 38.2772031], [27.3394239, 38.2770599], [27.3393917, 38.2768746], [27.3393448, 38.2764733], [27.3399619, 38.2758995], [27.340323, 38.275517], [27.3409259, 38.2741541], [27.3416555, 38.2736572], [27.343018, 38.2726633], [27.343651, 38.2718294], [27.3444235, 38.2714251], [27.345432, 38.270886], [27.3459041, 38.2706923], [27.3469019, 38.2705491], [27.3473632, 38.2704733], [27.3477387, 38.2703975], [27.347964, 38.2702374], [27.3482323, 38.2696478], [27.3481893, 38.2693614], [27.3480177, 38.2690666], [27.3477924, 38.2688223], [27.3474812, 38.2686876], [27.3470843, 38.2683422], [27.3469448, 38.2681316], [27.3468804, 38.2677862], [27.3470199, 38.2670871], [27.3472237, 38.2666659], [27.3471701, 38.2664722], [27.3467195, 38.2660341], [27.3460865, 38.2656382], [27.3456895, 38.2654361], [27.3454749, 38.2650907], [27.3453998, 38.2648211], [27.3453787, 38.2640372], [27.3470482, 38.2622684], [27.347529, 38.2616711], [27.3484111, 38.2596305], [27.3485183, 38.2596109], [27.348888, 38.2594847], [27.3491524, 38.25946], [27.3495683, 38.2595124], [27.3495516, 38.2591728], [27.3504136, 38.2592596], [27.3509231, 38.2583345], [27.3512324, 38.2582263], [27.3517448, 38.2579149], [27.3518949, 38.2577059], [27.3523039, 38.2575847], [27.3525935, 38.2573699], [27.3527062, 38.2572309], [27.3528564, 38.2571466], [27.353012, 38.2570834], [27.3532855, 38.2570792], [27.3537201, 38.2571635], [27.3539293, 38.2571298], [27.3540419, 38.2570876], [27.3542136, 38.256995], [27.3543101, 38.2569318], [27.3545033, 38.2568644], [27.3548627, 38.2568391], [27.3556834, 38.2569107], [27.3562521, 38.2569865], [27.3565793, 38.2569908], [27.3567939, 38.2569613], [27.3569655, 38.2569823], [27.3572123, 38.2570245], [27.3573893, 38.2571677], [27.357738, 38.2573867], [27.3580116, 38.2575679], [27.3581564, 38.2576563], [27.358312, 38.2577237], [27.3582369, 38.258107], [27.3581672, 38.2582587], [27.3580706, 38.2583513], [27.3578775, 38.2584861], [27.3577434, 38.258663], [27.3576093, 38.2591348], [27.3575342, 38.2593623], [27.3574001, 38.2597793], [27.3573035, 38.2600531], [27.3572016, 38.2602468], [27.3570621, 38.2604111], [27.3568851, 38.260588], [27.3567563, 38.2608239], [27.356531, 38.2612283], [27.356413, 38.2614978], [27.3563433, 38.2617632], [27.3562145, 38.2621212], [27.3557371, 38.2629047], [27.3561931, 38.263485], [27.3562926, 38.2637469], [27.3566714, 38.2639186], [27.3570298, 38.264573], [27.3573035, 38.2649938], [27.3575073, 38.264779], [27.3577273, 38.26472], [27.3579902, 38.2646833], [27.3582988, 38.2644261], [27.3593849, 38.2644336], [27.3597658, 38.2643957], [27.360093, 38.2643536], [27.3603183, 38.2643452], [27.360667, 38.2642272], [27.3610586, 38.2640545], [27.3612571, 38.2640209], [27.3614073, 38.2640082], [27.3615736, 38.2638397], [27.3616594, 38.2637092], [27.3617506, 38.2635954], [27.3619115, 38.2634438], [27.3619974, 38.2633764], [27.3621905, 38.2632669], [27.3623997, 38.2631785], [27.362566, 38.2631279], [27.3626465, 38.2631995], [27.3626518, 38.2632795], [27.3626518, 38.2633806], [27.3626304, 38.2635449], [27.3626465, 38.263646], [27.3627377, 38.2637513], [27.3627752, 38.2639113], [27.3626035, 38.2643452], [27.3625123, 38.2645431], [27.362448, 38.2646737], [27.3623568, 38.2647327], [27.3622066, 38.2647832], [27.3620671, 38.2648211], [27.3619437, 38.2648969], [27.3618686, 38.2650401], [27.3618954, 38.2651918], [27.3619276, 38.2653687], [27.361874, 38.2654908], [27.3617452, 38.2656172], [27.361756, 38.2657267], [27.3628028, 38.2658007], [27.3626058, 38.2672255], [27.363785, 38.2672457], [27.3654839, 38.2669008], [27.3656743, 38.2671922], [27.3661404, 38.2681978], [27.3673504, 38.268331], [27.3679787, 38.2683169], [27.3681074, 38.2686581], [27.3681343, 38.2689487], [27.3679626, 38.2694499], [27.3682845, 38.2697952], [27.3688585, 38.2703259], [27.3686975, 38.2706796], [27.3687726, 38.2709408], [27.368955, 38.2711387], [27.3690945, 38.2710629], [27.3695022, 38.2709281], [27.3708111, 38.2705407], [27.3711032, 38.2705539], [27.3712617, 38.2706965], [27.3713991, 38.2707615], [27.3717541, 38.2707186], [27.3716748, 38.2705996], [27.3716801, 38.2705238], [27.3717527, 38.2704386], [27.372002, 38.2704649], [27.3721415, 38.2705238], [27.3723292, 38.2706249], [27.3725599, 38.2706586], [27.3727513, 38.2706142], [27.372871, 38.2706123], [27.3732036, 38.2706712], [27.3734343, 38.270747], [27.3736113, 38.2708313], [27.3739176, 38.2710514], [27.3738474, 38.2713072], [27.3738795, 38.2715557], [27.3740128, 38.2719271], [27.3745447, 38.2719263], [27.3748889, 38.2717813], [27.3752055, 38.2716075], [27.375402, 38.2716068], [27.3763847, 38.2721916], [27.3773181, 38.2724948], [27.3772967, 38.272916], [27.3770285, 38.2732445], [27.3762682, 38.27394], [27.3754191, 38.2740362], [27.3748398, 38.2740615], [27.3741263, 38.2741373], [27.3741478, 38.2739562], [27.3735738, 38.2742762], [27.3733967, 38.275148], [27.3733324, 38.2752154], [27.3732036, 38.2751733], [27.3731017, 38.2750848], [27.3729698, 38.274898], [27.3719977, 38.275491], [27.3714119, 38.2760366], [27.3716426, 38.2762008], [27.3721737, 38.2767441], [27.3723078, 38.2771441], [27.3724955, 38.2774136], [27.3728818, 38.2773547], [27.373665, 38.2772326], [27.3736811, 38.2773252], [27.3742068, 38.2773253], [27.3744204, 38.2776941], [27.3742551, 38.2779316], [27.3737776, 38.2783443], [27.3733431, 38.2786054], [27.3726658, 38.2790226], [27.3726228, 38.2794756], [27.3724794, 38.2796834], [27.3724902, 38.2803909], [27.3724097, 38.2806309], [27.3723614, 38.2807951], [27.3722073, 38.2810262], [27.371825, 38.2811404], [27.3714441, 38.2811362], [27.3711415, 38.2810415], [27.3709291, 38.2814184], [27.3706126, 38.2817131], [27.3703444, 38.2815615], [27.369706, 38.2812794], [27.3694915, 38.2814563], [27.369191, 38.2816078], [27.368778, 38.2816457], [27.3684186, 38.2816121], [27.3676461, 38.281292], [27.3671962, 38.2812387], [27.3672062, 38.281511], [27.3671311, 38.2818058], [27.3670185, 38.2819616], [27.3668897, 38.2821721], [27.3668092, 38.2823321], [27.3667449, 38.2825553], [27.3668897, 38.2824711], [27.3670453, 38.2824079], [27.3672813, 38.2824121], [27.3674262, 38.2825385], [27.3675978, 38.282808], [27.3676836, 38.2830143], [27.3676515, 38.283128], [27.3675334, 38.2833006], [27.3673886, 38.2834101], [27.3672438, 38.2835238], [27.3670721, 38.2835954], [27.3668629, 38.2836122], [27.3666269, 38.283587], [27.3663372, 38.2835238], [27.3659509, 38.2834648], [27.3658329, 38.2834143], [27.3656881, 38.2833301], [27.3655862, 38.2831996], [27.3655701, 38.2830859], [27.3655862, 38.2829553], [27.3654789, 38.282909], [27.3652267, 38.282989], [27.3650712, 38.2829932], [27.3649156, 38.2829301], [27.3648405, 38.282829], [27.3647493, 38.2827322], [27.3646098, 38.2827364], [27.3642933, 38.2829764], [27.3641002, 38.2829722], [27.3639286, 38.2828459], [27.3638964, 38.2827448], [27.3639125, 38.2825848], [27.3638964, 38.2824079], [27.3637837, 38.2821679], [27.3636335, 38.2820458], [27.3634994, 38.2821258], [27.3633814, 38.2821721], [27.3632204, 38.2821468], [27.3630595, 38.2820626], [27.3629039, 38.2820037], [27.3626947, 38.2819784], [27.3625821, 38.2820037], [27.3624855, 38.2820079], [27.36233, 38.2820121], [27.3622173, 38.2819405], [27.3621207, 38.2818689], [27.3620939, 38.2817889], [27.3619384, 38.2818563], [27.361815, 38.2817552], [27.3617828, 38.2820289], [27.3614341, 38.2821258], [27.3614019, 38.2824163], [27.3612624, 38.2825932], [27.361064, 38.2827027], [27.360844, 38.2827574], [27.3605168, 38.2830101], [27.3604095, 38.2830059], [27.3602432, 38.2828838], [27.3601788, 38.2829132], [27.3600662, 38.2833596], [27.3597926, 38.2835996], [27.359747, 38.2837466], [27.3596115, 38.2838484], [27.359128, 38.2839273], [27.3591381, 38.2840291], [27.3590094, 38.2842481], [27.3587894, 38.2844123], [27.3582959, 38.2844797], [27.3580347, 38.2845206], [27.3577273, 38.2846523], [27.3575751, 38.2848319], [27.3573464, 38.2849091], [27.357164, 38.2849934], [27.3569977, 38.2850397], [27.3568368, 38.2850481], [27.3566973, 38.2850649], [27.3564398, 38.2851323], [27.3562996, 38.2852827], [27.3561949, 38.2855213], [27.355898, 38.2856881], [27.3557585, 38.2856839], [27.3556736, 38.2855944], [27.3554313, 38.2856376], [27.3552597, 38.2856292], [27.3550383, 38.2855427], [27.3549378, 38.2855955], [27.3548053, 38.2858175], [27.3546937, 38.2858229], [27.3546213, 38.2858692], [27.3545945, 38.2859745], [27.3545301, 38.2860924], [27.3544174, 38.286126], [27.3541599, 38.2861524], [27.3539548, 38.2861166], [27.3538139, 38.2861176]]]]}, "bbox": [27.3385124, 38.2568391, 27.3773181, 38.2865261]}, {"id": "275", "type": "Feature", "properties": {"mahalle_adi": "Çakırbeyli Mahallesi", "_gece_lst_str": "22.0°C"}, "geometry": {"type": "MultiPolygon", "coordinates": [[[[27.3667499, 38.298595], [27.3669219, 38.2984665], [27.3670828, 38.2984454], [27.3672384, 38.2984328], [27.3674154, 38.2983023], [27.3675817, 38.2981549], [27.3677158, 38.2980076], [27.3678124, 38.297835], [27.3679089, 38.2977382], [27.3680162, 38.2976876], [27.3681503, 38.2976961], [27.3684722, 38.2978392], [27.3685312, 38.2979318], [27.3685849, 38.2980539], [27.368601, 38.298096], [27.3686492, 38.2981718], [27.3688209, 38.2982181], [27.3691213, 38.2982012], [27.3693144, 38.2981086], [27.3695183, 38.2979865], [27.3696577, 38.2979318], [27.3699957, 38.297936], [27.3700923, 38.2978981], [27.3701942, 38.2978097], [27.3703122, 38.2977718], [27.3704517, 38.2977929], [27.3706448, 38.297755], [27.3707628, 38.2977003], [27.3708326, 38.2976287], [27.3709506, 38.297515], [27.3711437, 38.2974856], [27.3712617, 38.2975361], [27.3716587, 38.2974266], [27.3719215, 38.2974477], [27.3721844, 38.2974645], [27.3724365, 38.2974435], [27.3729783, 38.2972919], [27.3732895, 38.2971193], [27.3736006, 38.2967446], [27.3746949, 38.2970098], [27.3751616, 38.2971319], [27.3757088, 38.2974435], [27.3763901, 38.2973171], [27.3768514, 38.2971656], [27.3773664, 38.2970435], [27.3777205, 38.2969467], [27.3782515, 38.296652], [27.3788363, 38.2959615], [27.3794907, 38.2960541], [27.3797965, 38.2962857], [27.3802578, 38.2960794], [27.3801184, 38.2958478], [27.3808962, 38.2955405], [27.3814863, 38.2954268], [27.3818725, 38.2952879], [27.3821676, 38.2950269], [27.3823392, 38.2948753], [27.3825216, 38.2947658], [27.382822, 38.294669], [27.3830581, 38.2946353], [27.3831063, 38.29469], [27.3831224, 38.2947869], [27.3832029, 38.2948079], [27.3833317, 38.2947827], [27.3835087, 38.2946858], [27.3836374, 38.2946522], [27.3837554, 38.2947069], [27.3838949, 38.2946522], [27.3840237, 38.2945637], [27.3841792, 38.294429], [27.3842758, 38.2942732], [27.3844045, 38.294168], [27.3846781, 38.2940459], [27.3849839, 38.2939533], [27.3850965, 38.2937343], [27.3855954, 38.2934649], [27.3857456, 38.293347], [27.3858958, 38.2932417], [27.3859763, 38.2930902], [27.3860997, 38.2929933], [27.3862499, 38.292947], [27.3863304, 38.2929049], [27.386443, 38.2928039], [27.3865396, 38.2927323], [27.3866737, 38.2926902], [27.3867756, 38.2926986], [27.386899, 38.2927618], [27.3869044, 38.2928712], [27.3869634, 38.2930228], [27.3870546, 38.2930438], [27.3872369, 38.2929596], [27.3874354, 38.2926691], [27.3875642, 38.292366], [27.3879987, 38.292307], [27.3881864, 38.292206], [27.3885083, 38.2921765], [27.3887068, 38.2921639], [27.3888677, 38.2919407], [27.3890877, 38.2918229], [27.389254, 38.2917344], [27.3893988, 38.2915955], [27.3893827, 38.2914523], [27.3895276, 38.2913134], [27.3896778, 38.2911997], [27.3898762, 38.2912124], [27.3899674, 38.2913302], [27.3899728, 38.2914523], [27.3899513, 38.2916334], [27.3898172, 38.291785], [27.3898709, 38.2919197], [27.3899084, 38.2920207], [27.3900211, 38.2921092], [27.3904395, 38.2920755], [27.3907506, 38.2919829], [27.3911583, 38.2918692], [27.3923868, 38.2918144], [27.3925048, 38.2921849], [27.3929769, 38.2921134], [27.3933738, 38.2919576], [27.3939156, 38.2915408], [27.3943663, 38.2912671], [27.39479, 38.2912039], [27.395407, 38.291086], [27.3960292, 38.2909597], [27.3962063, 38.2909345], [27.3959649, 38.2906524], [27.3958683, 38.2904797], [27.3957932, 38.2902776], [27.3957771, 38.2901261], [27.3957503, 38.2897471], [27.3956752, 38.2894566], [27.395584, 38.2893303], [27.395879, 38.2893724], [27.396217, 38.2893387], [27.3966783, 38.2890187], [27.396614, 38.2872587], [27.3970807, 38.2871829], [27.3971075, 38.2865176], [27.3981053, 38.2864755], [27.3983252, 38.2851281], [27.3987544, 38.2853513], [27.3991835, 38.285406], [27.3995966, 38.2854355], [27.4001384, 38.2856671], [27.4008357, 38.2858102], [27.4012703, 38.2862271], [27.4015117, 38.2863913], [27.4016833, 38.2864713], [27.4019515, 38.2864208], [27.4020857, 38.2863408], [27.4023217, 38.2861976], [27.4024719, 38.2861892], [27.4026275, 38.2861766], [27.402606, 38.286505], [27.4031746, 38.2864839], [27.4033999, 38.2862734], [27.4036467, 38.2862482], [27.4036574, 38.2863324], [27.4041557, 38.2858785], [27.4040946, 38.2857715], [27.4041671, 38.2857008], [27.4044192, 38.2856502], [27.4044782, 38.2855787], [27.4044728, 38.2854734], [27.4043226, 38.2852207], [27.4042475, 38.285086], [27.4041402, 38.2849049], [27.4035823, 38.2836206], [27.4034596, 38.2830564], [27.4036092, 38.2828164], [27.403813, 38.2825216], [27.4038881, 38.2822395], [27.4036339, 38.2816906], [27.4037969, 38.2816584], [27.4038588, 38.2814103], [27.4023836, 38.279866], [27.4010336, 38.2790602], [27.4006505, 38.278132], [27.4011572, 38.2768073], [27.4012005, 38.2765546], [27.4010503, 38.2763103], [27.4009323, 38.2760324], [27.4007928, 38.2757544], [27.400707, 38.2755354], [27.3997099, 38.2747862], [27.3988844, 38.2731205], [27.3972886, 38.2715766], [27.3969412, 38.2701953], [27.3968339, 38.2696984], [27.3965979, 38.2693025], [27.3962223, 38.2690498], [27.3955035, 38.268856], [27.3949778, 38.2685781], [27.3946988, 38.2682664], [27.3947287, 38.2678668], [27.3945125, 38.2670214], [27.3931432, 38.2671966], [27.3918128, 38.2646021], [27.3913729, 38.2660341], [27.3911583, 38.2665396], [27.390815, 38.2674409], [27.389195, 38.2675757], [27.3880255, 38.2675588], [27.3876393, 38.2669607], [27.3873389, 38.2661268], [27.3870063, 38.2654782], [27.3866522, 38.2649222], [27.3855072, 38.2649657], [27.3855549, 38.2654065], [27.385472, 38.2656298], [27.3859656, 38.26611], [27.3862123, 38.266329], [27.3864702, 38.2669886], [27.3855497, 38.2672895], [27.3847747, 38.2674409], [27.3847318, 38.2676599], [27.3849463, 38.2677189], [27.3847318, 38.2683001], [27.3850107, 38.2684433], [27.3837232, 38.2707428], [27.38359, 38.2712051], [27.3832834, 38.2711724], [27.3828435, 38.2716273], [27.3823714, 38.2718968], [27.3816633, 38.2720652], [27.3807192, 38.2720652], [27.3808265, 38.272916], [27.3801076, 38.2730339], [27.3797214, 38.2724864], [27.3786378, 38.2728065], [27.3786056, 38.2725538], [27.3776078, 38.2723937], [27.3773181, 38.2724948], [27.3772967, 38.272916], [27.3770285, 38.2732445], [27.3762682, 38.27394], [27.3754191, 38.2740362], [27.3748398, 38.2740615], [27.3741263, 38.2741373], [27.3741478, 38.2739562], [27.3735738, 38.2742762], [27.3733967, 38.275148], [27.3733324, 38.2752154], [27.3732036, 38.2751733], [27.3731017, 38.2750848], [27.3729698, 38.274898], [27.3719977, 38.275491], [27.3714119, 38.2760366], [27.3716426, 38.2762008], [27.3721737, 38.2767441], [27.3723078, 38.2771441], [27.3724955, 38.2774136], [27.3728818, 38.2773547], [27.373665, 38.2772326], [27.3736811, 38.2773252], [27.3742068, 38.2773253], [27.3744204, 38.2776941], [27.3742551, 38.2779316], [27.3737776, 38.2783443], [27.3733431, 38.2786054], [27.3726658, 38.2790226], [27.3726228, 38.2794756], [27.3724794, 38.2796834], [27.3724902, 38.2803909], [27.3724097, 38.2806309], [27.3723614, 38.2807951], [27.3722073, 38.2810262], [27.371825, 38.2811404], [27.3714441, 38.2811362], [27.3711415, 38.2810415], [27.3709291, 38.2814184], [27.3706126, 38.2817131], [27.3703444, 38.2815615], [27.369706, 38.2812794], [27.3694915, 38.2814563], [27.369191, 38.2816078], [27.368778, 38.2816457], [27.3684186, 38.2816121], [27.3676461, 38.281292], [27.3671962, 38.2812387], [27.3672062, 38.281511], [27.3671311, 38.2818058], [27.3670185, 38.2819616], [27.3668897, 38.2821721], [27.3668092, 38.2823321], [27.3667449, 38.2825553], [27.3668897, 38.2824711], [27.3670453, 38.2824079], [27.3672813, 38.2824121], [27.3674262, 38.2825385], [27.3675978, 38.282808], [27.3676836, 38.2830143], [27.3676515, 38.283128], [27.3675334, 38.2833006], [27.3673886, 38.2834101], [27.3672438, 38.2835238], [27.3670721, 38.2835954], [27.3668629, 38.2836122], [27.3666269, 38.283587], [27.3663372, 38.2835238], [27.3659509, 38.2834648], [27.3658329, 38.2834143], [27.3656881, 38.2833301], [27.3655862, 38.2831996], [27.3655701, 38.2830859], [27.3655862, 38.2829553], [27.3654789, 38.282909], [27.3652267, 38.282989], [27.3650712, 38.2829932], [27.3649156, 38.2829301], [27.3648405, 38.282829], [27.3647493, 38.2827322], [27.3646098, 38.2827364], [27.3642933, 38.2829764], [27.3641002, 38.2829722], [27.3639286, 38.2828459], [27.3638964, 38.2827448], [27.3639125, 38.2825848], [27.3638964, 38.2824079], [27.3637837, 38.2821679], [27.3636335, 38.2820458], [27.3634994, 38.2821258], [27.3633814, 38.2821721], [27.3632204, 38.2821468], [27.3630595, 38.2820626], [27.3629039, 38.2820037], [27.3626947, 38.2819784], [27.3625821, 38.2820037], [27.3624855, 38.2820079], [27.36233, 38.2820121], [27.3622173, 38.2819405], [27.3621207, 38.2818689], [27.3620939, 38.2817889], [27.3619384, 38.2818563], [27.361815, 38.2817552], [27.3617828, 38.2820289], [27.3614341, 38.2821258], [27.3614019, 38.2824163], [27.3612624, 38.2825932], [27.361064, 38.2827027], [27.360844, 38.2827574], [27.3605168, 38.2830101], [27.3604095, 38.2830059], [27.3602432, 38.2828838], [27.3601788, 38.2829132], [27.3600662, 38.2833596], [27.3597926, 38.2835996], [27.359747, 38.2837466], [27.3596115, 38.2838484], [27.359128, 38.2839273], [27.3591381, 38.2840291], [27.3590094, 38.2842481], [27.3587894, 38.2844123], [27.3582959, 38.2844797], [27.3580347, 38.2845206], [27.3577273, 38.2846523], [27.3575751, 38.2848319], [27.3573464, 38.2849091], [27.357164, 38.2849934], [27.3569977, 38.2850397], [27.3568368, 38.2850481], [27.3566973, 38.2850649], [27.3564398, 38.2851323], [27.3562996, 38.2852827], [27.3561949, 38.2855213], [27.355898, 38.2856881], [27.3557585, 38.2856839], [27.3556736, 38.2855944], [27.3554313, 38.2856376], [27.3552597, 38.2856292], [27.3550383, 38.2855427], [27.3549378, 38.2855955], [27.3548053, 38.2858175], [27.3546937, 38.2858229], [27.3546213, 38.2858692], [27.3545945, 38.2859745], [27.3545301, 38.2860924], [27.3544174, 38.286126], [27.3541599, 38.2861524], [27.3539548, 38.2861166], [27.3538139, 38.2861176], [27.3538569, 38.2862639], [27.3538864, 38.2864503], [27.3541546, 38.2866103], [27.3537363, 38.2868802], [27.3535323, 38.2870482], [27.3536289, 38.2873513], [27.3541117, 38.2872503], [27.3543804, 38.2872225], [27.3546964, 38.287305], [27.3549861, 38.2875829], [27.3552709, 38.2879292], [27.3555869, 38.2879913], [27.3559356, 38.2879829], [27.3555279, 38.2883282], [27.3552596, 38.2883871], [27.3547983, 38.2883619], [27.3544443, 38.2882271], [27.3541975, 38.2881598], [27.3539507, 38.2880082], [27.3534679, 38.2876798], [27.3533446, 38.2877935], [27.3533821, 38.2887408], [27.3529154, 38.2891071], [27.3531139, 38.2893977], [27.3530656, 38.2896208], [27.3537576, 38.2902229], [27.3553616, 38.2918271], [27.3555974, 38.292609], [27.3557532, 38.2925912], [27.35589, 38.2925239], [27.3560348, 38.2926228], [27.3561153, 38.2926797], [27.3563004, 38.2925512], [27.3560484, 38.2923871], [27.3558148, 38.2922353], [27.356217, 38.2922575], [27.3564452, 38.2925176], [27.3566437, 38.2926228], [27.3567831, 38.2925891], [27.3570138, 38.2923365], [27.3570782, 38.292286], [27.3568362, 38.2921246], [27.3569602, 38.291806], [27.357046, 38.2918565], [27.3574322, 38.2916755], [27.3577166, 38.2918102], [27.3578721, 38.2917892], [27.3578775, 38.2919281], [27.3577917, 38.2920797], [27.3578078, 38.2923281], [27.3575824, 38.2925386], [27.3575824, 38.2926818], [27.3574469, 38.2928387], [27.3575449, 38.2930649], [27.3578721, 38.2933301], [27.35762, 38.2935743], [27.3573625, 38.2935449], [27.357164, 38.2935743], [27.3571131, 38.2936733], [27.3571747, 38.2938059], [27.3572955, 38.2939259], [27.3576093, 38.2939154], [27.3578668, 38.2940396], [27.3582584, 38.2941385], [27.3586714, 38.2940543], [27.3590308, 38.2939827], [27.3592708, 38.2939606], [27.3594439, 38.2939406], [27.3596263, 38.2937638], [27.359696, 38.2935786], [27.3600125, 38.2937006], [27.3600984, 38.2939533], [27.3602593, 38.2940838], [27.3604578, 38.2940922], [27.3606187, 38.2942943], [27.3609166, 38.2939381], [27.3612785, 38.2941764], [27.3621124, 38.2935979], [27.3628127, 38.2946522], [27.3628986, 38.2950058], [27.3630273, 38.2950563], [27.3631453, 38.2951363], [27.3631614, 38.29525], [27.36314, 38.2953974], [27.3631775, 38.2955573], [27.3633653, 38.2956121], [27.3636281, 38.2955784], [27.3638374, 38.2955952], [27.3640165, 38.295619], [27.3642236, 38.2957047], [27.3647386, 38.2960415], [27.3650283, 38.2961173], [27.3652375, 38.2960794], [27.3654306, 38.2960584], [27.3655915, 38.2959489], [27.365731, 38.2957889], [27.3658705, 38.2959657], [27.3657095, 38.2962267], [27.3664015, 38.2964078], [27.3667502, 38.2961173], [27.3671472, 38.2964372], [27.3677426, 38.2966965], [27.3681557, 38.2971993], [27.3678124, 38.2973635], [27.3675013, 38.2970898], [27.3671043, 38.2973719], [27.3672599, 38.2976708], [27.3671257, 38.2977297], [27.3673564, 38.2980665], [27.367124, 38.2981452], [27.366661, 38.2982713], [27.3667499, 38.298595]]]]}, "bbox": [27.3529154, 38.2646021, 27.4044782, 38.298595]}, {"id": "276", "type": "Feature", "properties": {"mahalle_adi": "Saipler Mahallesi", "_gece_lst_str": "22.4°C"}, "geometry": {"type": "MultiPolygon", "coordinates": [[[[27.3442226, 38.2501496], [27.3452228, 38.2506719], [27.3454546, 38.2509916], [27.3455385, 38.2511462], [27.345834, 38.2513182], [27.3458127, 38.2516043], [27.3462045, 38.2518936], [27.3466852, 38.2523466], [27.3478121, 38.2525339], [27.3486961, 38.2524956], [27.3505257, 38.2526808], [27.3507804, 38.2526056], [27.3508951, 38.252483], [27.3508394, 38.2523823], [27.3505608, 38.2521146], [27.3513733, 38.2513554], [27.3516137, 38.2510627], [27.3520108, 38.2503643], [27.3525172, 38.2503866], [27.3532882, 38.2504379], [27.3534173, 38.2505626], [27.3534558, 38.2507115], [27.3535913, 38.2508489], [27.3536825, 38.2507478], [27.3537362, 38.2506087], [27.3538864, 38.2505371], [27.3540312, 38.2505076], [27.3551416, 38.2506298], [27.3558015, 38.2507899], [27.3559624, 38.2508657], [27.3561501, 38.2506298], [27.3562574, 38.2503897], [27.356649, 38.2505245], [27.356692, 38.250634], [27.3564291, 38.2510679], [27.3577058, 38.2513797], [27.3584676, 38.2515945], [27.3587465, 38.2510974], [27.3590898, 38.2506635], [27.3593044, 38.2504908], [27.3605506, 38.250529], [27.3606257, 38.2504215], [27.3607223, 38.2500994], [27.3616062, 38.2500431], [27.3628835, 38.2501047], [27.3635731, 38.2504959], [27.3652053, 38.2491638], [27.3655593, 38.2492143], [27.3659254, 38.2494159], [27.3664766, 38.2502675], [27.366718, 38.250554], [27.3668522, 38.2505666], [27.3675082, 38.2501082], [27.3698117, 38.248355], [27.3700547, 38.2479125], [27.3701888, 38.247723], [27.3711705, 38.2467835], [27.37131, 38.2468003], [27.3715889, 38.2469352], [27.3722219, 38.2472806], [27.3729086, 38.2475165], [27.3730588, 38.2473565], [27.3735523, 38.2466655], [27.373842, 38.2464296], [27.3743892, 38.2462527], [27.3748398, 38.24616], [27.3752367, 38.2461094], [27.375741, 38.246042], [27.3762345, 38.2459325], [27.3765188, 38.2460378], [27.3766851, 38.2462232], [27.3768461, 38.2463074], [27.3770606, 38.2462948], [27.3772055, 38.2463496], [27.3773128, 38.2464759], [27.3774898, 38.2465223], [27.3776185, 38.2464296], [27.3779404, 38.2461347], [27.3787719, 38.2456123], [27.3789275, 38.2454985], [27.3789918, 38.2454143], [27.3789704, 38.2452752], [27.3788363, 38.2451362], [27.3787665, 38.245014], [27.3787826, 38.2448455], [27.3788255, 38.244736], [27.3788953, 38.2446433], [27.3788792, 38.2445253], [27.3788094, 38.2443947], [27.3786271, 38.244222], [27.3784822, 38.2440914], [27.3782515, 38.2439608], [27.3781979, 38.2437754], [27.3787665, 38.2436995], [27.3792684, 38.2435549], [27.379936, 38.2436827], [27.3805046, 38.2439523], [27.3809335, 38.2440977], [27.3814931, 38.2441912], [27.3816755, 38.2443813], [27.3816609, 38.2444886], [27.3820413, 38.244976], [27.3820281, 38.2453258], [27.3821568, 38.2456249], [27.382189, 38.2457471], [27.3821139, 38.2459662], [27.3821032, 38.2461558], [27.3822212, 38.2462948], [27.3823446, 38.2463917], [27.3823714, 38.246497], [27.3825324, 38.2466108], [27.3825484, 38.24707], [27.3834121, 38.2477525], [27.3834634, 38.2481535], [27.3837534, 38.2486889], [27.3837125, 38.2489531], [27.3838784, 38.249475], [27.3846665, 38.2499015], [27.3859076, 38.2502431], [27.3864645, 38.2504782], [27.3867649, 38.2509373], [27.3868614, 38.2512912], [27.3869795, 38.2518768], [27.3869526, 38.25194], [27.386899, 38.2519694], [27.3867327, 38.2520706], [27.38684, 38.2521295], [27.3871189, 38.2520916], [27.3875588, 38.2528667], [27.3879397, 38.2538946], [27.3880255, 38.2541516], [27.3880362, 38.2543201], [27.3879826, 38.2544928], [27.3879933, 38.254716], [27.3882186, 38.2543116], [27.3883635, 38.2543201], [27.3885459, 38.2549309], [27.3884386, 38.2550952], [27.3885888, 38.2552426], [27.3887283, 38.2554027], [27.3888355, 38.2555585], [27.3890662, 38.2556976], [27.3892379, 38.2557818], [27.3893988, 38.255866], [27.3895919, 38.2559335], [27.3899567, 38.2560093], [27.3902678, 38.2561946], [27.3907399, 38.2569529], [27.3908257, 38.2572393], [27.3910081, 38.2574668], [27.3912334, 38.2576521], [27.3915017, 38.2577616], [27.3918342, 38.2578206], [27.3928106, 38.2579891], [27.3937281, 38.2599302], [27.3941088, 38.2614262], [27.3945057, 38.2623698], [27.3945916, 38.2626393], [27.394847, 38.2627868], [27.3959416, 38.2639511], [27.3960864, 38.2655595], [27.395246, 38.2666996], [27.3954821, 38.2669018], [27.3947287, 38.2678668], [27.3945125, 38.2670214], [27.3931432, 38.2671966], [27.3918128, 38.2646021], [27.3913729, 38.2660341], [27.3911583, 38.2665396], [27.390815, 38.2674409], [27.389195, 38.2675757], [27.3880255, 38.2675588], [27.3876393, 38.2669607], [27.3873389, 38.2661268], [27.3870063, 38.2654782], [27.3866522, 38.2649222], [27.3855072, 38.2649657], [27.3855549, 38.2654065], [27.385472, 38.2656298], [27.3859656, 38.26611], [27.3862123, 38.266329], [27.3864702, 38.2669886], [27.3855497, 38.2672895], [27.3847747, 38.2674409], [27.3847318, 38.2676599], [27.3849463, 38.2677189], [27.3847318, 38.2683001], [27.3850107, 38.2684433], [27.3837232, 38.2707428], [27.38359, 38.2712051], [27.3832834, 38.2711724], [27.3828435, 38.2716273], [27.3823714, 38.2718968], [27.3816633, 38.2720652], [27.3807192, 38.2720652], [27.3808265, 38.272916], [27.3801076, 38.2730339], [27.3797214, 38.2724864], [27.3786378, 38.2728065], [27.3786056, 38.2725538], [27.3776078, 38.2723937], [27.3773181, 38.2724948], [27.3763847, 38.2721916], [27.375402, 38.2716068], [27.3752055, 38.2716075], [27.3748889, 38.2717813], [27.3745447, 38.2719263], [27.3740128, 38.2719271], [27.3738795, 38.2715557], [27.3738474, 38.2713072], [27.3739176, 38.2710514], [27.3736113, 38.2708313], [27.3734343, 38.270747], [27.3732036, 38.2706712], [27.372871, 38.2706123], [27.3727513, 38.2706142], [27.3725599, 38.2706586], [27.3723292, 38.2706249], [27.3721415, 38.2705238], [27.372002, 38.2704649], [27.3717527, 38.2704386], [27.3716801, 38.2705238], [27.3716748, 38.2705996], [27.3717541, 38.2707186], [27.3713991, 38.2707615], [27.3712617, 38.2706965], [27.3711032, 38.2705539], [27.3708111, 38.2705407], [27.3695022, 38.2709281], [27.3690945, 38.2710629], [27.368955, 38.2711387], [27.3687726, 38.2709408], [27.3686975, 38.2706796], [27.3688585, 38.2703259], [27.3682845, 38.2697952], [27.3679626, 38.2694499], [27.3681343, 38.2689487], [27.3681074, 38.2686581], [27.3679787, 38.2683169], [27.3673504, 38.268331], [27.3661404, 38.2681978], [27.3656743, 38.2671922], [27.3654839, 38.2669008], [27.363785, 38.2672457], [27.3626058, 38.2672255], [27.3628028, 38.2658007], [27.361756, 38.2657267], [27.3617452, 38.2656172], [27.361874, 38.2654908], [27.3619276, 38.2653687], [27.3618954, 38.2651918], [27.3618686, 38.2650401], [27.3619437, 38.2648969], [27.3620671, 38.2648211], [27.3622066, 38.2647832], [27.3623568, 38.2647327], [27.362448, 38.2646737], [27.3625123, 38.2645431], [27.3626035, 38.2643452], [27.3627752, 38.2639113], [27.3627377, 38.2637513], [27.3626465, 38.263646], [27.3626304, 38.2635449], [27.3626518, 38.2633806], [27.3626518, 38.2632795], [27.3626465, 38.2631995], [27.362566, 38.2631279], [27.3623997, 38.2631785], [27.3621905, 38.2632669], [27.3619974, 38.2633764], [27.3619115, 38.2634438], [27.3617506, 38.2635954], [27.3616594, 38.2637092], [27.3615736, 38.2638397], [27.3614073, 38.2640082], [27.3612571, 38.2640209], [27.3610586, 38.2640545], [27.360667, 38.2642272], [27.3603183, 38.2643452], [27.360093, 38.2643536], [27.3597658, 38.2643957], [27.3593849, 38.2644336], [27.3582988, 38.2644261], [27.3579902, 38.2646833], [27.3577273, 38.26472], [27.3575073, 38.264779], [27.3573035, 38.2649938], [27.3570298, 38.264573], [27.3566714, 38.2639186], [27.3562926, 38.2637469], [27.3561931, 38.263485], [27.3557371, 38.2629047], [27.3562145, 38.2621212], [27.3563433, 38.2617632], [27.356413, 38.2614978], [27.356531, 38.2612283], [27.3567563, 38.2608239], [27.3568851, 38.260588], [27.3570621, 38.2604111], [27.3572016, 38.2602468], [27.3573035, 38.2600531], [27.3574001, 38.2597793], [27.3575342, 38.2593623], [27.3576093, 38.2591348], [27.3577434, 38.258663], [27.3578775, 38.2584861], [27.3580706, 38.2583513], [27.3581672, 38.2582587], [27.3582369, 38.258107], [27.358312, 38.2577237], [27.3581564, 38.2576563], [27.3580116, 38.2575679], [27.357738, 38.2573867], [27.3573893, 38.2571677], [27.3572123, 38.2570245], [27.3569655, 38.2569823], [27.3567939, 38.2569613], [27.3565793, 38.2569908], [27.3562521, 38.2569865], [27.3556834, 38.2569107], [27.3548627, 38.2568391], [27.3545033, 38.2568644], [27.3543101, 38.2569318], [27.3542136, 38.256995], [27.3540419, 38.2570876], [27.3539293, 38.2571298], [27.3537201, 38.2571635], [27.3532855, 38.2570792], [27.353012, 38.2570834], [27.3528564, 38.2571466], [27.3527062, 38.2572309], [27.3525935, 38.2573699], [27.3523039, 38.2575847], [27.3518949, 38.2577059], [27.3517448, 38.2579149], [27.3512324, 38.2582263], [27.3509231, 38.2583345], [27.3504136, 38.2592596], [27.3495516, 38.2591728], [27.3495683, 38.2595124], [27.3491524, 38.25946], [27.348888, 38.2594847], [27.3485183, 38.2596109], [27.3484111, 38.2596305], [27.3481572, 38.2593496], [27.3482162, 38.2592022], [27.3483932, 38.2589748], [27.3485702, 38.2588105], [27.3486882, 38.2586378], [27.3487365, 38.2584777], [27.3488009, 38.2582671], [27.3487097, 38.258107], [27.3484898, 38.257631], [27.3479576, 38.2564497], [27.3459747, 38.2542508], [27.3451551, 38.2535202], [27.3444503, 38.2521253], [27.3443699, 38.2510216], [27.3443162, 38.250415], [27.3442226, 38.2501496]]]]}, "bbox": [27.3442226, 38.2435549, 27.3960864, 38.2730339]}, {"id": "277", "type": "Feature", "properties": {"mahalle_adi": "Ortaköy Mahallesi", "_gece_lst_str": "22.0°C"}, "geometry": {"type": "MultiPolygon", "coordinates": [[[[27.3701888, 38.247723], [27.3701135, 38.2467868], [27.3701416, 38.2463577], [27.369992, 38.2451782], [27.3686071, 38.2447595], [27.3682545, 38.2452612], [27.3678021, 38.2454473], [27.3681622, 38.243432], [27.3680581, 38.2422704], [27.3684664, 38.240821], [27.3684153, 38.2381873], [27.3688068, 38.2364163], [27.3671365, 38.2361071], [27.3675763, 38.234489], [27.3664284, 38.2342699], [27.3660958, 38.2340424], [27.3651087, 38.2332586], [27.3655086, 38.2325771], [27.3655302, 38.2308548], [27.365275, 38.2296817], [27.3657739, 38.2286065], [27.3661387, 38.2282441], [27.3662352, 38.2279913], [27.3662245, 38.2277806], [27.3664284, 38.2275952], [27.3664176, 38.2273507], [27.3661172, 38.2261624], [27.3661629, 38.224441], [27.3663411, 38.2238326], [27.3660745, 38.2233865], [27.3671687, 38.223204], [27.366761, 38.2226983], [27.3668039, 38.2224622], [27.3668146, 38.2221251], [27.3666322, 38.2218891], [27.3666322, 38.2217374], [27.366482, 38.2214677], [27.3664176, 38.2213159], [27.3664713, 38.2210715], [27.3658705, 38.2206163], [27.3664916, 38.2192079], [27.3668092, 38.219078], [27.3666746, 38.2180274], [27.3672118, 38.2167088], [27.3656452, 38.2145804], [27.3657259, 38.2141153], [27.3660187, 38.2137509], [27.364808, 38.2133018], [27.3644564, 38.2124686], [27.3654894, 38.2121257], [27.3654857, 38.2113868], [27.3651434, 38.2108992], [27.3642482, 38.2101035], [27.3653126, 38.2090846], [27.3658275, 38.208073], [27.3657846, 38.2069096], [27.3657846, 38.2065555], [27.3654306, 38.20637], [27.3652589, 38.2062014], [27.3650014, 38.2059148], [27.3665035, 38.2054342], [27.3694861, 38.2049368], [27.3699474, 38.2050296], [27.3708272, 38.2056871], [27.3716426, 38.2064628], [27.3723078, 38.2070782], [27.3725652, 38.2077189], [27.3726511, 38.2079381], [27.3726511, 38.2084945], [27.3726296, 38.208798], [27.3726082, 38.2090509], [27.372723, 38.2093011], [27.3728764, 38.2095399], [27.37335, 38.2096423], [27.3734343, 38.2098096], [27.3733482, 38.2101679], [27.3733055, 38.2103239], [27.3732519, 38.2104756], [27.3732519, 38.2108044], [27.3733055, 38.2110404], [27.3734236, 38.2114619], [27.3735201, 38.2119087], [27.373445, 38.2128276], [27.3733163, 38.2134851], [27.3732841, 38.2145051], [27.3734434, 38.215495], [27.3735738, 38.2159297], [27.3736139, 38.2178185], [27.3749158, 38.2198344], [27.3748612, 38.2200179], [27.3747539, 38.220237], [27.3743141, 38.2205489], [27.3736968, 38.2207322], [27.3734496, 38.2211441], [27.3724687, 38.2216025], [27.3722112, 38.2220745], [27.3733041, 38.2237189], [27.3746279, 38.2299717], [27.3752667, 38.230792], [27.3754084, 38.2313203], [27.3753637, 38.2320252], [27.3750007, 38.2329131], [27.3749149, 38.2332249], [27.3750007, 38.233562], [27.3752582, 38.2338739], [27.3755908, 38.2341688], [27.3756766, 38.2342952], [27.3756552, 38.2344048], [27.3754907, 38.2346884], [27.375505, 38.2348936], [27.3755586, 38.2350958], [27.3762747, 38.2358122], [27.3762908, 38.2360028], [27.3765886, 38.2361745], [27.37661, 38.2363009], [27.3764813, 38.2363767], [27.3762774, 38.2364189], [27.3763096, 38.2367298], [27.3761809, 38.2369414], [27.3760092, 38.237211], [27.3758376, 38.2374133], [27.3757254, 38.2377089], [27.3758268, 38.2377925], [27.3759448, 38.2378093], [27.3762246, 38.2378146], [27.3764491, 38.2380284], [27.3766529, 38.2381801], [27.3767876, 38.2385755], [27.3769641, 38.2388459], [27.377007, 38.2390818], [27.3769963, 38.2393009], [27.3770285, 38.2396632], [27.377021, 38.2398858], [27.3768568, 38.2402796], [27.3767978, 38.2405539], [27.3766851, 38.2406744], [27.3765671, 38.2406997], [27.3764062, 38.2407334], [27.3763525, 38.240961], [27.3762452, 38.2410705], [27.3761326, 38.2410958], [27.3760199, 38.2410873], [27.3758697, 38.2411168], [27.3757893, 38.2412011], [27.3758107, 38.2412812], [27.3762744, 38.2416282], [27.3763257, 38.2417362], [27.3763525, 38.2418879], [27.3762882, 38.2420058], [27.3761755, 38.2421196], [27.3761111, 38.2422207], [27.3760843, 38.2423092], [27.3761648, 38.2423682], [27.3763238, 38.2424027], [27.3764223, 38.2424229], [27.3764384, 38.2424777], [27.3764813, 38.2425578], [27.3764813, 38.2426842], [27.376492, 38.2428148], [27.376669, 38.2428358], [27.3767817, 38.2428822], [27.3768461, 38.2430002], [27.3768514, 38.2431181], [27.3769051, 38.2432024], [27.3770446, 38.2432782], [27.3772216, 38.2433035], [27.3774737, 38.2434552], [27.3776239, 38.2436026], [27.3777366, 38.2437375], [27.3781979, 38.2437754], [27.3782515, 38.2439608], [27.3784822, 38.2440914], [27.3786271, 38.244222], [27.3788094, 38.2443947], [27.3788792, 38.2445253], [27.3788953, 38.2446433], [27.3788255, 38.244736], [27.3787826, 38.2448455], [27.3787665, 38.245014], [27.3788363, 38.2451362], [27.3789704, 38.2452752], [27.3789918, 38.2454143], [27.3789275, 38.2454985], [27.3787719, 38.2456123], [27.3779404, 38.2461347], [27.3776185, 38.2464296], [27.3774898, 38.2465223], [27.3773128, 38.2464759], [27.3772055, 38.2463496], [27.3770606, 38.2462948], [27.3768461, 38.2463074], [27.3766851, 38.2462232], [27.3765188, 38.2460378], [27.3762345, 38.2459325], [27.375741, 38.246042], [27.3752367, 38.2461094], [27.3748398, 38.24616], [27.3743892, 38.2462527], [27.373842, 38.2464296], [27.3735523, 38.2466655], [27.3730588, 38.2473565], [27.3729086, 38.2475165], [27.3722219, 38.2472806], [27.3715889, 38.2469352], [27.37131, 38.2468003], [27.3711705, 38.2467835], [27.3701888, 38.247723]]]]}, "bbox": [27.3642482, 38.2049368, 27.3789918, 38.247723]}, {"id": "278", "type": "Feature", "properties": {"mahalle_adi": "Karakuyu Mahallesi", "_gece_lst_str": "22.0°C"}, "geometry": {"type": "MultiPolygon", "coordinates": [[[[27.3734434, 38.215495], [27.3735738, 38.2159297], [27.3736139, 38.2178185], [27.3749158, 38.2198344], [27.3748612, 38.2200179], [27.3747539, 38.220237], [27.3743141, 38.2205489], [27.3736968, 38.2207322], [27.3734496, 38.2211441], [27.3724687, 38.2216025], [27.3722112, 38.2220745], [27.3733041, 38.2237189], [27.3746279, 38.2299717], [27.3752667, 38.230792], [27.3754084, 38.2313203], [27.3753637, 38.2320252], [27.3750007, 38.2329131], [27.3749149, 38.2332249], [27.3750007, 38.233562], [27.3752582, 38.2338739], [27.3755908, 38.2341688], [27.3756766, 38.2342952], [27.3756552, 38.2344048], [27.3754907, 38.2346884], [27.375505, 38.2348936], [27.3755586, 38.2350958], [27.3762747, 38.2358122], [27.3762908, 38.2360028], [27.3765886, 38.2361745], [27.37661, 38.2363009], [27.3764813, 38.2363767], [27.3762774, 38.2364189], [27.3763096, 38.2367298], [27.3761809, 38.2369414], [27.3760092, 38.237211], [27.3758376, 38.2374133], [27.3757254, 38.2377089], [27.3758268, 38.2377925], [27.3759448, 38.2378093], [27.3762246, 38.2378146], [27.3764491, 38.2380284], [27.3766529, 38.2381801], [27.3767876, 38.2385755], [27.3769641, 38.2388459], [27.377007, 38.2390818], [27.3769963, 38.2393009], [27.3770285, 38.2396632], [27.377021, 38.2398858], [27.3768568, 38.2402796], [27.3767978, 38.2405539], [27.3766851, 38.2406744], [27.3765671, 38.2406997], [27.3764062, 38.2407334], [27.3763525, 38.240961], [27.3762452, 38.2410705], [27.3761326, 38.2410958], [27.3760199, 38.2410873], [27.3758697, 38.2411168], [27.3757893, 38.2412011], [27.3758107, 38.2412812], [27.3762744, 38.2416282], [27.3763257, 38.2417362], [27.3763525, 38.2418879], [27.3762882, 38.2420058], [27.3761755, 38.2421196], [27.3761111, 38.2422207], [27.3760843, 38.2423092], [27.3761648, 38.2423682], [27.3763238, 38.2424027], [27.3764223, 38.2424229], [27.3764384, 38.2424777], [27.3764813, 38.2425578], [27.3764813, 38.2426842], [27.376492, 38.2428148], [27.376669, 38.2428358], [27.3767817, 38.2428822], [27.3768461, 38.2430002], [27.3768514, 38.2431181], [27.3769051, 38.2432024], [27.3770446, 38.2432782], [27.3772216, 38.2433035], [27.3774737, 38.2434552], [27.3776239, 38.2436026], [27.3777366, 38.2437375], [27.3781979, 38.2437754], [27.3787665, 38.2436995], [27.3792684, 38.2435549], [27.379936, 38.2436827], [27.3805046, 38.2439523], [27.3809335, 38.2440977], [27.3814931, 38.2441912], [27.3816755, 38.2443813], [27.3816609, 38.2444886], [27.3820413, 38.244976], [27.3820281, 38.2453258], [27.3821568, 38.2456249], [27.382189, 38.2457471], [27.3821139, 38.2459662], [27.3821032, 38.2461558], [27.3822212, 38.2462948], [27.3823446, 38.2463917], [27.3823714, 38.246497], [27.3825324, 38.2466108], [27.3825484, 38.24707], [27.3834121, 38.2477525], [27.3834634, 38.2481535], [27.3837534, 38.2486889], [27.3837125, 38.2489531], [27.3838784, 38.249475], [27.3846665, 38.2499015], [27.3859076, 38.2502431], [27.3864645, 38.2504782], [27.3867649, 38.2509373], [27.3868614, 38.2512912], [27.3869795, 38.2518768], [27.3869526, 38.25194], [27.386899, 38.2519694], [27.3867327, 38.2520706], [27.38684, 38.2521295], [27.3871189, 38.2520916], [27.3875588, 38.2528667], [27.3879397, 38.2538946], [27.3880255, 38.2541516], [27.3880362, 38.2543201], [27.3879826, 38.2544928], [27.3879933, 38.254716], [27.3882186, 38.2543116], [27.3883635, 38.2543201], [27.3885459, 38.2549309], [27.3884386, 38.2550952], [27.3885888, 38.2552426], [27.3887283, 38.2554027], [27.3888355, 38.2555585], [27.3890662, 38.2556976], [27.3892379, 38.2557818], [27.3893988, 38.255866], [27.3895919, 38.2559335], [27.3899567, 38.2560093], [27.3902678, 38.2561946], [27.3907399, 38.2569529], [27.3908257, 38.2572393], [27.3910081, 38.2574668], [27.3912334, 38.2576521], [27.3915017, 38.2577616], [27.3918342, 38.2578206], [27.3928106, 38.2579891], [27.3937281, 38.2599302], [27.3941088, 38.2614262], [27.3945057, 38.2623698], [27.3963066, 38.2622093], [27.3970485, 38.2617674], [27.3976278, 38.2614726], [27.3979068, 38.2614768], [27.3982501, 38.2614642], [27.3989475, 38.2613841], [27.399559, 38.2612325], [27.3995429, 38.2607228], [27.3988134, 38.2600952], [27.3982823, 38.2595771], [27.3976976, 38.2589411], [27.3969412, 38.2580186], [27.396071, 38.2567972], [27.3975393, 38.255809], [27.3983502, 38.2548349], [27.3983265, 38.2546443], [27.3989827, 38.2544275], [27.4007446, 38.2525592], [27.4007392, 38.2523781], [27.4006695, 38.2521927], [27.4004871, 38.2520663], [27.3998433, 38.2518936], [27.3995054, 38.2517335], [27.3993552, 38.2515355], [27.3992801, 38.2506846], [27.400133, 38.2504065], [27.4009913, 38.2499305], [27.4009323, 38.2496777], [27.4014258, 38.2494839], [27.4015921, 38.2493365], [27.4013454, 38.2490669], [27.4021232, 38.2485529], [27.4020159, 38.2484265], [27.4028796, 38.2479083], [27.4024934, 38.2473986], [27.4020183, 38.2470522], [27.4026048, 38.2465258], [27.4021793, 38.2461042], [27.4027437, 38.2456792], [27.403434, 38.2448839], [27.4023593, 38.2444827], [27.402179, 38.244674], [27.4014742, 38.244307], [27.4016318, 38.2441038], [27.4013593, 38.2440154], [27.4006749, 38.2435857], [27.3995472, 38.2428775], [27.3977077, 38.242252], [27.3960732, 38.2418047], [27.3944712, 38.2417684], [27.393988, 38.2418296], [27.3936164, 38.2415746], [27.3931462, 38.2413494], [27.3923451, 38.2413103], [27.3916197, 38.2411505], [27.391271, 38.2410284], [27.3909008, 38.2408809], [27.3905843, 38.2408725], [27.3904073, 38.2406155], [27.3903698, 38.2405354], [27.3903108, 38.240409], [27.3902678, 38.2402615], [27.3903, 38.2400677], [27.3898548, 38.2401141], [27.3894471, 38.2401857], [27.3893344, 38.2401731], [27.3887926, 38.2400256], [27.388621, 38.2400719], [27.3885083, 38.2401267], [27.3883957, 38.240211], [27.3882455, 38.2403163], [27.3881006, 38.2404048], [27.3875642, 38.2405059], [27.3863411, 38.2408261], [27.3859978, 38.2409104], [27.3856437, 38.2411295], [27.3851931, 38.2412812], [27.3846137, 38.2413991], [27.3838198, 38.241416], [27.3833477, 38.2403121], [27.3828757, 38.2392672], [27.3826074, 38.2385341], [27.3821139, 38.2367981], [27.3817062, 38.235475], [27.3813414, 38.234548], [27.3806226, 38.2330395], [27.3801935, 38.2323822], [27.3797321, 38.2316237], [27.3792708, 38.2306039], [27.3786163, 38.2288088], [27.3784447, 38.2284211], [27.3784017, 38.2268029], [27.3781335, 38.2250667], [27.3778653, 38.2230607], [27.377758, 38.2226055], [27.3768675, 38.2196891], [27.3755479, 38.2153649], [27.3750758, 38.2152553], [27.3745823, 38.2152722], [27.3741746, 38.2153228], [27.3734434, 38.215495]]]]}, "bbox": [27.3722112, 38.2152553, 27.403434, 38.2623698]}, {"id": "299", "type": "Feature", "properties": {"mahalle_adi": "Demircili Mahallesi", "_gece_lst_str": "22.3°C"}, "geometry": {"type": "MultiPolygon", "coordinates": [[[[26.686423, 38.2024391], [26.6864397, 38.2025705], [26.6860886, 38.2026756], [26.6864983, 38.2026888], [26.6862307, 38.2027545], [26.6861053, 38.2028202], [26.6866153, 38.203083], [26.6868573, 38.2033363], [26.6864899, 38.2035692], [26.6866571, 38.2036875], [26.6867909, 38.2036152], [26.6875518, 38.2037269], [26.6873929, 38.203878], [26.6880785, 38.203832], [26.6877363, 38.2042584], [26.6878026, 38.2049358], [26.6873176, 38.2058162], [26.6874472, 38.2060641], [26.6878862, 38.2064534], [26.6885467, 38.2067491], [26.6892054, 38.2068257], [26.6898721, 38.2067824], [26.6899681, 38.2067097], [26.6901647, 38.2059404], [26.6905366, 38.2058819], [26.6911339, 38.2055177], [26.6914898, 38.2053825], [26.6919413, 38.2055993], [26.693056, 38.2051013], [26.6934295, 38.2055008], [26.6941038, 38.2055136], [26.6945314, 38.2064332], [26.6944401, 38.2065733], [26.6948064, 38.2068932], [26.6954836, 38.2080131], [26.6954154, 38.2084924], [26.6951257, 38.2086885], [26.6946643, 38.2086294], [26.6939562, 38.2085915], [26.6936558, 38.2089835], [26.693629, 38.2095863], [26.6942781, 38.2104419], [26.6920459, 38.2112259], [26.6918313, 38.2114113], [26.6916597, 38.2114956], [26.6908872, 38.2115378], [26.6905439, 38.2113861], [26.6899967, 38.211209], [26.6901173, 38.2115499], [26.6892779, 38.2121532], [26.6890726, 38.2121192], [26.6872823, 38.2132996], [26.6869068, 38.2131058], [26.686537, 38.2133963], [26.6861343, 38.2137127], [26.6851258, 38.214581], [26.6847718, 38.2149687], [26.6849863, 38.2150109], [26.684643, 38.215896], [26.6845786, 38.2165788], [26.6846108, 38.2174301], [26.6846537, 38.2181803], [26.6849542, 38.2182225], [26.6846216, 38.2189305], [26.6839886, 38.2188462], [26.6839242, 38.2190401], [26.6835809, 38.2190654], [26.6835487, 38.219175], [26.6837847, 38.219175], [26.6836882, 38.2194278], [26.6838598, 38.2197144], [26.68401, 38.220001], [26.6841495, 38.2203466], [26.6842139, 38.2205573], [26.6842353, 38.2207596], [26.6843319, 38.2209366], [26.6847825, 38.2215772], [26.6847718, 38.2217542], [26.6846216, 38.2219902], [26.6844392, 38.221965], [26.6842353, 38.221906], [26.6840851, 38.2218217], [26.6849649, 38.2238024], [26.6842782, 38.2231028], [26.6843533, 38.2236591], [26.6840744, 38.2244851], [26.6844821, 38.2248517], [26.6849157, 38.2250691], [26.6849005, 38.2248728], [26.6850185, 38.224877], [26.6853243, 38.2250119], [26.6854477, 38.225054], [26.685673, 38.225054], [26.6858661, 38.2250625], [26.686011, 38.2250709], [26.6862148, 38.2251467], [26.6863704, 38.2252352], [26.6865045, 38.225349], [26.6863646, 38.2254126], [26.6866547, 38.225467], [26.6867995, 38.2255429], [26.6868693, 38.2256398], [26.6868478, 38.2257578], [26.6869122, 38.2257747], [26.6872287, 38.2250709], [26.6879582, 38.225328], [26.6882425, 38.225092], [26.6886395, 38.2250751], [26.6886985, 38.2253322], [26.6896212, 38.2252352], [26.6897231, 38.2252521], [26.689766, 38.2253195], [26.689734, 38.2256583], [26.6896319, 38.2257199], [26.6892135, 38.2257704], [26.6888112, 38.2257873], [26.6888702, 38.2259727], [26.690163, 38.2258126], [26.6895461, 38.2267397], [26.6893959, 38.2276373], [26.6897178, 38.2283368], [26.6898733, 38.2283284], [26.6898894, 38.2290321], [26.6900289, 38.2293103], [26.6900289, 38.2296474], [26.6900021, 38.2299592], [26.6900343, 38.2303806], [26.6896963, 38.2303848], [26.6891384, 38.2305534], [26.6881192, 38.231295], [26.6880923, 38.2320493], [26.6877973, 38.2320282], [26.687277, 38.2332586], [26.687175, 38.2334862], [26.687057, 38.2337264], [26.6870195, 38.2338149], [26.6872555, 38.2339244], [26.6873199, 38.2344469], [26.6871321, 38.2343921], [26.687057, 38.2340298], [26.6865098, 38.2341435], [26.6865903, 38.2335115], [26.6859949, 38.2333977], [26.6859466, 38.2332291], [26.6859627, 38.23293], [26.6859358, 38.2326561], [26.6858554, 38.2329089], [26.6857696, 38.2334946], [26.6857374, 38.2336674], [26.6856998, 38.2338612], [26.6856515, 38.234034], [26.6856033, 38.234173], [26.6855979, 38.2343542], [26.6854101, 38.2347208], [26.684525, 38.2345565], [26.6842943, 38.2346913], [26.6839725, 38.2347039], [26.6840583, 38.2346323], [26.6835648, 38.2343837], [26.6835058, 38.2339918], [26.6833073, 38.2339286], [26.6832429, 38.233798], [26.6749695, 38.2346956], [26.6743085, 38.230439], [26.6762727, 38.2219171], [26.6754913, 38.2204646], [26.6758502, 38.2201103], [26.6758966, 38.2198601], [26.6744301, 38.2184259], [26.6736379, 38.2182092], [26.6733236, 38.2175647], [26.6717635, 38.2167917], [26.671196, 38.2170225], [26.6702041, 38.2158934], [26.6710224, 38.2153237], [26.6714045, 38.2160041], [26.672539, 38.2156676], [26.6731095, 38.2156515], [26.6728949, 38.2150614], [26.6739957, 38.2142057], [26.6744533, 38.2132059], [26.674118, 38.2130215], [26.6740429, 38.2129119], [26.6744789, 38.2125445], [26.6749656, 38.212895], [26.6756952, 38.2128107], [26.6763282, 38.2121363], [26.6763335, 38.2112385], [26.6764837, 38.2112533], [26.6766261, 38.2112361], [26.6775102, 38.2115909], [26.6784305, 38.2117782], [26.6805202, 38.2117815], [26.6830837, 38.2113332], [26.6834313, 38.2103234], [26.6839876, 38.209934], [26.6842802, 38.2093813], [26.6847258, 38.2091405], [26.6855636, 38.2089242], [26.6859548, 38.2083981], [26.6860419, 38.2081128], [26.6859966, 38.2078397], [26.6862558, 38.2075243], [26.686239, 38.2073999], [26.6862333, 38.2072808], [26.6862626, 38.207196], [26.6862968, 38.2071632], [26.6863407, 38.20717], [26.6863653, 38.2072598], [26.6863202, 38.2074676], [26.6864314, 38.2075369], [26.686607, 38.20752], [26.6868829, 38.2073667], [26.6869999, 38.2069987], [26.6869916, 38.2066308], [26.6867435, 38.2061888], [26.6864648, 38.2059738], [26.6858393, 38.20598], [26.6852358, 38.206033], [26.685102, 38.2062366], [26.6845845, 38.2064187], [26.684107, 38.2059278], [26.684291, 38.2058227], [26.6843588, 38.2055546], [26.6841154, 38.2052183], [26.6835431, 38.2049899], [26.6835218, 38.2045284], [26.6841823, 38.2044036], [26.6843495, 38.2040291], [26.6848595, 38.2037926], [26.6848512, 38.2036349], [26.6846923, 38.2035101], [26.6850769, 38.2033589], [26.6853695, 38.2030896], [26.6853695, 38.2028925], [26.6859515, 38.202501], [26.686423, 38.2024391]]]]}, "bbox": [26.6702041, 38.2024391, 26.6954836, 38.2347208]}, {"id": "316", "type": "Feature", "properties": {"mahalle_adi": "100. Yıl Mahallesi", "_gece_lst_str": "22.5°C"}, "geometry": {"type": "MultiPolygon", "coordinates": [[[[27.155199, 38.4814104], [27.1549706, 38.4782218], [27.1570305, 38.4778797], [27.159051, 38.4777518], [27.1601356, 38.477758], [27.1622345, 38.4780145], [27.1639199, 38.4770799], [27.1670801, 38.4777641], [27.1698891, 38.4791873], [27.1700373, 38.4793278], [27.1705913, 38.4790835], [27.1711999, 38.4787231], [27.1712546, 38.4785826], [27.171244, 38.4782314], [27.1716369, 38.478662], [27.1719178, 38.4786986], [27.1720661, 38.4787964], [27.1723079, 38.4789613], [27.1724874, 38.4791629], [27.1726279, 38.4792789], [27.1728307, 38.4795905], [27.172027, 38.4807571], [27.1726513, 38.4808487], [27.173174, 38.4808793], [27.1743757, 38.4809281], [27.1748282, 38.480922], [27.1755227, 38.4803906], [27.1769272, 38.4801341], [27.177489, 38.479902], [27.1784877, 38.4799875], [27.1798532, 38.4800302], [27.1807193, 38.4802929], [27.1827292, 38.479739], [27.1835285, 38.4799238], [27.1855053, 38.4800708], [27.1857436, 38.4800627], [27.1852733, 38.4805425], [27.1849671, 38.4810435], [27.1845006, 38.4813076], [27.1845671, 38.4822175], [27.1851151, 38.4828648], [27.1850028, 38.4830251], [27.1843883, 38.4856907], [27.184239, 38.4856814], [27.1839983, 38.48588], [27.1838513, 38.486058], [27.1834536, 38.4861179], [27.1830656, 38.4860051], [27.1827264, 38.4860832], [27.182646, 38.4862648], [27.1822216, 38.4864957], [27.1821387, 38.4870575], [27.1820189, 38.4871918], [27.1818524, 38.4871436], [27.1812766, 38.4871536], [27.1811074, 38.4872907], [27.1810413, 38.4875515], [27.1809029, 38.4876496], [27.180586, 38.4876571], [27.1804221, 38.4877239], [27.1800985, 38.4877854], [27.1796271, 38.4876601], [27.1795325, 38.4875855], [27.179373, 38.487599], [27.1792343, 38.4876451], [27.179045, 38.4878224], [27.1785418, 38.487949], [27.1788454, 38.4882197], [27.1796896, 38.4886916], [27.180849, 38.4891606], [27.1812434, 38.4894243], [27.1825648, 38.4901081], [27.1830334, 38.490479], [27.183491, 38.4910598], [27.1836573, 38.4913159], [27.1838289, 38.491677], [27.183845, 38.4920129], [27.1837914, 38.4925251], [27.1841, 38.4945], [27.1824, 38.4953], [27.1816, 38.4978], [27.1822, 38.5001], [27.1758, 38.5065], [27.1707, 38.5011], [27.1697, 38.499], [27.1652949, 38.4925797], [27.166, 38.4915], [27.161, 38.4891], [27.1583104, 38.4877763], [27.1558213, 38.4861135], [27.1550703, 38.482519], [27.155199, 38.4814104]]]]}, "bbox": [27.1549706, 38.4770799, 27.1857436, 38.5065]}], "bbox": [26.6702041, 38.1839412, 27.4044782, 38.64783]}