{"type": "FeatureCollection", "features": [{"id": "2", "type": "Feature", "properties": {"mahalle_adi": "Yeni Mahalle Mahallesi", "_gece_lst_str": "23.5°C"}, "geometry": {"type": "MultiPolygon", "coordinates": [[[[27.0468713, 38.4935719], [27.0481226, 38.493537], [27.0502925, 38.4934937], [27.0533878, 38.4933187], [27.0583981, 38.4929765], [27.0616322, 38.4943737], [27.0613432, 38.4946276], [27.0609905, 38.4949656], [27.060682, 38.4952647], [27.0603776, 38.495567], [27.0599578, 38.4959554], [27.0598856, 38.4960199], [27.0595694, 38.4963398], [27.0591055, 38.4967728], [27.0586368, 38.4971288], [27.0581929, 38.4975025], [27.0579059, 38.4977365], [27.0578289, 38.4976636], [27.0572259, 38.4972093], [27.0565609, 38.4966326], [27.0562617, 38.4963836], [27.0558822, 38.4966953], [27.0550159, 38.4973965], [27.0545237, 38.497746], [27.0543507, 38.4979013], [27.0539859, 38.4982267], [27.0532885, 38.4988995], [27.0526153, 38.4995733], [27.0520762, 38.5001264], [27.0515719, 38.5006806], [27.05125, 38.5010857], [27.0506895, 38.5017217], [27.0501584, 38.5023577], [27.0497936, 38.5018875], [27.0490158, 38.5010731], [27.04849, 38.5005064], [27.0478401, 38.4996287], [27.0478396, 38.4995529], [27.0478287, 38.4989228], [27.0482485, 38.4981009], [27.0480435, 38.4980525], [27.0465991, 38.497661], [27.0458977, 38.4974521], [27.0452338, 38.4972863], [27.0462906, 38.495229], [27.0468324, 38.4940492], [27.0468713, 38.4935719]]]]}, "bbox": [27.0452338, 38.4929765, 27.0616322, 38.5023577]}, {"id": "6", "type": "Feature", "properties": {"mahalle_adi": "Bayraklı Mahallesi", "_gece_lst_str": "23.7°C"}, "geometry": {"type": "MultiPolygon", "coordinates": [[[[27.1611372, 38.4646492], [27.1612246, 38.4645481], [27.1615312, 38.4636132], [27.1612845, 38.4635366], [27.1613177, 38.4634887], [27.1615233, 38.4635313], [27.161623, 38.4634831], [27.1620115, 38.4634771], [27.1623557, 38.4632788], [27.1626427, 38.462778], [27.1628492, 38.4625609], [27.1627812, 38.4625364], [27.1631023, 38.4619761], [27.1634445, 38.4613789], [27.1635195, 38.4614038], [27.1636059, 38.4610973], [27.1638391, 38.4606903], [27.1637175, 38.4601941], [27.1641052, 38.4594738], [27.1651554, 38.459747], [27.1665501, 38.4602511], [27.1678376, 38.4607216], [27.1695596, 38.4613852], [27.1707666, 38.4618221], [27.1713889, 38.4619565], [27.1709919, 38.4620699], [27.1708471, 38.4622379], [27.1706136, 38.4623733], [27.1704708, 38.4624937], [27.1701922, 38.4627249], [27.1699718, 38.4629156], [27.1696822, 38.4631503], [27.1694794, 38.4633395], [27.1690124, 38.4636577], [27.1688354, 38.4638089], [27.1686637, 38.4641701], [27.1684575, 38.4645552], [27.168239, 38.464639], [27.1681704, 38.4649427], [27.1679776, 38.4649708], [27.1678269, 38.4653798], [27.1671349, 38.4652496], [27.1671269, 38.4652948], [27.1670972, 38.465464], [27.1670814, 38.4655536], [27.1669418, 38.4663458], [27.1667101, 38.4662258], [27.1664536, 38.4661316], [27.1662015, 38.4665097], [27.1650803, 38.4660182], [27.1643561, 38.4657158], [27.1636373, 38.4653882], [27.1635836, 38.4653546], [27.1635085, 38.4651824], [27.16331, 38.4649052], [27.162661, 38.465615], [27.1620762, 38.4652118], [27.1611372, 38.4646492]]]]}, "bbox": [27.1611372, 38.4594738, 27.1713889, 38.4665097]}, {"id": "10", "type": "Feature", "properties": {"mahalle_adi": "Muhittin Erener Mahallesi", "_gece_lst_str": "23.8°C"}, "geometry": {"type": "MultiPolygon", "coordinates": [[[[27.1717295, 38.4765222], [27.1714103, 38.4762765], [27.1710402, 38.4759574], [27.1709503, 38.4758828], [27.1710509, 38.4758041], [27.1712158, 38.4756718], [27.1713352, 38.4755721], [27.1713862, 38.4754723], [27.1716329, 38.4753043], [27.1718904, 38.4750985], [27.172097, 38.4749095], [27.1721694, 38.4748192], [27.172451, 38.4749305], [27.1725476, 38.4749746], [27.1726736, 38.4748255], [27.1728319, 38.474645], [27.1730947, 38.474435], [27.1731377, 38.4743825], [27.1731269, 38.4741158], [27.1729392, 38.4738071], [27.1727943, 38.4736223], [27.172679, 38.4734417], [27.1726227, 38.4732737], [27.1725959, 38.4731666], [27.1725717, 38.4730364], [27.1725637, 38.4728937], [27.1725717, 38.4727509], [27.1726276, 38.4725594], [27.172671, 38.4724107], [27.1727326, 38.4721713], [27.1728453, 38.4718248], [27.1726817, 38.4718017], [27.1727219, 38.4716043], [27.1728104, 38.4713481], [27.1730706, 38.4709533], [27.1731913, 38.4707769], [27.1734622, 38.4709323], [27.1736902, 38.4710856], [27.1738002, 38.4711738], [27.1739691, 38.4712725], [27.1741784, 38.4713775], [27.1743527, 38.471451], [27.1743742, 38.471535], [27.1743607, 38.4716568], [27.1746746, 38.4716946], [27.1750313, 38.4716715], [27.1753076, 38.4716757], [27.1755624, 38.4716757], [27.1759379, 38.471661], [27.176249, 38.4716064], [27.1767452, 38.4715833], [27.1770939, 38.4716295], [27.1772066, 38.4715161], [27.1773514, 38.4714384], [27.1776813, 38.4713208], [27.1780729, 38.4712095], [27.1782258, 38.4711675], [27.1782494, 38.4711455], [27.1783948, 38.4718395], [27.1777779, 38.4720978], [27.1779335, 38.4722322], [27.1780944, 38.472354], [27.1783251, 38.4724653], [27.1786013, 38.4725556], [27.1788427, 38.4726039], [27.1791458, 38.4726858], [27.1793523, 38.4727509], [27.1794596, 38.4728097], [27.1796447, 38.4728979], [27.1798968, 38.4730154], [27.1796554, 38.473511], [27.1795079, 38.4737735], [27.1793604, 38.4739478], [27.1791968, 38.4741074], [27.1786979, 38.4745736], [27.177912, 38.47513], [27.1777672, 38.475235], [27.1773863, 38.475361], [27.1769679, 38.4755206], [27.1768337, 38.4756655], [27.1764341, 38.4758272], [27.1760344, 38.4760245], [27.1754283, 38.4763038], [27.1751271, 38.4764713], [27.174916, 38.4765579], [27.174814, 38.4766419], [27.1746129, 38.4767553], [27.1744278, 38.4768183], [27.1742696, 38.4768582], [27.1740764, 38.476875], [27.1738055, 38.4769023], [27.1736205, 38.4769065], [27.1733361, 38.4769149], [27.1729821, 38.4769065], [27.1726468, 38.476875], [27.1724188, 38.4768792], [27.1721292, 38.476875], [27.1720621, 38.476833], [27.1718878, 38.4767826], [27.1716571, 38.4766755], [27.1717295, 38.4765222]]]]}, "bbox": [27.1709503, 38.4707769, 27.1798968, 38.4769149]}, {"id": "11", "type": "Feature", "properties": {"mahalle_adi": "Cengizhan Mahallesi", "_gece_lst_str": "23.6°C"}, "geometry": {"type": "MultiPolygon", "coordinates": [[[[27.171244, 38.4782314], [27.171067, 38.4778787], [27.1708631, 38.4776603], [27.1705574, 38.4774881], [27.1702301, 38.4773789], [27.1701068, 38.4773075], [27.1701658, 38.4770598], [27.1701497, 38.4769674], [27.1703616, 38.4770493], [27.1704742, 38.4770891], [27.1705413, 38.4770535], [27.1707237, 38.4770618], [27.1708846, 38.4770136], [27.1709919, 38.4769758], [27.1710911, 38.4768939], [27.1711609, 38.4768204], [27.1712735, 38.4767637], [27.1713915, 38.4766503], [27.1714291, 38.4765621], [27.171531, 38.476497], [27.1717295, 38.4765222], [27.1714103, 38.4762765], [27.1710402, 38.4759574], [27.1709503, 38.4758828], [27.1710509, 38.4758041], [27.1712158, 38.4756718], [27.1713352, 38.4755721], [27.1713862, 38.4754723], [27.1716329, 38.4753043], [27.1718904, 38.4750985], [27.172097, 38.4749095], [27.1721694, 38.4748192], [27.172451, 38.4749305], [27.1725476, 38.4749746], [27.1726736, 38.4748255], [27.1728319, 38.474645], [27.1730947, 38.474435], [27.1731377, 38.4743825], [27.1731269, 38.4741158], [27.1729392, 38.4738071], [27.1727943, 38.4736223], [27.172679, 38.4734417], [27.1726227, 38.4732737], [27.1725959, 38.4731666], [27.1725717, 38.4730364], [27.1725637, 38.4728937], [27.1725717, 38.4727509], [27.1726276, 38.4725594], [27.172671, 38.4724107], [27.1727326, 38.4721713], [27.1728453, 38.4718248], [27.1726817, 38.4718017], [27.1727219, 38.4716043], [27.1720567, 38.4714678], [27.1716651, 38.4714468], [27.1715988, 38.4714627], [27.171435, 38.4714923], [27.1712896, 38.4715371], [27.1706352, 38.4716967], [27.169919, 38.4718689], [27.1695247, 38.4720075], [27.1691734, 38.4721335], [27.1687388, 38.4722994], [27.1684438, 38.4723939], [27.1684009, 38.4725325], [27.1682319, 38.4726312], [27.1680522, 38.4727362], [27.1677974, 38.4728328], [27.1675104, 38.472921], [27.1670437, 38.4729629], [27.1666816, 38.4730112], [27.1662283, 38.4730847], [27.1658716, 38.4731603], [27.1653029, 38.4732905], [27.1651822, 38.4733766], [27.1651393, 38.4732338], [27.1650723, 38.4731015], [27.1649569, 38.4728706], [27.164568, 38.4729734], [27.1643427, 38.4730616], [27.1641898, 38.4731498], [27.1637017, 38.4734165], [27.1635354, 38.4735278], [27.1628192, 38.4738512], [27.1625054, 38.473973], [27.1619287, 38.4741179], [27.1617892, 38.4741473], [27.161116, 38.4742754], [27.1605983, 38.4743405], [27.1602067, 38.4743531], [27.1599224, 38.4743447], [27.1596006, 38.4743258], [27.1593323, 38.4743174], [27.1591848, 38.474351], [27.1590078, 38.4743615], [27.1589917, 38.4740822], [27.1589917, 38.4738428], [27.1590131, 38.4736517], [27.1591043, 38.4734081], [27.1588737, 38.4733388], [27.1587717, 38.4736244], [27.1586376, 38.4740234], [27.158525, 38.4741872], [27.1583533, 38.4743048], [27.1582192, 38.4744224], [27.1582192, 38.4745232], [27.1583319, 38.4746618], [27.1584445, 38.4748423], [27.1582353, 38.4763962], [27.1581548, 38.4766104], [27.1578437, 38.4767784], [27.1573877, 38.4769212], [27.1570337, 38.4770682], [27.1569371, 38.4772109], [27.1570305, 38.4778797], [27.159051, 38.4777518], [27.1601356, 38.477758], [27.1622345, 38.4780145], [27.1639199, 38.4770799], [27.1670801, 38.4777641], [27.1698891, 38.4791873], [27.1700373, 38.4793278], [27.1705913, 38.4790835], [27.1711999, 38.4787231], [27.1712546, 38.4785826], [27.171244, 38.4782314]]]]}, "bbox": [27.1569371, 38.4714468, 27.1731377, 38.4793278]}, {"id": "12", "type": "Feature", "properties": {"mahalle_adi": "Körfez Mahallesi", "_gece_lst_str": "23.4°C"}, "geometry": {"type": "MultiPolygon", "coordinates": [[[[27.1425337, 38.5012452], [27.1415735, 38.4999774], [27.1403289, 38.4988103], [27.1399641, 38.4986591], [27.138623, 38.4983904], [27.1373248, 38.4969714], [27.1378398, 38.4968034], [27.1383, 38.4966], [27.1382024, 38.4964309], [27.1381509, 38.4963416], [27.1381724, 38.4962325], [27.1380115, 38.4959889], [27.137931, 38.4957832], [27.1378452, 38.4953424], [27.1378203, 38.4952531], [27.1376447, 38.4950145], [27.1374106, 38.4947042], [27.1371371, 38.4943305], [27.1368849, 38.4939779], [27.1367937, 38.4937931], [27.1365416, 38.4935832], [27.1363351, 38.4932851], [27.1361071, 38.492861], [27.1359676, 38.4927015], [27.1358496, 38.4923992], [27.1357101, 38.4919541], [27.1357638, 38.4918197], [27.1356136, 38.4913453], [27.1356082, 38.4910976], [27.1356887, 38.4910052], [27.1358281, 38.4909758], [27.1355706, 38.4900941], [27.1353561, 38.4892417], [27.1350344, 38.4883788], [27.1349966, 38.4882885], [27.134766, 38.4878812], [27.1347506, 38.4878416], [27.1345407, 38.4874655], [27.1343368, 38.4859917], [27.1336663, 38.4860211], [27.1330225, 38.4861471], [27.1322876, 38.4862898], [27.131778, 38.4862982], [27.131263, 38.4863024], [27.1306139, 38.4862814], [27.1300238, 38.4862898], [27.1291655, 38.486336], [27.128377, 38.4863696], [27.1276689, 38.4863822], [27.1269661, 38.4863528], [27.1257395, 38.4862479], [27.1249777, 38.4862103], [27.1244055, 38.4861796], [27.1236902, 38.4861305], [27.1231269, 38.4861249], [27.1227693, 38.4861137], [27.1219951, 38.4861192], [27.1215534, 38.4861261], [27.1205127, 38.4861723], [27.1197832, 38.486189], [27.1191877, 38.4862226], [27.1184099, 38.4862016], [27.1174514, 38.4862535], [27.1168756, 38.4867517], [27.1162534, 38.4874026], [27.1165162, 38.4879736], [27.1167093, 38.4887588], [27.1167523, 38.4894768], [27.1168113, 38.4898799], [27.1170473, 38.4905307], [27.1177393, 38.4923068], [27.1178824, 38.4925928], [27.1179968, 38.4928358], [27.1185923, 38.4937343], [27.1189195, 38.4943515], [27.1191233, 38.4950779], [27.1192574, 38.4954725], [27.1197724, 38.4957706], [27.1207166, 38.4961863], [27.1214247, 38.4967447], [27.1219611, 38.4969378], [27.122916, 38.4973031], [27.1233934, 38.4975424], [27.1236509, 38.4975969], [27.1242946, 38.4975298], [27.1250671, 38.4976767], [27.125566, 38.4977649], [27.1268159, 38.4980252], [27.1283072, 38.4987557], [27.1304691, 38.4993225], [27.1309358, 38.4997045], [27.1330655, 38.5016021], [27.1334732, 38.5020807], [27.1339774, 38.5024165], [27.1371746, 38.5037725], [27.1395242, 38.5048514], [27.1409672, 38.5050865], [27.1414769, 38.5037053], [27.1425337, 38.5012452]]]]}, "bbox": [27.1162534, 38.4859917, 27.1425337, 38.5050865]}, {"id": "14", "type": "Feature", "properties": {"mahalle_adi": "Turan Mahallesi", "_gece_lst_str": "23.6°C"}, "geometry": {"type": "MultiPolygon", "coordinates": [[[[27.140978, 38.4722175], [27.1410853, 38.4726081], [27.141273, 38.4730784], [27.1414018, 38.4734984], [27.1416163, 38.4740948], [27.1418846, 38.4748633], [27.1420884, 38.4753127], [27.1423835, 38.4757243], [27.1427751, 38.4761568], [27.1431398, 38.478034], [27.1430755, 38.4783406], [27.1431506, 38.4786304], [27.1453237, 38.483151], [27.1469915, 38.4825778], [27.1495771, 38.482309], [27.1512294, 38.4818639], [27.1542764, 38.4814524], [27.1551691, 38.4814157], [27.155199, 38.4814104], [27.1549706, 38.4782218], [27.1570305, 38.4778797], [27.1569371, 38.4772109], [27.1565884, 38.4767448], [27.1562505, 38.476413], [27.1561442, 38.4762888], [27.1558911, 38.4759931], [27.1555209, 38.4753757], [27.1553436, 38.4751179], [27.1551038, 38.4747603], [27.1549684, 38.4745736], [27.1544266, 38.474183], [27.1541744, 38.4741368], [27.1538794, 38.4741242], [27.153697, 38.4734606], [27.1536004, 38.4731372], [27.1535951, 38.4728685], [27.1536487, 38.4725577], [27.1536863, 38.4720033], [27.153689, 38.4684816], [27.1542871, 38.4685614], [27.1550918, 38.4686097], [27.155529, 38.4686202], [27.1559608, 38.4686076], [27.1564221, 38.4685299], [27.1573931, 38.4682926], [27.1577874, 38.4681519], [27.1582514, 38.4679041], [27.1586081, 38.4677088], [27.1587771, 38.467566], [27.1588281, 38.4674148], [27.1587905, 38.4672195], [27.1582941, 38.4667437], [27.1578134, 38.4669251], [27.1572594, 38.467206], [27.1570071, 38.4673106], [27.1569819, 38.4672367], [27.1564015, 38.467403], [27.1559823, 38.4673594], [27.1561662, 38.4662335], [27.1560617, 38.466217], [27.1559605, 38.4669895], [27.1557998, 38.4675526], [27.1555807, 38.4675321], [27.1555309, 38.4669375], [27.1553334, 38.4668944], [27.1553223, 38.4669739], [27.1550218, 38.4669351], [27.1550557, 38.4667771], [27.155328, 38.4652442], [27.1553645, 38.4652478], [27.1553739, 38.465182], [27.155286, 38.4651745], [27.1552738, 38.4652383], [27.1553002, 38.4652427], [27.1550194, 38.4667682], [27.1547939, 38.4667703], [27.1546973, 38.4669904], [27.1546581, 38.466977], [27.1544077, 38.4669025], [27.1542172, 38.4668962], [27.1539155, 38.4669501], [27.1538484, 38.4669363], [27.153711, 38.4668623], [27.1539107, 38.466503], [27.1535169, 38.4662663], [27.1529183, 38.4660148], [27.1520372, 38.4656787], [27.1514257, 38.4654603], [27.1517328, 38.4646633], [27.1515893, 38.4646329], [27.1514257, 38.4651936], [27.15079, 38.4652682], [27.1500922, 38.4650878], [27.1505526, 38.4636752], [27.1505781, 38.4636767], [27.1505862, 38.4636498], [27.1506012, 38.4636527], [27.1506186, 38.4636], [27.1505023, 38.4635787], [27.1504804, 38.4636287], [27.1505371, 38.4636435], [27.1500669, 38.4650746], [27.1491574, 38.4648417], [27.1488092, 38.4647235], [27.1484734, 38.464639], [27.1482793, 38.4645353], [27.1481499, 38.4643785], [27.1481252, 38.4642868], [27.147851, 38.4642724], [27.1473549, 38.4644557], [27.1463911, 38.4645039], [27.1451594, 38.464669], [27.1451567, 38.464795], [27.1450417, 38.4647822], [27.1450154, 38.4648775], [27.1438819, 38.4647446], [27.1437499, 38.4646595], [27.1436839, 38.4647532], [27.1435882, 38.4647227], [27.1434788, 38.4647685], [27.143166, 38.4646885], [27.1432148, 38.4646129], [27.1428256, 38.4645188], [27.1427951, 38.4645927], [27.142411, 38.4645085], [27.141967, 38.4644741], [27.141611, 38.464943], [27.1416163, 38.4664886], [27.14167, 38.4665181], [27.1418363, 38.4666525], [27.1419007, 38.4667785], [27.1418685, 38.4670221], [27.1416914, 38.4672279], [27.1414339, 38.4675513], [27.1413696, 38.4678495], [27.1413588, 38.4681519], [27.1413642, 38.4684501], [27.14145, 38.4688911], [27.1414769, 38.4691263], [27.1414232, 38.4694413], [27.1411926, 38.4699411], [27.140876, 38.4707265], [27.1406776, 38.4711003], [27.1406025, 38.4713649], [27.1406722, 38.4715917], [27.1408063, 38.4718647], [27.140978, 38.4722175]]]]}, "bbox": [27.1406025, 38.4635787, 27.1588281, 38.483151]}, {"id": "16", "type": "Feature", "properties": {"mahalle_adi": "Yamanlar Mahallesi", "_gece_lst_str": "23.7°C"}, "geometry": {"type": "MultiPolygon", "coordinates": [[[[27.1504569, 38.4933523], [27.1504354, 38.4939233], [27.1507037, 38.4949141], [27.1505427, 38.4953088], [27.1502209, 38.4954935], [27.1501647, 38.4955007], [27.1496308, 38.4955691], [27.1490514, 38.4957119], [27.1488905, 38.495905], [27.1489119, 38.4962493], [27.1488261, 38.4964508], [27.1483021, 38.4969387], [27.1480016, 38.4971723], [27.1476927, 38.4973123], [27.1474975, 38.4973632], [27.1472861, 38.4974269], [27.1471398, 38.4974141], [27.1452859, 38.4965869], [27.145107, 38.4968032], [27.1429198, 38.4961414], [27.1428304, 38.496205], [27.1405434, 38.4963248], [27.1404771, 38.4959584], [27.1404671, 38.4959078], [27.1403503, 38.4953172], [27.1402001, 38.4944775], [27.1400928, 38.4930332], [27.1403503, 38.4920759], [27.1403503, 38.4911522], [27.1403289, 38.4903292], [27.1401357, 38.4893383], [27.139728, 38.4883473], [27.1391916, 38.4877259], [27.1388268, 38.4871044], [27.1371317, 38.4858783], [27.1376735, 38.4849545], [27.1376735, 38.4848453], [27.1373892, 38.4846732], [27.1372443, 38.4845304], [27.1369278, 38.4843918], [27.1365309, 38.4843414], [27.1361661, 38.4842617], [27.1357959, 38.4840517], [27.1355063, 38.4838417], [27.1351522, 38.483678], [27.134825, 38.4835436], [27.1346426, 38.4834596], [27.1344656, 38.4833042], [27.1342617, 38.4830103], [27.1340632, 38.482708], [27.1337092, 38.4825106], [27.1333444, 38.4824728], [27.1329313, 38.4824686], [27.1324056, 38.4825274], [27.1320677, 38.4825484], [27.1317726, 38.4825274], [27.1313703, 38.4823594], [27.1310323, 38.4819815], [27.1306783, 38.4815448], [27.1303886, 38.4811626], [27.1300238, 38.4809191], [27.1295679, 38.4806671], [27.1286452, 38.4804298], [27.128098, 38.4803374], [27.1273041, 38.4803521], [27.1269232, 38.480159], [27.1266174, 38.4799994], [27.1259415, 38.4796466], [27.1256143, 38.4794283], [27.1252066, 38.4790125], [27.1249062, 38.478769], [27.124826, 38.4787103], [27.1246594, 38.4785884], [27.1242249, 38.4784414], [27.1238387, 38.4783406], [27.123549, 38.4782104], [27.1233183, 38.4779837], [27.1231091, 38.4777065], [27.1229804, 38.4774209], [27.1228033, 38.476896], [27.1227336, 38.476434], [27.1226209, 38.4759343], [27.1227068, 38.4758965], [27.1226209, 38.4754975], [27.1227872, 38.4754219], [27.1228462, 38.4752791], [27.122916, 38.4750733], [27.1229052, 38.4749683], [27.1228838, 38.4748717], [27.1228194, 38.4748129], [27.1227014, 38.4746786], [27.1225458, 38.4745358], [27.1233451, 38.4741242], [27.123844, 38.4741284], [27.1243161, 38.4741158], [27.1249115, 38.4741578], [27.1253622, 38.4741872], [27.1254471, 38.4741932], [27.1258657, 38.474205], [27.126317, 38.4741368], [27.1266979, 38.4740612], [27.1272182, 38.4739856], [27.1278244, 38.473973], [27.1284038, 38.473994], [27.1288705, 38.474057], [27.1300024, 38.4742082], [27.130553, 38.4743032], [27.1306837, 38.4743258], [27.1305978, 38.4747206], [27.1306193, 38.4750859], [27.1307158, 38.4754471], [27.1307194, 38.4755518], [27.1307312, 38.4756716], [27.130748, 38.4759384], [27.1307534, 38.4760141], [27.1307427, 38.476392], [27.1305442, 38.4764508], [27.1304959, 38.4765306], [27.1304959, 38.4766104], [27.1305656, 38.4766776], [27.1306515, 38.4767364], [27.1314025, 38.4771017], [27.1311718, 38.4768204], [27.1311504, 38.4766734], [27.1317887, 38.4770514], [27.1317951, 38.4770645], [27.132175, 38.4772907], [27.1325719, 38.4775469], [27.1327198, 38.4776751], [27.1328294, 38.4777569], [27.1332908, 38.4783406], [27.1336321, 38.4787765], [27.1340203, 38.479317], [27.1344817, 38.4797978], [27.1347445, 38.4801086], [27.1349645, 38.4804235], [27.1351334, 38.4806125], [27.1356592, 38.4811773], [27.135922, 38.4814083], [27.1361795, 38.481635], [27.1365067, 38.4818471], [27.136842, 38.4820613], [27.1373892, 38.4823531], [27.1376306, 38.4825442], [27.1383172, 38.4829893], [27.138623, 38.483235], [27.1389449, 38.4835394], [27.1391004, 38.4836948], [27.1392614, 38.4838501], [27.1393767, 38.4840139], [27.1399105, 38.4846522], [27.1403181, 38.4851687], [27.1406132, 38.4855256], [27.1408868, 38.4859203], [27.1412516, 38.4865292], [27.1414608, 38.4868777], [27.1415842, 38.487243], [27.1416432, 38.4876293], [27.14167, 38.487961], [27.1415842, 38.488129], [27.1418256, 38.488973], [27.1432525, 38.4885993], [27.1437836, 38.4896658], [27.1443736, 38.4905559], [27.1449423, 38.491572], [27.1456718, 38.4920339], [27.1470988, 38.4927141], [27.1478712, 38.4930752], [27.1488476, 38.493495], [27.1495449, 38.4938057], [27.1499097, 38.4937889], [27.1501887, 38.493579], [27.1504569, 38.4933523]]]]}, "bbox": [27.1225458, 38.473973, 27.1507037, 38.4974269]}, {"id": "29", "type": "Feature", "properties": {"mahalle_adi": "Küçük Çiğli Mahallesi", "_gece_lst_str": "23.7°C"}, "geometry": {"type": "MultiPolygon", "coordinates": [[[[27.0598856, 38.4960199], [27.0603776, 38.4963584], [27.0610696, 38.4968538], [27.0618153, 38.4974962], [27.0622176, 38.4978321], [27.0624742, 38.4980946], [27.0616865, 38.4987725], [27.0608765, 38.4993686], [27.0588756, 38.5010521], [27.0573521, 38.5023242], [27.056247, 38.5033107], [27.056483, 38.5034828], [27.0566171, 38.503529], [27.0568532, 38.5035668], [27.0560968, 38.5045449], [27.0556837, 38.5050319], [27.0553136, 38.505523], [27.0551687, 38.5059092], [27.0550078, 38.5063752], [27.0547342, 38.5068748], [27.0546162, 38.5065599], [27.0542729, 38.506434], [27.0542514, 38.5063416], [27.0540583, 38.5061443], [27.0538196, 38.5058799], [27.0536077, 38.5060436], [27.0533073, 38.5058337], [27.0528406, 38.5056406], [27.0525455, 38.5056364], [27.0522505, 38.5057119], [27.0520091, 38.5059596], [27.0513439, 38.5066229], [27.0505929, 38.5072526], [27.0492894, 38.5062997], [27.0480019, 38.5075044], [27.046693, 38.5064928], [27.0478517, 38.5052796], [27.0470041, 38.5047338], [27.0459795, 38.5040118], [27.0455772, 38.5037977], [27.0447081, 38.5037179], [27.0434298, 38.5036722], [27.0433295, 38.5034367], [27.0429325, 38.5030672], [27.0425784, 38.5027902], [27.0425141, 38.502597], [27.0426643, 38.5023619], [27.0430505, 38.5017406], [27.0434046, 38.5010521], [27.0441985, 38.4994736], [27.0450675, 38.4977943], [27.0452338, 38.4972863], [27.0458977, 38.4974521], [27.0465991, 38.497661], [27.0480435, 38.4980525], [27.0482485, 38.4981009], [27.0478287, 38.4989228], [27.0478396, 38.4995529], [27.0478401, 38.4996287], [27.04849, 38.5005064], [27.0490158, 38.5010731], [27.0497936, 38.5018875], [27.0501584, 38.5023577], [27.0506895, 38.5017217], [27.05125, 38.5010857], [27.0515719, 38.5006806], [27.0520762, 38.5001264], [27.0526153, 38.4995733], [27.0532885, 38.4988995], [27.0539859, 38.4982267], [27.0543507, 38.4979013], [27.0545237, 38.497746], [27.0550159, 38.4973965], [27.0558822, 38.4966953], [27.0562617, 38.4963836], [27.0565609, 38.4966326], [27.0572259, 38.4972093], [27.0578289, 38.4976636], [27.0579059, 38.4977365], [27.0581929, 38.4975025], [27.0586368, 38.4971288], [27.0591055, 38.4967728], [27.0595694, 38.4963398], [27.0598856, 38.4960199]]]]}, "bbox": [27.0425141, 38.4960199, 27.0624742, 38.5075044]}, {"id": "34", "type": "Feature", "properties": {"mahalle_adi": "Evka-5 Mahallesi", "_gece_lst_str": "23.6°C"}, "geometry": {"type": "MultiPolygon", "coordinates": [[[[27.050802, 38.512044], [27.0514941, 38.5122688], [27.0520091, 38.5124787], [27.0526528, 38.51289], [27.0536077, 38.5136707], [27.0544875, 38.5143507], [27.0550802, 38.5149918], [27.0555818, 38.5156519], [27.0558822, 38.5160297], [27.0568693, 38.5160465], [27.0576525, 38.5159625], [27.0580071, 38.5166629], [27.058084, 38.5169938], [27.0580891, 38.5172613], [27.0580783, 38.5176036], [27.0580663, 38.5179793], [27.0580586, 38.5183642], [27.0580162, 38.5186551], [27.0579811, 38.5188262], [27.0579582, 38.5189929], [27.05791, 38.5192405], [27.0579743, 38.5195385], [27.0581889, 38.5200002], [27.058557, 38.5209252], [27.0586556, 38.5211628], [27.0574915, 38.5221365], [27.0567995, 38.5226485], [27.0561397, 38.5231186], [27.0558125, 38.5228751], [27.0556301, 38.5224806], [27.0554691, 38.5216035], [27.055335, 38.5211166], [27.0550615, 38.5209865], [27.0536452, 38.5215531], [27.0528245, 38.521188], [27.0520198, 38.5207179], [27.0515746, 38.5201009], [27.0513707, 38.5193119], [27.0511401, 38.5191398], [27.0506036, 38.5187872], [27.0502818, 38.5187872], [27.0498794, 38.5188502], [27.0488816, 38.5190978], [27.0483506, 38.5190726], [27.0477605, 38.5188586], [27.04768, 38.5185984], [27.047916, 38.5182164], [27.0484203, 38.5175533], [27.0485437, 38.5171629], [27.0487046, 38.5168859], [27.0486188, 38.5160716], [27.0485759, 38.5153833], [27.0485651, 38.5148964], [27.0485222, 38.5142668], [27.0485437, 38.5138386], [27.0486295, 38.5136288], [27.048887, 38.5133349], [27.0492518, 38.5131754], [27.0498311, 38.5128732], [27.0502496, 38.5127473], [27.0505392, 38.5125794], [27.050802, 38.512044]]]]}, "bbox": [27.04768, 38.512044, 27.0586556, 38.5231186]}, {"id": "41", "type": "Feature", "properties": {"mahalle_adi": "Atatürk Mahallesi", "_gece_lst_str": "23.6°C"}, "geometry": {"type": "MultiPolygon", "coordinates": [[[[27.071321, 38.5175659], [27.0721, 38.5174], [27.0723832, 38.5179016], [27.0733, 38.52], [27.0725, 38.5207], [27.0698511, 38.5230976], [27.0692825, 38.5231395], [27.0687997, 38.5229633], [27.0674372, 38.522233], [27.0670938, 38.5222246], [27.0664608, 38.522275], [27.065742, 38.5223589], [27.0655407, 38.5229429], [27.0611045, 38.5241787], [27.0582425, 38.5232403], [27.0577222, 38.5232864], [27.0567566, 38.5232864], [27.0564455, 38.5232319], [27.0561397, 38.5231186], [27.0567995, 38.5226485], [27.0574915, 38.5221365], [27.0586556, 38.5211628], [27.058557, 38.5209252], [27.0581889, 38.5200002], [27.0579743, 38.5195385], [27.05791, 38.5192405], [27.0579582, 38.5189929], [27.0579811, 38.5188262], [27.0580162, 38.5186551], [27.0580586, 38.5183642], [27.0580663, 38.5179793], [27.0580783, 38.5176036], [27.0580891, 38.5172613], [27.058084, 38.5169938], [27.0582402, 38.5168362], [27.0583986, 38.5166262], [27.0584825, 38.5163291], [27.058514, 38.5155775], [27.0585859, 38.5150307], [27.0586256, 38.5148164], [27.0587388, 38.5144959], [27.0589507, 38.5140569], [27.059412, 38.5135952], [27.0600923, 38.5130231], [27.060398, 38.5128425], [27.0606273, 38.5127724], [27.0611997, 38.512687], [27.06168, 38.512618], [27.0621766, 38.5124886], [27.0631311, 38.5120231], [27.0633367, 38.5118931], [27.063387, 38.5120001], [27.0635641, 38.5122394], [27.0639557, 38.5126591], [27.0640254, 38.5128061], [27.064079, 38.5130747], [27.0639557, 38.5132006], [27.064012, 38.5132639], [27.0640682, 38.5133272], [27.0641166, 38.5133769], [27.0642936, 38.513507], [27.0645082, 38.5137085], [27.0647067, 38.5139142], [27.0648086, 38.5140758], [27.0650152, 38.514741], [27.0652431, 38.5156519], [27.0653102, 38.515952], [27.0653772, 38.5164578], [27.0654094, 38.5171629], [27.0654765, 38.5174084], [27.0657527, 38.5178135], [27.0666164, 38.5174483], [27.0680702, 38.5171084], [27.0679843, 38.5173266], [27.0707416, 38.5182206], [27.071321, 38.5175659]]]]}, "bbox": [27.0561397, 38.5118931, 27.0733, 38.5241787]}, {"id": "42", "type": "Feature", "properties": {"mahalle_adi": "Yakakent Mahallesi", "_gece_lst_str": "23.2°C"}, "geometry": {"type": "MultiPolygon", "coordinates": [[[[27.0694381, 38.5084867], [27.0692664, 38.5081509], [27.0692021, 38.5079494], [27.0691752, 38.5077395], [27.0691752, 38.507559], [27.0692611, 38.5073743], [27.0692933, 38.507219], [27.0693147, 38.5070385], [27.0692772, 38.5067992], [27.0691913, 38.5066061], [27.0688587, 38.5063542], [27.0685691, 38.5058169], [27.0682579, 38.505162], [27.0680433, 38.5049059], [27.0675981, 38.503466], [27.0679682, 38.5035458], [27.068215, 38.5035374], [27.0683384, 38.5034325], [27.0684403, 38.5030924], [27.0685637, 38.5028531], [27.0686763, 38.5026348], [27.0688748, 38.5025215], [27.0689285, 38.5022948], [27.0691431, 38.5018708], [27.0694649, 38.5016147], [27.069717, 38.5014216], [27.0697921, 38.5010353], [27.0694166, 38.5001579], [27.0692342, 38.4997549], [27.0689017, 38.4988187], [27.0694917, 38.4993896], [27.0702267, 38.5001453], [27.0705754, 38.5003426], [27.0715088, 38.5006323], [27.0721847, 38.5008254], [27.072705, 38.5010815], [27.073499, 38.5013502], [27.0739335, 38.5014551], [27.0747381, 38.5016944], [27.0753068, 38.5018204], [27.0761168, 38.5021185], [27.0765084, 38.5022276], [27.0770019, 38.5023703], [27.0778388, 38.5024879], [27.0784074, 38.5025928], [27.0784932, 38.5027188], [27.0784986, 38.5028909], [27.0784557, 38.5032309], [27.0784771, 38.5035248], [27.0784771, 38.5036591], [27.0786381, 38.5037851], [27.0789921, 38.5038271], [27.0793998, 38.5038481], [27.0797485, 38.5039194], [27.0800489, 38.5040789], [27.0805371, 38.504398], [27.080934, 38.5046751], [27.081272, 38.5048304], [27.0817172, 38.5049605], [27.0820284, 38.5050235], [27.0837933, 38.5049143], [27.0850271, 38.5045491], [27.0852, 38.5048], [27.0854723, 38.5052796], [27.085703, 38.505544], [27.0859498, 38.5056112], [27.0862931, 38.5057245], [27.0867169, 38.5058085], [27.087146, 38.5058673], [27.0874625, 38.505968], [27.0882404, 38.5059344], [27.0888036, 38.5059092], [27.0893454, 38.5059218], [27.089839, 38.5058127], [27.0904022, 38.5057707], [27.0910835, 38.5058883], [27.0913839, 38.5058757], [27.0916897, 38.5059386], [27.0918184, 38.5060436], [27.0920008, 38.5060772], [27.0922691, 38.5060604], [27.0924997, 38.5060394], [27.0926346, 38.505996], [27.092725, 38.5060562], [27.0931596, 38.5064214], [27.09427, 38.507261], [27.0955253, 38.5081299], [27.0965445, 38.5088519], [27.0987224, 38.5104302], [27.1011901, 38.5123611], [27.102955, 38.513549], [27.1075201, 38.5171126], [27.111243, 38.5195469], [27.1118421, 38.5200018], [27.1110564, 38.5199956], [27.0725, 38.5207], [27.0733, 38.52], [27.0723832, 38.5179016], [27.0721, 38.5174], [27.071321, 38.5175659], [27.071085, 38.5171629], [27.0710313, 38.5168271], [27.0710099, 38.5164914], [27.0708704, 38.5161724], [27.0708275, 38.5159373], [27.0707309, 38.5156351], [27.0707309, 38.5153665], [27.0707738, 38.5150559], [27.0706022, 38.5147453], [27.0703983, 38.5145522], [27.0702803, 38.5143004], [27.0703554, 38.5140485], [27.0703769, 38.5134861], [27.0703554, 38.5132174], [27.0703125, 38.5128732], [27.0701837, 38.5125878], [27.0700121, 38.5122436], [27.0697009, 38.5119582], [27.0694649, 38.5116308], [27.0693791, 38.5113453], [27.0692611, 38.5110011], [27.0693147, 38.5106569], [27.0692718, 38.5101616], [27.0693147, 38.5097922], [27.0696044, 38.5092549], [27.0694381, 38.5084867]]]]}, "bbox": [27.0675981, 38.4988187, 27.1118421, 38.5207]}, {"id": "51", "type": "Feature", "properties": {"mahalle_adi": "Ümit Mahallesi", "_gece_lst_str": "23.6°C"}, "geometry": {"type": "MultiPolygon", "coordinates": [[[[27.2902013, 38.4475796], [27.2902695, 38.4470204], [27.2887551, 38.4456057], [27.2883422, 38.4452595], [27.2881502, 38.4451244], [27.2879724, 38.4450225], [27.287761, 38.4449206], [27.2874023, 38.4447777], [27.283236, 38.4434526], [27.2829312, 38.443354], [27.2827361, 38.4433158], [27.2824921, 38.4432903], [27.2770282, 38.4424115], [27.2698729, 38.4411633], [27.2696218, 38.4411149], [27.2671258, 38.4406334], [27.257953, 38.438947], [27.2575139, 38.4388833], [27.2571724, 38.4388833], [27.2569285, 38.4388706], [27.2562325, 38.4389217], [27.255165, 38.4389343], [27.253797, 38.4389764], [27.2532821, 38.4389806], [27.2527081, 38.4389638], [27.2521663, 38.4388671], [27.2515118, 38.4387285], [27.2513026, 38.4387158], [27.2510183, 38.4387158], [27.2505033, 38.4387243], [27.2500634, 38.4387411], [27.2492266, 38.4387789], [27.2486418, 38.4387999], [27.2477406, 38.4388461], [27.2472578, 38.4388461], [27.2466999, 38.4387831], [27.2455037, 38.438489], [27.2446132, 38.4382789], [27.2445917, 38.438489], [27.2445595, 38.4388755], [27.2447097, 38.4392201], [27.2449028, 38.4395394], [27.2451711, 38.4397999], [27.245332, 38.4401361], [27.2454393, 38.4406823], [27.2454422, 38.4409089], [27.2454822, 38.4418671], [27.24545, 38.4432284], [27.2467998, 38.4430004], [27.2472694, 38.4429327], [27.2480545, 38.4428113], [27.2489642, 38.4426929], [27.2493556, 38.4426569], [27.2499011, 38.4426254], [27.2504347, 38.4426173], [27.2509122, 38.4426178], [27.2513332, 38.4426498], [27.2521799, 38.4427532], [27.2530588, 38.4428847], [27.2540926, 38.443157], [27.2547184, 38.4433633], [27.2554454, 38.4436575], [27.2560695, 38.4439596], [27.2567881, 38.4443566], [27.2571024, 38.4445816], [27.2574032, 38.4447929], [27.2577146, 38.4450131], [27.2580005, 38.4452251], [27.2585491, 38.445698], [27.2593282, 38.4463851], [27.2600891, 38.447071], [27.2618508, 38.4486003], [27.2626354, 38.4491709], [27.2632705, 38.4495805], [27.2640177, 38.4499609], [27.26441, 38.4501364], [27.2651011, 38.4503705], [27.2658149, 38.4506305], [27.2705999, 38.4513363], [27.2799769, 38.450244], [27.2873584, 38.4496054], [27.2885171, 38.4497398], [27.2894827, 38.4501095], [27.2896758, 38.45016], [27.2898479, 38.4501793], [27.2900495, 38.4501738], [27.2897725, 38.4494091], [27.2895601, 38.4488769], [27.2896592, 38.4484667], [27.2898149, 38.4481784], [27.2899565, 38.4479123], [27.2902013, 38.4475796]]]]}, "bbox": [27.2445595, 38.4382789, 27.2902695, 38.4513363]}, {"id": "52", "type": "Feature", "properties": {"mahalle_adi": "Erzene Mahallesi", "_gece_lst_str": "23.5°C"}, "geometry": {"type": "MultiPolygon", "coordinates": [[[[27.2236526, 38.4834514], [27.2238492, 38.4842493], [27.2241645, 38.4847576], [27.2243142, 38.4849629], [27.2242606, 38.4851897], [27.2242927, 38.4853912], [27.2243678, 38.4856432], [27.2244322, 38.4859203], [27.2243464, 38.4861051], [27.2241855, 38.4862898], [27.2241533, 38.4868273], [27.2241425, 38.4872052], [27.2241104, 38.48739], [27.2240996, 38.4877091], [27.2241533, 38.4880198], [27.2243571, 38.4883893], [27.2245717, 38.4887336], [27.2246575, 38.4889604], [27.2246683, 38.4891619], [27.2246468, 38.4894474], [27.2246039, 38.4896826], [27.2246253, 38.4900437], [27.2247448, 38.4903398], [27.2248249, 38.4904562], [27.2250636, 38.4917009], [27.2256922, 38.4922309], [27.2276793, 38.4942656], [27.2277974, 38.4944098], [27.2279465, 38.4945019], [27.228574, 38.4948796], [27.2295969, 38.4963649], [27.2308549, 38.4958062], [27.2304085, 38.4950615], [27.2314083, 38.494421], [27.2338794, 38.4931918], [27.2374296, 38.4926554], [27.2481059, 38.4953979], [27.2501387, 38.4960079], [27.2607855, 38.4951689], [27.2613276, 38.4951262], [27.2644059, 38.4948836], [27.2655414, 38.4947941], [27.2674865, 38.4910024], [27.267686, 38.4894182], [27.2690908, 38.48741], [27.2671965, 38.4829533], [27.2641124, 38.4832458], [27.2580385, 38.4773463], [27.2576268, 38.4772353], [27.2574073, 38.4770439], [27.2571275, 38.4770386], [27.2568646, 38.4768368], [27.2566066, 38.4769809], [27.2554426, 38.4761314], [27.2552579, 38.4760251], [27.2548471, 38.4757975], [27.2545699, 38.4755289], [27.2535807, 38.4759556], [27.2524628, 38.47535], [27.2521924, 38.4750122], [27.2516748, 38.4749339], [27.2513458, 38.4749427], [27.2498686, 38.4749411], [27.2495769, 38.474669], [27.2490945, 38.4742514], [27.2484004, 38.473784], [27.2466946, 38.4728937], [27.2460723, 38.4724989], [27.2455466, 38.4721881], [27.2450745, 38.4720117], [27.2444308, 38.4718269], [27.2436476, 38.4716085], [27.2430253, 38.4713985], [27.2426712, 38.4711213], [27.2422528, 38.4707433], [27.24177, 38.4703989], [27.2413087, 38.4701301], [27.2409546, 38.4700377], [27.2404718, 38.4697941], [27.2399568, 38.4695001], [27.2391951, 38.4690885], [27.2388196, 38.4688281], [27.238369, 38.4686937], [27.2378862, 38.4685425], [27.2374785, 38.4683661], [27.2369742, 38.4681477], [27.2365022, 38.4678873], [27.2360301, 38.4676689], [27.2355258, 38.4673749], [27.234925, 38.4670725], [27.2343457, 38.4668373], [27.235086, 38.4665517], [27.2356331, 38.4662912], [27.2361803, 38.4661484], [27.236985, 38.4659468], [27.2378647, 38.465762], [27.2384012, 38.4656948], [27.2389912, 38.4657032], [27.2403216, 38.465804], [27.2402358, 38.4650648], [27.2401392, 38.4643171], [27.2400641, 38.4637207], [27.2396779, 38.4613811], [27.2386265, 38.4615322], [27.238208, 38.4598983], [27.2413686, 38.4593236], [27.2404013, 38.458014], [27.2402412, 38.4577895], [27.2401339, 38.4575963], [27.239989, 38.4572392], [27.2398013, 38.4567982], [27.2397208, 38.4565503], [27.2396564, 38.4562941], [27.2395223, 38.4555295], [27.239399, 38.4549246], [27.239399, 38.4546978], [27.2394633, 38.4545297], [27.2395331, 38.4542104], [27.239576, 38.4540214], [27.2395652, 38.4536895], [27.239517, 38.4530594], [27.2395009, 38.4527065], [27.2394703, 38.4523998], [27.2394673, 38.4522473], [27.2371938, 38.4521764], [27.23711, 38.4521406], [27.2370016, 38.4520765], [27.2362879, 38.4520644], [27.2361806, 38.4520503], [27.2362529, 38.4511092], [27.2356534, 38.451125], [27.2350022, 38.4511073], [27.233465, 38.4510832], [27.2334211, 38.4511647], [27.23283, 38.4511599], [27.2327226, 38.4512026], [27.2318995, 38.4512109], [27.2312933, 38.4512782], [27.2310787, 38.4512614], [27.2309446, 38.4512319], [27.2307998, 38.4511311], [27.2306013, 38.4510219], [27.2303384, 38.4509505], [27.2300595, 38.4508665], [27.2298127, 38.4507362], [27.2295767, 38.4506102], [27.2294104, 38.4504968], [27.2291207, 38.4503707], [27.2284716, 38.4501271], [27.2280586, 38.44998], [27.227844, 38.4499338], [27.2275382, 38.4499338], [27.2270983, 38.44998], [27.2264546, 38.4500766], [27.2261649, 38.4500976], [27.2258484, 38.4501018], [27.2248721, 38.4501397], [27.2244, 38.4501859], [27.2238743, 38.4502783], [27.2229892, 38.4503833], [27.2226137, 38.4504043], [27.2222006, 38.4504127], [27.2218466, 38.4503749], [27.2206342, 38.4501439], [27.2198725, 38.4499884], [27.219277, 38.4499212], [27.2187406, 38.4498792], [27.2184133, 38.449875], [27.2182743, 38.4499327], [27.2181532, 38.450732], [27.2180137, 38.4514378], [27.217901, 38.4520764], [27.2178018, 38.4523284], [27.2176516, 38.4527422], [27.2173968, 38.4535299], [27.2172117, 38.4540886], [27.2169891, 38.4547986], [27.2168469, 38.4552271], [27.2166806, 38.4556513], [27.2165519, 38.4557795], [27.2161818, 38.4559811], [27.215715, 38.4562143], [27.2155648, 38.4563529], [27.2155622, 38.4564894], [27.2156453, 38.4566742], [27.2158277, 38.4571006], [27.2161227, 38.4577181], [27.216267, 38.4580285], [27.2163972, 38.4583415], [27.2164745, 38.4585149], [27.2164775, 38.4586413], [27.2164446, 38.4589218], [27.2163939, 38.4593687], [27.216367, 38.4595138], [27.216329, 38.4596659], [27.2162654, 38.4602079], [27.2162619, 38.4604117], [27.2163078, 38.460543], [27.2164622, 38.4605967], [27.2167695, 38.4607039], [27.2169493, 38.4608106], [27.2170857, 38.4610057], [27.2172326, 38.461168], [27.2174056, 38.461418], [27.2174799, 38.4616709], [27.2177133, 38.4618977], [27.2181787, 38.4625078], [27.2184093, 38.4628743], [27.2182122, 38.4630171], [27.2180727, 38.4631284], [27.2179869, 38.4632166], [27.2179225, 38.4633195], [27.2179145, 38.4634077], [27.2179815, 38.4635527], [27.218121, 38.4637438], [27.218357, 38.4640756], [27.2184455, 38.4642205], [27.2185636, 38.4645061], [27.2187301, 38.4649282], [27.2189228, 38.4653517], [27.218923, 38.4654953], [27.2189954, 38.4660224], [27.2190433, 38.4661586], [27.2191876, 38.466197], [27.219351, 38.4665825], [27.2195023, 38.4668205], [27.2196525, 38.4669717], [27.2198349, 38.4671103], [27.2197545, 38.4672321], [27.220028, 38.4673959], [27.2202265, 38.4675681], [27.2203767, 38.4677529], [27.2203606, 38.4680427], [27.2206012, 38.4681293], [27.220431, 38.4681798], [27.2204357, 38.4683871], [27.2204143, 38.4686349], [27.2204733, 38.4687903], [27.2204947, 38.4688995], [27.2206181, 38.4689961], [27.2208059, 38.4692103], [27.2209293, 38.4693615], [27.2210634, 38.4695589], [27.221455, 38.4699621], [27.2215462, 38.4700797], [27.2216642, 38.4702603], [27.2217286, 38.4703359], [27.2217929, 38.4704031], [27.2218519, 38.4704787], [27.2219163, 38.4706173], [27.2219056, 38.4707727], [27.2219861, 38.4708777], [27.2222543, 38.4710163], [27.2224098, 38.4711801], [27.2225386, 38.4713607], [27.2227156, 38.4715665], [27.2228283, 38.4717975], [27.2230697, 38.4721377], [27.2232842, 38.4724863], [27.2234344, 38.4727719], [27.2235686, 38.4730826], [27.2236866, 38.4733514], [27.2238582, 38.4735656], [27.2240299, 38.4737042], [27.2241908, 38.4738218], [27.2242927, 38.4740318], [27.2243625, 38.4742754], [27.2244322, 38.4744854], [27.2245181, 38.4747038], [27.2245878, 38.4749473], [27.224679, 38.4753211], [27.2247522, 38.4753745], [27.2248964, 38.4753858], [27.2250118, 38.4754535], [27.2251272, 38.4757583], [27.2253435, 38.476255], [27.2255309, 38.4767179], [27.2256463, 38.4769324], [27.2256751, 38.4770227], [27.2256463, 38.4772033], [27.2255309, 38.478129], [27.2254539, 38.4781369], [27.2252301, 38.4791185], [27.2253598, 38.4791975], [27.2248263, 38.480586], [27.2247686, 38.4808795], [27.2248551, 38.4811391], [27.2246965, 38.4814439], [27.2247398, 38.4816471], [27.2247253, 38.4817713], [27.2247168, 38.4819046], [27.224812, 38.4820387], [27.2251164, 38.4821727], [27.2251164, 38.4826196], [27.2250022, 38.4831409], [27.2242602, 38.4832154], [27.2236526, 38.4834514]]]]}, "bbox": [27.2155622, 38.449875, 27.2690908, 38.4963649]}, {"id": "53", "type": "Feature", "properties": {"mahalle_adi": "Evka 3 Mahallesi", "_gece_lst_str": "23.4°C"}, "geometry": {"type": "MultiPolygon", "coordinates": [[[[27.2671965, 38.4829533], [27.2641124, 38.4832458], [27.2580385, 38.4773463], [27.2576268, 38.4772353], [27.2574073, 38.4770439], [27.2571275, 38.4770386], [27.2568646, 38.4768368], [27.2566066, 38.4769809], [27.2554426, 38.4761314], [27.2552579, 38.4760251], [27.2548471, 38.4757975], [27.2545699, 38.4755289], [27.2535807, 38.4759556], [27.2524628, 38.47535], [27.2521924, 38.4750122], [27.2516748, 38.4749339], [27.2513458, 38.4749427], [27.2498686, 38.4749411], [27.2495769, 38.474669], [27.2490945, 38.4742514], [27.2484004, 38.473784], [27.2466946, 38.4728937], [27.2460723, 38.4724989], [27.2455466, 38.4721881], [27.2450745, 38.4720117], [27.2444308, 38.4718269], [27.2436476, 38.4716085], [27.2430253, 38.4713985], [27.2426712, 38.4711213], [27.2422528, 38.4707433], [27.24177, 38.4703989], [27.2413087, 38.4701301], [27.2409546, 38.4700377], [27.2404718, 38.4697941], [27.2399568, 38.4695001], [27.2391951, 38.4690885], [27.2388196, 38.4688281], [27.238369, 38.4686937], [27.2378862, 38.4685425], [27.2374785, 38.4683661], [27.2369742, 38.4681477], [27.2365022, 38.4678873], [27.2360301, 38.4676689], [27.2355258, 38.4673749], [27.234925, 38.4670725], [27.2343457, 38.4668373], [27.235086, 38.4665517], [27.2356331, 38.4662912], [27.2361803, 38.4661484], [27.236985, 38.4659468], [27.2378647, 38.465762], [27.2384012, 38.4656948], [27.2389912, 38.4657032], [27.2403216, 38.465804], [27.2402358, 38.4650648], [27.2401392, 38.4643171], [27.2400641, 38.4637207], [27.2396779, 38.4613811], [27.2386265, 38.4615322], [27.238208, 38.4598983], [27.2413686, 38.4593236], [27.2431723, 38.4589862], [27.2449565, 38.4586633], [27.2472095, 38.4582684], [27.2487545, 38.4579744], [27.2502029, 38.4577307], [27.2518766, 38.4573947], [27.2527349, 38.457151], [27.2549665, 38.4563781], [27.2550309, 38.4567226], [27.255106, 38.4569242], [27.2552025, 38.4571174], [27.2553313, 38.457277], [27.2554386, 38.4575207], [27.2554493, 38.4576299], [27.2554815, 38.457882], [27.2554922, 38.4581928], [27.2556317, 38.4585541], [27.2560179, 38.4595118], [27.2562754, 38.4600747], [27.2568869, 38.4619565], [27.2573805, 38.4632922], [27.2576594, 38.4641575], [27.2577345, 38.4645775], [27.2577453, 38.4650228], [27.2574448, 38.464964], [27.2572625, 38.4653882], [27.2573644, 38.4656066], [27.2568977, 38.4657662], [27.2572946, 38.4659804], [27.2576165, 38.4661358], [27.2579813, 38.4663542], [27.2583407, 38.4665643], [27.2587591, 38.4668121], [27.2591776, 38.4670641], [27.2595048, 38.4673203], [27.2597516, 38.4676017], [27.2598535, 38.4677613], [27.2600037, 38.4679545], [27.2603148, 38.4683787], [27.2605669, 38.4686055], [27.2607708, 38.4687735], [27.2611088, 38.4690717], [27.2614843, 38.4693657], [27.2618812, 38.4697101], [27.2624779, 38.4707038], [27.2627395, 38.4707349], [27.2631419, 38.4706425], [27.2634852, 38.4707517], [27.263732, 38.4709617], [27.2639465, 38.4710961], [27.2648585, 38.4716505], [27.2650462, 38.4718101], [27.2651321, 38.4719151], [27.2652769, 38.4720369], [27.2704363, 38.4747198], [27.272522, 38.4762985], [27.2686068, 38.4815315], [27.2676142, 38.4819938], [27.2671965, 38.4829533]]]]}, "bbox": [27.2343457, 38.4563781, 27.272522, 38.4832458]}, {"id": "55", "type": "Feature", "properties": {"mahalle_adi": "İnönü Mahallesi", "_gece_lst_str": "23.6°C"}, "geometry": {"type": "MultiPolygon", "coordinates": [[[[27.2098088, 38.474225], [27.2093099, 38.4745862], [27.2088915, 38.4748927], [27.2084677, 38.4751951], [27.2082692, 38.4753463], [27.2081888, 38.4754723], [27.2081727, 38.4756487], [27.2081834, 38.4758671], [27.2081941, 38.4760812], [27.2081995, 38.4762282], [27.2081619, 38.4763836], [27.2080654, 38.4765264], [27.2067136, 38.4778157], [27.2062415, 38.4782692], [27.2057587, 38.478748], [27.20541, 38.4790461], [27.204718, 38.479739], [27.2045785, 38.4798734], [27.2045088, 38.4800708], [27.2044015, 38.4804277], [27.2044712, 38.4807259], [27.2044927, 38.4812298], [27.2043961, 38.4815028], [27.2041655, 38.4819101], [27.2036236, 38.4830187], [27.2029799, 38.4841693], [27.2021216, 38.4857355], [27.2011936, 38.4875159], [27.2020465, 38.4877511], [27.2030067, 38.488045], [27.2038275, 38.4883221], [27.2041976, 38.4883977], [27.2047985, 38.4884775], [27.2056353, 38.4885657], [27.2061074, 38.4885783], [27.2078079, 38.4885195], [27.2081566, 38.4884565], [27.2092026, 38.4882843], [27.2111446, 38.4879526], [27.2122014, 38.4877805], [27.2127861, 38.4877091], [27.2134352, 38.4877175], [27.2138965, 38.4877637], [27.2142291, 38.4877931], [27.2158813, 38.4878435], [27.2171152, 38.4879358], [27.2171152, 38.4876335], [27.217437, 38.4864242], [27.2176409, 38.485702], [27.2177374, 38.485366], [27.217952, 38.4849293], [27.218231, 38.484543], [27.2184348, 38.4842407], [27.2187674, 38.4837956], [27.2188318, 38.4835772], [27.2188103, 38.4833336], [27.2186923, 38.4829557], [27.2186708, 38.4825526], [27.2186708, 38.4821243], [27.2186816, 38.4817379], [27.2187137, 38.4814944], [27.2187137, 38.4813096], [27.2185957, 38.4809737], [27.2184563, 38.4807049], [27.2183704, 38.4804445], [27.2183597, 38.4802178], [27.218467, 38.4799574], [27.2187781, 38.4793107], [27.218982, 38.4789957], [27.2191215, 38.4787438], [27.219159, 38.4785338], [27.2190785, 38.4781642], [27.2187942, 38.4772739], [27.2186172, 38.476959], [27.2184724, 38.4768288], [27.2181773, 38.4766986], [27.217657, 38.4763626], [27.2170937, 38.4760896], [27.216804, 38.4759679], [27.2164929, 38.4759343], [27.2157526, 38.4759595], [27.215361, 38.4759889], [27.2146368, 38.4759931], [27.2141164, 38.4759595], [27.2134459, 38.4757537], [27.2115952, 38.4751447], [27.2108012, 38.4748717], [27.2105813, 38.4747625], [27.2102648, 38.4745652], [27.2098088, 38.474225]]]]}, "bbox": [27.2011936, 38.474225, 27.219159, 38.4885783]}, {"id": "63", "type": "Feature", "properties": {"mahalle_adi": "Merkez Mahallesi", "_gece_lst_str": "23.6°C"}, "geometry": {"type": "MultiPolygon", "coordinates": [[[[27.1925594, 38.41407], [27.1923771, 38.4143102], [27.1925761, 38.4146907], [27.1927591, 38.4147977], [27.1929543, 38.4151931], [27.1930562, 38.4152388], [27.1932148, 38.4154387], [27.1932634, 38.4154961], [27.1933045, 38.4155448], [27.193377, 38.4155961], [27.1936181, 38.4160497], [27.1941235, 38.4163547], [27.1953304, 38.4170578], [27.199017, 38.4182949], [27.2002768, 38.4188747], [27.2029914, 38.4192816], [27.2042781, 38.4198255], [27.204549, 38.4201415], [27.2047287, 38.4203159], [27.2049326, 38.4203159], [27.2051418, 38.4202907], [27.2052276, 38.4202276], [27.2052947, 38.4201352], [27.2053215, 38.4200679], [27.2053108, 38.4199692], [27.2052705, 38.4198452], [27.2057572, 38.4188119], [27.2063143, 38.4181084], [27.2056977, 38.4174129], [27.2056259, 38.4161259], [27.2061067, 38.4147545], [27.2062124, 38.4146292], [27.2126198, 38.410243], [27.2108163, 38.4090855], [27.2088549, 38.4097734], [27.2086681, 38.4098613], [27.2057167, 38.4109883], [27.2051749, 38.4111932], [27.2045585, 38.411969], [27.202952, 38.4123935], [27.2028399, 38.4124667], [27.2025597, 38.4128765], [27.202429, 38.4129497], [27.2022609, 38.4129058], [27.2009533, 38.4137547], [27.2007851, 38.4137254], [27.200561, 38.4136961], [27.2002808, 38.4137254], [27.2000566, 38.4137547], [27.1993468, 38.4134473], [27.1992907, 38.4135644], [27.19916, 38.4136522], [27.1989919, 38.4135498], [27.198749, 38.4133302], [27.1984128, 38.4130229], [27.1983941, 38.4125691], [27.1982073, 38.4123057], [27.198226, 38.4118519], [27.1980579, 38.4116177], [27.1977777, 38.4118665], [27.1978337, 38.4122471], [27.1973667, 38.4123496], [27.1970305, 38.4127009], [27.1969744, 38.4130229], [27.1967876, 38.4131692], [27.1963954, 38.4124813], [27.1960778, 38.4125545], [27.195891, 38.4125545], [27.1958163, 38.4123642], [27.1953493, 38.4124228], [27.1945647, 38.4124813], [27.194546, 38.412979], [27.1937428, 38.4128619], [27.1930143, 38.4128179], [27.1931128, 38.4131583], [27.1932212, 38.4133584], [27.1933177, 38.4138124], [27.1934894, 38.4139721], [27.1935538, 38.4142411], [27.1934465, 38.4142495], [27.1930603, 38.4141655], [27.1927062, 38.4141318], [27.1925594, 38.41407]]]]}, "bbox": [27.1923771, 38.4090855, 27.2126198, 38.4203159]}, {"id": "65", "type": "Feature", "properties": {"mahalle_adi": "Zafer Mahallesi", "_gece_lst_str": "23.8°C"}, "geometry": {"type": "MultiPolygon", "coordinates": [[[[27.2002768, 38.4188747], [27.2001198, 38.4190767], [27.1999799, 38.4192215], [27.1998281, 38.4194567], [27.1997315, 38.4196067], [27.1995038, 38.4198851], [27.1993321, 38.4200784], [27.1991497, 38.4202718], [27.1989727, 38.4204231], [27.1988654, 38.4205954], [27.198801, 38.4207845], [27.1987903, 38.4209778], [27.1989549, 38.4213422], [27.1989963, 38.4214933], [27.1990735, 38.4217612], [27.199198, 38.4222975], [27.199316, 38.4225749], [27.1993811, 38.4227892], [27.1994323, 38.422966], [27.1994475, 38.4231193], [27.1994605, 38.4232495], [27.1994669, 38.4232805], [27.199499, 38.4234175], [27.199493, 38.4234491], [27.1996325, 38.4235836], [27.1996647, 38.4239534], [27.1996808, 38.4241887], [27.1996969, 38.4244787], [27.1996862, 38.4246468], [27.1997023, 38.4247939], [27.199713, 38.4248948], [27.1997452, 38.4250923], [27.1999606, 38.4257031], [27.2006303, 38.4257269], [27.201097, 38.4257143], [27.2017461, 38.4257017], [27.2032219, 38.4256411], [27.204236, 38.4256153], [27.2046022, 38.4255939], [27.2049118, 38.4255543], [27.2055096, 38.4254739], [27.206269, 38.4253799], [27.2067467, 38.4253234], [27.2074387, 38.4252454], [27.2076899, 38.4252646], [27.2079956, 38.4253319], [27.2084516, 38.4255588], [27.2090954, 38.4259412], [27.2096157, 38.426185], [27.2108012, 38.4268111], [27.2114503, 38.4270927], [27.212137, 38.4273533], [27.2126353, 38.4275742], [27.2131209, 38.4267329], [27.2131938, 38.4266052], [27.2133762, 38.42629], [27.2135371, 38.4261093], [27.2137096, 38.4259799], [27.213918, 38.4258236], [27.2141647, 38.4256891], [27.2144169, 38.4255798], [27.2145519, 38.4251614], [27.2151257, 38.4245108], [27.2160341, 38.4243304], [27.2160155, 38.4236424], [27.2158009, 38.4228691], [27.2160448, 38.4228347], [27.2160101, 38.4226211], [27.2154392, 38.4203807], [27.2154481, 38.4187462], [27.2154522, 38.4180064], [27.2152483, 38.4174264], [27.215184, 38.4170145], [27.2151196, 38.416695], [27.2150552, 38.4161991], [27.2150767, 38.4156442], [27.2150874, 38.4150978], [27.215023, 38.4146943], [27.214905, 38.4143413], [27.2146904, 38.4137024], [27.2146904, 38.4133829], [27.2146261, 38.4131055], [27.2146153, 38.4128029], [27.2147012, 38.4124666], [27.2149157, 38.4122732], [27.2146582, 38.4117772], [27.2148406, 38.411668], [27.2147655, 38.4112686], [27.2147816, 38.4109828], [27.2147763, 38.4107474], [27.2147226, 38.4103607], [27.2148138, 38.4101673], [27.2148246, 38.4094275], [27.2137669, 38.4096054], [27.2132152, 38.4098773], [27.2126198, 38.410243], [27.2062124, 38.4146292], [27.2061067, 38.4147545], [27.2056259, 38.4161259], [27.2056977, 38.4174129], [27.2063143, 38.4181084], [27.2057572, 38.4188119], [27.2052705, 38.4198452], [27.2053108, 38.4199692], [27.2053215, 38.4200679], [27.2052947, 38.4201352], [27.2052276, 38.4202276], [27.2051418, 38.4202907], [27.2049326, 38.4203159], [27.2047287, 38.4203159], [27.204549, 38.4201415], [27.2042781, 38.4198255], [27.2029914, 38.4192816], [27.2002768, 38.4188747]]]]}, "bbox": [27.1987903, 38.4094275, 27.2160448, 38.4275742]}, {"id": "79", "type": "Feature", "properties": {"mahalle_adi": "Murat Mahallesi", "_gece_lst_str": "23.8°C"}, "geometry": {"type": "MultiPolygon", "coordinates": [[[[27.178144, 38.417067], [27.1784136, 38.417563], [27.1787354, 38.4182586], [27.1788025, 38.418496], [27.1788615, 38.4188533], [27.178852, 38.4191949], [27.178722, 38.4200238], [27.1787285, 38.4202868], [27.1786608, 38.4204726], [27.179017, 38.420293], [27.1795428, 38.4199565], [27.1802697, 38.4194622], [27.1806738, 38.4192447], [27.1814793, 38.4189899], [27.1820909, 38.4187925], [27.1827576, 38.4186857], [27.1830672, 38.4184771], [27.1833032, 38.4182081], [27.1836869, 38.4179437], [27.1840382, 38.4178383], [27.1850359, 38.4176701], [27.1864736, 38.4174642], [27.1864294, 38.4172418], [27.1868407, 38.4171373], [27.186774, 38.4168211], [27.1860444, 38.4166446], [27.1860364, 38.4157073], [27.1860605, 38.415432], [27.1861169, 38.4151651], [27.186192, 38.414915], [27.1862885, 38.4144968], [27.1862295, 38.414232], [27.1861383, 38.4139882], [27.1861571, 38.4135931], [27.1862778, 38.413116], [27.1863036, 38.4130767], [27.1860766, 38.4129794], [27.1854705, 38.4128323], [27.1850386, 38.4127356], [27.1847168, 38.4126768], [27.1841937, 38.4125969], [27.1841025, 38.4128176], [27.1839389, 38.4129563], [27.183778, 38.4131013], [27.1836251, 38.4132505], [27.1828687, 38.4138306], [27.1834454, 38.4142803], [27.1837297, 38.4145052], [27.1839952, 38.4148414], [27.1838665, 38.4150495], [27.183845, 38.4151546], [27.1838102, 38.4153584], [27.1831958, 38.4154764], [27.1831168, 38.4154918], [27.1826595, 38.4155476], [27.1823403, 38.4156148], [27.1816134, 38.4159048], [27.1808678, 38.4161801], [27.1804333, 38.4162285], [27.1800899, 38.4162747], [27.1797111, 38.4163588], [27.1794569, 38.4164554], [27.1791192, 38.4166566], [27.1786684, 38.4169472], [27.1783894, 38.4170439], [27.178144, 38.417067]]]]}, "bbox": [27.178144, 38.4125969, 27.1868407, 38.4204726]}, {"id": "91", "type": "Feature", "properties": {"mahalle_adi": "Atilla Mahallesi", "_gece_lst_str": "23.8°C"}, "geometry": {"type": "MultiPolygon", "coordinates": [[[[27.1273957, 38.4093323], [27.1272236, 38.4091059], [27.1270841, 38.4089462], [27.1268937, 38.4087718], [27.1267462, 38.4086204], [27.1265075, 38.4084334], [27.1263117, 38.4082905], [27.1261132, 38.4081622], [27.1258879, 38.4080382], [27.1254909, 38.407847], [27.1247077, 38.407456], [27.1238574, 38.4070273], [27.1233773, 38.4068066], [27.12325, 38.4067504], [27.1223788, 38.4061775], [27.1223381, 38.4059729], [27.1222984, 38.4057104], [27.1222776, 38.4055021], [27.1222923, 38.4051557], [27.1223423, 38.4048407], [27.122428, 38.4046369], [27.1226252, 38.4043279], [27.1229958, 38.4039029], [27.1237065, 38.4038605], [27.1246871, 38.4037934], [27.1248574, 38.4039156], [27.1254829, 38.4041162], [27.1260034, 38.4042906], [27.1261019, 38.4043236], [27.1262607, 38.4043768], [27.1269956, 38.4046543], [27.1277386, 38.4049527], [27.1278647, 38.4049738], [27.1283099, 38.4049506], [27.1287873, 38.4049443], [27.1286889, 38.4051359], [27.1285003, 38.4055034], [27.1284038, 38.4058586], [27.1283394, 38.4062622], [27.1282777, 38.4068801], [27.128275, 38.4072795], [27.1283126, 38.4076704], [27.1283823, 38.4078806], [27.128503, 38.4081622], [27.1285969, 38.4082863], [27.1287739, 38.4085364], [27.1288276, 38.4087003], [27.1288298, 38.4087907], [27.1288329, 38.4089231], [27.1288261, 38.4090122], [27.1288007, 38.4093477], [27.1287847, 38.4096083], [27.1287648, 38.4098561], [27.1287188, 38.4107265], [27.128696, 38.4108267], [27.1283127, 38.4105407], [27.128214, 38.4104505], [27.1279746, 38.4102262], [27.1278459, 38.410037], [27.1276689, 38.4097512], [27.1273957, 38.4093323]]]]}, "bbox": [27.1222776, 38.4037934, 27.1288329, 38.4108267]}, {"id": "94", "type": "Feature", "properties": {"mahalle_adi": "Güzelyalı Mahallesi", "_gece_lst_str": "23.5°C"}, "geometry": {"type": "MultiPolygon", "coordinates": [[[[27.0868051, 38.3986554], [27.0861548, 38.3985516], [27.0859204, 38.3985597], [27.0856525, 38.3986253], [27.0847547, 38.3989555], [27.0834766, 38.399466], [27.0835845, 38.399622], [27.0834848, 38.3996699], [27.0833801, 38.3997054], [27.0832729, 38.3995581], [27.0818692, 38.400142], [27.0816219, 38.4002396], [27.079931, 38.400637], [27.0790418, 38.4008117], [27.0787388, 38.4008377], [27.0786703, 38.4008361], [27.0786131, 38.4003709], [27.0786319, 38.3999431], [27.0786636, 38.3998094], [27.0787597, 38.3996307], [27.0787454, 38.3989684], [27.0787293, 38.3978543], [27.0787615, 38.3973078], [27.0788097, 38.3969799], [27.0788956, 38.3967907], [27.0790887, 38.3966309], [27.0793354, 38.3962441], [27.0795071, 38.3958825], [27.0796144, 38.3956429], [27.0797431, 38.395521], [27.0798987, 38.3953948], [27.0801133, 38.3952351], [27.0802313, 38.3950921], [27.0803976, 38.3948777], [27.0806014, 38.3945666], [27.080875, 38.3942176], [27.0810252, 38.3939443], [27.0811352, 38.3936377], [27.086741, 38.3930028], [27.086716, 38.3934786], [27.0867259, 38.3939373], [27.0866716, 38.3944373], [27.0870854, 38.394601], [27.0874313, 38.3948877], [27.0875325, 38.3951399], [27.0875751, 38.3953318], [27.0876308, 38.3960738], [27.0875196, 38.396106], [27.0875249, 38.396639], [27.0874709, 38.3966665], [27.0873968, 38.3967567], [27.0873535, 38.3967993], [27.0873589, 38.3968613], [27.0873908, 38.3970457], [27.0873874, 38.3972053], [27.0873769, 38.3973482], [27.0873787, 38.3974581], [27.087276, 38.3976823], [27.0869659, 38.3982488], [27.0868051, 38.3986554]]]]}, "bbox": [27.0786131, 38.3930028, 27.0876308, 38.4008377]}, {"id": "95", "type": "Feature", "properties": {"mahalle_adi": "Murat Reis Mahallesi", "_gece_lst_str": "23.8°C"}, "geometry": {"type": "MultiPolygon", "coordinates": [[[[27.1034228, 38.4045168], [27.1032759, 38.404415], [27.1037245, 38.4042584], [27.1042315, 38.4038836], [27.1043739, 38.403628], [27.1046437, 38.4030443], [27.1049834, 38.4027331], [27.1056266, 38.402341], [27.1058835, 38.4014422], [27.1064816, 38.4014399], [27.1086072, 38.4015353], [27.1112422, 38.4017949], [27.1129753, 38.4021631], [27.1132271, 38.4031446], [27.1136385, 38.4046593], [27.1138142, 38.4053099], [27.1138215, 38.4053392], [27.1140035, 38.4060716], [27.1134263, 38.4060646], [27.1128282, 38.4060688], [27.1126056, 38.4060878], [27.1120155, 38.4061697], [27.1113074, 38.406237], [27.110669, 38.4062979], [27.1098667, 38.4064069], [27.1099054, 38.4059807], [27.110026, 38.4054113], [27.1101497, 38.4049945], [27.1092661, 38.4049961], [27.1092018, 38.4049193], [27.1084428, 38.404835], [27.1080029, 38.4048792], [27.1076837, 38.4049317], [27.1073538, 38.4049822], [27.106981, 38.4050473], [27.1067423, 38.4050852], [27.1065867, 38.4051083], [27.1062809, 38.4051167], [27.1059832, 38.4051251], [27.1054977, 38.4051587], [27.1055052, 38.4052495], [27.1050236, 38.4052477], [27.1045398, 38.4051553], [27.1041378, 38.4049485], [27.1034228, 38.4045168]]]]}, "bbox": [27.1032759, 38.4014399, 27.1140035, 38.4064069]}, {"id": "96", "type": "Feature", "properties": {"mahalle_adi": "Piri Reis Mahallesi", "_gece_lst_str": "23.8°C"}, "geometry": {"type": "MultiPolygon", "coordinates": [[[[27.1140035, 38.4060716], [27.1141076, 38.4060709], [27.114568, 38.406085], [27.1152993, 38.4061084], [27.1160459, 38.4060961], [27.1160527, 38.4054254], [27.1168311, 38.4051229], [27.1178511, 38.4047065], [27.1184355, 38.4044628], [27.1186229, 38.4043201], [27.1178727, 38.4038463], [27.1168897, 38.4033963], [27.1159457, 38.4030451], [27.1129753, 38.4021631], [27.1132271, 38.4031446], [27.1136385, 38.4046593], [27.1138142, 38.4053099], [27.1138215, 38.4053392], [27.1140035, 38.4060716]]]]}, "bbox": [27.1129753, 38.4021631, 27.1186229, 38.4061084]}, {"id": "97", "type": "Feature", "properties": {"mahalle_adi": "Fahrettin Altay Mahallesi", "_gece_lst_str": "23.2°C"}, "geometry": {"type": "MultiPolygon", "coordinates": [[[[27.0733166, 38.3858462], [27.073102, 38.3863676], [27.0729196, 38.386889], [27.0724475, 38.3875618], [27.0721578, 38.3882513], [27.0718916, 38.3888303], [27.0718253, 38.3889745], [27.0715999, 38.389353], [27.0715034, 38.3898239], [27.0713746, 38.3902023], [27.0713317, 38.3903957], [27.0713961, 38.3909339], [27.0715034, 38.3915394], [27.0715356, 38.391943], [27.0714605, 38.3922962], [27.0713317, 38.3926073], [27.0710957, 38.3930025], [27.0704037, 38.3940032], [27.0699584, 38.3946212], [27.0696956, 38.3949954], [27.0695507, 38.3952561], [27.0695025, 38.3954789], [27.0694864, 38.3956975], [27.0696205, 38.3961054], [27.0696473, 38.3963534], [27.0696795, 38.3967822], [27.0697063, 38.396942], [27.0697707, 38.3970261], [27.0701542, 38.3972693], [27.0699327, 38.3976269], [27.0693141, 38.3975415], [27.0641611, 38.3969101], [27.0642024, 38.3963576], [27.064138, 38.396345], [27.0640844, 38.3962946], [27.0640844, 38.3962441], [27.0641059, 38.3961979], [27.0638269, 38.3958825], [27.0639127, 38.3958447], [27.0638269, 38.3951426], [27.0648178, 38.3952106], [27.0650715, 38.394802], [27.0654952, 38.3938939], [27.0656636, 38.3936525], [27.0658708, 38.3930908], [27.0660639, 38.3927671], [27.0662463, 38.392498], [27.0663321, 38.3923466], [27.066329, 38.392249], [27.06632, 38.3919629], [27.0662087, 38.3914006], [27.0660585, 38.391346], [27.0659298, 38.3912871], [27.0658439, 38.3911652], [27.0657259, 38.3907615], [27.0656562, 38.3904209], [27.0656615, 38.3901308], [27.0657849, 38.3898828], [27.0676947, 38.3904294], [27.0678395, 38.390135], [27.0674318, 38.3891848], [27.067707, 38.3880671], [27.0666019, 38.3868192], [27.0671904, 38.386418], [27.0680487, 38.3858798], [27.0693315, 38.3850341], [27.0700121, 38.3846015], [27.0704734, 38.3842231], [27.0710751, 38.3836673], [27.071428, 38.3832453], [27.0716965, 38.3828228], [27.0725065, 38.3833821], [27.0724475, 38.3834157], [27.0725012, 38.3835082], [27.0725977, 38.383483], [27.0727479, 38.3837942], [27.0730644, 38.3842693], [27.0732039, 38.3844712], [27.0732522, 38.3847024], [27.073338, 38.3850725], [27.0732844, 38.3856612], [27.0733166, 38.3858462]]]]}, "bbox": [27.0638269, 38.3828228, 27.073338, 38.3976269]}, {"id": "109", "type": "Feature", "properties": {"mahalle_adi": "Korutürk Mahallesi", "_gece_lst_str": "23.2°C"}, "geometry": {"type": "MultiPolygon", "coordinates": [[[[27.0413661, 38.3942134], [27.0420152, 38.3941588], [27.0426428, 38.3941588], [27.0439303, 38.3940789], [27.0450032, 38.3941083], [27.0458615, 38.3941672], [27.0470846, 38.3942639], [27.047562, 38.3943227], [27.0481253, 38.3942555], [27.0489782, 38.3941966], [27.0495522, 38.3941461], [27.0506465, 38.3940494], [27.0510643, 38.3940347], [27.0509684, 38.3936164], [27.0509577, 38.3931959], [27.0510006, 38.392868], [27.0510971, 38.3925653], [27.0510864, 38.3922373], [27.0509791, 38.3920355], [27.0507645, 38.3917832], [27.0502496, 38.3913712], [27.0495522, 38.3909591], [27.0499706, 38.3903789], [27.0498204, 38.3889745], [27.0493376, 38.3889998], [27.0490694, 38.3883691], [27.0463657, 38.3891932], [27.0457542, 38.38921], [27.0457005, 38.3894034], [27.0454645, 38.3895212], [27.0449924, 38.3896221], [27.0446491, 38.3895884], [27.0441234, 38.3894707], [27.0433724, 38.3892521], [27.0434475, 38.3888484], [27.0415592, 38.3887727], [27.0404863, 38.388798], [27.0400572, 38.3888316], [27.0398426, 38.3889073], [27.0396387, 38.3892184], [27.0378899, 38.3889998], [27.038126, 38.3883186], [27.0385766, 38.3877552], [27.0379436, 38.3873095], [27.0375895, 38.3868049], [27.0372033, 38.3860648], [27.0368385, 38.3852743], [27.036581, 38.3845174], [27.0360446, 38.3837858], [27.0356583, 38.3833821], [27.0352185, 38.3827177], [27.0347356, 38.3821963], [27.0344299, 38.382108], [27.0341402, 38.382028], [27.0337862, 38.3819398], [27.0334643, 38.3818724], [27.0327776, 38.381965], [27.0322466, 38.3822173], [27.0319194, 38.3826084], [27.0318819, 38.3830246], [27.0319247, 38.38334], [27.0321876, 38.3838194], [27.0327509, 38.38416], [27.0332605, 38.38453], [27.0335662, 38.3850725], [27.0337325, 38.3852785], [27.0337754, 38.3855476], [27.0338559, 38.3859008], [27.0340383, 38.386418], [27.0344192, 38.3871076], [27.034167, 38.3872464], [27.0330187, 38.388396], [27.0326613, 38.3887059], [27.0323381, 38.3888401], [27.0320668, 38.388982], [27.0317852, 38.3891175], [27.0315385, 38.3895254], [27.031222, 38.3901014], [27.0310557, 38.3904083], [27.0310396, 38.3905597], [27.0310342, 38.3907321], [27.0309591, 38.390854], [27.030884, 38.3909549], [27.0306319, 38.3911441], [27.0304173, 38.3913502], [27.0299613, 38.3916108], [27.0295966, 38.3919388], [27.028985, 38.3923592], [27.028529, 38.3928007], [27.029382, 38.3928091], [27.0304012, 38.3928512], [27.0312381, 38.3929269], [27.0320213, 38.3930025], [27.0328474, 38.3931623], [27.036463, 38.3938014], [27.0372507, 38.3939627], [27.0376539, 38.3940452], [27.0404005, 38.3942807], [27.0413661, 38.3942134]]]]}, "bbox": [27.028529, 38.3818724, 27.0510971, 38.3943227]}, {"id": "121", "type": "Feature", "properties": {"mahalle_adi": "Yenikale Mahallesi", "_gece_lst_str": "23.4°C"}, "geometry": {"type": "MultiPolygon", "coordinates": [[[[27.0036167, 38.3977576], [27.0057195, 38.3976105], [27.006492, 38.397539], [27.0084178, 38.3973246], [27.010231, 38.3971396], [27.0120013, 38.3969294], [27.0133209, 38.3967781], [27.014544, 38.3966687], [27.0160997, 38.396509], [27.0165288, 38.3964669], [27.019023, 38.3962115], [27.0189106, 38.3953066], [27.0187775, 38.3944558], [27.0187014, 38.394226], [27.0185459, 38.3938855], [27.0184132, 38.3936429], [27.0161962, 38.393835], [27.0148551, 38.3939612], [27.0139754, 38.3940032], [27.012999, 38.3940284], [27.0112932, 38.3941377], [27.0101988, 38.3942218], [27.0088684, 38.3942639], [27.0066047, 38.394348], [27.0064974, 38.3946339], [27.0061219, 38.3950711], [27.0055103, 38.3955168], [27.0052421, 38.3957018], [27.0051241, 38.3959372], [27.0049417, 38.3964838], [27.0046413, 38.396921], [27.0036167, 38.3977576]]]]}, "bbox": [27.0036167, 38.3936429, 27.019023, 38.3977576]}, {"id": "122", "type": "Feature", "properties": {"mahalle_adi": "Ilıca Mahallesi", "_gece_lst_str": "23.2°C"}, "geometry": {"type": "MultiPolygon", "coordinates": [[[[27.019023, 38.3962115], [27.0200586, 38.3961054], [27.0209491, 38.3960045], [27.0225477, 38.3958615], [27.0239246, 38.395853], [27.0239478, 38.3952056], [27.0239532, 38.3948483], [27.0238781, 38.3946002], [27.023567, 38.3939023], [27.0234168, 38.3934776], [27.0231539, 38.392847], [27.0234704, 38.3927923], [27.0240337, 38.3927419], [27.0245379, 38.392683], [27.0251119, 38.3926199], [27.0256215, 38.3925947], [27.0260185, 38.3925863], [27.0265174, 38.3926241], [27.0271879, 38.3926746], [27.027955, 38.3927503], [27.028529, 38.3928007], [27.028985, 38.3923592], [27.0295966, 38.3919388], [27.0299613, 38.3916108], [27.0304173, 38.3913502], [27.0306319, 38.3911441], [27.030884, 38.3909549], [27.0309591, 38.390854], [27.0310342, 38.3907321], [27.0310396, 38.3905597], [27.0310557, 38.3904083], [27.031222, 38.3901014], [27.0315385, 38.3895254], [27.0317852, 38.3891175], [27.0320668, 38.388982], [27.0323381, 38.3888401], [27.0326613, 38.3887059], [27.0330187, 38.388396], [27.034167, 38.3872464], [27.0344192, 38.3871076], [27.0340383, 38.386418], [27.0338559, 38.3859008], [27.0337754, 38.3855476], [27.0337325, 38.3852785], [27.0335662, 38.3850725], [27.0332605, 38.38453], [27.0327509, 38.38416], [27.0321876, 38.3838194], [27.0319247, 38.38334], [27.0318819, 38.3830246], [27.0319194, 38.3826084], [27.0322466, 38.3822173], [27.0327776, 38.381965], [27.0334643, 38.3818724], [27.0337862, 38.3819398], [27.0341402, 38.382028], [27.0344299, 38.382108], [27.0347356, 38.3821963], [27.0351058, 38.3820533], [27.0352399, 38.3819229], [27.0352721, 38.3817799], [27.0352453, 38.3815192], [27.0352346, 38.3811534], [27.0352024, 38.3809053], [27.0350629, 38.3807202], [27.0349878, 38.3806025], [27.0349441, 38.3799264], [27.0347142, 38.3800432], [27.0342421, 38.3798582], [27.0343709, 38.3795806], [27.0344353, 38.3792274], [27.0343709, 38.3786723], [27.0339631, 38.3777304], [27.0334589, 38.3774359], [27.0329117, 38.3772089], [27.0256112, 38.3762123], [27.019329, 38.3775789], [27.0169043, 38.3823729], [27.0198226, 38.3825327], [27.0218611, 38.3835082], [27.0226979, 38.3870025], [27.0218611, 38.3873347], [27.0217216, 38.3873557], [27.0214051, 38.3873978], [27.0208526, 38.3874062], [27.0207238, 38.3875281], [27.0204931, 38.3877215], [27.0203644, 38.3878309], [27.0202088, 38.3878645], [27.0199084, 38.3878435], [27.0199728, 38.3879612], [27.0200694, 38.3881378], [27.0201015, 38.388348], [27.0201659, 38.3883817], [27.0202625, 38.3884363], [27.0203322, 38.3885288], [27.0204288, 38.3886213], [27.0205897, 38.3887096], [27.0206702, 38.3888989], [27.0207184, 38.389168], [27.0206809, 38.3892941], [27.0207292, 38.3893656], [27.0210403, 38.389559], [27.0211422, 38.3896389], [27.0207399, 38.38958], [27.0204931, 38.3895758], [27.0202357, 38.3896389], [27.0205468, 38.3896935], [27.0208311, 38.3898071], [27.0209706, 38.3898912], [27.0210671, 38.3900089], [27.0213246, 38.3900551], [27.0210779, 38.3902822], [27.0210457, 38.3904041], [27.0210618, 38.3905723], [27.0211583, 38.3908792], [27.0212495, 38.391182], [27.0212066, 38.3912829], [27.0211422, 38.3913544], [27.0209223, 38.3914385], [27.0207345, 38.3915057], [27.0206004, 38.3916024], [27.0202357, 38.3917706], [27.0198011, 38.3918925], [27.0193773, 38.3919346], [27.0191628, 38.3919514], [27.018975, 38.3924055], [27.0188248, 38.3923803], [27.0187283, 38.3928764], [27.0178378, 38.3923887], [27.0183205, 38.3934734], [27.0184132, 38.3936429], [27.0185459, 38.3938855], [27.0187014, 38.394226], [27.0187775, 38.3944558], [27.0189106, 38.3953066], [27.019023, 38.3962115]]]]}, "bbox": [27.0169043, 38.3762123, 27.0352721, 38.3962115]}, {"id": "123", "type": "Feature", "properties": {"mahalle_adi": "Altıevler Mahallesi", "_gece_lst_str": "23.3°C"}, "geometry": {"type": "MultiPolygon", "coordinates": [[[[26.9943501, 38.4054381], [26.9943002, 38.4053767], [26.9942359, 38.4053051], [26.9939878, 38.4050978], [26.9936677, 38.4048597], [26.9935545, 38.4047998], [26.9934227, 38.4048301], [26.9933966, 38.4048054], [26.9929073, 38.4043437], [26.9925074, 38.4043606], [26.992465, 38.4040226], [26.9924194, 38.4040166], [26.9924172, 38.4039889], [26.9923183, 38.4039827], [26.9923112, 38.4039422], [26.99163, 38.4040013], [26.9916213, 38.4039087], [26.9916869, 38.403893], [26.9916208, 38.4038143], [26.9915656, 38.4037389], [26.9914964, 38.4036207], [26.9914114, 38.403513], [26.9912393, 38.4032265], [26.9910487, 38.4028846], [26.9909027, 38.402722], [26.9905343, 38.4023117], [26.9903048, 38.4020748], [26.9899711, 38.4017303], [26.9890288, 38.4010046], [26.9885035, 38.4006312], [26.9879187, 38.4003087], [26.987323, 38.3999904], [26.9860775, 38.3992264], [26.9853952, 38.3987851], [26.9850702, 38.3986493], [26.9846749, 38.3985135], [26.9843663, 38.3983819], [26.9840034, 38.398157], [26.9832507, 38.3977453], [26.9826171, 38.3975076], [26.9821298, 38.3972572], [26.9812839, 38.396916], [26.9809769, 38.3967198], [26.9808736, 38.3966815], [26.980689, 38.3966059], [26.9804453, 38.396534], [26.9801925, 38.3965268], [26.9801275, 38.3967419], [26.979942, 38.3967012], [26.979747, 38.3967012], [26.9796658, 38.3966715], [26.9796117, 38.3966079], [26.9796117, 38.3965442], [26.9798335, 38.3965781], [26.9798662, 38.3964466], [26.979303, 38.3963829], [26.9776393, 38.3961847], [26.9775878, 38.3964503], [26.9781397, 38.3965143], [26.9781054, 38.3966979], [26.9792001, 38.3968201], [26.9792813, 38.3968795], [26.9793084, 38.3969686], [26.9792705, 38.3970238], [26.9774564, 38.3968286], [26.9772831, 38.3967734], [26.9770502, 38.3966631], [26.9769149, 38.3965569], [26.976839, 38.3963575], [26.9768065, 38.3961792], [26.9768906, 38.3957206], [26.9771004, 38.3954831], [26.9773257, 38.3954327], [26.9793641, 38.3956513], [26.9827652, 38.3959624], [26.9840634, 38.3960381], [26.9858336, 38.3962063], [26.9877648, 38.3964249], [26.9892132, 38.3966267], [26.9916487, 38.396921], [26.9929254, 38.3970892], [26.9941485, 38.3972657], [26.9968722, 38.3975966], [26.997056, 38.3976189], [26.9988692, 38.3977618], [27.0006072, 38.3978123], [27.002356, 38.3978291], [27.0036167, 38.3977576], [27.0035577, 38.398178], [27.0034611, 38.3987582], [27.003386, 38.3990105], [27.0032197, 38.3992543], [27.0031285, 38.3995023], [27.0030534, 38.3997126], [27.0029461, 38.3999732], [27.0028496, 38.4001666], [27.0026082, 38.4004146], [27.0023239, 38.4006879], [27.0021254, 38.4009023], [27.0020932, 38.4010789], [27.0020878, 38.4012344], [27.0021576, 38.4014488], [27.0022649, 38.4018356], [27.0023078, 38.4019617], [27.0024043, 38.4020878], [27.0028281, 38.4025545], [27.00315, 38.4029244], [27.0036113, 38.4035171], [27.0037186, 38.4036348], [27.0039386, 38.4037189], [27.0042175, 38.4040468], [27.0044589, 38.404278], [27.0047378, 38.4044798], [27.0047861, 38.4045891], [27.0047808, 38.4048329], [27.0046306, 38.4060394], [27.0045266, 38.4065212], [27.0045018, 38.4066363], [27.0044053, 38.4070903], [27.004239, 38.4077377], [27.0041531, 38.4081349], [27.0040995, 38.4084649], [27.0040297, 38.4087318], [27.0040222, 38.4088807], [27.0039415, 38.4088751], [27.0038133, 38.4089179], [27.0037468, 38.4089086], [27.0035853, 38.4088416], [27.0033526, 38.4087336], [27.0031246, 38.4086387], [27.002814, 38.4085876], [27.0021106, 38.4084359], [27.0013388, 38.4083038], [27.0007803, 38.4081725], [27.0004863, 38.4080861], [27.000227, 38.4079547], [26.9998119, 38.4077753], [26.9996528, 38.4077009], [26.999572, 38.4076339], [26.9995127, 38.4075892], [26.9992728, 38.4075129], [26.9991636, 38.4075074], [26.9990449, 38.4076413], [26.9989997, 38.4076469], [26.9989332, 38.4076023], [26.9989024, 38.4075483], [26.9988929, 38.4074869], [26.998862, 38.407418], [26.9987694, 38.4074069], [26.9986863, 38.4074031], [26.9986364, 38.4074292], [26.9986032, 38.4074757], [26.998558, 38.407485], [26.9985295, 38.407485], [26.9984868, 38.4074571], [26.998501, 38.4074087], [26.9988121, 38.407111], [26.9983419, 38.4067295], [26.9978124, 38.4065565], [26.9970145, 38.4066123], [26.997005, 38.4068933], [26.9972021, 38.4070273], [26.9972518, 38.407043], [26.9972994, 38.4070868], [26.9973849, 38.407191], [26.9974799, 38.4072617], [26.9975987, 38.4073101], [26.9978504, 38.4074292], [26.9980119, 38.4075427], [26.9981781, 38.4076506], [26.9984013, 38.4077567], [26.998501, 38.4078051], [26.9985295, 38.4078442], [26.9985533, 38.4078832], [26.9985224, 38.4079242], [26.9984393, 38.4079056], [26.9982944, 38.4078311], [26.9979905, 38.4076413], [26.9976604, 38.4074664], [26.9974728, 38.4073734], [26.9972353, 38.4072506], [26.9971332, 38.4071798], [26.9969504, 38.4070589], [26.9968696, 38.4069603], [26.9968364, 38.4068933], [26.9967746, 38.4066849], [26.9967295, 38.4066272], [26.9966488, 38.40659], [26.9964992, 38.4065658], [26.9957298, 38.4065081], [26.9954448, 38.4064709], [26.9952049, 38.4064243], [26.9949889, 38.4063462], [26.9948725, 38.4062606], [26.9947799, 38.4061638], [26.9946326, 38.4059331], [26.994465, 38.4056821], [26.9943501, 38.4054381]]]]}, "bbox": [26.9768065, 38.3954327, 27.0047861, 38.4089179]}, {"id": "132", "type": "Feature", "properties": {"mahalle_adi": "Ufuk Mahallesi", "_gece_lst_str": "23.5°C"}, "geometry": {"type": "MultiPolygon", "coordinates": [[[[27.1619368, 38.4021151], [27.1617919, 38.4023422], [27.1618831, 38.4023842], [27.1614191, 38.4032964], [27.1614996, 38.403328], [27.1614229, 38.4043179], [27.1617544, 38.4043705], [27.1621352, 38.4044041], [27.1624356, 38.404442], [27.1627843, 38.4045008], [27.1633154, 38.4045891], [27.1633047, 38.4046585], [27.1636453, 38.4047552], [27.1641067, 38.4049275], [27.164332, 38.4050074], [27.1642649, 38.404751], [27.1642756, 38.4045113], [27.1648657, 38.404587], [27.1653646, 38.4046101], [27.1653137, 38.4050284], [27.1652922, 38.4053899], [27.165319, 38.4058965], [27.1659762, 38.406073], [27.1657991, 38.4064745], [27.165783, 38.4066111], [27.1663195, 38.4065817], [27.1669364, 38.4065817], [27.1680254, 38.4066679], [27.1684357, 38.4067018], [27.1686316, 38.4067225], [27.1691626, 38.4067856], [27.1691681, 38.4067726], [27.1692538, 38.4065691], [27.1704662, 38.4066489], [27.1719575, 38.4068255], [27.1721962, 38.406878], [27.1724296, 38.4069516], [27.1726763, 38.4070945], [27.1729148, 38.4072862], [27.1733844, 38.4076158], [27.1738887, 38.4080361], [27.1740952, 38.4081265], [27.1743178, 38.4081875], [27.1745539, 38.4081938], [27.1747947, 38.4081612], [27.1749562, 38.4081307], [27.1750474, 38.408137], [27.1751359, 38.4081728], [27.1752727, 38.4082379], [27.1756723, 38.4083304], [27.1759111, 38.4083598], [27.1760586, 38.4083556], [27.176249, 38.4083388], [27.1764475, 38.4083598], [27.176603, 38.4083995], [27.177279, 38.4084985], [27.1775365, 38.4085069], [27.1776974, 38.4084733], [27.1778422, 38.4084229], [27.1782841, 38.408067], [27.178858, 38.4076048], [27.1793282, 38.4073636], [27.1798432, 38.4071534], [27.1810555, 38.4062454], [27.1812594, 38.4061193], [27.1817127, 38.4059869], [27.181989, 38.4059511], [27.1820208, 38.4059538], [27.1822894, 38.4059764], [27.1830089, 38.4060861], [27.1843386, 38.4063547], [27.1861624, 38.4063241], [27.1866989, 38.4063926], [27.1880556, 38.405342], [27.1883519, 38.405187], [27.1889173, 38.4049535], [27.1887213, 38.4048056], [27.1886194, 38.40469], [27.1883002, 38.4041561], [27.1878818, 38.403576], [27.1877021, 38.4034141], [27.1873882, 38.4031661], [27.1871683, 38.4030001], [27.1869752, 38.4028319], [27.1867499, 38.4026259], [27.1864736, 38.4023506], [27.1863958, 38.4022749], [27.1856716, 38.4020374], [27.1855402, 38.4021278], [27.1853283, 38.4022896], [27.1849072, 38.4025839], [27.1842796, 38.4020857], [27.1839362, 38.4018314], [27.1830457, 38.4012029], [27.1823376, 38.4007573], [27.1820694, 38.4005975], [27.1819326, 38.4005344], [27.1817878, 38.4004861], [27.1815491, 38.4004924], [27.1813479, 38.4004945], [27.1811065, 38.4005134], [27.1809053, 38.4005302], [27.1807149, 38.4005534], [27.1805647, 38.4005912], [27.1804413, 38.400648], [27.1802133, 38.4008161], [27.17998, 38.4010074], [27.1798995, 38.4010599], [27.1798137, 38.4010957], [27.1797359, 38.4011062], [27.1796152, 38.4010915], [27.1794221, 38.4010452], [27.1791807, 38.4009843], [27.1790546, 38.4009485], [27.1788776, 38.4008792], [27.178604, 38.4007636], [27.1784028, 38.40069], [27.1782446, 38.4006332], [27.1779871, 38.4005176], [27.1778477, 38.4004157], [27.1773836, 38.4004378], [27.1765655, 38.4004672], [27.1762302, 38.4004756], [27.1760076, 38.4004567], [27.1758816, 38.4004378], [27.1757743, 38.4003831], [27.1756482, 38.4002906], [27.1755248, 38.4002086], [27.1753719, 38.4001161], [27.1751076, 38.3999663], [27.1745631, 38.400265], [27.1722155, 38.4001732], [27.1721369, 38.3989458], [27.1722847, 38.3984892], [27.1721077, 38.398485], [27.1718234, 38.3984639], [27.171523, 38.3983841], [27.1712547, 38.3982369], [27.1699566, 38.397497], [27.1694469, 38.3971354], [27.1693182, 38.3969841], [27.1691894, 38.3967865], [27.1683741, 38.3967949], [27.1674246, 38.3968579], [27.1671939, 38.3968958], [27.1665341, 38.3970261], [27.1660942, 38.397148], [27.1656918, 38.3973204], [27.1651822, 38.3975726], [27.1645117, 38.3979132], [27.1637928, 38.3982537], [27.1634978, 38.3983378], [27.1633154, 38.3983084], [27.1635783, 38.3992879], [27.1636105, 38.3994603], [27.1635407, 38.3997126], [27.1634656, 38.3999522], [27.163353, 38.4002128], [27.1631706, 38.4004819], [27.1629882, 38.4007173], [27.1626019, 38.4012218], [27.1622264, 38.4017053], [27.1619368, 38.4021151]]]]}, "bbox": [27.1614191, 38.3967865, 27.1889173, 38.4085069]}, {"id": "133", "type": "Feature", "properties": {"mahalle_adi": "Yaylacık Mahallesi", "_gece_lst_str": "23.8°C"}, "geometry": {"type": "MultiPolygon", "coordinates": [[[[27.1811042, 38.3895538], [27.1810685, 38.3894202], [27.1809739, 38.3892815], [27.1809271, 38.389216], [27.1808286, 38.3890786], [27.1806429, 38.3888464], [27.1804744, 38.3886628], [27.1804538, 38.3886404], [27.1802523, 38.3884207], [27.1800527, 38.3881832], [27.1799236, 38.3880289], [27.1798996, 38.3879984], [27.179887, 38.3879703], [27.1797097, 38.3875762], [27.1794485, 38.3871545], [27.1791478, 38.3874592], [27.1790095, 38.3876053], [27.1789709, 38.3876461], [27.1787472, 38.3878911], [27.1785267, 38.3880736], [27.1779053, 38.3885481], [27.177349, 38.3881258], [27.1769451, 38.3878106], [27.1763222, 38.388267], [27.1755157, 38.3877151], [27.1753129, 38.3880096], [27.1747175, 38.3889283], [27.1745324, 38.3891722], [27.1743393, 38.3893656], [27.173878, 38.3897903], [27.1734729, 38.3902065], [27.1732208, 38.3906249], [27.1729606, 38.3910739], [27.17274, 38.3912908], [27.1726334, 38.3915772], [27.1724859, 38.39184], [27.1723357, 38.3920208], [27.1709678, 38.3931413], [27.1703535, 38.3936332], [27.1698359, 38.3939801], [27.1692538, 38.3944068], [27.1691948, 38.3944867], [27.169235, 38.3949429], [27.169227, 38.3963871], [27.1691894, 38.3967865], [27.1693182, 38.3969841], [27.1694469, 38.3971354], [27.1699566, 38.397497], [27.1712547, 38.3982369], [27.171523, 38.3983841], [27.1718234, 38.3984639], [27.1721077, 38.398485], [27.1722847, 38.3984892], [27.1725315, 38.3984261], [27.1727622, 38.3983841], [27.172966, 38.3983168], [27.1730894, 38.3982411], [27.1734434, 38.397972], [27.1737438, 38.3977324], [27.1746612, 38.3970471], [27.1749455, 38.3967654], [27.1753693, 38.3964922], [27.1766031, 38.3957144], [27.1773326, 38.3951636], [27.177735, 38.3948567], [27.1783465, 38.3943606], [27.17906, 38.3938014], [27.1797627, 38.3932674], [27.1799397, 38.3931076], [27.1801168, 38.392889], [27.180286, 38.3925359], [27.1804952, 38.39209], [27.1807784, 38.3914769], [27.1808299, 38.3913556], [27.1809626, 38.3910434], [27.1810361, 38.3908842], [27.1811396, 38.3905969], [27.1811736, 38.3903747], [27.1811521, 38.3899921], [27.1811357, 38.3896741], [27.1811042, 38.3895538]]]]}, "bbox": [27.1691894, 38.3871545, 27.1811736, 38.3984892]}, {"id": "138", "type": "Feature", "properties": {"mahalle_adi": "İzkent Mahallesi", "_gece_lst_str": "23.6°C"}, "geometry": {"type": "MultiPolygon", "coordinates": [[[[27.1854812, 38.394102], [27.1858674, 38.3943585], [27.1863663, 38.3948041], [27.1867955, 38.3952119], [27.1875223, 38.3957942], [27.1882573, 38.3963429], [27.1888044, 38.3967738], [27.190733, 38.3984261], [27.1910441, 38.3988003], [27.1916503, 38.3995318], [27.1920633, 38.4000531], [27.1918595, 38.4006332], [27.1916234, 38.4012975], [27.1914704, 38.4017174], [27.1916288, 38.401947], [27.1919952, 38.4022415], [27.1916323, 38.4024447], [27.190478, 38.4020519], [27.1899421, 38.4018695], [27.1899267, 38.4017741], [27.1906633, 38.4008391], [27.190145, 38.4007449], [27.190057, 38.4007299], [27.189542, 38.4006627], [27.1883941, 38.4004609], [27.1879166, 38.4003558], [27.1876323, 38.4002339], [27.1871066, 38.3998429], [27.1864951, 38.3993804], [27.1855187, 38.3986405], [27.1850193, 38.3982676], [27.1844202, 38.3976355], [27.1841896, 38.3972755], [27.1837455, 38.3971281], [27.1833301, 38.3965258], [27.1830565, 38.3961222], [27.1828258, 38.3958615], [27.1825844, 38.3956765], [27.1821901, 38.3954453], [27.1835849, 38.3949324], [27.1838665, 38.394823], [27.1840569, 38.3947453], [27.1841508, 38.3946864], [27.1842393, 38.394617], [27.1843225, 38.3945098], [27.1844164, 38.3944026], [27.1844995, 38.3943227], [27.1845773, 38.3942723], [27.1846685, 38.3942302], [27.1847597, 38.3942029], [27.1849367, 38.394163], [27.185213, 38.3941356], [27.1854812, 38.394102]]]]}, "bbox": [27.1821901, 38.394102, 27.1920633, 38.4024447]}, {"id": "139", "type": "Feature", "properties": {"mahalle_adi": "Cumhuriyet Mahallesi", "_gece_lst_str": "23.2°C"}, "geometry": {"type": "MultiPolygon", "coordinates": [[[[27.1951586, 38.3983756], [27.1951211, 38.398342], [27.1929592, 38.3964081], [27.1925139, 38.3959498], [27.1918219, 38.3953108], [27.1914518, 38.394945], [27.1910495, 38.3945666], [27.1908617, 38.3943416], [27.1906179, 38.3937354], [27.1915001, 38.3933725], [27.1917844, 38.3932464], [27.1915537, 38.3926199], [27.1912801, 38.3919178], [27.1911621, 38.3916277], [27.1911514, 38.3913544], [27.1912211, 38.3911273], [27.191382, 38.3909213], [27.1915644, 38.3908036], [27.1917629, 38.3907573], [27.1919399, 38.3907405], [27.1920955, 38.3907615], [27.1922725, 38.3908877], [27.192868, 38.3912619], [27.1933347, 38.391531], [27.1934849, 38.3916739], [27.1937746, 38.3921196], [27.1939221, 38.3923719], [27.1941984, 38.392683], [27.1948314, 38.3934987], [27.1955448, 38.3943984], [27.1966338, 38.3955252], [27.1976235, 38.3969672], [27.1966606, 38.3975937], [27.1955265, 38.3981841], [27.1951586, 38.3983756]]]]}, "bbox": [27.1906179, 38.3907405, 27.1976235, 38.3983756]}, {"id": "141", "type": "Feature", "properties": {"mahalle_adi": "Efeler Mahallesi", "_gece_lst_str": "23.8°C"}, "geometry": {"type": "MultiPolygon", "coordinates": [[[[27.1515432, 38.3921196], [27.1514037, 38.3918106], [27.1511731, 38.3913649], [27.1510148, 38.3910916], [27.1508619, 38.390791], [27.150811, 38.3906774], [27.1508136, 38.3905807], [27.15087, 38.3903558], [27.1509907, 38.3900131], [27.151106, 38.3896809], [27.1511838, 38.3894686], [27.1512321, 38.3892268], [27.1512535, 38.3888316], [27.1513206, 38.3884027], [27.1516746, 38.3868091], [27.1521681, 38.3847571], [27.152313, 38.384118], [27.1524149, 38.3836638], [27.1524203, 38.3834283], [27.1523559, 38.3830709], [27.1521648, 38.3825654], [27.1525544, 38.3828396], [27.1533859, 38.382499], [27.1542817, 38.3821752], [27.1547216, 38.3820449], [27.15514, 38.3819524], [27.1556067, 38.3819481], [27.1559715, 38.3819902], [27.1562451, 38.3820533], [27.1565509, 38.382129], [27.1567923, 38.3821542], [27.1570712, 38.3821416], [27.1574129, 38.3820965], [27.1576896, 38.3820617], [27.1579598, 38.3820194], [27.1581981, 38.3819802], [27.1589112, 38.3818893], [27.1591419, 38.3818851], [27.1601021, 38.3835713], [27.1607405, 38.3846352], [27.1612126, 38.3854846], [27.161513, 38.3860396], [27.16169, 38.3863676], [27.1619046, 38.3866409], [27.1621084, 38.3869226], [27.1623552, 38.3873305], [27.1619046, 38.3874356], [27.1613306, 38.3875828], [27.1607619, 38.3877846], [27.160145, 38.3881294], [27.1596354, 38.3883565], [27.159158, 38.3885331], [27.15882, 38.3886382], [27.158348, 38.389025], [27.1576506, 38.3892058], [27.1580744, 38.3911273], [27.156921, 38.3912997], [27.1557623, 38.3914595], [27.1548986, 38.391594], [27.1534717, 38.3917958], [27.152372, 38.3919346], [27.1522298, 38.3919556], [27.1520394, 38.3919998], [27.15179, 38.3920565], [27.1515432, 38.3921196]]]]}, "bbox": [27.150811, 38.3818851, 27.1623552, 38.3921196]}, {"id": "142", "type": "Feature", "properties": {"mahalle_adi": "Akıncılar Mahallesi", "_gece_lst_str": "23.8°C"}, "geometry": {"type": "MultiPolygon", "coordinates": [[[[27.1401429, 38.3874534], [27.1402195, 38.3869971], [27.1404523, 38.3864559], [27.1416934, 38.385272], [27.1422386, 38.3845679], [27.1425122, 38.3841306], [27.1426356, 38.3839666], [27.1426517, 38.3835419], [27.1424555, 38.3832122], [27.143333, 38.3825495], [27.1436441, 38.382192], [27.1437299, 38.3819902], [27.1438119, 38.3815166], [27.1438158, 38.381494], [27.144202, 38.3814183], [27.1446526, 38.381372], [27.1449155, 38.3813174], [27.1450978, 38.3812417], [27.1452963, 38.3811408], [27.1455055, 38.3810272], [27.1457738, 38.3808927], [27.1458864, 38.3807497], [27.1462834, 38.3805268], [27.1475279, 38.3802324], [27.1478981, 38.3801525], [27.1482843, 38.3801441], [27.148971, 38.3800558], [27.1492928, 38.3799885], [27.1495557, 38.3799086], [27.1497381, 38.3798666], [27.1503496, 38.379854], [27.1507949, 38.3798582], [27.1511167, 38.3801441], [27.1515137, 38.3809641], [27.1520126, 38.3821626], [27.1521648, 38.3825654], [27.1523559, 38.3830709], [27.1524203, 38.3834283], [27.1524149, 38.3836638], [27.152313, 38.384118], [27.1521681, 38.3847571], [27.1516746, 38.3868091], [27.1513206, 38.3884027], [27.1508351, 38.3884069], [27.150422, 38.3884469], [27.1499258, 38.3884679], [27.1495932, 38.3884721], [27.1492365, 38.3884195], [27.1490622, 38.3883607], [27.1489173, 38.3882681], [27.1486357, 38.3880474], [27.1483085, 38.3877783], [27.148228, 38.3876795], [27.1478525, 38.3877236], [27.1474099, 38.3877384], [27.1468359, 38.3877531], [27.1462995, 38.3877531], [27.144945, 38.3877825], [27.1434993, 38.3878309], [27.1422024, 38.3878488], [27.142083, 38.3880758], [27.1417531, 38.3879696], [27.1407956, 38.3876564], [27.1401429, 38.3874534]]]]}, "bbox": [27.1401429, 38.379854, 27.1524203, 38.3884721]}, {"id": "143", "type": "Feature", "properties": {"mahalle_adi": "Fırat Mahallesi", "_gece_lst_str": "23.6°C"}, "geometry": {"type": "MultiPolygon", "coordinates": [[[[27.1521648, 38.3825654], [27.1520126, 38.3821626], [27.1515137, 38.3809641], [27.1511167, 38.3801441], [27.1507949, 38.3798582], [27.1503496, 38.379854], [27.1497381, 38.3798666], [27.1495557, 38.3799086], [27.1492928, 38.3799885], [27.148971, 38.3800558], [27.1482843, 38.3801441], [27.1478981, 38.3801525], [27.1475279, 38.3802324], [27.1462834, 38.3805268], [27.1454412, 38.3786092], [27.1444166, 38.3761407], [27.143864, 38.3748454], [27.1428716, 38.3723388], [27.1431291, 38.3724145], [27.1433169, 38.3723935], [27.1438479, 38.3722085], [27.1445185, 38.3719898], [27.1448404, 38.3719057], [27.1450978, 38.371872], [27.1454197, 38.371893], [27.1457255, 38.3719393], [27.1458043, 38.3719533], [27.1460795, 38.3720024], [27.1467662, 38.3721622], [27.14719, 38.3722631], [27.147485, 38.3723094], [27.1478659, 38.3723262], [27.1484345, 38.3722968], [27.1491051, 38.3722463], [27.1501189, 38.3722001], [27.1507305, 38.3721496], [27.1510953, 38.3721328], [27.1516532, 38.3720781], [27.1520072, 38.3730664], [27.1523452, 38.3728856], [27.1527368, 38.3726164], [27.1529674, 38.3724314], [27.1531767, 38.3722211], [27.153241, 38.3720486], [27.1534502, 38.3718342], [27.1540296, 38.3714052], [27.1548986, 38.3721117], [27.1550542, 38.3722169], [27.1555585, 38.3726879], [27.1558106, 38.3729571], [27.1560895, 38.3732683], [27.1565133, 38.3737603], [27.1565799, 38.3738568], [27.1567601, 38.3738108], [27.1569397, 38.3737819], [27.1572137, 38.3739302], [27.1573019, 38.3740127], [27.157428, 38.3741848], [27.1574467, 38.3742103], [27.1577418, 38.3747402], [27.1579885, 38.3750851], [27.1582568, 38.3754005], [27.1580315, 38.3758589], [27.1579403, 38.3760523], [27.1578598, 38.3762206], [27.1578276, 38.3763635], [27.1578337, 38.3764254], [27.1578437, 38.3765276], [27.1578973, 38.3766916], [27.1580368, 38.3769229], [27.1589112, 38.3784746], [27.1590829, 38.3788657], [27.1596247, 38.3796984], [27.1600217, 38.3802493], [27.1601343, 38.3804007], [27.1607834, 38.3818725], [27.1602148, 38.3819019], [27.1594745, 38.3818893], [27.1591419, 38.3818851], [27.1589112, 38.3818893], [27.1581981, 38.3819802], [27.1579598, 38.3820194], [27.1576896, 38.3820617], [27.1574129, 38.3820965], [27.1570712, 38.3821416], [27.1567923, 38.3821542], [27.1565509, 38.382129], [27.1562451, 38.3820533], [27.1559715, 38.3819902], [27.1556067, 38.3819481], [27.15514, 38.3819524], [27.1547216, 38.3820449], [27.1542817, 38.3821752], [27.1533859, 38.382499], [27.1525544, 38.3828396], [27.1521648, 38.3825654]]]]}, "bbox": [27.1428716, 38.3714052, 27.1607834, 38.3828396]}, {"id": "145", "type": "Feature", "properties": {"mahalle_adi": "Atatürk Mahallesi", "_gece_lst_str": "23.6°C"}, "geometry": {"type": "MultiPolygon", "coordinates": [[[[27.1760774, 38.3780079], [27.1761846, 38.3783947], [27.1762866, 38.3789667], [27.1763349, 38.3794503], [27.1763402, 38.3800012], [27.1763295, 38.380674], [27.1762544, 38.3811155], [27.1762437, 38.3815024], [27.1762866, 38.3818767], [27.1763992, 38.3820827], [27.1780112, 38.3816601], [27.1785048, 38.3815171], [27.178703, 38.3814797], [27.1788563, 38.3814316], [27.1790201, 38.3813807], [27.1791515, 38.3813508], [27.1792483, 38.3813264], [27.1793557, 38.3813009], [27.179575, 38.3812585], [27.1801597, 38.3811113], [27.1804145, 38.3810419], [27.1809268, 38.380838], [27.1819997, 38.3804406], [27.1822907, 38.3803265], [27.1823587, 38.380306], [27.1824903, 38.3802552], [27.1825013, 38.3802514], [27.1829465, 38.3800222], [27.1831557, 38.3798561], [27.1833676, 38.3797509], [27.1835661, 38.3796269], [27.1838987, 38.3794587], [27.1841937, 38.3793115], [27.1844083, 38.3792232], [27.1845907, 38.3791769], [27.1846833, 38.3791749], [27.1849877, 38.3791685], [27.1855402, 38.3791559], [27.1861142, 38.3787143], [27.1866131, 38.3783106], [27.1869564, 38.378113], [27.1874446, 38.3778649], [27.1883565, 38.3773644], [27.1888983, 38.3770701], [27.1899015, 38.3766243], [27.1905291, 38.3763173], [27.1896279, 38.3749757], [27.1893543, 38.3746183], [27.1892202, 38.374387], [27.1890485, 38.3741641], [27.1887803, 38.3739202], [27.1885443, 38.37363], [27.1883136, 38.3732767], [27.1878469, 38.3727636], [27.1874392, 38.3729024], [27.1870637, 38.3730496], [27.1866131, 38.3732052], [27.1861893, 38.3733019], [27.1859425, 38.3734071], [27.1855026, 38.3735963], [27.1852076, 38.373815], [27.1849179, 38.3740253], [27.1847033, 38.3741599], [27.1843171, 38.3742987], [27.1839416, 38.3744374], [27.1829599, 38.3748328], [27.1823537, 38.3750809], [27.1820909, 38.375144], [27.1818012, 38.3751692], [27.1815383, 38.3752701], [27.1812433, 38.3754215], [27.1805781, 38.375779], [27.1803045, 38.3758799], [27.1797574, 38.3759935], [27.1790224, 38.3761449], [27.1786898, 38.3762542], [27.1783519, 38.3764224], [27.1775955, 38.376864], [27.1770483, 38.3771626], [27.1766828, 38.3773777], [27.176528, 38.3774527], [27.17619, 38.377684], [27.1760774, 38.3780079]]]]}, "bbox": [27.1760774, 38.3727636, 27.1905291, 38.3820827]}, {"id": "148", "type": "Feature", "properties": {"mahalle_adi": "Yenigün Mahallesi", "_gece_lst_str": "23.6°C"}, "geometry": {"type": "MultiPolygon", "coordinates": [[[[27.1572137, 38.3739302], [27.1573019, 38.3740127], [27.157428, 38.3741848], [27.1574467, 38.3742103], [27.1577418, 38.3747402], [27.1579885, 38.3750851], [27.1582568, 38.3754005], [27.1580315, 38.3758589], [27.1579403, 38.3760523], [27.1578598, 38.3762206], [27.1578276, 38.3763635], [27.1578337, 38.3764254], [27.1578437, 38.3765276], [27.1578973, 38.3766916], [27.1580368, 38.3769229], [27.1589112, 38.3784746], [27.1590829, 38.3788657], [27.1596247, 38.3796984], [27.1600217, 38.3802493], [27.1601343, 38.3804007], [27.1607834, 38.3818725], [27.161116, 38.3818346], [27.1615881, 38.3817673], [27.161808, 38.3817926], [27.1631277, 38.3820617], [27.1655846, 38.3825495], [27.1673012, 38.3829153], [27.1671563, 38.3815991], [27.167151, 38.3813847], [27.1672475, 38.3811029], [27.167328, 38.3808338], [27.1673548, 38.3806824], [27.1673441, 38.3805478], [27.1672851, 38.3804049], [27.1671563, 38.3802703], [27.1670705, 38.3801736], [27.1670544, 38.3800012], [27.1671134, 38.3798245], [27.1672261, 38.3796059], [27.1674138, 38.3793914], [27.1675748, 38.3792316], [27.1677786, 38.3790634], [27.1680361, 38.3788531], [27.1681648, 38.3787101], [27.1683204, 38.3784915], [27.1684492, 38.3782602], [27.1685886, 38.3780751], [27.1687871, 38.377827], [27.1689534, 38.3776504], [27.1693397, 38.377314], [27.1697366, 38.3769481], [27.1693075, 38.3767378], [27.1686852, 38.3764224], [27.1672636, 38.3755098], [27.1665924, 38.3750293], [27.1662605, 38.3748243], [27.1655524, 38.3744206], [27.1651769, 38.3742398], [27.1644527, 38.3738571], [27.1641469, 38.3736678], [27.1636856, 38.3733902], [27.1633315, 38.3731169], [27.1630472, 38.3728772], [27.1628219, 38.3726501], [27.1626127, 38.3724398], [27.1623337, 38.3721832], [27.1621031, 38.3720066], [27.1618026, 38.3717879], [27.1616256, 38.3716701], [27.1614164, 38.3715818], [27.1609122, 38.3714178], [27.1608317, 38.3716407], [27.1605849, 38.3720823], [27.1603972, 38.3723851], [27.1599466, 38.3727552], [27.1598232, 38.3729739], [27.1596515, 38.3731043], [27.1594047, 38.3731127], [27.1591848, 38.3731211], [27.1588683, 38.3732599], [27.1586752, 38.3733482], [27.1584338, 38.3734702], [27.1582085, 38.37363], [27.15801, 38.3736636], [27.157774, 38.3736636], [27.1574467, 38.3737982], [27.1572137, 38.3739302]]]]}, "bbox": [27.1572137, 38.3714178, 27.1697366, 38.3829153]}, {"id": "149", "type": "Feature", "properties": {"mahalle_adi": "Göksu Mahallesi", "_gece_lst_str": "23.5°C"}, "geometry": {"type": "MultiPolygon", "coordinates": [[[[27.140088, 38.3642101], [27.1401836, 38.3641372], [27.1402323, 38.3639459], [27.1402484, 38.3638597], [27.1402377, 38.3635695], [27.1401594, 38.3632968], [27.1400499, 38.3630164], [27.1401036, 38.3626609], [27.1405109, 38.3623827], [27.1405917, 38.3625095], [27.1408921, 38.3623749], [27.1411067, 38.3623581], [27.1416217, 38.3623371], [27.1419489, 38.3622656], [27.142362, 38.3621814], [27.1428126, 38.3620847], [27.1432042, 38.3619795], [27.1437889, 38.3618239], [27.1441162, 38.3616851], [27.1442717, 38.3615884], [27.1444809, 38.3616178], [27.1453553, 38.361887], [27.1458274, 38.362009], [27.1462083, 38.3620973], [27.1467555, 38.3621688], [27.1472329, 38.3622277], [27.1476459, 38.3622572], [27.148397, 38.3623539], [27.1487081, 38.3625432], [27.1491104, 38.3627072], [27.1496737, 38.3629344], [27.1505266, 38.3632582], [27.1510202, 38.3634223], [27.1514064, 38.3635485], [27.1517497, 38.3636831], [27.1519911, 38.3638219], [27.152372, 38.3640742], [27.1525276, 38.3642299], [27.1526349, 38.3644149], [27.1527207, 38.364579], [27.1528012, 38.3648145], [27.1528494, 38.3650753], [27.1528494, 38.3655169], [27.1528467, 38.3655926], [27.1527636, 38.3657735], [27.15271, 38.3659754], [27.1526724, 38.3661941], [27.1526349, 38.3664296], [27.1525812, 38.3667325], [27.1525061, 38.366947], [27.1523237, 38.3671152], [27.152034, 38.3673381], [27.1514118, 38.367784], [27.1510577, 38.3676073], [27.1507734, 38.3675022], [27.150296, 38.367376], [27.1497005, 38.3673213], [27.1491051, 38.367275], [27.1489495, 38.3673045], [27.1487886, 38.3674054], [27.1486223, 38.3675568], [27.1482736, 38.3678975], [27.148036, 38.3681844], [27.1480107, 38.3682256], [27.1477961, 38.3684527], [27.1474689, 38.368684], [27.1471792, 38.3688985], [27.1469486, 38.3691172], [27.146793, 38.3693233], [27.1465516, 38.3697018], [27.1463209, 38.3700089], [27.1461707, 38.370236], [27.1461171, 38.3704505], [27.1460581, 38.370871], [27.1458043, 38.3719533], [27.1457255, 38.3719393], [27.1454197, 38.371893], [27.1450978, 38.371872], [27.1448404, 38.3719057], [27.1445185, 38.3719898], [27.1438479, 38.3722085], [27.1433169, 38.3723935], [27.1431291, 38.3724145], [27.1426463, 38.3712664], [27.1417454, 38.36893], [27.1404147, 38.3658618], [27.1400134, 38.3649358], [27.1399427, 38.3647618], [27.1399174, 38.3645638], [27.140088, 38.3642101]]]]}, "bbox": [27.1399174, 38.3615884, 27.1528494, 38.3724145]}, {"id": "150", "type": "Feature", "properties": {"mahalle_adi": "Yıldız Mahallesi", "_gece_lst_str": "23.6°C"}, "geometry": {"type": "MultiPolygon", "coordinates": [[[[27.1734216, 38.3706265], [27.1741944, 38.3706481], [27.174953, 38.3706531], [27.1754336, 38.3706608], [27.1763509, 38.3705388], [27.1791083, 38.3701519], [27.1805137, 38.3698701], [27.1816295, 38.3696976], [27.1821284, 38.3696472], [27.1829385, 38.3695841], [27.1833193, 38.3695925], [27.1838021, 38.3696682], [27.1845639, 38.3698028], [27.1853149, 38.3699121], [27.1858191, 38.369992], [27.1864843, 38.3700719], [27.1869028, 38.3700972], [27.1871173, 38.3700804], [27.1872193, 38.3711949], [27.1874285, 38.3715398], [27.1875626, 38.3717753], [27.1876484, 38.3720276], [27.1877396, 38.3724103], [27.1878469, 38.3727636], [27.1874392, 38.3729024], [27.1870637, 38.3730496], [27.1866131, 38.3732052], [27.1861893, 38.3733019], [27.1859425, 38.3734071], [27.1855026, 38.3735963], [27.1852076, 38.373815], [27.1849179, 38.3740253], [27.1847033, 38.3741599], [27.1843171, 38.3742987], [27.1839416, 38.3744374], [27.1829599, 38.3748328], [27.1823537, 38.3750809], [27.1820909, 38.375144], [27.1818012, 38.3751692], [27.1815383, 38.3752701], [27.1812433, 38.3754215], [27.1805781, 38.375779], [27.1803045, 38.3758799], [27.1797574, 38.3759935], [27.1790224, 38.3761449], [27.1786898, 38.3762542], [27.1783519, 38.3764224], [27.1775955, 38.376864], [27.1770483, 38.3771626], [27.1766828, 38.3773777], [27.176528, 38.3774527], [27.17619, 38.377684], [27.1760774, 38.3780079], [27.1759164, 38.3778354], [27.175675, 38.3775915], [27.1754336, 38.3773897], [27.175262, 38.3772257], [27.175144, 38.3770743], [27.174983, 38.3768093], [27.1748435, 38.376536], [27.1746504, 38.3763257], [27.1744627, 38.3761449], [27.1743017, 38.3759556], [27.1741623, 38.3757285], [27.1739584, 38.3752827], [27.173835, 38.3749463], [27.1736687, 38.3746351], [27.173481, 38.3743155], [27.173363, 38.3740505], [27.1732664, 38.3738066], [27.1732181, 38.3733818], [27.1731484, 38.3729613], [27.1730679, 38.3725155], [27.1730035, 38.372179], [27.1730089, 38.3719645], [27.1730411, 38.3717753], [27.1732128, 38.3713463], [27.1733361, 38.370993], [27.1733937, 38.3706742], [27.1734216, 38.3706265]]]]}, "bbox": [27.1730035, 38.3695841, 27.1878469, 38.3780079]}, {"id": "152", "type": "Feature", "properties": {"mahalle_adi": "Çamlıpınar Mahallesi", "_gece_lst_str": "23.2°C"}, "geometry": {"type": "MultiPolygon", "coordinates": [[[[27.1609122, 38.3714178], [27.1614164, 38.3715818], [27.1616256, 38.3716701], [27.1618026, 38.3717879], [27.1621031, 38.3720066], [27.163074, 38.3715103], [27.1637338, 38.3712285], [27.1643829, 38.3708332], [27.1646833, 38.3706019], [27.1651608, 38.3701645], [27.1656704, 38.3696934], [27.1664375, 38.3690163], [27.166695, 38.3688396], [27.1670061, 38.3686251], [27.1673065, 38.3683896], [27.1675748, 38.3681919], [27.1677625, 38.367969], [27.1678644, 38.3677755], [27.1679288, 38.3676325], [27.1680629, 38.3675064], [27.1682239, 38.3673003], [27.1689856, 38.3664296], [27.1696937, 38.3656263], [27.1697152, 38.3652477], [27.1698815, 38.3648355], [27.1699512, 38.3647472], [27.1688408, 38.3646294], [27.1682829, 38.3645874], [27.1677196, 38.3645411], [27.1669471, 38.3644528], [27.1660942, 38.3643687], [27.1653646, 38.3642972], [27.1647531, 38.3642172], [27.1640235, 38.3640826], [27.1634388, 38.3639775], [27.1625161, 38.3637461], [27.1620816, 38.3636242], [27.1614379, 38.3634097], [27.1609336, 38.3632246], [27.1603475, 38.3629996], [27.1599895, 38.3637966], [27.1598339, 38.3640574], [27.1596193, 38.3642383], [27.1596515, 38.364335], [27.1603221, 38.3650543], [27.1618241, 38.3667241], [27.1615666, 38.3669638], [27.1612018, 38.3672666], [27.1607995, 38.367561], [27.1604508, 38.3677882], [27.1600431, 38.367969], [27.1594906, 38.3681709], [27.1589649, 38.3683265], [27.1585572, 38.3684695], [27.158289, 38.3686209], [27.1580207, 38.368785], [27.1576506, 38.3689364], [27.1575, 38.3689885], [27.1575916, 38.3690752], [27.1578732, 38.3693717], [27.1581494, 38.3696577], [27.1586508, 38.3701661], [27.1588855, 38.3703826], [27.1593189, 38.3706734], [27.1594825, 38.3707995], [27.1596971, 38.3709383], [27.1598875, 38.3710203], [27.1603301, 38.3711781], [27.1609122, 38.3714178]]]]}, "bbox": [27.1575, 38.3629996, 27.1699512, 38.3720066]}, {"id": "153", "type": "Feature", "properties": {"mahalle_adi": "Mustafa Kemal Mahallesi", "_gece_lst_str": "23.3°C"}, "geometry": {"type": "MultiPolygon", "coordinates": [[[[27.1528467, 38.3655926], [27.153292, 38.3659102], [27.1536112, 38.366152], [27.1539545, 38.366417], [27.1548155, 38.3670731], [27.155427, 38.367437], [27.1563551, 38.3680552], [27.1569103, 38.3684737], [27.1573314, 38.3688291], [27.1575, 38.3689885], [27.1576506, 38.3689364], [27.1580207, 38.368785], [27.158289, 38.3686209], [27.1585572, 38.3684695], [27.1589649, 38.3683265], [27.1594906, 38.3681709], [27.1600431, 38.367969], [27.1604508, 38.3677882], [27.1607995, 38.367561], [27.1612018, 38.3672666], [27.1615666, 38.3669638], [27.1618241, 38.3667241], [27.1603221, 38.3650543], [27.1596515, 38.364335], [27.1596193, 38.3642383], [27.1598339, 38.3640574], [27.1599895, 38.3637966], [27.1603475, 38.3629996], [27.1606732, 38.3625679], [27.1608304, 38.3624286], [27.1609872, 38.3620704], [27.160326, 38.3617976], [27.1604531, 38.361665], [27.160443, 38.3616144], [27.1595, 38.3613364], [27.1590618, 38.361036], [27.159453, 38.3606183], [27.1601419, 38.3600344], [27.1612118, 38.3596895], [27.1598324, 38.3562053], [27.154608, 38.3566769], [27.153579, 38.356427], [27.1533698, 38.3560316], [27.1531498, 38.3555815], [27.152887, 38.355022], [27.1527368, 38.3547065], [27.1523666, 38.3539704], [27.1521789, 38.3535371], [27.1519697, 38.3531248], [27.1517175, 38.3526831], [27.1514869, 38.3523255], [27.1513045, 38.3520815], [27.1510148, 38.3517113], [27.1507949, 38.3514], [27.1503282, 38.350891], [27.1500063, 38.3505544], [27.1497112, 38.350281], [27.1494377, 38.3500496], [27.1490943, 38.3497803], [27.1487349, 38.3494943], [27.1482682, 38.3491661], [27.1478122, 38.3488758], [27.1473455, 38.3485855], [27.1469754, 38.3483584], [27.1465409, 38.3481186], [27.1460742, 38.3478872], [27.145527, 38.3476516], [27.1448564, 38.3473823], [27.1442985, 38.347193], [27.1433973, 38.3469364], [27.1422507, 38.3466611], [27.1420562, 38.347336], [27.1419221, 38.3476978], [27.1418148, 38.3479671], [27.1415788, 38.3484341], [27.1412623, 38.3489726], [27.1416914, 38.3491998], [27.142067, 38.3494648], [27.1422118, 38.3495658], [27.1424317, 38.3497719], [27.1426463, 38.3500285], [27.1429253, 38.350403], [27.1431452, 38.3506512], [27.1434992, 38.3509246], [27.1437514, 38.3511097], [27.1440035, 38.3512738], [27.1444273, 38.3514337], [27.1448189, 38.3515725], [27.1458274, 38.3519427], [27.1463531, 38.3522119], [27.1468413, 38.352477], [27.1472007, 38.3526789], [27.1472973, 38.3527967], [27.1473509, 38.3529649], [27.1473724, 38.3531248], [27.1473455, 38.3533141], [27.1472973, 38.3534698], [27.1471846, 38.3536464], [27.1470129, 38.3538021], [27.1466857, 38.3539872], [27.146337, 38.354126], [27.1460581, 38.3542017], [27.145586, 38.35437], [27.1453178, 38.3544499], [27.1451863, 38.3545451], [27.1450442, 38.3546855], [27.1450496, 38.3549421], [27.1451998, 38.3552702], [27.1454036, 38.3556236], [27.1455967, 38.3558549], [27.1458381, 38.3561158], [27.145983, 38.356263], [27.1462405, 38.3564859], [27.1463907, 38.3566542], [27.1465301, 38.3569571], [27.1467179, 38.3573315], [27.1469057, 38.3575754], [27.1470827, 38.3577984], [27.147249, 38.3580382], [27.1473885, 38.3583452], [27.1475601, 38.3590056], [27.1477103, 38.3596661], [27.1479678, 38.3606588], [27.148397, 38.3623539], [27.1487081, 38.3625432], [27.1491104, 38.3627072], [27.1496737, 38.3629344], [27.1505266, 38.3632582], [27.1510202, 38.3634223], [27.1514064, 38.3635485], [27.1517497, 38.3636831], [27.1519911, 38.3638219], [27.152372, 38.3640742], [27.1525276, 38.3642299], [27.1526349, 38.3644149], [27.1527207, 38.364579], [27.1528012, 38.3648145], [27.1528494, 38.3650753], [27.1528494, 38.3655169], [27.1528467, 38.3655926]]]]}, "bbox": [27.1412623, 38.3466611, 27.1618241, 38.3689885]}, {"id": "154", "type": "Feature", "properties": {"mahalle_adi": "İnönü Mahallesi", "_gece_lst_str": "23.4°C"}, "geometry": {"type": "MultiPolygon", "coordinates": [[[[27.1422507, 38.3466611], [27.1420562, 38.347336], [27.1419221, 38.3476978], [27.1418148, 38.3479671], [27.1415788, 38.3484341], [27.1412623, 38.3489726], [27.1416914, 38.3491998], [27.142067, 38.3494648], [27.1422118, 38.3495658], [27.1424317, 38.3497719], [27.1426463, 38.3500285], [27.1429253, 38.350403], [27.1431452, 38.3506512], [27.1434992, 38.3509246], [27.1437514, 38.3511097], [27.1440035, 38.3512738], [27.1444273, 38.3514337], [27.1448189, 38.3515725], [27.1458274, 38.3519427], [27.1463531, 38.3522119], [27.1468413, 38.352477], [27.1472007, 38.3526789], [27.1472973, 38.3527967], [27.1473509, 38.3529649], [27.1473724, 38.3531248], [27.1473455, 38.3533141], [27.1472973, 38.3534698], [27.1471846, 38.3536464], [27.1470129, 38.3538021], [27.1466857, 38.3539872], [27.146337, 38.354126], [27.1460581, 38.3542017], [27.145586, 38.35437], [27.1453178, 38.3544499], [27.1451863, 38.3545451], [27.1450442, 38.3546855], [27.1450496, 38.3549421], [27.1451998, 38.3552702], [27.1454036, 38.3556236], [27.1455967, 38.3558549], [27.1458381, 38.3561158], [27.145983, 38.356263], [27.1462405, 38.3564859], [27.1463907, 38.3566542], [27.1465301, 38.3569571], [27.1467179, 38.3573315], [27.1469057, 38.3575754], [27.1470827, 38.3577984], [27.147249, 38.3580382], [27.1473885, 38.3583452], [27.1475601, 38.3590056], [27.1477103, 38.3596661], [27.1479678, 38.3606588], [27.148397, 38.3623539], [27.1476459, 38.3622572], [27.1472329, 38.3622277], [27.1467555, 38.3621688], [27.1462083, 38.3620973], [27.1458274, 38.362009], [27.1453553, 38.361887], [27.1444809, 38.3616178], [27.1442717, 38.3615884], [27.1441162, 38.3616851], [27.1437889, 38.3618239], [27.1432042, 38.3619795], [27.1428126, 38.3620847], [27.142362, 38.3621814], [27.1419489, 38.3622656], [27.1416217, 38.3623371], [27.1411067, 38.3623581], [27.1408921, 38.3623749], [27.1405917, 38.3625095], [27.1405109, 38.3623827], [27.1406454, 38.3622908], [27.1407044, 38.3622277], [27.1406561, 38.3620721], [27.140581, 38.3620216], [27.1403999, 38.3619125], [27.140007, 38.3617608], [27.1396878, 38.3616935], [27.1395188, 38.3616178], [27.1394464, 38.3614895], [27.1393356, 38.3613893], [27.1394598, 38.360663], [27.139457, 38.3602996], [27.1392453, 38.3601161], [27.1386778, 38.3599457], [27.1384513, 38.3597207], [27.1384191, 38.3595104], [27.1384245, 38.3592833], [27.1383058, 38.3591445], [27.1380705, 38.3589846], [27.138285, 38.3583242], [27.1384299, 38.3577816], [27.1384245, 38.3575712], [27.1382368, 38.3570496], [27.1380597, 38.3567383], [27.1379256, 38.3564944], [27.1377003, 38.356242], [27.1375092, 38.3560077], [27.137475, 38.3558886], [27.1375394, 38.3557834], [27.137813, 38.3556194], [27.137931, 38.35551], [27.1379713, 38.3553658], [27.137872, 38.3551104], [27.1379042, 38.3550178], [27.1380275, 38.3549547], [27.1383762, 38.3548916], [27.1385264, 38.3547823], [27.1385586, 38.3546813], [27.1385231, 38.3545468], [27.1384567, 38.3544457], [27.1382207, 38.3542396], [27.1381241, 38.354147], [27.1380973, 38.3540335], [27.1380919, 38.35376], [27.138108, 38.3535118], [27.1381026, 38.3534529], [27.1380586, 38.3533589], [27.13799, 38.3532994], [27.1378344, 38.3532426], [27.1376547, 38.3532068], [27.1373838, 38.353169], [27.1371612, 38.3531164], [27.1370217, 38.3530554], [27.13696, 38.3529776], [27.1369493, 38.3528871], [27.1370003, 38.3527988], [27.1370888, 38.3527041], [27.1372417, 38.3526095], [27.1373945, 38.3525295], [27.1376463, 38.352363], [27.1378157, 38.3522561], [27.137931, 38.3521299], [27.1379927, 38.3519742], [27.1379927, 38.3518039], [27.1379793, 38.3515472], [27.1379417, 38.3513285], [27.1378264, 38.3512401], [27.1376145, 38.351217], [27.1374723, 38.3511476], [27.137357, 38.3510613], [27.1372792, 38.3509562], [27.1372873, 38.3508068], [27.1373624, 38.3506428], [27.1374267, 38.3505207], [27.1374375, 38.3504093], [27.1374003, 38.3503149], [27.1372497, 38.3501295], [27.1371183, 38.349915], [27.137062, 38.3497214], [27.1370083, 38.3495006], [27.136952, 38.3493807], [27.1368876, 38.3493197], [27.1368366, 38.3491871], [27.1368715, 38.3490672], [27.1369359, 38.3489116], [27.1369547, 38.3487412], [27.1369372, 38.3486518], [27.137007, 38.3485708], [27.1371733, 38.3484183], [27.1373016, 38.34825], [27.1373275, 38.3480681], [27.1373302, 38.3480365], [27.1373001, 38.3479743], [27.1371853, 38.3478325], [27.1370298, 38.3476852], [27.1370029, 38.3476095], [27.1369708, 38.3475254], [27.1369654, 38.3474244], [27.1369815, 38.3472519], [27.1366382, 38.3470415], [27.136681, 38.3462403], [27.1397033, 38.3463681], [27.1408653, 38.3464441], [27.1422507, 38.3466611]]]]}, "bbox": [27.1366382, 38.3462403, 27.148397, 38.3625095]}, {"id": "163", "type": "Feature", "properties": {"mahalle_adi": "Muammer Akar Mahallesi", "_gece_lst_str": "23.6°C"}, "geometry": {"type": "MultiPolygon", "coordinates": [[[[27.0761702, 38.3937853], [27.0762578, 38.3939317], [27.0743784, 38.3946906], [27.0745874, 38.3950268], [27.0747968, 38.3953533], [27.0766524, 38.3945756], [27.0782485, 38.3939925], [27.0811352, 38.3936377], [27.081331, 38.393402], [27.0816475, 38.3928848], [27.0817816, 38.3926325], [27.0818728, 38.3923971], [27.0820177, 38.3917286], [27.0821893, 38.3912661], [27.0822161, 38.3910643], [27.082141, 38.3902486], [27.0820713, 38.3898449], [27.0820928, 38.3895632], [27.0824629, 38.3886171], [27.0827365, 38.3879107], [27.0830154, 38.387444], [27.0830637, 38.3871245], [27.0830691, 38.3867292], [27.083053, 38.3864517], [27.0830874, 38.3863847], [27.0832193, 38.3861279], [27.0833909, 38.3858083], [27.0835411, 38.3855476], [27.0838094, 38.3853374], [27.0838791, 38.3851356], [27.0841259, 38.3845174], [27.0843834, 38.3839161], [27.084142, 38.3838278], [27.083745, 38.3837521], [27.0835626, 38.3837311], [27.0833695, 38.3835587], [27.0831388, 38.3832517], [27.0829564, 38.3830162], [27.0825487, 38.3824822], [27.0822269, 38.3822299], [27.0819157, 38.3820449], [27.0813256, 38.3815529], [27.0806336, 38.3809936], [27.0804298, 38.3809011], [27.0802206, 38.3807202], [27.0801294, 38.3805436], [27.0800972, 38.3804301], [27.0801133, 38.3801568], [27.0801294, 38.3800138], [27.0801294, 38.3798792], [27.080065, 38.3797404], [27.079947, 38.3796059], [27.0798129, 38.3794587], [27.0796841, 38.3793493], [27.0795286, 38.3791811], [27.0794696, 38.3789456], [27.0794588, 38.378727], [27.0794374, 38.3785503], [27.0794052, 38.3782518], [27.0792466, 38.3775408], [27.078917, 38.3775537], [27.0781874, 38.3783695], [27.0760243, 38.3792838], [27.0765567, 38.3803544], [27.0757574, 38.3815772], [27.0758546, 38.3829492], [27.0744109, 38.3847781], [27.0738201, 38.3854313], [27.0740458, 38.3854324], [27.0744645, 38.3853416], [27.0746148, 38.3852785], [27.0747274, 38.3851692], [27.074883, 38.3850767], [27.0751619, 38.3850304], [27.0754301, 38.3850094], [27.0756662, 38.3849758], [27.075929, 38.3849295], [27.0761114, 38.3848496], [27.0762187, 38.3847865], [27.0765781, 38.3845553], [27.0807516, 38.3846015], [27.0806801, 38.385102], [27.0806336, 38.3853921], [27.0806658, 38.3858966], [27.0806765, 38.3864769], [27.0808053, 38.3871665], [27.0809448, 38.3877257], [27.0811164, 38.3881588], [27.0811567, 38.3883165], [27.0811567, 38.3884595], [27.0811245, 38.3887874], [27.0809674, 38.3893643], [27.080842, 38.3896943], [27.0806326, 38.3901318], [27.0803939, 38.3904473], [27.0797489, 38.3910843], [27.0793108, 38.3908661], [27.0794786, 38.390613], [27.0797077, 38.3903062], [27.0789224, 38.38999], [27.0780158, 38.390032], [27.0775717, 38.3900559], [27.0771062, 38.3900687], [27.0765413, 38.3901032], [27.0766001, 38.3905574], [27.0767973, 38.3911339], [27.0768403, 38.3914845], [27.0768212, 38.3917367], [27.0767392, 38.3920061], [27.0764659, 38.3923981], [27.0763166, 38.3931106], [27.0762339, 38.3935278], [27.0761702, 38.3937853]]]]}, "bbox": [27.0738201, 38.3775408, 27.0843834, 38.3953533]}, {"id": "164", "type": "Feature", "properties": {"mahalle_adi": "Esenyalı Mahallesi", "_gece_lst_str": "23.7°C"}, "geometry": {"type": "MultiPolygon", "coordinates": [[[[27.0897907, 38.3905681], [27.0901287, 38.3908708], [27.0904595, 38.3911087], [27.0908974, 38.391303], [27.0921119, 38.3917304], [27.0925193, 38.3918223], [27.0928422, 38.3918322], [27.0929325, 38.391889], [27.0931567, 38.3925231], [27.0933, 38.3924428], [27.0934242, 38.3928829], [27.0935417, 38.393042], [27.0937818, 38.3932528], [27.094138, 38.3934431], [27.0941781, 38.3934645], [27.094729, 38.3936973], [27.0950052, 38.393814], [27.095328, 38.3940059], [27.095472, 38.3940915], [27.095879, 38.3943909], [27.0961574, 38.3946079], [27.0958157, 38.3948199], [27.0956831, 38.3949393], [27.0955572, 38.3951113], [27.0955038, 38.3955084], [27.0951122, 38.395521], [27.094785, 38.3956135], [27.0944792, 38.395769], [27.0941576, 38.3960165], [27.0940074, 38.3958701], [27.0937173, 38.3957328], [27.0893157, 38.3942211], [27.0890047, 38.3941179], [27.0883788, 38.3934678], [27.0879913, 38.3932033], [27.0875808, 38.3930734], [27.0877147, 38.3924938], [27.0878971, 38.3921658], [27.0882028, 38.3918883], [27.0897907, 38.3905681]]]]}, "bbox": [27.0875808, 38.3905681, 27.0961574, 38.3960165]}, {"id": "169", "type": "Feature", "properties": {"mahalle_adi": "Aşık Veysel Mahallesi", "_gece_lst_str": "23.7°C"}, "geometry": {"type": "MultiPolygon", "coordinates": [[[[27.138242, 38.3897509], [27.1389725, 38.3890765], [27.1393456, 38.3887496], [27.139912, 38.3883658], [27.1401429, 38.3874534], [27.1402195, 38.3869971], [27.1404523, 38.3864559], [27.1416934, 38.385272], [27.1422386, 38.3845679], [27.1425122, 38.3841306], [27.1426356, 38.3839666], [27.1426517, 38.3835419], [27.1424555, 38.3832122], [27.1417344, 38.3821542], [27.141552, 38.3818767], [27.141552, 38.3817337], [27.1415573, 38.381618], [27.1417425, 38.3813356], [27.1419481, 38.3809891], [27.1420111, 38.3806776], [27.1418332, 38.3804717], [27.1415788, 38.3803376], [27.1411067, 38.3801693], [27.1400338, 38.3802577], [27.1387606, 38.3804291], [27.1384889, 38.3805499], [27.1382797, 38.3805773], [27.1380463, 38.3805583], [27.1378693, 38.3804616], [27.137357, 38.3795218], [27.1370673, 38.3787059], [27.1371469, 38.3784979], [27.1379757, 38.3770526], [27.1378077, 38.3756925], [27.1376681, 38.375451], [27.1369171, 38.374408], [27.1366053, 38.3739854], [27.1364558, 38.3737435], [27.1363561, 38.3734488], [27.1363592, 38.3727384], [27.1362787, 38.3724987], [27.135824, 38.3718101], [27.1357959, 38.3716617], [27.1353936, 38.3714767], [27.1350557, 38.3729781], [27.1349484, 38.3734912], [27.1348894, 38.3739916], [27.1348464, 38.3753416], [27.1348464, 38.3758757], [27.1348196, 38.3777934], [27.1348114, 38.3787186], [27.1348035, 38.3796059], [27.134766, 38.3809431], [27.134766, 38.3831088], [27.1347231, 38.3846898], [27.1347273, 38.3865316], [27.1347284, 38.3870319], [27.1352756, 38.387053], [27.1355545, 38.3873011], [27.1360749, 38.3877236], [27.1366382, 38.387732], [27.1366489, 38.3881294], [27.1366543, 38.3882997], [27.1369922, 38.3884469], [27.1373463, 38.3886823], [27.1376842, 38.3889199], [27.1379256, 38.389334], [27.1379498, 38.3895296], [27.1380597, 38.3896326], [27.138242, 38.3897509]]]]}, "bbox": [27.1347231, 38.3714767, 27.1426517, 38.3897509]}, {"id": "176", "type": "Feature", "properties": {"mahalle_adi": "Peker Mahallesi", "_gece_lst_str": "23.5°C"}, "geometry": {"type": "MultiPolygon", "coordinates": [[[[27.1264763, 38.3575397], [27.1264404, 38.3574955], [27.1261883, 38.3572726], [27.1259737, 38.3571211], [27.1258771, 38.3570643], [27.1257779, 38.3570307], [27.1255553, 38.3570181], [27.1250376, 38.3570307], [27.1246406, 38.3570223], [27.124469, 38.357016], [27.1241632, 38.3569571], [27.1238869, 38.3568814], [27.1230528, 38.35661], [27.1225056, 38.356345], [27.1222356, 38.3562588], [27.121776, 38.3561431], [27.1212959, 38.3560485], [27.1210686, 38.3560116], [27.1209118, 38.3564853], [27.1213072, 38.3566195], [27.1210987, 38.3570963], [27.1219709, 38.3571214], [27.1218632, 38.3573752], [27.1215313, 38.3575575], [27.1212343, 38.3580983], [27.1211521, 38.3583527], [27.121187, 38.3588402], [27.1211434, 38.3589484], [27.1210737, 38.3590693], [27.1209538, 38.3591944], [27.1208078, 38.3592556], [27.1204693, 38.3593572], [27.1203743, 38.359473], [27.1203182, 38.3596398], [27.1213456, 38.3595024], [27.1217573, 38.3592833], [27.1222912, 38.359281], [27.1222562, 38.3595798], [27.1222025, 38.3597291], [27.1222079, 38.359868], [27.1222454, 38.3600026], [27.1223205, 38.3602297], [27.1224385, 38.3604064], [27.1226585, 38.3606398], [27.1222508, 38.3609174], [27.1224627, 38.3611067], [27.1227443, 38.361296], [27.1228838, 38.3613907], [27.122983, 38.3615084], [27.1230715, 38.3616998], [27.1226799, 38.3617987], [27.1231386, 38.3627156], [27.1233907, 38.3632519], [27.123557, 38.3637251], [27.1238816, 38.3643308], [27.1241176, 38.3648545], [27.1244851, 38.365681], [27.1246889, 38.3661731], [27.1248043, 38.366457], [27.1249706, 38.366907], [27.1251959, 38.3674222], [27.1253219, 38.3677692], [27.1256277, 38.3684443], [27.125845, 38.3688859], [27.1260032, 38.3688502], [27.1262875, 38.3688207], [27.1265236, 38.368806], [27.1268588, 38.3687976], [27.1271083, 38.368785], [27.1273845, 38.3687492], [27.1275938, 38.3686756], [27.1277949, 38.3685705], [27.1281758, 38.3683686], [27.1285003, 38.3681583], [27.1286452, 38.3679711], [27.1287471, 38.3678281], [27.1288195, 38.3676725], [27.128908, 38.3673213], [27.1289536, 38.3670879], [27.1290046, 38.366886], [27.1290207, 38.3667009], [27.1289751, 38.3663245], [27.1290207, 38.3660784], [27.1290609, 38.3658934], [27.129077, 38.3657987], [27.129069, 38.3657125], [27.1290636, 38.3656095], [27.1289965, 38.3654812], [27.1289429, 38.3653234], [27.1289349, 38.3651846], [27.1289563, 38.3650648], [27.1289751, 38.3648965], [27.1289738, 38.3646336], [27.1289268, 38.3644654], [27.1288504, 38.3641773], [27.128908, 38.3641794], [27.1289684, 38.3641531], [27.1290421, 38.3641422], [27.1291655, 38.364213], [27.1292353, 38.3642235], [27.1293026, 38.3641991], [27.1293586, 38.3640974], [27.1293962, 38.3639291], [27.1294901, 38.3639186], [27.1296242, 38.3638723], [27.129761, 38.3638429], [27.1298978, 38.3638534], [27.1300828, 38.3638555], [27.1301874, 38.3638555], [27.1301874, 38.3637461], [27.1302706, 38.3635569], [27.1303511, 38.3633886], [27.1306193, 38.3631194], [27.1307695, 38.3629007], [27.1306997, 38.3627114], [27.1305603, 38.3625179], [27.1304047, 38.3624422], [27.1302599, 38.3623981], [27.1301445, 38.3624044], [27.1299326, 38.3624485], [27.1295464, 38.3625474], [27.12924, 38.3625965], [27.1290395, 38.3626084], [27.1288678, 38.3625537], [27.1286881, 38.3624422], [27.1286157, 38.362335], [27.1286345, 38.3621983], [27.128613, 38.3620889], [27.1285111, 38.3617966], [27.1284708, 38.3616052], [27.1284547, 38.3615126], [27.1284601, 38.3614159], [27.1285057, 38.3613023], [27.1286023, 38.3611551], [27.1287042, 38.3610508], [27.1289321, 38.3608796], [27.1290207, 38.3607345], [27.1290609, 38.360541], [27.1290234, 38.3604421], [27.1289429, 38.3603223], [27.128225, 38.3596787], [27.1279532, 38.3594389], [27.1278888, 38.3592791], [27.1278351, 38.3590393], [27.1277413, 38.3587995], [27.1276715, 38.3587133], [27.1275616, 38.3586186], [27.1273658, 38.3585009], [27.1272263, 38.3584083], [27.1268964, 38.3581223], [27.1265343, 38.3576112], [27.1264763, 38.3575397]]]]}, "bbox": [27.1203182, 38.3560116, 27.1307695, 38.3688859]}, {"id": "177", "type": "Feature", "properties": {"mahalle_adi": "Aydın Mahallesi", "_gece_lst_str": "23.5°C"}, "geometry": {"type": "MultiPolygon", "coordinates": [[[[27.1393356, 38.3613893], [27.1388153, 38.3615445], [27.1386927, 38.3613107], [27.1382528, 38.3614538], [27.1381282, 38.3615706], [27.1379149, 38.36203], [27.137813, 38.3621814], [27.1376842, 38.3623097], [27.1372354, 38.3618512], [27.1367937, 38.3618954], [27.1367106, 38.3618891], [27.1365684, 38.3617839], [27.1361458, 38.3621332], [27.1341865, 38.3621886], [27.1339616, 38.3619986], [27.1339291, 38.3619711], [27.1335188, 38.3616578], [27.1331647, 38.3616178], [27.1321763, 38.3614904], [27.131778, 38.3614664], [27.131723, 38.361377], [27.1316653, 38.3612939], [27.1316238, 38.3612876], [27.1315822, 38.3612855], [27.1315339, 38.3612918], [27.1314897, 38.3613065], [27.1314588, 38.3613423], [27.1314414, 38.361377], [27.1314657, 38.3616146], [27.131145, 38.3616535], [27.1308634, 38.3617082], [27.1304369, 38.3619964], [27.1305388, 38.362112], [27.1306354, 38.3622151], [27.1304047, 38.3624422], [27.1305603, 38.3625179], [27.1306997, 38.3627114], [27.1307695, 38.3629007], [27.1306193, 38.3631194], [27.1303511, 38.3633886], [27.1302706, 38.3635569], [27.1301874, 38.3637461], [27.1301874, 38.3638555], [27.1302062, 38.3641289], [27.1302062, 38.3643981], [27.1302384, 38.3646084], [27.130276, 38.3647556], [27.1304369, 38.3648902], [27.130689, 38.3650374], [27.1309519, 38.3651931], [27.1311074, 38.3653319], [27.1315741, 38.3658828], [27.131837, 38.3662067], [27.131896, 38.3663834], [27.1319175, 38.3665642], [27.1318799, 38.3667703], [27.1317297, 38.3671783], [27.1316546, 38.3675526], [27.1315849, 38.367927], [27.1315259, 38.3681499], [27.1315098, 38.3682508], [27.1315098, 38.3683475], [27.1315956, 38.3684359], [27.1317995, 38.3685705], [27.1320409, 38.3687345], [27.1322983, 38.3689153], [27.1323681, 38.3689953], [27.1324378, 38.3691046], [27.1325183, 38.369235], [27.1326417, 38.3696724], [27.1326792, 38.3700173], [27.1327382, 38.3703327], [27.1328026, 38.3705009], [27.132985, 38.3707112], [27.1332908, 38.370993], [27.1335483, 38.3712327], [27.1337253, 38.3713211], [27.1339506, 38.3713631], [27.1343744, 38.3714262], [27.1349913, 38.3714935], [27.1353936, 38.3714767], [27.1357959, 38.3716617], [27.1358764, 38.3715566], [27.1366811, 38.3708164], [27.136783, 38.3706229], [27.1368366, 38.3702822], [27.1368688, 38.3701224], [27.1369305, 38.3699689], [27.137011, 38.3698827], [27.1371827, 38.3698469], [27.1372256, 38.3698511], [27.1374106, 38.3698406], [27.1374965, 38.3698406], [27.1376359, 38.3697902], [27.1377271, 38.3697145], [27.1378884, 38.3691271], [27.1378666, 38.3690037], [27.137754, 38.3688396], [27.1373784, 38.3684821], [27.1373302, 38.3683686], [27.1373838, 38.3682887], [27.1385908, 38.3672204], [27.1390726, 38.3670321], [27.1391621, 38.3669386], [27.1391876, 38.3668639], [27.1391474, 38.3665348], [27.1390951, 38.3664296], [27.1390468, 38.3662908], [27.1390293, 38.3661316], [27.1388671, 38.3649596], [27.1389958, 38.3646189], [27.1391138, 38.3644801], [27.1392725, 38.3643815], [27.1395403, 38.3643014], [27.140088, 38.3642101], [27.1401836, 38.3641372], [27.1402323, 38.3639459], [27.1402484, 38.3638597], [27.1402377, 38.3635695], [27.1401594, 38.3632968], [27.1400499, 38.3630164], [27.1401036, 38.3626609], [27.1405109, 38.3623827], [27.1406454, 38.3622908], [27.1407044, 38.3622277], [27.1406561, 38.3620721], [27.140581, 38.3620216], [27.1403999, 38.3619125], [27.140007, 38.3617608], [27.1396878, 38.3616935], [27.1395188, 38.3616178], [27.1394464, 38.3614895], [27.1393356, 38.3613893]]]]}, "bbox": [27.1301874, 38.3612855, 27.1407044, 38.3716617]}, {"id": "178", "type": "Feature", "properties": {"mahalle_adi": "Günaltay Mahallesi", "_gece_lst_str": "23.6°C"}, "geometry": {"type": "MultiPolygon", "coordinates": [[[[27.1127558, 38.3800558], [27.1135014, 38.3802409], [27.1142954, 38.38051], [27.1150196, 38.3807581], [27.1164193, 38.3812735], [27.1166584, 38.3809389], [27.1170124, 38.3810693], [27.1173638, 38.3805689], [27.1179298, 38.3798477], [27.1184045, 38.3792337], [27.118839, 38.3789835], [27.119633, 38.3785062], [27.1198824, 38.3783674], [27.1201158, 38.3782455], [27.1204618, 38.3781319], [27.1208373, 38.3780478], [27.1211833, 38.3779006], [27.121473, 38.3777429], [27.1216392, 38.3776336], [27.1218538, 38.3775326], [27.1222293, 38.3774696], [27.1227819, 38.3773392], [27.1232432, 38.3772782], [27.1233907, 38.3772488], [27.1237099, 38.3771415], [27.1242142, 38.3770301], [27.1242734, 38.3770055], [27.124504, 38.3769225], [27.1244395, 38.3768514], [27.1241418, 38.3765612], [27.1237335, 38.3761667], [27.1235329, 38.3760145], [27.1233639, 38.3759262], [27.1231922, 38.3758589], [27.1229696, 38.3758042], [27.1226129, 38.3756781], [27.1223178, 38.3756423], [27.1221703, 38.3756213], [27.122004, 38.3755414], [27.1217573, 38.37539], [27.1215293, 38.3751145], [27.1216661, 38.3750136], [27.1216929, 38.37494], [27.1216875, 38.3748706], [27.1216527, 38.3747444], [27.1216178, 38.3746603], [27.1215078, 38.3744879], [27.1214381, 38.3743596], [27.1212852, 38.3741388], [27.1211457, 38.3739937], [27.1209741, 38.3738466], [27.1207648, 38.3736657], [27.1206763, 38.3735606], [27.1206576, 38.3734281], [27.120612, 38.3732115], [27.1205208, 38.3728793], [27.1203974, 38.3725386], [27.1202338, 38.3722589], [27.1200782, 38.3721054], [27.1199763, 38.3720171], [27.1197993, 38.3719561], [27.1194988, 38.3718762], [27.1191475, 38.3718047], [27.1188122, 38.3715965], [27.1186218, 38.3714809], [27.1183777, 38.3713421], [27.1180826, 38.3713379], [27.1173853, 38.3712664], [27.1170205, 38.3711907], [27.116704, 38.3711234], [27.1162748, 38.371115], [27.115674, 38.3711697], [27.1149391, 38.3712369], [27.114635, 38.3712932], [27.1143705, 38.3713421], [27.1136463, 38.3715482], [27.1129221, 38.3717963], [27.1133834, 38.3724776], [27.1133995, 38.3726879], [27.1133888, 38.3729234], [27.1134746, 38.3732977], [27.11348, 38.3737393], [27.113598, 38.3743954], [27.1135819, 38.3751103], [27.1136033, 38.3753963], [27.1135873, 38.3756234], [27.1135175, 38.3757622], [27.1132547, 38.3759178], [27.112906, 38.3760481], [27.1127021, 38.3761491], [27.1124232, 38.3766117], [27.1121228, 38.3764939], [27.1115327, 38.3761995], [27.1112269, 38.3766874], [27.110948, 38.3769145], [27.1107656, 38.3771247], [27.1106905, 38.3772088], [27.1106529, 38.3773266], [27.1105778, 38.3776925], [27.1114147, 38.378319], [27.1121496, 38.3787732], [27.1123856, 38.3789583], [27.1126056, 38.3794629], [27.1127558, 38.3800558]]]]}, "bbox": [27.1105778, 38.371115, 27.124504, 38.3812735]}, {"id": "179", "type": "Feature", "properties": {"mahalle_adi": "Sevgi Mahallesi", "_gece_lst_str": "23.8°C"}, "geometry": {"type": "MultiPolygon", "coordinates": [[[[27.1169963, 38.3892373], [27.1167737, 38.3889493], [27.1165323, 38.3886634], [27.1162426, 38.3880958], [27.1158779, 38.3869605], [27.1156901, 38.3862078], [27.1155077, 38.3859471], [27.1151483, 38.385493], [27.1140432, 38.3842988], [27.113775, 38.383975], [27.1135604, 38.3836091], [27.1133083, 38.3831214], [27.1132064, 38.3827681], [27.113142, 38.3819734], [27.113083, 38.3813426], [27.1129811, 38.380859], [27.1128201, 38.3801946], [27.1127558, 38.3800558], [27.1135014, 38.3802409], [27.1142954, 38.38051], [27.1150196, 38.3807581], [27.1164193, 38.3812735], [27.116527, 38.3813132], [27.1174014, 38.3816454], [27.1192789, 38.3823771], [27.1199709, 38.3826336], [27.1210009, 38.3828186], [27.1215373, 38.3829069], [27.1217734, 38.3829153], [27.1220201, 38.3829868], [27.1223044, 38.3831045], [27.1226424, 38.3832265], [27.1228059, 38.3832697], [27.1224359, 38.3835271], [27.1222669, 38.3836091], [27.1220764, 38.3836407], [27.1217492, 38.3836575], [27.1216097, 38.3836848], [27.1214408, 38.3838005], [27.1213227, 38.3838804], [27.1213335, 38.3840023], [27.1212155, 38.3840864], [27.1210358, 38.3841474], [27.1208319, 38.3841789], [27.120561, 38.3841915], [27.1203625, 38.384242], [27.120223, 38.3843681], [27.1200675, 38.3842294], [27.1197697, 38.3845027], [27.1196383, 38.3845532], [27.1194452, 38.3846394], [27.1193245, 38.3847151], [27.1192279, 38.3848244], [27.1190831, 38.3850073], [27.1189061, 38.385186], [27.118713, 38.3853248], [27.1186861, 38.3854825], [27.1186218, 38.3857579], [27.1186164, 38.3859261], [27.1186969, 38.3862898], [27.1186298, 38.3863781], [27.1184474, 38.3865694], [27.1180505, 38.3868617], [27.1176347, 38.3870908], [27.1175274, 38.3872022], [27.1173772, 38.387566], [27.1172914, 38.3877489], [27.1172941, 38.3878645], [27.1172565, 38.3881756], [27.1173236, 38.388449], [27.1172458, 38.3887454], [27.1171172, 38.3892311], [27.1169963, 38.3892373]]]]}, "bbox": [27.1127558, 38.3800558, 27.1228059, 38.3892373]}, {"id": "180", "type": "Feature", "properties": {"mahalle_adi": "Uğur Mumcu Mahallesi", "_gece_lst_str": "23.8°C"}, "geometry": {"type": "MultiPolygon", "coordinates": [[[[27.1276259, 38.3807245], [27.1273577, 38.3805247], [27.127178, 38.3804953], [27.1269742, 38.3805142], [27.1267891, 38.3805794], [27.1266174, 38.3806025], [27.1264082, 38.3806004], [27.1261802, 38.3805815], [27.1260166, 38.3805436], [27.1257591, 38.3803313], [27.1254373, 38.3799381], [27.125212, 38.3797194], [27.1250296, 38.3798077], [27.1247721, 38.3799843], [27.124697, 38.3801147], [27.1245494, 38.380367], [27.1243912, 38.3806088], [27.124249, 38.3808191], [27.12414, 38.3809745], [27.1240264, 38.3815508], [27.1239486, 38.3819418], [27.1238494, 38.382274], [27.1238494, 38.3824023], [27.1239111, 38.3825642], [27.1240184, 38.382684], [27.1242169, 38.3829027], [27.1242759, 38.3830183], [27.1242893, 38.3831739], [27.1242624, 38.3833127], [27.1242249, 38.3834325], [27.1242169, 38.3835482], [27.1242598, 38.3836848], [27.1241632, 38.3838446], [27.1238306, 38.3841621], [27.1236321, 38.3843766], [27.1235704, 38.3846394], [27.1236563, 38.3848034], [27.1238923, 38.3852386], [27.1240881, 38.3856359], [27.1241578, 38.3858462], [27.124288, 38.3861322], [27.12533, 38.3858252], [27.1261078, 38.3856191], [27.1266013, 38.3854761], [27.1267945, 38.385308], [27.1270305, 38.3849505], [27.1272558, 38.3845763], [27.1273684, 38.3846225], [27.127642, 38.3847823], [27.1279693, 38.384488], [27.1282053, 38.3843198], [27.1284789, 38.3839792], [27.1287149, 38.3834494], [27.1295887, 38.384068], [27.1297047, 38.3839371], [27.1296376, 38.3838614], [27.1296161, 38.3838026], [27.1295705, 38.3836932], [27.1295679, 38.3836176], [27.1295759, 38.3835166], [27.1296403, 38.3834241], [27.1297207, 38.3833484], [27.1297288, 38.3832812], [27.1297502, 38.383176], [27.1297315, 38.3830835], [27.1297127, 38.382949], [27.1296832, 38.3827808], [27.1297502, 38.3826104], [27.129769, 38.3824486], [27.1297583, 38.3821058], [27.1297261, 38.3818514], [27.1295866, 38.3816391], [27.1295303, 38.3814477], [27.1295437, 38.3812964], [27.1293372, 38.3812711], [27.1285352, 38.3811281], [27.1282616, 38.3810188], [27.1279719, 38.38088], [27.1276259, 38.3807245]]]]}, "bbox": [27.1235704, 38.3797194, 27.129769, 38.3861322]}, {"id": "181", "type": "Feature", "properties": {"mahalle_adi": "Selvili Mahallesi", "_gece_lst_str": "23.6°C"}, "geometry": {"type": "MultiPolygon", "coordinates": [[[[27.1326598, 38.377796], [27.1322742, 38.3781004], [27.1314535, 38.3787354], [27.1311906, 38.3788847], [27.130807, 38.3790318], [27.1302411, 38.3792043], [27.1298763, 38.379322], [27.1295303, 38.3793998], [27.1292309, 38.3794666], [27.1287015, 38.3796185], [27.128503, 38.3796416], [27.1283877, 38.3796353], [27.1280953, 38.3800642], [27.1276259, 38.3807245], [27.1273577, 38.3805247], [27.127178, 38.3804953], [27.1269742, 38.3805142], [27.1267891, 38.3805794], [27.1266174, 38.3806025], [27.1264082, 38.3806004], [27.1261802, 38.3805815], [27.1260166, 38.3805436], [27.1257591, 38.3803313], [27.1254373, 38.3799381], [27.125212, 38.3797194], [27.125169, 38.3793409], [27.125169, 38.3791202], [27.1251851, 38.3789372], [27.1251824, 38.3788006], [27.1251503, 38.3785819], [27.1251073, 38.3781151], [27.12511, 38.3779406], [27.1251315, 38.3777808], [27.12511, 38.3776147], [27.1250725, 38.3775116], [27.1249652, 38.3773981], [27.1248284, 38.3772803], [27.124504, 38.3769225], [27.1244395, 38.3768514], [27.1241418, 38.3765612], [27.1237335, 38.3761667], [27.1235329, 38.3760145], [27.1233639, 38.3759262], [27.1231922, 38.3758589], [27.1229696, 38.3758042], [27.1226129, 38.3756781], [27.1223178, 38.3756423], [27.1221703, 38.3756213], [27.122004, 38.3755414], [27.1217573, 38.37539], [27.1215293, 38.3751145], [27.1216661, 38.3750136], [27.1216929, 38.37494], [27.1216875, 38.3748706], [27.1216527, 38.3747444], [27.1222588, 38.3747465], [27.1226397, 38.3747381], [27.123608, 38.374715], [27.1245199, 38.3746856], [27.1256009, 38.3746793], [27.1265396, 38.3746519], [27.126824, 38.3746982], [27.1273175, 38.3747907], [27.128554, 38.3749673], [27.1293801, 38.3751019], [27.1295759, 38.3751082], [27.1296912, 38.3752344], [27.1301982, 38.3749568], [27.1304959, 38.3753353], [27.1306086, 38.3755183], [27.1307722, 38.3757895], [27.1308929, 38.3759872], [27.1310189, 38.3761301], [27.131373, 38.3765086], [27.1316439, 38.3767904], [27.1321321, 38.377377], [27.1323869, 38.3775789], [27.1326598, 38.377796]]]]}, "bbox": [27.1215293, 38.3746519, 27.1326598, 38.3807245]}, {"id": "182", "type": "Feature", "properties": {"mahalle_adi": "Abdi İpekçi Mahallesi", "_gece_lst_str": "23.4°C"}, "geometry": {"type": "MultiPolygon", "coordinates": [[[[27.1194673, 38.3632191], [27.119067, 38.3632241], [27.1187815, 38.3632219], [27.1181667, 38.3630258], [27.1179068, 38.3629095], [27.1174706, 38.3628384], [27.1176614, 38.3630492], [27.117693, 38.3631468], [27.1175033, 38.3631203], [27.1168113, 38.3630816], [27.1165329, 38.3631034], [27.116026, 38.3631583], [27.1154532, 38.3631408], [27.1153003, 38.3632789], [27.1156633, 38.3638723], [27.1152234, 38.3639396], [27.1149445, 38.3639396], [27.1148445, 38.3638729], [27.1142363, 38.3638008], [27.1136461, 38.3636694], [27.1140003, 38.3640911], [27.1140754, 38.3642341], [27.1140701, 38.3644107], [27.1140647, 38.3645369], [27.1140003, 38.3647893], [27.1138981, 38.3651053], [27.1137589, 38.3651636], [27.1134853, 38.3652393], [27.1132761, 38.365294], [27.1131645, 38.3654099], [27.1134387, 38.3665418], [27.1140517, 38.3664995], [27.1141666, 38.3667913], [27.114172, 38.3669344], [27.114172, 38.3671278], [27.1142203, 38.3672582], [27.1143168, 38.3674138], [27.1145207, 38.36754], [27.1146011, 38.3676115], [27.1147031, 38.3677335], [27.114746, 38.3678765], [27.1147942, 38.3680447], [27.1144777, 38.3683518], [27.1143651, 38.3685494], [27.11429, 38.3687429], [27.1141827, 38.3690121], [27.1143435, 38.3691688], [27.1141237, 38.3692013], [27.1141666, 38.3695462], [27.1142417, 38.3699332], [27.1143919, 38.3705009], [27.1145368, 38.3709467], [27.114635, 38.3712932], [27.1149391, 38.3712369], [27.115674, 38.3711697], [27.1162748, 38.371115], [27.116704, 38.3711234], [27.1170205, 38.3711907], [27.1173853, 38.3712664], [27.1180826, 38.3713379], [27.1183777, 38.3713421], [27.1186271, 38.3712937], [27.1189919, 38.3712327], [27.1191391, 38.3712237], [27.1195739, 38.371197], [27.1200782, 38.3711739], [27.1203491, 38.371115], [27.1204867, 38.3710643], [27.120384, 38.3708185], [27.1202981, 38.3705977], [27.1201587, 38.3703706], [27.1200809, 38.3702486], [27.1200675, 38.3701245], [27.1200778, 38.3700501], [27.1201882, 38.3698932], [27.1201426, 38.3697796], [27.1200997, 38.3694789], [27.1200702, 38.3691782], [27.119987, 38.3688775], [27.119845, 38.3683986], [27.1199173, 38.3683202], [27.1200058, 38.3682655], [27.1200755, 38.3682277], [27.1201158, 38.3681877], [27.1201238, 38.3681015], [27.120097, 38.3679816], [27.1200085, 38.367683], [27.1199441, 38.3674538], [27.1199253, 38.3673465], [27.1198931, 38.367275], [27.1198931, 38.3672372], [27.11992, 38.367172], [27.1199468, 38.3670963], [27.1199039, 38.3670164], [27.1197188, 38.366846], [27.1197027, 38.3667661], [27.1197054, 38.3666357], [27.1198065, 38.3667288], [27.1200567, 38.3667051], [27.1200648, 38.3665979], [27.120321, 38.3665012], [27.120274, 38.3662572], [27.1201882, 38.3660006], [27.1200863, 38.3657714], [27.1199736, 38.3655358], [27.1198717, 38.365294], [27.1198073, 38.3651342], [27.1198073, 38.3648019], [27.1196678, 38.3647178], [27.1193486, 38.3646126], [27.1191716, 38.3645663], [27.1192494, 38.3643876], [27.1192628, 38.3642425], [27.1191737, 38.3638854], [27.1192455, 38.3637399], [27.1193992, 38.3632974], [27.1194673, 38.3632191]]]]}, "bbox": [27.1131645, 38.3628384, 27.1204867, 38.3713421]}, {"id": "183", "type": "Feature", "properties": {"mahalle_adi": "Özgür Mahallesi", "_gece_lst_str": "23.4°C"}, "geometry": {"type": "MultiPolygon", "coordinates": [[[[27.1001413, 38.3685179], [27.1002084, 38.3683475], [27.099967, 38.3682824], [27.0996693, 38.3682172], [27.0995244, 38.3681709], [27.0993715, 38.368091], [27.0993045, 38.3680132], [27.0992321, 38.3678576], [27.0991167, 38.3677019], [27.0990792, 38.3675926], [27.099047, 38.3674811], [27.0989585, 38.3673087], [27.0988324, 38.3669869], [27.0986152, 38.3670605], [27.0983765, 38.3671278], [27.0982504, 38.3671636], [27.098068, 38.3671888], [27.097899, 38.3672056], [27.0977381, 38.367172], [27.097671, 38.3670668], [27.0976013, 38.3668271], [27.0975342, 38.3667177], [27.0974645, 38.3666], [27.0971668, 38.366213], [27.0970327, 38.3660448], [27.0975128, 38.3658219], [27.0985347, 38.3653781], [27.0991784, 38.3651047], [27.0996693, 38.3649112], [27.0999134, 38.3647872], [27.1004525, 38.364722], [27.1009541, 38.3645979], [27.1011794, 38.3645201], [27.1015441, 38.3642341], [27.1018553, 38.363948], [27.1022791, 38.3636578], [27.1027029, 38.3634265], [27.103014, 38.3632709], [27.1031749, 38.3631194], [27.1033734, 38.3631152], [27.1035773, 38.3631278], [27.1039742, 38.3631699], [27.1042049, 38.3631867], [27.1044624, 38.3631699], [27.1045858, 38.3631278], [27.1050793, 38.363166], [27.10509, 38.3632288], [27.1051651, 38.363376], [27.1053743, 38.3635905], [27.1058786, 38.3639943], [27.1061039, 38.3642425], [27.1062541, 38.3645537], [27.1063346, 38.364865], [27.1065491, 38.3654749], [27.1067262, 38.3660721], [27.1068388, 38.3662235], [27.1066618, 38.3663455], [27.1064016, 38.3664822], [27.1064123, 38.3665747], [27.1063775, 38.3668166], [27.106356, 38.366989], [27.1063185, 38.3670816], [27.1061656, 38.3672729], [27.1058947, 38.3675716], [27.1058223, 38.367662], [27.1057311, 38.3676956], [27.1052349, 38.3677882], [27.1050069, 38.3678449], [27.1047896, 38.3679669], [27.104626, 38.3680552], [27.1043792, 38.3681457], [27.1039742, 38.368255], [27.1035665, 38.3683602], [27.1033305, 38.3684233], [27.1028128, 38.3686125], [27.1025392, 38.3687639], [27.1022603, 38.3685368], [27.1020377, 38.3687913], [27.1021181, 38.3688396], [27.1023273, 38.3690058], [27.1013537, 38.3689301], [27.1011123, 38.3688859], [27.1009165, 38.3688438], [27.1007475, 38.3687997], [27.1005598, 38.3687198], [27.100372, 38.3686104], [27.1001413, 38.3685179]]]]}, "bbox": [27.0970327, 38.3631152, 27.1068388, 38.3690058]}, {"id": "184", "type": "Feature", "properties": {"mahalle_adi": "Yüzbaşı Şerafettin Mahallesi", "_gece_lst_str": "23.4°C"}, "geometry": {"type": "MultiPolygon", "coordinates": [[[[27.1039581, 38.3604232], [27.1039963, 38.3606307], [27.1041459, 38.3608943], [27.1043336, 38.3611972], [27.1044999, 38.3614622], [27.1047145, 38.3617398], [27.1048379, 38.3619249], [27.104972, 38.3621057], [27.1050256, 38.3622698], [27.1050793, 38.3625936], [27.1050578, 38.3630395], [27.1050793, 38.363166], [27.1045858, 38.3631278], [27.1044624, 38.3631699], [27.1042049, 38.3631867], [27.1039742, 38.3631699], [27.1035773, 38.3631278], [27.1033734, 38.3631152], [27.1031749, 38.3631194], [27.103014, 38.3632709], [27.1027029, 38.3634265], [27.1022791, 38.3636578], [27.1018553, 38.363948], [27.1015441, 38.3642341], [27.1011794, 38.3645201], [27.1009541, 38.3645979], [27.1004525, 38.364722], [27.0999134, 38.3647872], [27.0996693, 38.3649112], [27.0991784, 38.3651047], [27.0985347, 38.3653781], [27.0975128, 38.3658219], [27.0970327, 38.3660448], [27.0971668, 38.366213], [27.0974645, 38.3666], [27.0975342, 38.3667177], [27.0976013, 38.3668271], [27.097671, 38.3670668], [27.0977381, 38.367172], [27.097899, 38.3672056], [27.098068, 38.3671888], [27.0982504, 38.3671636], [27.0983765, 38.3671278], [27.0986152, 38.3670605], [27.0988324, 38.3669869], [27.0989585, 38.3673087], [27.099047, 38.3674811], [27.0990792, 38.3675926], [27.0991167, 38.3677019], [27.0992321, 38.3678576], [27.0993045, 38.3680132], [27.0993715, 38.368091], [27.0995244, 38.3681709], [27.0996693, 38.3682172], [27.099967, 38.3682824], [27.1002084, 38.3683475], [27.1001413, 38.3685179], [27.0999348, 38.3685074], [27.0997551, 38.3684948], [27.0994493, 38.3685452], [27.0991221, 38.3685536], [27.098819, 38.3685242], [27.0986313, 38.368562], [27.0984301, 38.3685915], [27.0982048, 38.3685999], [27.0979634, 38.368602], [27.0978051, 38.368663], [27.0976603, 38.3686882], [27.0975181, 38.3686945], [27.0973358, 38.3686462], [27.0971721, 38.3687282], [27.0969361, 38.3688102], [27.0968047, 38.3688354], [27.0966411, 38.3688144], [27.0964479, 38.3687765], [27.0961314, 38.3685831], [27.0957881, 38.3683055], [27.0954877, 38.3680531], [27.0951996, 38.3679062], [27.0944846, 38.3677629], [27.0943183, 38.3676788], [27.0940715, 38.3674517], [27.0939052, 38.3673045], [27.093578, 38.3671362], [27.0931015, 38.3668313], [27.0927411, 38.3666105], [27.0923844, 38.3664296], [27.0920813, 38.3663098], [27.0917889, 38.3661541], [27.0915958, 38.3659859], [27.0915154, 38.3658786], [27.0914885, 38.3657819], [27.0914429, 38.36558], [27.091341, 38.3651195], [27.0912579, 38.364907], [27.0911828, 38.3647661], [27.0914268, 38.3647262], [27.0917219, 38.3644696], [27.091856, 38.3645621], [27.092371, 38.3643266], [27.0927358, 38.3645874], [27.0930791, 38.3648019], [27.0936423, 38.3651636], [27.094093, 38.3649617], [27.0946133, 38.3647388], [27.0951176, 38.364499], [27.0957506, 38.3642845], [27.0976442, 38.3637588], [27.0983094, 38.3635569], [27.098878, 38.3633297], [27.0991784, 38.3632162], [27.0994788, 38.3630059], [27.0997792, 38.362724], [27.1001065, 38.3624128], [27.1002486, 38.3622887], [27.1004525, 38.3621772], [27.1007824, 38.3619711], [27.100997, 38.3618029], [27.101174, 38.361643], [27.1013671, 38.3614958], [27.1015817, 38.3613696], [27.1020108, 38.3611719], [27.1026009, 38.3609364], [27.1032983, 38.3606335], [27.1039581, 38.3604232]]]]}, "bbox": [27.0911828, 38.3604232, 27.1050793, 38.3688354]}, {"id": "185", "type": "Feature", "properties": {"mahalle_adi": "Umut Mahallesi", "_gece_lst_str": "23.6°C"}, "geometry": {"type": "MultiPolygon", "coordinates": [[[[27.1049023, 38.3784242], [27.1046716, 38.3781887], [27.1043819, 38.37797], [27.1042103, 38.3777976], [27.1041298, 38.3776672], [27.1040815, 38.3774317], [27.1040279, 38.3771668], [27.1039635, 38.3769397], [27.1037851, 38.3766243], [27.1035933, 38.376372], [27.103427, 38.376107], [27.1032822, 38.3758967], [27.1031696, 38.3758084], [27.1029764, 38.3757664], [27.1027029, 38.3756949], [27.1025741, 38.3755603], [27.1025687, 38.3752701], [27.1025634, 38.3751187], [27.1025151, 38.3749715], [27.1024346, 38.3747991], [27.1022469, 38.3745762], [27.1019787, 38.3743197], [27.1016678, 38.3740906], [27.101351, 38.3738571], [27.1008253, 38.3734659], [27.1004605, 38.3731673], [27.1001387, 38.3729108], [27.0997685, 38.3726164], [27.0994306, 38.3723094], [27.0984489, 38.3716197], [27.0978266, 38.3711907], [27.0975262, 38.370993], [27.0973599, 38.3708248], [27.0971775, 38.3705556], [27.0970219, 38.3703075], [27.0978212, 38.3695588], [27.0983094, 38.3695168], [27.0985132, 38.3695126], [27.0988244, 38.3694705], [27.0992321, 38.369521], [27.0996129, 38.3695588], [27.0998758, 38.3696598], [27.1003586, 38.3699584], [27.100777, 38.3701729], [27.1015656, 38.370564], [27.1020162, 38.3707911], [27.1022737, 38.3709299], [27.1025097, 38.371014], [27.1029389, 38.3711318], [27.1038991, 38.3713589], [27.1044463, 38.3714977], [27.1057713, 38.3715271], [27.1068603, 38.3714725], [27.1071285, 38.3714346], [27.1070909, 38.3715271], [27.1070963, 38.3716449], [27.1072197, 38.3721328], [27.1076918, 38.3739748], [27.10774, 38.3744122], [27.1077867, 38.3748674], [27.1077337, 38.3751452], [27.1076848, 38.3753813], [27.1075407, 38.3757674], [27.1074187, 38.3761959], [27.1074263, 38.3765438], [27.1072036, 38.3765499], [27.1070415, 38.3767777], [27.1068817, 38.3770406], [27.106694, 38.377314], [27.1064955, 38.3774654], [27.1061736, 38.377642], [27.1057445, 38.3778396], [27.1052563, 38.378092], [27.1049023, 38.3784242]]]]}, "bbox": [27.0970219, 38.3694705, 27.1077867, 38.3784242]}, {"id": "186", "type": "Feature", "properties": {"mahalle_adi": "Limontepe Mahallesi", "_gece_lst_str": "23.6°C"}, "geometry": {"type": "MultiPolygon", "coordinates": [[[[27.0928967, 38.3783233], [27.0947313, 38.3782854], [27.0947528, 38.3783905], [27.0952034, 38.3783926], [27.0956701, 38.3784137], [27.0958847, 38.3784725], [27.0959973, 38.3785609], [27.0958471, 38.3787291], [27.0957398, 38.3789225], [27.095713, 38.3791075], [27.0957881, 38.3792673], [27.0959651, 38.3794145], [27.0961207, 38.3795617], [27.096228, 38.3796269], [27.0964372, 38.3797194], [27.096566, 38.3797194], [27.0968771, 38.3796269], [27.0973974, 38.3795007], [27.097671, 38.3795049], [27.0980465, 38.3794965], [27.0982128, 38.3789835], [27.098304, 38.3787985], [27.0984757, 38.378626], [27.0985937, 38.3785293], [27.0988083, 38.3784326], [27.0990711, 38.3784158], [27.0993756, 38.3784116], [27.0997779, 38.3784284], [27.1000944, 38.3784578], [27.1003841, 38.3785588], [27.1007113, 38.378769], [27.1008401, 38.3786134], [27.1009903, 38.3784705], [27.1012263, 38.3783906], [27.101355, 38.3783527], [27.1016715, 38.3783107], [27.1013765, 38.3770238], [27.1024655, 38.3769019], [27.1028249, 38.376843], [27.1037851, 38.3766243], [27.1035933, 38.376372], [27.103427, 38.376107], [27.1032822, 38.3758967], [27.1031696, 38.3758084], [27.1029764, 38.3757664], [27.1027029, 38.3756949], [27.1025741, 38.3755603], [27.1025687, 38.3752701], [27.1025634, 38.3751187], [27.1025151, 38.3749715], [27.1024346, 38.3747991], [27.1022469, 38.3745762], [27.1019787, 38.3743197], [27.1016678, 38.3740906], [27.101351, 38.3738571], [27.1008253, 38.3734659], [27.1004605, 38.3731673], [27.1001387, 38.3729108], [27.0997685, 38.3726164], [27.0994306, 38.3723094], [27.0984489, 38.3716197], [27.0978749, 38.3721201], [27.0974618, 38.3725786], [27.0971131, 38.3728645], [27.0970273, 38.3730328], [27.0969254, 38.3731716], [27.096743, 38.3733019], [27.0965391, 38.3733524], [27.0962655, 38.3734029], [27.0962548, 38.3736047], [27.096287, 38.3742356], [27.0960402, 38.3743701], [27.0958739, 38.3744458], [27.0957452, 38.3744711], [27.0955092, 38.3744332], [27.0952463, 38.3744627], [27.0948279, 38.3745636], [27.0947742, 38.3749042], [27.0944256, 38.3749715], [27.0944095, 38.3751986], [27.094152, 38.3753038], [27.0939267, 38.3753963], [27.0936572, 38.3754159], [27.0932454, 38.3753837], [27.0932561, 38.375901], [27.0932829, 38.3760187], [27.0932293, 38.3762458], [27.0932561, 38.3764308], [27.093299, 38.3765528], [27.0935029, 38.3767631], [27.0936048, 38.3769691], [27.0936048, 38.3771584], [27.0933849, 38.3774822], [27.0931864, 38.3779195], [27.0928967, 38.3783233]]]]}, "bbox": [27.0928967, 38.3716197, 27.1037851, 38.3797194]}, {"id": "189", "type": "Feature", "properties": {"mahalle_adi": "Aktepe Mahallesi", "_gece_lst_str": "23.5°C"}, "geometry": {"type": "MultiPolygon", "coordinates": [[[[27.1210686, 38.3560116], [27.1206387, 38.3559694], [27.1203895, 38.3558399], [27.1201023, 38.3556488], [27.1199696, 38.3555268], [27.1197939, 38.3554587], [27.119582, 38.3554448], [27.1187961, 38.3554343], [27.118466, 38.3553693], [27.1181899, 38.3551903], [27.1178788, 38.3549926], [27.1177554, 38.3549127], [27.1176052, 38.3548369], [27.116914, 38.3546965], [27.116771, 38.354614], [27.1165913, 38.3544731], [27.1164036, 38.3541849], [27.116476, 38.354086], [27.1165189, 38.3539788], [27.1164948, 38.3539199], [27.1164519, 38.3538484], [27.1163821, 38.3537369], [27.1163607, 38.3536401], [27.1164116, 38.3535644], [27.1164733, 38.3535244], [27.1165001, 38.3534782], [27.1165135, 38.3534024], [27.1165055, 38.3533225], [27.1164894, 38.3532804], [27.1164197, 38.3532047], [27.1163204, 38.353089], [27.1161783, 38.3527357], [27.1167254, 38.3526095], [27.11716, 38.3524959], [27.1174711, 38.3523928], [27.1180397, 38.3522224], [27.1185252, 38.3520521], [27.1191394, 38.3518186], [27.1195418, 38.3516482], [27.1201345, 38.3513832], [27.1205395, 38.3511939], [27.1209741, 38.3509667], [27.1215266, 38.350668], [27.1222669, 38.3502031], [27.122975, 38.349774], [27.1241283, 38.3490588], [27.1248203, 38.3486381], [27.1250671, 38.3484719], [27.1252361, 38.3483668], [27.1259522, 38.3479397], [27.1261963, 38.3477988], [27.126376, 38.3476957], [27.1265048, 38.3476284], [27.127178, 38.3472961], [27.1274328, 38.3471909], [27.1277466, 38.3470668], [27.1284574, 38.3467996], [27.1287149, 38.3467176], [27.12901, 38.3466397], [27.1298951, 38.3464231], [27.1302062, 38.34636], [27.1309975, 38.3462317], [27.1314052, 38.3461791], [27.1324217, 38.346116], [27.1324325, 38.3464483], [27.1324915, 38.3470542], [27.1326202, 38.3474707], [27.1328187, 38.3479629], [27.1329421, 38.3482658], [27.1332425, 38.3490231], [27.1333712, 38.349347], [27.1334785, 38.3497677], [27.1335536, 38.3501379], [27.133618, 38.3506974], [27.1336261, 38.3511245], [27.1331835, 38.3512422], [27.1329689, 38.3513138], [27.1328294, 38.3514105], [27.1326765, 38.3515388], [27.1326148, 38.3516461], [27.1324861, 38.3518691], [27.1322286, 38.3523865], [27.1320462, 38.3526957], [27.1318692, 38.3530091], [27.131542, 38.3535202], [27.1313113, 38.3537705], [27.1311557, 38.3538946], [27.1309572, 38.3539767], [27.1307078, 38.3540566], [27.1305522, 38.354126], [27.130402, 38.3542207], [27.1300855, 38.354532], [27.1299326, 38.3546834], [27.1295974, 38.3549042], [27.1293613, 38.3550452], [27.1290556, 38.3552534], [27.1288571, 38.3554385], [27.1285218, 38.3557792], [27.1280068, 38.3562567], [27.1277359, 38.3564754], [27.1272665, 38.3568919], [27.1270895, 38.3570475], [27.1266979, 38.3573777], [27.1264763, 38.3575397], [27.1264404, 38.3574955], [27.1261883, 38.3572726], [27.1259737, 38.3571211], [27.1258771, 38.3570643], [27.1257779, 38.3570307], [27.1255553, 38.3570181], [27.1250376, 38.3570307], [27.1246406, 38.3570223], [27.124469, 38.357016], [27.1241632, 38.3569571], [27.1238869, 38.3568814], [27.1230528, 38.35661], [27.1225056, 38.356345], [27.1222356, 38.3562588], [27.121776, 38.3561431], [27.1212959, 38.3560485], [27.1210686, 38.3560116]]]]}, "bbox": [27.1161783, 38.346116, 27.1336261, 38.3575397]}, {"id": "190", "type": "Feature", "properties": {"mahalle_adi": "Binbaşı Reşatbey Mahallesi", "_gece_lst_str": "23.5°C"}, "geometry": {"type": "MultiPolygon", "coordinates": [[[[27.1393356, 38.3613893], [27.1388153, 38.3615445], [27.1386927, 38.3613107], [27.1382528, 38.3614538], [27.1381282, 38.3615706], [27.1379149, 38.36203], [27.137813, 38.3621814], [27.1376842, 38.3623097], [27.1372354, 38.3618512], [27.1371102, 38.3609658], [27.1369493, 38.3604779], [27.1367347, 38.3599647], [27.1365631, 38.3595861], [27.135871, 38.35832], [27.1352434, 38.3572726], [27.1345138, 38.3560064], [27.1343207, 38.3556194], [27.1340901, 38.3551356], [27.133956, 38.3546687], [27.1337414, 38.3537432], [27.1336985, 38.3534445], [27.1336824, 38.353108], [27.1336555, 38.3526284], [27.1336287, 38.3518964], [27.1336287, 38.3512654], [27.1336261, 38.3511245], [27.133618, 38.3506974], [27.1335536, 38.3501379], [27.1334785, 38.3497677], [27.1333712, 38.349347], [27.1332425, 38.3490231], [27.1329421, 38.3482658], [27.1328187, 38.3479629], [27.1326202, 38.3474707], [27.1324915, 38.3470542], [27.1324325, 38.3464483], [27.1324217, 38.346116], [27.1330118, 38.3460991], [27.1335322, 38.3461117], [27.1347016, 38.3461664], [27.136681, 38.3462403], [27.1366382, 38.3470415], [27.1369815, 38.3472519], [27.1369654, 38.3474244], [27.1369708, 38.3475254], [27.1370029, 38.3476095], [27.1370298, 38.3476852], [27.1371853, 38.3478325], [27.1373001, 38.3479743], [27.1373302, 38.3480365], [27.1373275, 38.3480681], [27.1373016, 38.34825], [27.1371733, 38.3484183], [27.137007, 38.3485708], [27.1369372, 38.3486518], [27.1369547, 38.3487412], [27.1369359, 38.3489116], [27.1368715, 38.3490672], [27.1368366, 38.3491871], [27.1368876, 38.3493197], [27.136952, 38.3493807], [27.1370083, 38.3495006], [27.137062, 38.3497214], [27.1371183, 38.349915], [27.1372497, 38.3501295], [27.1374003, 38.3503149], [27.1374375, 38.3504093], [27.1374267, 38.3505207], [27.1373624, 38.3506428], [27.1372873, 38.3508068], [27.1372792, 38.3509562], [27.137357, 38.3510613], [27.1374723, 38.3511476], [27.1376145, 38.351217], [27.1378264, 38.3512401], [27.1379417, 38.3513285], [27.1379793, 38.3515472], [27.1379927, 38.3518039], [27.1379927, 38.3519742], [27.137931, 38.3521299], [27.1378157, 38.3522561], [27.1376463, 38.352363], [27.1373945, 38.3525295], [27.1372417, 38.3526095], [27.1370888, 38.3527041], [27.1370003, 38.3527988], [27.1369493, 38.3528871], [27.13696, 38.3529776], [27.1370217, 38.3530554], [27.1371612, 38.3531164], [27.1373838, 38.353169], [27.1376547, 38.3532068], [27.1378344, 38.3532426], [27.13799, 38.3532994], [27.1380586, 38.3533589], [27.1381026, 38.3534529], [27.138108, 38.3535118], [27.1380919, 38.35376], [27.1380973, 38.3540335], [27.1381241, 38.354147], [27.1382207, 38.3542396], [27.1384567, 38.3544457], [27.1385231, 38.3545468], [27.1385586, 38.3546813], [27.1385264, 38.3547823], [27.1383762, 38.3548916], [27.1380275, 38.3549547], [27.1379042, 38.3550178], [27.137872, 38.3551104], [27.1379713, 38.3553658], [27.137931, 38.35551], [27.137813, 38.3556194], [27.1375394, 38.3557834], [27.137475, 38.3558886], [27.1375092, 38.3560077], [27.1377003, 38.356242], [27.1379256, 38.3564944], [27.1380597, 38.3567383], [27.1382368, 38.3570496], [27.1384245, 38.3575712], [27.1384299, 38.3577816], [27.138285, 38.3583242], [27.1380705, 38.3589846], [27.1383058, 38.3591445], [27.1384245, 38.3592833], [27.1384191, 38.3595104], [27.1384513, 38.3597207], [27.1386778, 38.3599457], [27.1392453, 38.3601161], [27.139457, 38.3602996], [27.1394598, 38.360663], [27.1393356, 38.3613893]]]]}, "bbox": [27.1324217, 38.3460991, 27.1394598, 38.3623097]}, {"id": "191", "type": "Feature", "properties": {"mahalle_adi": "Gazi Mahallesi", "_gece_lst_str": "23.7°C"}, "geometry": {"type": "MultiPolygon", "coordinates": [[[[27.1340901, 38.3354121], [27.1338755, 38.3366323], [27.1335643, 38.3360853], [27.1329313, 38.3346462], [27.1323734, 38.3332871], [27.1317619, 38.3317806], [27.131637, 38.3316423], [27.1315956, 38.3314103], [27.1313757, 38.3310442], [27.1312308, 38.3308465], [27.1310002, 38.3306024], [27.1305764, 38.3301942], [27.1300667, 38.3297018], [27.1297234, 38.3293442], [27.1294552, 38.3289991], [27.1292835, 38.3287424], [27.1286774, 38.3278208], [27.1282643, 38.3271517], [27.1279413, 38.3264282], [27.1278942, 38.3263226], [27.1276098, 38.3256114], [27.127524, 38.3253295], [27.1271646, 38.3248707], [27.1267301, 38.3243994], [27.1264189, 38.3240375], [27.1261024, 38.3236124], [27.1259683, 38.3234104], [27.125861, 38.323221], [27.1257859, 38.322918], [27.1256036, 38.3226444], [27.1253675, 38.322232], [27.1252871, 38.3219879], [27.1252549, 38.321567], [27.1252858, 38.3210733], [27.1258235, 38.3211336], [27.1262848, 38.3208053], [27.126596, 38.3209694], [27.1267247, 38.3211125], [27.1269393, 38.3213019], [27.1273845, 38.3215502], [27.1279103, 38.3217901], [27.1282321, 38.3219584], [27.1287793, 38.3222068], [27.1293318, 38.3224719], [27.1298253, 38.3227328], [27.1304315, 38.3230274], [27.1311182, 38.3232968], [27.1314947, 38.3234654], [27.1322179, 38.3237892], [27.1328455, 38.3241427], [27.133618, 38.3244836], [27.1340155, 38.3246506], [27.1347606, 38.3248539], [27.1355975, 38.3251022], [27.1366572, 38.3253671], [27.1365523, 38.3259481], [27.1362734, 38.3275515], [27.1361178, 38.3284015], [27.1359086, 38.3293862], [27.1357852, 38.3297902], [27.1356243, 38.3302699], [27.1353024, 38.3309853], [27.1350181, 38.3317217], [27.1347982, 38.3323487], [27.1346641, 38.3327527], [27.134487, 38.3334217], [27.1343797, 38.3339646], [27.1340901, 38.3354121]]]]}, "bbox": [27.1252549, 38.3208053, 27.1366572, 38.3366323]}, {"id": "193", "type": "Feature", "properties": {"mahalle_adi": "Gazikent Mahallesi", "_gece_lst_str": "23.5°C"}, "geometry": {"type": "MultiPolygon", "coordinates": [[[[27.1320248, 38.3148161], [27.1328938, 38.315056], [27.1337038, 38.315317], [27.1341222, 38.3154685], [27.1343797, 38.3155527], [27.1350288, 38.3156958], [27.1354204, 38.3157715], [27.135753, 38.3158094], [27.1361071, 38.3158305], [27.1366221, 38.315801], [27.1371531, 38.3157421], [27.1375716, 38.3156579], [27.1382368, 38.3154727], [27.1403611, 38.315961], [27.1410584, 38.3161967], [27.1414125, 38.3156916], [27.1416056, 38.3152959], [27.1417344, 38.3148835], [27.141906, 38.3143447], [27.1420669, 38.3136376], [27.1423137, 38.3118361], [27.1424639, 38.3099924], [27.1406507, 38.3098662], [27.1405113, 38.309521], [27.140286, 38.3091506], [27.1399748, 38.3088222], [27.1395242, 38.3084771], [27.1383333, 38.3098156], [27.1376145, 38.3104975], [27.1372068, 38.3109437], [27.1366703, 38.3113057], [27.1355331, 38.3119118], [27.1345353, 38.3124927], [27.1340418, 38.312821], [27.1335161, 38.3132167], [27.1330762, 38.3135534], [27.1326792, 38.313848], [27.1323466, 38.3141679], [27.1322071, 38.3144289], [27.1320248, 38.3148161]]]]}, "bbox": [27.1320248, 38.3084771, 27.1424639, 38.3161967]}, {"id": "236", "type": "Feature", "properties": {"mahalle_adi": "Ata Mahallesi", "_gece_lst_str": "23.2°C"}, "geometry": {"type": "MultiPolygon", "coordinates": [[[[27.1202284, 38.2970814], [27.1204323, 38.297334], [27.1207058, 38.2975824], [27.1210223, 38.2977887], [27.1213603, 38.298016], [27.1214837, 38.2980665], [27.1216392, 38.2982265], [27.1218592, 38.2984454], [27.1220845, 38.2985254], [27.1225619, 38.2987359], [27.1229106, 38.2987822], [27.123034, 38.2988748], [27.1231306, 38.2989464], [27.1236134, 38.2990938], [27.1237314, 38.2991359], [27.1265209, 38.3005714], [27.1268856, 38.3004199], [27.1275497, 38.3000697], [27.1287417, 38.2993169], [27.1295571, 38.2984075], [27.1297717, 38.2984581], [27.1299004, 38.2983739], [27.1300077, 38.298256], [27.1301687, 38.2978771], [27.1310718, 38.2967499], [27.131381, 38.2963362], [27.1316063, 38.2960583], [27.1326148, 38.2957131], [27.1329582, 38.2953426], [27.1331835, 38.2952247], [27.1333444, 38.2952584], [27.1337092, 38.2953174], [27.1338487, 38.2952837], [27.1339935, 38.2951153], [27.1348756, 38.2948378], [27.1359944, 38.2943827], [27.1365309, 38.293667], [27.1369922, 38.2932544], [27.1379149, 38.292766], [27.1382689, 38.2923955], [27.1387088, 38.2919492], [27.1387088, 38.2917302], [27.138523, 38.291461], [27.1387293, 38.291291], [27.1382797, 38.2907997], [27.1380115, 38.2904376], [27.137754, 38.2899955], [27.137416, 38.2893135], [27.1368688, 38.2879408], [27.1364611, 38.2878019], [27.1358174, 38.2876419], [27.135458, 38.2875829], [27.1350664, 38.2875366], [27.1346909, 38.2875113], [27.1343958, 38.2875661], [27.1342456, 38.287625], [27.1342134, 38.2876882], [27.1339935, 38.2876798], [27.1335053, 38.2874987], [27.1331513, 38.2891787], [27.1326899, 38.2891913], [27.1325183, 38.2891492], [27.1323305, 38.2891703], [27.1322018, 38.289284], [27.1315902, 38.2885598], [27.1306568, 38.2889808], [27.1304852, 38.2891366], [27.1300077, 38.2889513], [27.1298583, 38.2889246], [27.12982, 38.2889177], [27.1295947, 38.289204], [27.1292299, 38.2895787], [27.1288651, 38.2898945], [27.1287095, 38.2899871], [27.1285593, 38.2900629], [27.1284735, 38.2900798], [27.1282214, 38.2907745], [27.1273684, 38.2914902], [27.1274704, 38.2917513], [27.1269393, 38.2922565], [27.1267623, 38.2922944], [27.1263921, 38.2923576], [27.1262097, 38.2924797], [27.1260488, 38.2926439], [27.1258181, 38.2928796], [27.1256465, 38.2930144], [27.1254319, 38.2932123], [27.1251476, 38.2936291], [27.1249276, 38.2939364], [27.1247989, 38.294168], [27.1246916, 38.2942985], [27.1245736, 38.2943995], [27.1244824, 38.2944753], [27.1242785, 38.2946353], [27.1241873, 38.2947785], [27.1240479, 38.2948795], [27.1237153, 38.2950605], [27.1233183, 38.2952753], [27.1230769, 38.2954816], [27.1227872, 38.2956415], [27.1222937, 38.2958857], [27.1218109, 38.296151], [27.1212637, 38.2964583], [27.1202284, 38.2970814]]]]}, "bbox": [27.1202284, 38.2874987, 27.1387293, 38.3005714]}, {"id": "315", "type": "Feature", "properties": {"mahalle_adi": "Işıklar Mahallesi", "_gece_lst_str": "23.6°C"}, "geometry": {"type": "MultiPolygon", "coordinates": [[[[27.2238314, 38.430837], [27.2234452, 38.4307698], [27.2223455, 38.4306227], [27.2215891, 38.4306437], [27.2209454, 38.4306269], [27.2204518, 38.4305555], [27.2201139, 38.4304588], [27.2196042, 38.4302739], [27.2191966, 38.4301184], [27.2186172, 38.4298621], [27.2176301, 38.4294923], [27.2168308, 38.4291897], [27.2158116, 38.4287653], [27.215082, 38.4284963], [27.2137624, 38.4280299], [27.2126353, 38.4275742], [27.2131209, 38.4267329], [27.2131938, 38.4266052], [27.2133762, 38.42629], [27.2135371, 38.4261093], [27.2137096, 38.4259799], [27.213918, 38.4258236], [27.2141647, 38.4256891], [27.2144169, 38.4255798], [27.2145519, 38.4251614], [27.2151257, 38.4245108], [27.2160341, 38.4243304], [27.2160155, 38.4236424], [27.2158009, 38.4228691], [27.2160448, 38.4228347], [27.2160101, 38.4226211], [27.2154392, 38.4203807], [27.2154481, 38.4187462], [27.2161174, 38.4183174], [27.2179091, 38.4171321], [27.2194326, 38.4161907], [27.2201514, 38.4158544], [27.2240455, 38.4147449], [27.2248828, 38.413013], [27.2273112, 38.4127865], [27.2288915, 38.4124616], [27.2299254, 38.4118865], [27.2298503, 38.4111383], [27.2297215, 38.41076], [27.2294533, 38.4103481], [27.2293782, 38.4098184], [27.229228, 38.4091123], [27.2290134, 38.4088096], [27.2284984, 38.4080277], [27.2278762, 38.4073636], [27.2274148, 38.4069348], [27.2273934, 38.406464], [27.2305476, 38.4021538], [27.2310358, 38.4031572], [27.2316796, 38.4041829], [27.2328168, 38.4056963], [27.2361213, 38.4091265], [27.2373015, 38.4108751], [27.238031, 38.4126069], [27.2383529, 38.4145404], [27.2378379, 38.421198], [27.2376019, 38.4226942], [27.2370869, 38.4242576], [27.2361152, 38.4241471], [27.2357565, 38.4241063], [27.2354484, 38.4241015], [27.2349388, 38.4242014], [27.233608, 38.4244786], [27.232249, 38.4244454], [27.2317535, 38.424523], [27.2302812, 38.4255655], [27.2299807, 38.4259273], [27.2297205, 38.4257426], [27.2296229, 38.4256343], [27.2295986, 38.4255005], [27.2295579, 38.4253795], [27.2293628, 38.4251565], [27.2292001, 38.4250482], [27.2287042, 38.4249399], [27.2284521, 38.4248062], [27.2286105, 38.4268462], [27.2287787, 38.4272194], [27.2285452, 38.4272925], [27.2275372, 38.4283555], [27.2270935, 38.4292341], [27.2266991, 38.4295913], [27.2238314, 38.430837]]]]}, "bbox": [27.2126353, 38.4021538, 27.2383529, 38.430837]}], "bbox": [26.9768065, 38.2874987, 27.2902695, 38.5241787]}