{"type": "FeatureCollection", "features": [{"id": "0", "type": "Feature", "properties": {"mahalle_adi": "Sasalı Merkez Mahallesi", "_gece_lst_str": "21.9°C"}, "geometry": {"type": "MultiPolygon", "coordinates": [[[[26.9308752, 38.4548776], [26.9324013, 38.4542537], [26.933182, 38.453866], [26.9333971, 38.4531968], [26.934613, 38.453141], [26.9391414, 38.4507979], [26.9375421, 38.4495735], [26.9383148, 38.4485321], [26.9397164, 38.449658], [26.9404172, 38.4485884], [26.938746, 38.4474625], [26.9395187, 38.4459356], [26.940561, 38.4460059], [26.9412258, 38.4468222], [26.9430767, 38.4471177], [26.9431845, 38.4464704], [26.9415134, 38.4453163], [26.9421243, 38.4445563], [26.9436428, 38.4445282], [26.9446131, 38.4453867], [26.9442537, 38.4461044], [26.9452061, 38.4467659], [26.9460687, 38.4465829], [26.9461046, 38.4449645], [26.9467335, 38.4454148], [26.9466796, 38.4462311], [26.9472965, 38.446672], [26.9496985, 38.4454993], [26.9515965, 38.4443439], [26.9520764, 38.4437323], [26.952299, 38.4430844], [26.9523221, 38.4423748], [26.9520798, 38.4408922], [26.9518876, 38.438869], [26.9511077, 38.4388895], [26.9509676, 38.4378279], [26.9516213, 38.4377019], [26.9508845, 38.4363085], [26.9494829, 38.4339226], [26.9471426, 38.4300513], [26.9438221, 38.428053], [26.9439432, 38.427929], [26.9472952, 38.4299734], [26.9497838, 38.4339121], [26.9511157, 38.4361992], [26.951958, 38.4375042], [26.9529398, 38.4375981], [26.9530999, 38.4386387], [26.953636, 38.438851], [26.9532392, 38.4403393], [26.9532821, 38.442499], [26.9537435, 38.4446502], [26.9539902, 38.4463895], [26.9537776, 38.4471019], [26.952458, 38.4477909], [26.9518357, 38.4487404], [26.9514817, 38.4505805], [26.9519966, 38.4512442], [26.9527477, 38.4512947], [26.9542175, 38.4508661], [26.9550866, 38.4499419], [26.955977, 38.449673], [26.9572216, 38.4499503], [26.9584769, 38.4507065], [26.9599467, 38.4532943], [26.9600775, 38.4547474], [26.9598732, 38.4552114], [26.9596688, 38.4556753], [26.9590357, 38.4562723], [26.9579245, 38.4566467], [26.9566323, 38.4568187], [26.9554953, 38.4563229], [26.9551981, 38.4552908], [26.9546166, 38.4547141], [26.9530531, 38.4541879], [26.9506707, 38.4539586], [26.9505542, 38.4548626], [26.9503157, 38.455408], [26.9503074, 38.4557768], [26.9514569, 38.4562431], [26.9517381, 38.4565992], [26.9516269, 38.4571391], [26.9497963, 38.4582466], [26.9495474, 38.4596018], [26.9496151, 38.4600233], [26.9517445, 38.461367], [26.9529953, 38.4613994], [26.9541117, 38.460768], [26.9548043, 38.4616017], [26.9548766, 38.4630749], [26.955011, 38.4637547], [26.9547422, 38.4642242], [26.9540729, 38.4647882], [26.9531684, 38.46494], [26.9522599, 38.4641891], [26.9501652, 38.4623514], [26.9499416, 38.464186], [26.9498524, 38.4647175], [26.9493296, 38.4647665], [26.9486655, 38.4647522], [26.9484239, 38.466014], [26.9491913, 38.4668117], [26.9502167, 38.4674592], [26.9516523, 38.4677027], [26.9533791, 38.4676405], [26.9556218, 38.4671691], [26.9572492, 38.4662834], [26.9585129, 38.465869], [26.9597037, 38.4658224], [26.9603983, 38.4659933], [26.9609204, 38.4663749], [26.9613201, 38.4669882], [26.9614381, 38.4682146], [26.961481, 38.4689454], [26.9615561, 38.4698778], [26.9621354, 38.471751], [26.9625968, 38.4731369], [26.9625968, 38.4740609], [26.9625968, 38.4750856], [26.9625995, 38.4761219], [26.9627269, 38.4764705], [26.9631024, 38.4767057], [26.9639178, 38.4769324], [26.9643773, 38.4767312], [26.9650747, 38.4766136], [26.9654502, 38.4780918], [26.9653751, 38.478789], [26.9656219, 38.4798976], [26.9656755, 38.4803847], [26.9661798, 38.4804519], [26.9664373, 38.481023], [26.9668664, 38.4816277], [26.9671561, 38.4822156], [26.9675102, 38.4827028], [26.9679071, 38.4832907], [26.9681806, 38.4834802], [26.9690033, 38.4833911], [26.9694002, 38.4834499], [26.9696041, 38.4836011], [26.9695826, 38.4842561], [26.9691749, 38.4847264], [26.9685098, 38.48518], [26.9686567, 38.4852454], [26.9690766, 38.4854322], [26.9691624, 38.4858017], [26.969377, 38.4858437], [26.9695808, 38.4865408], [26.9697096, 38.4875989], [26.9699885, 38.4893541], [26.9691195, 38.4895304], [26.9688863, 38.4897129], [26.9686045, 38.4899335], [26.968367, 38.49047], [26.9688487, 38.490589], [26.9684221, 38.4920917], [26.968111, 38.4934688], [26.9694735, 38.4935948], [26.9693877, 38.4940818], [26.9698169, 38.4949971], [26.9701816, 38.4966933], [26.9695594, 38.4970627], [26.9690229, 38.4970627], [26.9685509, 38.4969452], [26.9680359, 38.4969872], [26.9682612, 38.497533], [26.9680037, 38.4979444], [26.9678857, 38.4984902], [26.9678535, 38.4988345], [26.967832, 38.499355], [26.9676711, 38.499884], [26.9674029, 38.5009084], [26.9672956, 38.5013618], [26.9670059, 38.5018908], [26.9668664, 38.5028563], [26.9667377, 38.5032677], [26.9661369, 38.504057], [26.9655575, 38.505182], [26.9653108, 38.5061391], [26.9655039, 38.5072306], [26.9656219, 38.5074992], [26.9658901, 38.5083724], [26.9621082, 38.5148256], [26.9603115, 38.5152319], [26.9581765, 38.5160042], [26.9579834, 38.5162476], [26.957919, 38.5164826], [26.9593352, 38.5196305], [26.9579708, 38.5199834], [26.9582731, 38.52094], [26.9555265, 38.5208477], [26.9542158, 38.5216203], [26.9529408, 38.5216786], [26.9517267, 38.5218385], [26.949538, 38.5221826], [26.9478214, 38.5224261], [26.9471393, 38.5234778], [26.9467807, 38.5237523], [26.945976, 38.5247847], [26.9456112, 38.5252463], [26.9453752, 38.5258003], [26.9453645, 38.5263879], [26.9447422, 38.5264886], [26.9451392, 38.5246588], [26.9449031, 38.5235257], [26.9445598, 38.5234753], [26.9444847, 38.5250113], [26.9443667, 38.5260521], [26.9413475, 38.5266717], [26.9390452, 38.5266061], [26.9390452, 38.5261408], [26.9390452, 38.5256073], [26.9388035, 38.5245263], [26.9383371, 38.524877], [26.9376397, 38.5249861], [26.9369526, 38.5240363], [26.9360196, 38.5236264], [26.9356227, 38.5232151], [26.9354267, 38.5230951], [26.9341528, 38.5230556], [26.9328719, 38.5229298], [26.9319427, 38.5228793], [26.9311595, 38.5226023], [26.9299471, 38.5216203], [26.9288742, 38.5205962], [26.9280696, 38.5200422], [26.9276178, 38.51943], [26.9253015, 38.5192028], [26.9236278, 38.5190936], [26.9213741, 38.5187967], [26.9011826, 38.5317711], [26.9000459, 38.5324728], [26.8992305, 38.53254], [26.8986974, 38.5323378], [26.8983078, 38.5318182], [26.8976939, 38.5310777], [26.8937113, 38.5272209], [26.8909122, 38.5229807], [26.8896685, 38.5161199], [26.8884361, 38.5090016], [26.8871178, 38.5067646], [26.8853175, 38.5062903], [26.8853636, 38.506042], [26.8853668, 38.5058783], [26.8851072, 38.5056458], [26.8851077, 38.5055746], [26.8843598, 38.5048647], [26.8842928, 38.5048251], [26.8842517, 38.5047866], [26.884228, 38.5046836], [26.8842395, 38.5046199], [26.8842667, 38.5045393], [26.884367, 38.5045914], [26.8843946, 38.5045668], [26.8844229, 38.5045305], [26.884422, 38.5044845], [26.8843045, 38.5044062], [26.8842664, 38.5043047], [26.8841515, 38.5042225], [26.8839875, 38.504164], [26.8839025, 38.5040888], [26.8838882, 38.5040575], [26.8838385, 38.5040008], [26.8838527, 38.5039677], [26.8838866, 38.503939], [26.883928, 38.5039223], [26.8848755, 38.5034706], [26.8905489, 38.4993598], [26.8943684, 38.4964646], [26.8945948, 38.4963932], [26.8957417, 38.4955107], [26.8960146, 38.4955026], [26.8975527, 38.4941336], [26.9006804, 38.4918088], [26.904392, 38.4893186], [26.9029448, 38.487954], [26.9030012, 38.4879154], [26.9044347, 38.4892943], [26.904892, 38.4888776], [26.905088, 38.4887087], [26.9051983, 38.4886212], [26.9040292, 38.4875107], [26.9036253, 38.4871724], [26.9037066, 38.4871136], [26.9040204, 38.4874179], [26.9039974, 38.4874423], [26.905234, 38.4885917], [26.9054845, 38.4886101], [26.9071624, 38.4874839], [26.9081099, 38.4869318], [26.9085476, 38.4867101], [26.909878, 38.4853328], [26.9113285, 38.483848], [26.9121596, 38.4825319], [26.9126145, 38.4815778], [26.9129579, 38.4806573], [26.9137218, 38.4773985], [26.9158915, 38.4756327], [26.9188394, 38.471894], [26.9214925, 38.4693552], [26.9226657, 38.4676502], [26.922934, 38.4658017], [26.9234169, 38.4626507], [26.9239535, 38.4603819], [26.9244364, 38.4588273], [26.9236852, 38.4574827], [26.922934, 38.4560962], [26.9240071, 38.4548776], [26.9250266, 38.4545415], [26.9270119, 38.4549196], [26.9274948, 38.4553818], [26.9286753, 38.4547516], [26.9277095, 38.4538692], [26.9291582, 38.4542894], [26.9308752, 38.4548776]]]]}, "bbox": [26.8838385, 38.427929, 26.9701816, 38.53254]}, {"id": "17", "type": "Feature", "properties": {"mahalle_adi": "Doğançay Mahallesi", "_gece_lst_str": "21.7°C"}, "geometry": {"type": "MultiPolygon", "coordinates": [[[[27.1399641, 38.4986591], [27.1406722, 38.4981218], [27.1408868, 38.4975508], [27.1405434, 38.4963248], [27.1428304, 38.496205], [27.1429198, 38.4961414], [27.145107, 38.4968032], [27.1452859, 38.4965869], [27.1471398, 38.4974141], [27.1472861, 38.4974269], [27.1474975, 38.4973632], [27.1476927, 38.4973123], [27.1480016, 38.4971723], [27.1483021, 38.4969387], [27.1488261, 38.4964508], [27.1489119, 38.4962493], [27.1488905, 38.495905], [27.1490514, 38.4957119], [27.1496308, 38.4955691], [27.1501647, 38.4955007], [27.1502209, 38.4954935], [27.1505427, 38.4953088], [27.1507037, 38.4949141], [27.1504354, 38.4939233], [27.1504569, 38.4933523], [27.1499312, 38.4925629], [27.1492982, 38.4914377], [27.1490729, 38.4911102], [27.1479249, 38.4902284], [27.1473241, 38.489565], [27.1469271, 38.48891], [27.146616, 38.4883305], [27.1460581, 38.487264], [27.1452856, 38.4859371], [27.144599, 38.4847446], [27.1439123, 38.483636], [27.1453237, 38.483151], [27.1469915, 38.4825778], [27.1495771, 38.482309], [27.1512294, 38.4818639], [27.1542764, 38.4814524], [27.1551691, 38.4814157], [27.155199, 38.4814104], [27.1550703, 38.482519], [27.1558213, 38.4861135], [27.1583104, 38.4877763], [27.161, 38.4891], [27.166, 38.4915], [27.1652949, 38.4925797], [27.1697, 38.499], [27.1707, 38.5011], [27.1758, 38.5065], [27.175, 38.5087], [27.1787, 38.512], [27.1790707, 38.5130831], [27.1862161, 38.5251961], [27.1844673, 38.5258927], [27.1838236, 38.5263963], [27.1802401, 38.5258591], [27.1784377, 38.5255066], [27.1776867, 38.525238], [27.1763348, 38.5241972], [27.1740818, 38.5227534], [27.1732664, 38.5222162], [27.1724939, 38.521998], [27.1716142, 38.5220399], [27.1711421, 38.5220483], [27.17067, 38.5217797], [27.1698546, 38.5219224], [27.1687388, 38.5210998], [27.1680951, 38.5208564], [27.1673548, 38.5208228], [27.1668398, 38.5204283], [27.166475, 38.5201597], [27.1658635, 38.5201513], [27.1653271, 38.5197736], [27.1652627, 38.5190181], [27.1648872, 38.5187495], [27.1644366, 38.5184641], [27.1642434, 38.5179268], [27.1640718, 38.517398], [27.1640611, 38.5165669], [27.1634495, 38.5160632], [27.1632779, 38.5155931], [27.1628487, 38.5150559], [27.1618616, 38.5150139], [27.1615237, 38.5145648], [27.1607727, 38.5142584], [27.1600807, 38.51425], [27.1594477, 38.5141828], [27.1589273, 38.5140821], [27.1586001, 38.513868], [27.1580154, 38.5139604], [27.1573502, 38.5139981], [27.1565831, 38.5140107], [27.1562022, 38.5139226], [27.1554244, 38.5134483], [27.1553546, 38.5133727], [27.1553814, 38.513167], [27.15536, 38.512911], [27.1555155, 38.5127347], [27.1556604, 38.5124954], [27.1557087, 38.5122604], [27.1556765, 38.511954], [27.1555906, 38.5116056], [27.1554726, 38.5112614], [27.1548396, 38.5107702], [27.1546948, 38.510128], [27.1544909, 38.5097754], [27.1542174, 38.5095235], [27.1539545, 38.5093766], [27.1536112, 38.5093011], [27.1533483, 38.5090576], [27.1532303, 38.5087092], [27.1527797, 38.5085329], [27.1524256, 38.508239], [27.1522057, 38.5078906], [27.151503, 38.5073071], [27.1512079, 38.5069797], [27.1508861, 38.5067278], [27.1507037, 38.5062997], [27.1509504, 38.5060604], [27.1510148, 38.505989], [27.1510872, 38.5059155], [27.1508914, 38.5056322], [27.1504113, 38.5053614], [27.1503872, 38.5051641], [27.1496817, 38.5048913], [27.148928, 38.5056616], [27.1485901, 38.5052229], [27.1483836, 38.5048829], [27.1482119, 38.5047527], [27.1479624, 38.5046415], [27.1477264, 38.5045071], [27.1472838, 38.5042532], [27.1471256, 38.5041524], [27.1471444, 38.5039971], [27.1470371, 38.5037998], [27.1468574, 38.5036109], [27.1464309, 38.503275], [27.1462217, 38.5030882], [27.1459481, 38.5029203], [27.1458515, 38.5027587], [27.1458676, 38.5024018], [27.1458891, 38.5022612], [27.1463853, 38.5018456], [27.14616, 38.501579], [27.1460393, 38.50143], [27.145645, 38.5012662], [27.1452668, 38.5010731], [27.1450013, 38.5009682], [27.1446821, 38.5006953], [27.1444595, 38.5005022], [27.1440196, 38.5003363], [27.1434724, 38.5003132], [27.143172, 38.5002461], [27.1430433, 38.5001033], [27.142936, 38.4998766], [27.1428394, 38.4997423], [27.1415735, 38.4999774], [27.1403289, 38.4988103], [27.1399641, 38.4986591]]]]}, "bbox": [27.1399641, 38.4814104, 27.1862161, 38.5263963]}, {"id": "28", "type": "Feature", "properties": {"mahalle_adi": "Kaklıç Mahallesi", "_gece_lst_str": "21.6°C"}, "geometry": {"type": "MultiPolygon", "coordinates": [[[[26.953636, 38.438851], [26.9539933, 38.4393347], [26.9548379, 38.4404325], [26.9547839, 38.4415585], [26.9542988, 38.4424874], [26.9545863, 38.4439652], [26.9558442, 38.4449785], [26.9569403, 38.4443171], [26.9583419, 38.4454711], [26.9598694, 38.4453726], [26.9601928, 38.4457667], [26.9610014, 38.44564], [26.9610014, 38.444303], [26.9613069, 38.4438104], [26.9620077, 38.4437682], [26.9628703, 38.4430645], [26.96305, 38.4439652], [26.9626906, 38.4447533], [26.963032, 38.4454007], [26.9628883, 38.4461748], [26.9633375, 38.4472303], [26.9641282, 38.4477651], [26.9650985, 38.4484406], [26.965979, 38.4484266], [26.9667158, 38.4491021], [26.9675424, 38.4500168], [26.967776, 38.4498902], [26.9668775, 38.4488488], [26.9657634, 38.4480607], [26.966033, 38.447751], [26.967183, 38.4485532], [26.9675783, 38.4477792], [26.9680276, 38.44678], [26.9682432, 38.4453304], [26.9685487, 38.4441341], [26.9692855, 38.4440496], [26.9700761, 38.443177], [26.9696988, 38.4427407], [26.9703277, 38.4419948], [26.9704175, 38.4411222], [26.9710914, 38.4405803], [26.9713611, 38.438449], [26.9715409, 38.4380678], [26.9715227, 38.4377653], [26.9716664, 38.437146], [26.97075, 38.4365548], [26.9706014, 38.4362635], [26.9706833, 38.4361384], [26.9707383, 38.4360027], [26.9708036, 38.4359368], [26.9708955, 38.4359523], [26.970933, 38.4360424], [26.9711389, 38.4360406], [26.9713951, 38.435953], [26.9716615, 38.4358041], [26.9717407, 38.435675], [26.9718297, 38.4355184], [26.971971, 38.4355674], [26.9720199, 38.4360702], [26.9723133, 38.4363577], [26.9725392, 38.4364514], [26.9726041, 38.4365739], [26.9727046, 38.4366811], [26.9728704, 38.4367378], [26.9732503, 38.4368099], [26.9732903, 38.4371089], [26.97342, 38.4373194], [26.9735714, 38.4375565], [26.9736926, 38.4376986], [26.9738045, 38.4378112], [26.9739825, 38.4379377], [26.9739571, 38.4380063], [26.9738173, 38.4381485], [26.9741349, 38.4385898], [26.9750685, 38.4397486], [26.9751983, 38.4398192], [26.9753837, 38.4398779], [26.9752191, 38.4400516], [26.9750872, 38.4400574], [26.9749253, 38.4401196], [26.9746831, 38.440254], [26.9744762, 38.440317], [26.9743393, 38.4403509], [26.9740202, 38.4403833], [26.9738972, 38.4403867], [26.9734947, 38.4408068], [26.9734954, 38.4411105], [26.9735951, 38.4413625], [26.9737449, 38.4414662], [26.9739733, 38.4414807], [26.9740673, 38.4417937], [26.9738408, 38.4421567], [26.972529, 38.4423959], [26.9722415, 38.4440848], [26.9727626, 38.4453374], [26.9733736, 38.4453515], [26.9744158, 38.4459144], [26.9742374, 38.4463944], [26.9739349, 38.4468933], [26.9747242, 38.4470884], [26.974327, 38.4477198], [26.9740744, 38.4481944], [26.97376, 38.448826], [26.972511, 38.4495172], [26.9719666, 38.4500724], [26.9717442, 38.4507882], [26.9713497, 38.4513832], [26.9711992, 38.4521348], [26.9706242, 38.4535279], [26.9706857, 38.4534973], [26.9713722, 38.4531557], [26.9718624, 38.4529392], [26.9730938, 38.45298], [26.9734758, 38.4526168], [26.9737788, 38.4516854], [26.9744707, 38.4514247], [26.974854, 38.4525236], [26.9739666, 38.4536968], [26.9734095, 38.4544708], [26.9736431, 38.4549352], [26.9737046, 38.4549268], [26.9743619, 38.4548367], [26.9755119, 38.455498], [26.9763385, 38.4544919], [26.9762489, 38.4532216], [26.9771574, 38.4529928], [26.9776919, 38.4520874], [26.9779918, 38.4515226], [26.9779855, 38.4509883], [26.9785799, 38.4507404], [26.9785668, 38.4498057], [26.978479, 38.4495557], [26.9795041, 38.4487564], [26.9799167, 38.4486062], [26.9804101, 38.4487093], [26.9806513, 38.4488704], [26.9805443, 38.44906], [26.9801883, 38.4494097], [26.979804, 38.4501355], [26.9797294, 38.4509259], [26.979072, 38.4518051], [26.9791871, 38.4523326], [26.9795371, 38.4529017], [26.9797128, 38.453303], [26.9803881, 38.4535141], [26.9810642, 38.4528152], [26.9816592, 38.4527516], [26.9815239, 38.4521162], [26.9821189, 38.4510785], [26.982768, 38.4499136], [26.983363, 38.4490664], [26.9836875, 38.4484309], [26.9842554, 38.4483674], [26.9847152, 38.4488757], [26.9844447, 38.4497441], [26.9838498, 38.4507608], [26.9839579, 38.4516927], [26.9837416, 38.4522857], [26.9842554, 38.4524551], [26.9840661, 38.4530058], [26.9843636, 38.4535776], [26.985229, 38.4530058], [26.9856077, 38.4524128], [26.9865813, 38.4535776], [26.985824, 38.4545095], [26.9852831, 38.4544671], [26.9849586, 38.4550389], [26.9837686, 38.4550601], [26.984012, 38.4557378], [26.9849045, 38.4562249], [26.9848775, 38.4568603], [26.9853913, 38.4569026], [26.9857158, 38.4563096], [26.9860945, 38.4560767], [26.9866354, 38.4565426], [26.9869328, 38.4561402], [26.9867976, 38.455759], [26.9871222, 38.4555896], [26.9871492, 38.4551872], [26.9880687, 38.454573], [26.9887448, 38.4547636], [26.9880417, 38.4559284], [26.987609, 38.4573474], [26.988231, 38.4574744], [26.9884744, 38.4572626], [26.9887989, 38.4573474], [26.9887989, 38.4577286], [26.9891775, 38.4582792], [26.9897996, 38.4571144], [26.9900159, 38.4559284], [26.9909354, 38.4544671], [26.9909354, 38.4540012], [26.9898266, 38.4539588], [26.9895021, 38.4530058], [26.988853, 38.4537894], [26.9877442, 38.4536623], [26.9880958, 38.4527093], [26.9885555, 38.4521374], [26.9885555, 38.4513114], [26.9890423, 38.4506125], [26.9892857, 38.4514173], [26.989448, 38.4521586], [26.990043, 38.4527728], [26.9908813, 38.4525978], [26.991832, 38.4527584], [26.993081, 38.4532694], [26.993808, 38.4539044], [26.9938733, 38.4535248], [26.9946562, 38.4536197], [26.9949452, 38.4549847], [26.9945164, 38.4558387], [26.9947587, 38.4564153], [26.9944791, 38.4568605], [26.9946982, 38.4573423], [26.9952201, 38.4575393], [26.9952294, 38.4581232], [26.9958539, 38.4582765], [26.9960497, 38.45797], [26.996525, 38.4579773], [26.9968979, 38.4582765], [26.9972427, 38.4580138], [26.9984917, 38.4580065], [26.9988832, 38.4574372], [26.9994052, 38.4574226], [26.9996102, 38.4578459], [27.0, 38.45779], [27.000536, 38.45786], [27.00119, 38.458374], [27.001843, 38.45863], [27.00315, 38.45863], [27.003803, 38.459144], [27.004456, 38.459401], [27.005436, 38.459401], [27.00609, 38.45953], [27.00609, 38.460557], [27.005436, 38.460557], [27.005436, 38.460814], [27.006416, 38.460685], [27.006743, 38.460428], [27.007396, 38.460428], [27.00805, 38.460685], [27.00903, 38.460814], [27.00903, 38.461327], [27.009356, 38.461327], [27.009192, 38.460557], [27.009192, 38.459786], [27.0093727, 38.4594908], [27.0096409, 38.4592052], [27.0099735, 38.4591043], [27.0101881, 38.4589111], [27.0104456, 38.4592976], [27.0106494, 38.4593438], [27.010569, 38.4596], [27.0107406, 38.4598142], [27.010569, 38.4600495], [27.0106333, 38.4601671], [27.0113414, 38.4603561], [27.0113897, 38.4605829], [27.0116579, 38.4606333], [27.011717, 38.460751], [27.0117116, 38.4608476], [27.0116204, 38.4609064], [27.0115024, 38.4607552], [27.010663, 38.460685], [27.010499, 38.460814], [27.010173, 38.461327], [27.009846, 38.461584], [27.009683, 38.461841], [27.010337, 38.461969], [27.0096725, 38.4634414], [27.0094617, 38.46468], [27.0103589, 38.4681538], [27.0117531, 38.4692856], [27.0154407, 38.4692123], [27.0159124, 38.4685663], [27.0187041, 38.4696437], [27.02417, 38.4717331], [27.0270452, 38.4700555], [27.026999, 38.467874], [27.028306, 38.467873], [27.028633, 38.468002], [27.028632, 38.467232], [27.029286, 38.467232], [27.029448, 38.467488], [27.029449, 38.467745], [27.029122, 38.468002], [27.028959, 38.468259], [27.029613, 38.468259], [27.029775, 38.468002], [27.030102, 38.467745], [27.030266, 38.467231], [27.030807, 38.467143], [27.030755, 38.466461], [27.030592, 38.465947], [27.031572, 38.465818], [27.032225, 38.46569], [27.032061, 38.466203], [27.032062, 38.46646], [27.032062, 38.466717], [27.031899, 38.467488], [27.031572, 38.467359], [27.03103, 38.467319], [27.030919, 38.467745], [27.031246, 38.467873], [27.031573, 38.46813], [27.032226, 38.468129], [27.03288, 38.468001], [27.03288, 38.468515], [27.032226, 38.468515], [27.032227, 38.469029], [27.032553, 38.469157], [27.03288, 38.469413], [27.033534, 38.469542], [27.033369, 38.468515], [27.033369, 38.468258], [27.033696, 38.467487], [27.033696, 38.46723], [27.033533, 38.466974], [27.034186, 38.466973], [27.034349, 38.46723], [27.034513, 38.468257], [27.03484, 38.468257], [27.03484, 38.467744], [27.035493, 38.467615], [27.03582, 38.467614], [27.036146, 38.467871], [27.036473, 38.468], [27.036309, 38.467486], [27.036308, 38.466202], [27.036635, 38.465688], [27.036635, 38.465432], [27.036472, 38.465175], [27.037125, 38.465175], [27.037288, 38.464661], [27.037451, 38.46389], [27.038105, 38.463633], [27.038267, 38.46389], [27.038268, 38.464404], [27.038268, 38.46466], [27.038595, 38.465174], [27.038759, 38.465944], [27.038432, 38.465945], [27.038432, 38.465431], [27.038105, 38.465559], [27.037942, 38.465688], [27.037942, 38.466202], [27.038106, 38.466715], [27.038433, 38.466586], [27.038759, 38.466329], [27.039413, 38.466201], [27.039249, 38.465944], [27.039248, 38.464403], [27.0390513, 38.4633531], [27.03892, 38.461835], [27.0386455, 38.4600159], [27.0390072, 38.4591826], [27.0392545, 38.4608387], [27.0395088, 38.462146], [27.0397475, 38.4646367], [27.0402527, 38.4648464], [27.0407123, 38.464916], [27.0408079, 38.4652126], [27.0404503, 38.4655984], [27.0406299, 38.4657267], [27.0409163, 38.465891], [27.041351, 38.465668], [27.0417538, 38.4656704], [27.0418741, 38.4657694], [27.0421231, 38.4657313], [27.0426935, 38.46588], [27.0431268, 38.4659633], [27.0436437, 38.4660447], [27.0444317, 38.4656826], [27.04513, 38.46697], [27.045456, 38.467226], [27.045783, 38.467483], [27.045948, 38.467997], [27.0463447, 38.4680581], [27.0472127, 38.4681918], [27.047908, 38.468124], [27.048888, 38.46838], [27.049542, 38.468637], [27.0501302, 38.4684657], [27.0508805, 38.4693355], [27.0505581, 38.4698736], [27.0484104, 38.4713316], [27.0506824, 38.4719204], [27.0519409, 38.4722429], [27.0529115, 38.4727126], [27.0535641, 38.472896], [27.0552218, 38.4729203], [27.0559474, 38.4726533], [27.0567005, 38.472363], [27.0587975, 38.4731882], [27.0584509, 38.4724103], [27.0576795, 38.4720514], [27.0593811, 38.4710539], [27.0579127, 38.470065], [27.0573875, 38.4690543], [27.0563751, 38.4689504], [27.057056, 38.468633], [27.058036, 38.468633], [27.0587015, 38.4687799], [27.0594487, 38.4688238], [27.0595421, 38.4689554], [27.0585708, 38.4689993], [27.0583653, 38.4692187], [27.059785, 38.470184], [27.0604388, 38.4705788], [27.061242, 38.4709006], [27.0589817, 38.4732991], [27.0583653, 38.4736354], [27.0589257, 38.4738548], [27.0594674, 38.4741327], [27.0604388, 38.4735038], [27.0613354, 38.4728603], [27.0618211, 38.4723046], [27.062176, 38.4719243], [27.062512, 38.4717267], [27.0627955, 38.4717943], [27.063082, 38.4720982], [27.0629526, 38.4723153], [27.0630573, 38.4723756], [27.0630851, 38.4723177], [27.0635411, 38.4728725], [27.0635663, 38.4728936], [27.0638343, 38.4727587], [27.0639658, 38.4728022], [27.0652925, 38.4725738], [27.0652681, 38.4724242], [27.0652278, 38.4709867], [27.0651624, 38.4693413], [27.065097, 38.4688002], [27.0650877, 38.4684711], [27.065826, 38.46745], [27.065918, 38.4670096], [27.0664091, 38.4663508], [27.0676761, 38.4646438], [27.0675346, 38.4650041], [27.0668055, 38.465913], [27.0664842, 38.4663722], [27.0659011, 38.4674607], [27.065142, 38.4684772], [27.0652261, 38.4693649], [27.0652812, 38.4710198], [27.0653769, 38.4728541], [27.0649633, 38.4731437], [27.0639937, 38.4732758], [27.0634785, 38.4735735], [27.0626809, 38.4741577], [27.0625413, 38.4743986], [27.0626121, 38.4745095], [27.0629468, 38.4747983], [27.0647335, 38.4754135], [27.0655596, 38.4756151], [27.0661712, 38.4765726], [27.0658708, 38.476581], [27.0657527, 38.4768876], [27.0651251, 38.4773621], [27.0627862, 38.4788362], [27.0597982, 38.4805957], [27.0594335, 38.4810912], [27.0580171, 38.480735], [27.0561465, 38.4801883], [27.0534999, 38.4792994], [27.0533754, 38.4792578], [27.0525349, 38.4789819], [27.0525885, 38.4788739], [27.0532215, 38.4787732], [27.0529961, 38.4776477], [27.0527708, 38.4768162], [27.0521593, 38.4751951], [27.050389, 38.4751279], [27.0487153, 38.4751027], [27.0478356, 38.4750103], [27.0468807, 38.4750355], [27.0468485, 38.4745064], [27.0466554, 38.4737], [27.0458722, 38.4713061], [27.044574, 38.4712389], [27.0434475, 38.4713649], [27.0403576, 38.4716169], [27.0375681, 38.4719193], [27.0345533, 38.4724149], [27.0325041, 38.4730197], [27.0300364, 38.4737168], [27.0284056, 38.4736664], [27.0285129, 38.4776981], [27.0293605, 38.4832581], [27.030133, 38.4833672], [27.0304763, 38.4835436], [27.0307338, 38.4837788], [27.0310342, 38.4839551], [27.0313622, 38.4840269], [27.0305387, 38.4851571], [27.0301466, 38.4857785], [27.0298367, 38.4863019], [27.0293069, 38.4874152], [27.029147, 38.4878335], [27.0289997, 38.4882519], [27.0287462, 38.4892084], [27.0285678, 38.4901818], [27.0284486, 38.4915804], [27.0283668, 38.4930942], [27.0283506, 38.4934432], [27.0282447, 38.4952584], [27.0280409, 38.4992553], [27.0279497, 38.5007331], [27.0279053, 38.5015304], [27.0276439, 38.505586], [27.0275044, 38.5087344], [27.026689, 38.508768], [27.0262921, 38.5116811], [27.0260239, 38.5133433], [27.0257449, 38.5166425], [27.0256698, 38.5179352], [27.0255303, 38.5192951], [27.026968, 38.5222162], [27.026689, 38.5234921], [27.0271826, 38.5240293], [27.0268784, 38.5245483], [27.0234323, 38.5214149], [27.0146572, 38.5302806], [27.0090853, 38.5298184], [27.0085593, 38.5354111], [27.0073499, 38.53542], [27.0078411, 38.5297007], [27.0049417, 38.5295052], [27.004406, 38.523623], [27.004137, 38.5218469], [27.0039439, 38.520806], [27.0029568, 38.5201513], [27.001516, 38.5203576], [26.9995451, 38.5208396], [27.0004463, 38.5212593], [27.000575, 38.5219812], [27.000854, 38.5222666], [27.0008612, 38.5229765], [26.9968052, 38.5235063], [26.9970479, 38.5245048], [26.9968521, 38.5249694], [26.995908, 38.5260353], [26.9956612, 38.5258087], [26.995554, 38.5268915], [26.9951785, 38.5276049], [26.9945025, 38.5284274], [26.9937622, 38.5290485], [26.9932056, 38.5294323], [26.9923261, 38.5280732], [26.9928718, 38.5278651], [26.9925177, 38.5271852], [26.9920456, 38.5264634], [26.9913483, 38.5258759], [26.9898224, 38.5243546], [26.9895136, 38.5235844], [26.9880116, 38.5215447], [26.9862539, 38.5198236], [26.9830138, 38.5174564], [26.9821984, 38.5171375], [26.9807286, 38.5168772], [26.9805139, 38.5166086], [26.9804263, 38.5141912], [26.9784307, 38.514846], [26.9775295, 38.5154001], [26.976242, 38.5158534], [26.9740748, 38.516525], [26.9742805, 38.5176681], [26.970706, 38.5179184], [26.9690108, 38.5172133], [26.9700837, 38.5169783], [26.9698477, 38.5155008], [26.9690994, 38.5154625], [26.9692039, 38.5140065], [26.9675493, 38.5139073], [26.9661158, 38.5141909], [26.9632834, 38.5145435], [26.9621082, 38.5148256], [26.9658901, 38.5083724], [26.9656219, 38.5074992], [26.9655039, 38.5072306], [26.9653108, 38.5061391], [26.9655575, 38.505182], [26.9661369, 38.504057], [26.9667377, 38.5032677], [26.9668664, 38.5028563], [26.9670059, 38.5018908], [26.9672956, 38.5013618], [26.9674029, 38.5009084], [26.9676711, 38.499884], [26.967832, 38.499355], [26.9678535, 38.4988345], [26.9678857, 38.4984902], [26.9680037, 38.4979444], [26.9682612, 38.497533], [26.9680359, 38.4969872], [26.9685509, 38.4969452], [26.9690229, 38.4970627], [26.9695594, 38.4970627], [26.9701816, 38.4966933], [26.9698169, 38.4949971], [26.9693877, 38.4940818], [26.9694735, 38.4935948], [26.968111, 38.4934688], [26.9684221, 38.4920917], [26.9688487, 38.490589], [26.968367, 38.49047], [26.9686045, 38.4899335], [26.9688863, 38.4897129], [26.9691195, 38.4895304], [26.9699885, 38.4893541], [26.9697096, 38.4875989], [26.9695808, 38.4865408], [26.969377, 38.4858437], [26.9691624, 38.4858017], [26.9690766, 38.4854322], [26.9686567, 38.4852454], [26.9685098, 38.48518], [26.9691749, 38.4847264], [26.9695826, 38.4842561], [26.9696041, 38.4836011], [26.9694002, 38.4834499], [26.9690033, 38.4833911], [26.9681806, 38.4834802], [26.9679071, 38.4832907], [26.9675102, 38.4827028], [26.9671561, 38.4822156], [26.9668664, 38.4816277], [26.9664373, 38.481023], [26.9661798, 38.4804519], [26.9656755, 38.4803847], [26.9656219, 38.4798976], [26.9653751, 38.478789], [26.9654502, 38.4780918], [26.9650747, 38.4766136], [26.9643773, 38.4767312], [26.9639178, 38.4769324], [26.9631024, 38.4767057], [26.9627269, 38.4764705], [26.9625995, 38.4761219], [26.9625968, 38.4750856], [26.9625968, 38.4740609], [26.9625968, 38.4731369], [26.9621354, 38.471751], [26.9615561, 38.4698778], [26.961481, 38.4689454], [26.9614381, 38.4682146], [26.9613201, 38.4669882], [26.9609204, 38.4663749], [26.9603983, 38.4659933], [26.9597037, 38.4658224], [26.9585129, 38.465869], [26.9572492, 38.4662834], [26.9556218, 38.4671691], [26.9533791, 38.4676405], [26.9516523, 38.4677027], [26.9502167, 38.4674592], [26.9491913, 38.4668117], [26.9484239, 38.466014], [26.9486655, 38.4647522], [26.9493296, 38.4647665], [26.9498524, 38.4647175], [26.9499416, 38.464186], [26.9501652, 38.4623514], [26.9522599, 38.4641891], [26.9531684, 38.46494], [26.9540729, 38.4647882], [26.9547422, 38.4642242], [26.955011, 38.4637547], [26.9548766, 38.4630749], [26.9548043, 38.4616017], [26.9541117, 38.460768], [26.9529953, 38.4613994], [26.9517445, 38.461367], [26.9496151, 38.4600233], [26.9495474, 38.4596018], [26.9497963, 38.4582466], [26.9516269, 38.4571391], [26.9517381, 38.4565992], [26.9514569, 38.4562431], [26.9503074, 38.4557768], [26.9503157, 38.455408], [26.9505542, 38.4548626], [26.9506707, 38.4539586], [26.9530531, 38.4541879], [26.9546166, 38.4547141], [26.9551981, 38.4552908], [26.9554953, 38.4563229], [26.9566323, 38.4568187], [26.9579245, 38.4566467], [26.9590357, 38.4562723], [26.9596688, 38.4556753], [26.9598732, 38.4552114], [26.9600775, 38.4547474], [26.9599467, 38.4532943], [26.9584769, 38.4507065], [26.9572216, 38.4499503], [26.955977, 38.449673], [26.9550866, 38.4499419], [26.9542175, 38.4508661], [26.9527477, 38.4512947], [26.9519966, 38.4512442], [26.9514817, 38.4505805], [26.9518357, 38.4487404], [26.952458, 38.4477909], [26.9537776, 38.4471019], [26.9539902, 38.4463895], [26.9537435, 38.4446502], [26.9532821, 38.442499], [26.9532392, 38.4403393], [26.953636, 38.438851]]]]}, "bbox": [26.9484239, 38.4355184, 27.0676761, 38.53542]}, {"id": "58", "type": "Feature", "properties": {"mahalle_adi": "Yalı Mahallesi", "_gece_lst_str": "21.7°C"}, "geometry": {"type": "MultiPolygon", "coordinates": [[[[26.874522, 38.3698238], [26.875155, 38.3725071], [26.8753803, 38.3736594], [26.8754876, 38.3745173], [26.8755305, 38.3751734], [26.8755038, 38.3757352], [26.8762046, 38.3758642], [26.877443, 38.3760922], [26.8780536, 38.3761861], [26.8782269, 38.3762882], [26.8785064, 38.3765247], [26.8787316, 38.3767064], [26.8787488, 38.3767307], [26.8788116, 38.3768194], [26.8785509, 38.3781635], [26.8785704, 38.3781881], [26.8785943, 38.3782089], [26.8786164, 38.3782217], [26.8786455, 38.3782318], [26.8786819, 38.3782352], [26.8787331, 38.3782308], [26.8787749, 38.3782058], [26.8788061, 38.378172], [26.8788328, 38.3780394], [26.8787808, 38.3779799], [26.8789505, 38.3770213], [26.8798142, 38.3771254], [26.8797557, 38.3774465], [26.8812686, 38.3776371], [26.8818759, 38.3777089], [26.883014, 38.3778477], [26.8831727, 38.3780132], [26.8833956, 38.3782143], [26.8833384, 38.3785416], [26.8834467, 38.3785652], [26.8834317, 38.3786642], [26.8833142, 38.3786688], [26.883138, 38.3794591], [26.8831203, 38.3795902], [26.8825832, 38.379882], [26.879323, 38.3794594], [26.8792792, 38.3796091], [26.8790536, 38.3795728], [26.8789075, 38.3795319], [26.8785778, 38.3793723], [26.878477, 38.379304], [26.8779413, 38.3787448], [26.8775558, 38.3783495], [26.8775384, 38.3783042], [26.8775806, 38.3782708], [26.8776013, 38.3782348], [26.8775827, 38.3781959], [26.877549, 38.3781638], [26.8775039, 38.3781419], [26.8774522, 38.3781327], [26.8773995, 38.3781371], [26.8773515, 38.3781547], [26.8773133, 38.3781835], [26.877289, 38.3782204], [26.8772813, 38.3782615], [26.8772911, 38.3783024], [26.8776648, 38.3787215], [26.8780585, 38.3791553], [26.8781978, 38.3793036], [26.8784409, 38.3794852], [26.8788038, 38.3796535], [26.8789021, 38.3796876], [26.8790671, 38.3797415], [26.8792854, 38.3797866], [26.8824701, 38.3801904], [26.8827992, 38.3801918], [26.8830356, 38.3801514], [26.8831906, 38.3800772], [26.8833434, 38.3799649], [26.8834556, 38.3798222], [26.883751, 38.3785796], [26.8837913, 38.3783644], [26.8844163, 38.3784441], [26.8855803, 38.378647], [26.885635, 38.3786514], [26.8856737, 38.3786343], [26.8857102, 38.3786084], [26.8857437, 38.3785583], [26.8857291, 38.3785015], [26.8856781, 38.3784743], [26.8856383, 38.3784682], [26.885588, 38.3784773], [26.8838407, 38.3782208], [26.8837416, 38.3781404], [26.8839333, 38.3773768], [26.8848853, 38.3774995], [26.8852311, 38.3775441], [26.8850731, 38.378149], [26.8852514, 38.3781691], [26.8853993, 38.377936], [26.8862389, 38.3776675], [26.8876391, 38.3780099], [26.8924345, 38.378888], [26.8929891, 38.3790802], [26.8930075, 38.3790866], [26.8930504, 38.379416], [26.8935362, 38.3798674], [26.8936404, 38.3797447], [26.8932613, 38.3793902], [26.8933558, 38.3793108], [26.8932182, 38.3791957], [26.893229, 38.3790256], [26.8948805, 38.3787489], [26.8958481, 38.3787152], [26.8976605, 38.3788442], [26.8983897, 38.3788177], [26.8986799, 38.3789158], [26.8987559, 38.3788263], [26.899048, 38.3787718], [26.8996398, 38.37889], [26.8997796, 38.378948], [26.8998143, 38.3789848], [26.899869, 38.3789684], [26.8998842, 38.3788525], [26.9000462, 38.3788678], [26.9003302, 38.3785083], [26.9004857, 38.3782686], [26.9005716, 38.378092], [26.9005823, 38.3779448], [26.9006145, 38.3777682], [26.9006306, 38.3776378], [26.900593, 38.377478], [26.9005501, 38.3772929], [26.9005072, 38.3772299], [26.9004697, 38.3771878], [26.9004589, 38.3771289], [26.9004428, 38.3770112], [26.900416, 38.3769145], [26.9004643, 38.3768009], [26.9004804, 38.376679], [26.9004911, 38.3764897], [26.9005448, 38.376372], [26.900534, 38.3762416], [26.900652, 38.3760902], [26.9007218, 38.3758841], [26.9007915, 38.3756108], [26.9008398, 38.375451], [26.9009632, 38.3753122], [26.9009793, 38.3751187], [26.9010007, 38.3749337], [26.9009417, 38.374715], [26.900872, 38.3744501], [26.9008774, 38.374244], [26.9009793, 38.3740547], [26.9011509, 38.3739874], [26.9013923, 38.3738991], [26.9015479, 38.3737561], [26.9018054, 38.3735248], [26.9020253, 38.3733188], [26.9022721, 38.3730706], [26.9024116, 38.3727888], [26.9024384, 38.3725239], [26.9023901, 38.3722043], [26.902594, 38.3721916], [26.9023848, 38.3714683], [26.9021165, 38.3709257], [26.901902, 38.3705808], [26.8998688, 38.3705724], [26.8974602, 38.3705556], [26.895014, 38.3705388], [26.8943167, 38.3705556], [26.8935925, 38.3705556], [26.8920705, 38.3705411], [26.8913019, 38.3705388], [26.8888396, 38.3705093], [26.8863773, 38.3704967], [26.8823862, 38.3704967], [26.8807018, 38.3704631], [26.8794465, 38.3704463], [26.8786847, 38.370421], [26.8776762, 38.3703622], [26.876142, 38.3701603], [26.8753052, 38.3700005], [26.874522, 38.3698238]]]]}, "bbox": [26.874522, 38.3698238, 26.902594, 38.3801918]}, {"id": "102", "type": "Feature", "properties": {"mahalle_adi": "Kavaklıdere Mahallesi", "_gece_lst_str": "21.2°C"}, "geometry": {"type": "MultiPolygon", "coordinates": [[[[27.3137726, 38.4642803], [27.3080901, 38.4599343], [27.307634, 38.4597913], [27.3080168, 38.4586733], [27.3077267, 38.4585824], [27.3075212, 38.4583405], [27.3067363, 38.4581606], [27.3068605, 38.4580606], [27.3050932, 38.4571412], [27.3047225, 38.4568118], [27.3043673, 38.4562667], [27.3033241, 38.4554032], [27.3026876, 38.4548507], [27.3025199, 38.4549215], [27.3000123, 38.4543366], [27.2995236, 38.4543097], [27.2991371, 38.4541161], [27.2986812, 38.4540798], [27.2981016, 38.4539619], [27.2976458, 38.4538083], [27.2969775, 38.4540867], [27.2965388, 38.4541202], [27.2960452, 38.4540265], [27.2945444, 38.4536398], [27.2940762, 38.4531547], [27.2934302, 38.4531534], [27.2926509, 38.4528464], [27.2924286, 38.4526406], [27.2920234, 38.4514727], [27.290035, 38.4505629], [27.2901989, 38.4503201], [27.2900495, 38.4501738], [27.290339, 38.4501665], [27.2910676, 38.449969], [27.292259, 38.4495162], [27.293267, 38.4493843], [27.2941279, 38.4494298], [27.2949203, 38.4495522], [27.2949666, 38.4495787], [27.2952708, 38.4496345], [27.2955669, 38.4497131], [27.2959128, 38.4498071], [27.2963537, 38.4499528], [27.2973244, 38.4503069], [27.2985578, 38.4508749], [27.3013902, 38.452152], [27.3026562, 38.4519335], [27.3048985, 38.4514882], [27.3047804, 38.4505303], [27.3049428, 38.4505371], [27.3053813, 38.4503876], [27.3056066, 38.4507068], [27.3058534, 38.4508664], [27.306422, 38.4507489], [27.3065616, 38.4506479], [27.3066688, 38.4505556], [27.3067975, 38.4503959], [27.3069001, 38.4502099], [27.3069799, 38.4500262], [27.3078275, 38.4497742], [27.3098445, 38.4493793], [27.3100162, 38.4495053], [27.3108208, 38.4488331], [27.3111212, 38.4483038], [27.3108745, 38.4477576], [27.3117542, 38.4466736], [27.312634, 38.4465224], [27.3117435, 38.4476315], [27.3117757, 38.4482281], [27.3129773, 38.4481693], [27.3134668, 38.4478017], [27.3139322, 38.4476483], [27.3141789, 38.4479088], [27.3155307, 38.4475475], [27.3155415, 38.4473459], [27.3159492, 38.4472198], [27.3168745, 38.4473109], [27.317039, 38.4460948], [27.3176806, 38.4455396], [27.3181612, 38.4448835], [27.3184843, 38.4435654], [27.3185715, 38.4428595], [27.318846, 38.4422789], [27.3187709, 38.4420184], [27.318331, 38.4415647], [27.3180628, 38.4414134], [27.3180413, 38.4407327], [27.3177624, 38.4402621], [27.3175907, 38.4400856], [27.3173547, 38.4399512], [27.3171079, 38.4399176], [27.3169362, 38.4397411], [27.316829, 38.439615], [27.3166788, 38.4393965], [27.3165929, 38.4392117], [27.3165715, 38.438968], [27.3166573, 38.4387495], [27.316829, 38.4386402], [27.3170757, 38.4384301], [27.3172581, 38.4382368], [27.317419, 38.4378251], [27.3176443, 38.4375814], [27.3178697, 38.4373376], [27.3179233, 38.4370351], [27.3178482, 38.4367746], [27.3177302, 38.4364973], [27.317698, 38.4361779], [27.3177516, 38.435867], [27.3179662, 38.4356653], [27.3183203, 38.4354972], [27.3187172, 38.4354552], [27.3191249, 38.4354468], [27.3195112, 38.435598], [27.319833, 38.4356737], [27.3201871, 38.4355056], [27.3205197, 38.4352283], [27.3209166, 38.4349089], [27.3212707, 38.434682], [27.3220217, 38.4342786], [27.3224401, 38.4345643], [27.3221612, 38.4349425], [27.3233735, 38.4352955], [27.3256531, 38.4344452], [27.3258007, 38.4318884], [27.3276943, 38.4284866], [27.3285862, 38.4246943], [27.3294713, 38.4244415], [27.329754, 38.421652], [27.3297674, 38.4195962], [27.3295212, 38.4184183], [27.3293602, 38.4181493], [27.3290598, 38.4178719], [27.3287272, 38.4176113], [27.3285019, 38.4173843], [27.3283088, 38.4171406], [27.328105, 38.4168716], [27.3280728, 38.4165689], [27.3280513, 38.4163588], [27.3279118, 38.4161991], [27.3276651, 38.4159637], [27.3274183, 38.4157451], [27.3273325, 38.4155182], [27.3272788, 38.4152828], [27.3269892, 38.4152239], [27.3266137, 38.4150138], [27.326442, 38.4145514], [27.3263132, 38.4141059], [27.3262918, 38.4137276], [27.3263132, 38.4133745], [27.3262918, 38.4129374], [27.3262274, 38.4126095], [27.3260772, 38.4122396], [27.3258734, 38.4119033], [27.3256481, 38.4117184], [27.3253584, 38.411525], [27.3251974, 38.4113569], [27.3250043, 38.4109366], [27.3250151, 38.4106087], [27.3250151, 38.4102976], [27.3250258, 38.4097764], [27.3249936, 38.4089862], [27.3249185, 38.4087087], [27.3246395, 38.4085322], [27.324307, 38.4083808], [27.3240924, 38.4081202], [27.3239851, 38.4077083], [27.3237812, 38.4072795], [27.3234272, 38.4068003], [27.3232233, 38.406464], [27.3234379, 38.4060941], [27.3235881, 38.4054635], [27.3235023, 38.4051945], [27.3232019, 38.4049675], [27.3230195, 38.40469], [27.3229444, 38.4043537], [27.322998, 38.403782], [27.323159, 38.403412], [27.3235989, 38.4028067], [27.3239314, 38.4023779], [27.3242855, 38.4021088], [27.324661, 38.4018818], [27.3251974, 38.4014782], [27.3254871, 38.4011167], [27.3256481, 38.4008308], [27.3257875, 38.4006543], [27.3260343, 38.4005113], [27.3263776, 38.4003348], [27.326839, 38.4000489], [27.3271501, 38.3996369], [27.3273432, 38.3992249], [27.32759, 38.3987877], [27.3278689, 38.3985354], [27.3279977, 38.3983252], [27.3286521, 38.397972], [27.3291242, 38.3977618], [27.3294997, 38.3975853], [27.3297465, 38.3973498], [27.3299611, 38.3970051], [27.3302507, 38.396551], [27.330519, 38.396181], [27.3309159, 38.3958699], [27.3313022, 38.3954915], [27.3316777, 38.3951468], [27.3322356, 38.3944909], [27.3325789, 38.3941294], [27.3336116, 38.393774], [27.3347354, 38.3937089], [27.3369562, 38.3932632], [27.3379755, 38.3957606], [27.3374176, 38.3971733], [27.3378146, 38.39793], [27.3379004, 38.3985102], [27.3380184, 38.3992585], [27.3383295, 38.4000573], [27.3385227, 38.4007552], [27.3384476, 38.4015035], [27.3384046, 38.4022854], [27.338351, 38.4029833], [27.338351, 38.4033952], [27.3381364, 38.4036727], [27.3380828, 38.4040594], [27.338233, 38.4043705], [27.3383295, 38.4048077], [27.3382544, 38.4059007], [27.3385334, 38.4065228], [27.3388982, 38.4069937], [27.338984, 38.4074813], [27.338984, 38.4080698], [27.3388338, 38.4089441], [27.3388982, 38.4096839], [27.3391342, 38.4104238], [27.3394561, 38.4113149], [27.3396492, 38.4118865], [27.3396063, 38.4125255], [27.3394561, 38.4138033], [27.339499, 38.4141395], [27.3398423, 38.4146523], [27.3402178, 38.4151147], [27.3404002, 38.415535], [27.3407006, 38.4163167], [27.3409581, 38.4169977], [27.3413443, 38.4181913], [27.3431897, 38.4198557], [27.3436832, 38.420898], [27.344563, 38.4223942], [27.3454642, 38.4232347], [27.3423528, 38.4308833], [27.3342633, 38.4391865], [27.336452, 38.444262], [27.3396706, 38.4511521], [27.3330617, 38.452278], [27.3254442, 38.456983], [27.3249292, 38.4574199], [27.3243284, 38.458092], [27.3236203, 38.4588145], [27.3206658, 38.4614148], [27.3217794, 38.466435], [27.3187949, 38.4650846], [27.3177716, 38.4650516], [27.3137726, 38.4642803]]]]}, "bbox": [27.290035, 38.3932632, 27.3454642, 38.466435]}, {"id": "106", "type": "Feature", "properties": {"mahalle_adi": "Maltepe Mahallesi", "_gece_lst_str": "21.7°C"}, "geometry": {"type": "MultiPolygon", "coordinates": [[[[26.9000462, 38.3788678], [26.9003302, 38.3785083], [26.9004857, 38.3782686], [26.9005716, 38.378092], [26.9005823, 38.3779448], [26.9006145, 38.3777682], [26.9006306, 38.3776378], [26.900593, 38.377478], [26.9005501, 38.3772929], [26.9005072, 38.3772299], [26.9004697, 38.3771878], [26.9004589, 38.3771289], [26.9004428, 38.3770112], [26.900416, 38.3769145], [26.9004643, 38.3768009], [26.9004804, 38.376679], [26.9004911, 38.3764897], [26.9005448, 38.376372], [26.900534, 38.3762416], [26.900652, 38.3760902], [26.9007218, 38.3758841], [26.9007915, 38.3756108], [26.9008398, 38.375451], [26.9009632, 38.3753122], [26.9009793, 38.3751187], [26.9010007, 38.3749337], [26.9009417, 38.374715], [26.900872, 38.3744501], [26.9008774, 38.374244], [26.9009793, 38.3740547], [26.9011509, 38.3739874], [26.9013923, 38.3738991], [26.9015479, 38.3737561], [26.9018054, 38.3735248], [26.9020253, 38.3733188], [26.9022721, 38.3730706], [26.9024116, 38.3727888], [26.9024384, 38.3725239], [26.9023901, 38.3722043], [26.902594, 38.3721916], [26.9023848, 38.3714683], [26.9021165, 38.3709257], [26.901902, 38.3705808], [26.903168, 38.3705809], [26.9042301, 38.3706145], [26.9060111, 38.3706229], [26.907438, 38.3706313], [26.9080228, 38.3706692], [26.9089615, 38.3708164], [26.9101739, 38.3710855], [26.9117618, 38.3714935], [26.9121909, 38.371586], [26.9127166, 38.3716659], [26.9133925, 38.3717416], [26.9141972, 38.3717627], [26.9147122, 38.3717458], [26.9155812, 38.3716659], [26.9163537, 38.3715313], [26.9170296, 38.3713799], [26.9180381, 38.3711192], [26.9186711, 38.3709594], [26.9191646, 38.3708416], [26.9196689, 38.3707575], [26.9201088, 38.370707], [26.9206774, 38.3706397], [26.9211173, 38.3706397], [26.9216323, 38.3706313], [26.9222438, 38.3706734], [26.9230914, 38.3707996], [26.923778, 38.3709678], [26.9247127, 38.3711335], [26.9245835, 38.3720514], [26.9237941, 38.3731211], [26.9235477, 38.3737412], [26.9232577, 38.3757537], [26.9232386, 38.3774943], [26.9232684, 38.3780667], [26.923145, 38.378298], [26.9230592, 38.3785209], [26.9230377, 38.3786891], [26.9230619, 38.3788657], [26.9231504, 38.3790213], [26.9232202, 38.3791727], [26.9233167, 38.3793284], [26.9234938, 38.3795134], [26.9236386, 38.379629], [26.9237486, 38.3796648], [26.9238746, 38.3797194], [26.9238988, 38.3798427], [26.9238129, 38.3800201], [26.9237941, 38.380224], [26.9238119, 38.3804323], [26.923896, 38.3806508], [26.9240462, 38.3808043], [26.9241052, 38.3809683], [26.924116, 38.3812627], [26.9240248, 38.3815739], [26.9239121, 38.3819481], [26.9239497, 38.3820364], [26.924057, 38.3821332], [26.9243198, 38.3822972], [26.9244003, 38.3823981], [26.9244969, 38.3827765], [26.9246149, 38.3832769], [26.9248652, 38.3837817], [26.9253566, 38.3846928], [26.9254319, 38.3848153], [26.9254817, 38.38492], [26.9252407, 38.3849612], [26.9252101, 38.3847607], [26.9250953, 38.3847186], [26.9247974, 38.3846109], [26.9240481, 38.3844104], [26.9238852, 38.3844393], [26.923824, 38.3844176], [26.9235649, 38.3844831], [26.9233184, 38.3845276], [26.9232146, 38.3845387], [26.9231541, 38.3847427], [26.9230392, 38.3848599], [26.9229352, 38.3847843], [26.9229163, 38.3846228], [26.9227553, 38.3845487], [26.9207672, 38.3840753], [26.9199288, 38.3839021], [26.9198642, 38.3839596], [26.9198242, 38.3839329], [26.9198446, 38.3837958], [26.9186499, 38.3832175], [26.917914, 38.383015], [26.9178158, 38.3830381], [26.9177242, 38.383115], [26.9176784, 38.3830996], [26.9176103, 38.3828893], [26.9143161, 38.3819357], [26.9139417, 38.3818762], [26.9121984, 38.381498], [26.9107825, 38.3809212], [26.9107257, 38.3809539], [26.9107898, 38.3811092], [26.9107638, 38.381126], [26.9107179, 38.3811192], [26.910653, 38.3810471], [26.910654, 38.3809327], [26.9099383, 38.3807972], [26.9082661, 38.3804458], [26.9082071, 38.3804948], [26.9081573, 38.3806151], [26.90808, 38.3805986], [26.9081243, 38.380416], [26.9078426, 38.3803606], [26.9074896, 38.3802515], [26.9073012, 38.3802742], [26.9071155, 38.3802375], [26.9071154, 38.3801712], [26.9069671, 38.3801542], [26.9069894, 38.3803548], [26.9070858, 38.3804481], [26.9070781, 38.3804829], [26.9070208, 38.3804776], [26.9069507, 38.38042], [26.9068805, 38.380264], [26.9055723, 38.3798255], [26.9021383, 38.3792121], [26.9009818, 38.3790029], [26.9003354, 38.3789011], [26.9002411, 38.3788863], [26.9000462, 38.3788678]]]]}, "bbox": [26.9000462, 38.3705808, 26.9254817, 38.3849612]}, {"id": "117", "type": "Feature", "properties": {"mahalle_adi": "Huzur Mahallesi", "_gece_lst_str": "21.4°C"}, "geometry": {"type": "MultiPolygon", "coordinates": [[[[26.9465736, 38.3876068], [26.9454396, 38.385863], [26.9446993, 38.3851061], [26.9450533, 38.3849547], [26.9456434, 38.384694], [26.9464213, 38.384673], [26.9471884, 38.3847109], [26.9481915, 38.3842525], [26.9483954, 38.3840591], [26.9484973, 38.3840128], [26.9486529, 38.3838825], [26.9488138, 38.3835335], [26.948728, 38.3832685], [26.9488674, 38.38297], [26.9490766, 38.3826294], [26.9491786, 38.382335], [26.9492215, 38.3820449], [26.9491196, 38.3814393], [26.9494307, 38.3814309], [26.9492912, 38.3807917], [26.9483793, 38.3666021], [26.9486904, 38.3631278], [26.9497955, 38.3630017], [26.9508254, 38.362539], [26.9511769, 38.3616954], [26.9518661, 38.3602171], [26.9521262, 38.3597196], [26.9524026, 38.3589552], [26.9517101, 38.3574946], [26.9526172, 38.3559349], [26.9527244, 38.355245], [26.9527781, 38.3546056], [26.9529568, 38.3543781], [26.9534562, 38.3539156], [26.9598021, 38.3545328], [26.9666578, 38.3547744], [26.9785214, 38.3438734], [26.9920353, 38.3333955], [26.9931178, 38.3326139], [27.0023239, 38.3674769], [26.9971633, 38.3693864], [26.9905543, 38.3733566], [26.9906187, 38.3785714], [26.9930756, 38.3798918], [26.9926143, 38.3805562], [26.9927966, 38.380817], [26.9930541, 38.3809347], [26.9934297, 38.3809852], [26.9945669, 38.3809431], [26.9944918, 38.3812711], [26.9944274, 38.3819103], [26.994524, 38.3824486], [26.9959938, 38.3828354], [26.9959724, 38.3817505], [26.9963908, 38.3817421], [26.9966268, 38.3816159], [26.9969702, 38.3816075], [26.9974637, 38.3819944], [26.9977212, 38.3827261], [26.9975388, 38.3830961], [26.9978928, 38.3835251], [26.9981182, 38.383853], [26.9981289, 38.3846015], [26.9979787, 38.3859807], [26.9980752, 38.3871917], [26.9994378, 38.3907741], [26.9991052, 38.3908372], [26.9988692, 38.3909129], [26.9987082, 38.391018], [26.998601, 38.391203], [26.9980806, 38.3922163], [26.9980591, 38.392292], [26.9974959, 38.3924097], [26.9972438, 38.3924938], [26.9970131, 38.3926788], [26.9969058, 38.392868], [26.9968575, 38.3930109], [26.9968843, 38.3932296], [26.9970238, 38.3937089], [26.9973081, 38.3949155], [26.9972974, 38.3952225], [26.9972008, 38.3956681], [26.9971365, 38.3958447], [26.9969962, 38.3960701], [26.9969852, 38.3961067], [26.9969809, 38.3961432], [26.9969916, 38.3966519], [26.9968722, 38.3975966], [26.9941485, 38.3972657], [26.9929254, 38.3970892], [26.9916487, 38.396921], [26.9892132, 38.3966267], [26.9877648, 38.3964249], [26.9858336, 38.3962063], [26.9840634, 38.3960381], [26.9827652, 38.3959624], [26.9793641, 38.3956513], [26.9773257, 38.3954327], [26.9771004, 38.3954831], [26.9768906, 38.3957206], [26.9752596, 38.3954663], [26.9727848, 38.3951225], [26.9703571, 38.3947057], [26.9695417, 38.3945375], [26.9685934, 38.3943246], [26.9657591, 38.3936925], [26.9639612, 38.3932493], [26.9579903, 38.3917738], [26.955196, 38.3910734], [26.9545733, 38.3908909], [26.9538801, 38.3906278], [26.9491734, 38.3888654], [26.9482575, 38.3884934], [26.9477681, 38.3882387], [26.9465736, 38.3876068]]]]}, "bbox": [26.9446993, 38.3326139, 27.0023239, 38.3975966]}, {"id": "118", "type": "Feature", "properties": {"mahalle_adi": "Limanreis Mahallesi", "_gece_lst_str": "21.6°C"}, "geometry": {"type": "MultiPolygon", "coordinates": [[[[26.9465736, 38.3876068], [26.9455631, 38.3870948], [26.9450974, 38.3868691], [26.9446301, 38.386654], [26.9440256, 38.3863163], [26.9432911, 38.3859502], [26.9425433, 38.385639], [26.9416273, 38.3852407], [26.9411229, 38.3850792], [26.937248, 38.3842175], [26.932211, 38.3831472], [26.9311836, 38.3831174], [26.9285359, 38.3835507], [26.9266139, 38.3842241], [26.9266038, 38.384283], [26.9259641, 38.3844911], [26.9256368, 38.3846026], [26.9253566, 38.3846928], [26.9248652, 38.3837817], [26.9246149, 38.3832769], [26.9244969, 38.3827765], [26.9244003, 38.3823981], [26.9243198, 38.3822972], [26.924057, 38.3821332], [26.9239497, 38.3820364], [26.9239121, 38.3819481], [26.9240248, 38.3815739], [26.924116, 38.3812627], [26.9241052, 38.3809683], [26.9240462, 38.3808043], [26.923896, 38.3806508], [26.9238119, 38.3804323], [26.9237941, 38.380224], [26.9238129, 38.3800201], [26.9238988, 38.3798427], [26.9238746, 38.3797194], [26.9237486, 38.3796648], [26.9236386, 38.379629], [26.9234938, 38.3795134], [26.9233167, 38.3793284], [26.9232202, 38.3791727], [26.9231504, 38.3790213], [26.9230619, 38.3788657], [26.9230377, 38.3786891], [26.9230592, 38.3785209], [26.923145, 38.378298], [26.9232684, 38.3780667], [26.9232386, 38.3774943], [26.9232577, 38.3757537], [26.9235477, 38.3737412], [26.9237941, 38.3731211], [26.9245835, 38.3720514], [26.9247127, 38.3711335], [26.9253659, 38.3705051], [26.9253311, 38.3703115], [26.9257414, 38.3701939], [26.9260123, 38.3697775], [26.9261598, 38.3694579], [26.9266856, 38.3688691], [26.9271898, 38.3689027], [26.9274312, 38.3686125], [26.9274419, 38.3683391], [26.9275331, 38.368112], [26.9276673, 38.367969], [26.928252, 38.3678849], [26.9284961, 38.3677882], [26.9287884, 38.3676935], [26.9289654, 38.367498], [26.9292444, 38.3671278], [26.9294643, 38.3669175], [26.9296359, 38.3667157], [26.9299917, 38.3662131], [26.9305104, 38.366253], [26.9306606, 38.3663539], [26.9309717, 38.3662572], [26.9308859, 38.3660826], [26.9303763, 38.3660763], [26.9298439, 38.366131], [26.9298787, 38.3660742], [26.9307089, 38.3658702], [26.9308966, 38.3656852], [26.9312614, 38.3653171], [26.9315243, 38.3651026], [26.93205, 38.3646084], [26.9321841, 38.3644591], [26.932404, 38.3642088], [26.9325113, 38.3639438], [26.9325422, 38.3638545], [26.9329365, 38.3636715], [26.9329941, 38.363233], [26.9342065, 38.362968], [26.9343031, 38.3631107], [26.9347966, 38.3633844], [26.935719, 38.363221], [26.9362596, 38.363679], [26.9366848, 38.3637546], [26.9370925, 38.3638092], [26.9381378, 38.3632581], [26.9386932, 38.3633895], [26.9393385, 38.3631616], [26.9395494, 38.3631194], [26.9397747, 38.3630227], [26.9399357, 38.3628923], [26.9400322, 38.3626904], [26.9400752, 38.3625011], [26.9405258, 38.3625474], [26.9415665, 38.3620216], [26.9420596, 38.3618375], [26.9423129, 38.3617752], [26.9429105, 38.3622368], [26.9429867, 38.3622957], [26.9431048, 38.3623388], [26.9435835, 38.3625137], [26.9441092, 38.3630185], [26.9444954, 38.3631026], [26.944989, 38.3629932], [26.9456327, 38.3631867], [26.9461048, 38.3632877], [26.946491, 38.3632372], [26.9469631, 38.3630437], [26.9486904, 38.3631278], [26.9483793, 38.3666021], [26.9492912, 38.3807917], [26.9494307, 38.3814309], [26.9491196, 38.3814393], [26.9492215, 38.3820449], [26.9491786, 38.382335], [26.9490766, 38.3826294], [26.9488674, 38.38297], [26.948728, 38.3832685], [26.9488138, 38.3835335], [26.9486529, 38.3838825], [26.9484973, 38.3840128], [26.9483954, 38.3840591], [26.9481915, 38.3842525], [26.9471884, 38.3847109], [26.9464213, 38.384673], [26.9456434, 38.384694], [26.9450533, 38.3849547], [26.9446993, 38.3851061], [26.9454396, 38.385863], [26.9465736, 38.3876068]]]]}, "bbox": [26.9230377, 38.3617752, 26.9494307, 38.3876068]}, {"id": "120", "type": "Feature", "properties": {"mahalle_adi": "2. İnönü Mahallesi", "_gece_lst_str": "21.2°C"}, "geometry": {"type": "MultiPolygon", "coordinates": [[[[26.9931178, 38.3326139], [26.993655, 38.3324329], [26.9949317, 38.3323992], [26.9957042, 38.3324665], [26.9964123, 38.3326685], [26.9970667, 38.3326601], [26.9977856, 38.3327779], [26.9984186, 38.3329126], [26.9990194, 38.3329715], [27.0010686, 38.3344274], [27.0021306, 38.3340207], [27.0035944, 38.3347633], [27.0041154, 38.3354074], [27.0045125, 38.3359338], [27.0046085, 38.3363765], [27.0046028, 38.3372057], [27.0046842, 38.3375833], [27.0050168, 38.3378526], [27.0052616, 38.337992], [27.0054567, 38.3382313], [27.005918, 38.3385174], [27.0060643, 38.3390209], [27.0056498, 38.3397797], [27.0051563, 38.3403014], [27.005564, 38.3409578], [27.0057571, 38.3423546], [27.006551, 38.3428679], [27.007345, 38.3433223], [27.0080531, 38.3438525], [27.0086283, 38.3443906], [27.0087581, 38.3445115], [27.0086217, 38.345081], [27.00845, 38.3455101], [27.0086431, 38.3463011], [27.0090656, 38.34707], [27.0092868, 38.3479503], [27.0099842, 38.348716], [27.0106172, 38.3491198], [27.0108097, 38.3493872], [27.0108104, 38.3498266], [27.0116472, 38.3505334], [27.0121086, 38.3508952], [27.0129347, 38.3511728], [27.0134604, 38.3518712], [27.0141041, 38.352376], [27.0145762, 38.3529313], [27.0148981, 38.3534277], [27.0153379, 38.3538063], [27.0156276, 38.3540671], [27.0159005, 38.3543395], [27.0161532, 38.3551465], [27.0159602, 38.3556236], [27.0156169, 38.3561284], [27.0147371, 38.356751], [27.0148443, 38.3585186], [27.0149302, 38.3596114], [27.01478, 38.360419], [27.0151448, 38.3610584], [27.0159538, 38.3621115], [27.0166254, 38.362825], [27.0173764, 38.363397], [27.0183163, 38.3637827], [27.0205008, 38.364286], [27.0217967, 38.3651973], [27.022436, 38.3655405], [27.0226443, 38.3668881], [27.022655, 38.3675863], [27.0229125, 38.3683265], [27.023685, 38.3691845], [27.0245325, 38.3696976], [27.0247867, 38.3699385], [27.0258093, 38.3719603], [27.0266868, 38.3743297], [27.0256112, 38.3762123], [27.019329, 38.3775789], [27.0169043, 38.3823729], [27.0159817, 38.3840633], [27.0157349, 38.385043], [27.0156223, 38.3853332], [27.0155096, 38.3855308], [27.0154613, 38.3859934], [27.015472, 38.3862372], [27.0155525, 38.3863718], [27.0156813, 38.3865442], [27.0157134, 38.3867586], [27.0156652, 38.3869184], [27.0155847, 38.3871413], [27.0155418, 38.3873767], [27.0153916, 38.3875071], [27.0152092, 38.3875491], [27.0150161, 38.3875828], [27.0149034, 38.3877089], [27.0148605, 38.3878561], [27.0148069, 38.3880579], [27.0147371, 38.3881336], [27.0146459, 38.3882345], [27.0146459, 38.3883943], [27.0148873, 38.3886003], [27.0149678, 38.3887223], [27.0149839, 38.388819], [27.0150644, 38.3889199], [27.0151824, 38.389046], [27.0154452, 38.3893277], [27.0155632, 38.3895127], [27.0157349, 38.3896809], [27.016046, 38.3898996], [27.0161748, 38.3900257], [27.0165717, 38.3905471], [27.0167863, 38.3909003], [27.0171136, 38.3914595], [27.0164162, 38.3917664], [27.016275, 38.3914228], [27.0159066, 38.3905261], [27.0158261, 38.3907657], [27.0157456, 38.3910012], [27.0155793, 38.3912072], [27.0154345, 38.3913754], [27.0153111, 38.3915015], [27.0151555, 38.3915436], [27.0148927, 38.3915562], [27.0144796, 38.3915394], [27.0143348, 38.3915394], [27.0141524, 38.3915562], [27.0138305, 38.3915394], [27.0136428, 38.3914637], [27.0135945, 38.3916739], [27.0135891, 38.3918379], [27.0137447, 38.3924644], [27.0131707, 38.3922836], [27.0129508, 38.392128], [27.0127523, 38.3919178], [27.0126718, 38.3917706], [27.0126343, 38.3916066], [27.0126235, 38.3914469], [27.0125967, 38.3912619], [27.0125484, 38.3911231], [27.0124841, 38.3910054], [27.0123178, 38.3908624], [27.0121032, 38.3907489], [27.0119423, 38.3904714], [27.0117599, 38.3903032], [27.0116579, 38.390114], [27.0115024, 38.3898954], [27.0112663, 38.3896809], [27.0109445, 38.3894371], [27.0107728, 38.3892689], [27.0106816, 38.3890586], [27.0105797, 38.3887895], [27.0104134, 38.3885373], [27.0101023, 38.3879612], [27.009775, 38.3877468], [27.0093673, 38.3873725], [27.0091528, 38.3868806], [27.008965, 38.386519], [27.0086807, 38.3860396], [27.0084661, 38.3856486], [27.0083964, 38.3854677], [27.0084017, 38.3853122], [27.0085037, 38.3851103], [27.0086485, 38.3849968], [27.0088094, 38.3848328], [27.0089114, 38.3846436], [27.0089811, 38.3844922], [27.0089114, 38.3840717], [27.0087075, 38.3837774], [27.0084822, 38.3834914], [27.008332, 38.3834325], [27.0080531, 38.3832812], [27.0077312, 38.3831634], [27.0070767, 38.3826336], [27.0067012, 38.3825663], [27.006551, 38.3817001], [27.0062721, 38.3815655], [27.006669, 38.3808674], [27.0069373, 38.380716], [27.0070338, 38.380531], [27.0071196, 38.3802619], [27.0071089, 38.3799339], [27.0069909, 38.3793157], [27.00683, 38.378954], [27.0066583, 38.3786555], [27.0065618, 38.3785293], [27.0063794, 38.3781635], [27.0063204, 38.3778438], [27.0063043, 38.377457], [27.0064115, 38.3771079], [27.0065296, 38.376843], [27.0065939, 38.3766285], [27.0066261, 38.3762921], [27.006433, 38.3754257], [27.0061862, 38.3746772], [27.0055693, 38.3744837], [27.0049632, 38.3750094], [27.0039868, 38.3742818], [27.004137, 38.3734744], [27.0051026, 38.3726837], [27.004652, 38.372322], [27.0045018, 38.3720276], [27.0043731, 38.3718005], [27.0042443, 38.3712454], [27.0034504, 38.3700762], [27.0023239, 38.3674769], [26.9931178, 38.3326139]]]]}, "bbox": [26.9931178, 38.3323992, 27.0266868, 38.3924644]}, {"id": "125", "type": "Feature", "properties": {"mahalle_adi": "Çelebi Mahallesi", "_gece_lst_str": "21.9°C"}, "geometry": {"type": "MultiPolygon", "coordinates": [[[[26.8916815, 38.3662217], [26.8917525, 38.3663918], [26.8921924, 38.3674475], [26.8922836, 38.3677125], [26.8922728, 38.3678933], [26.8922353, 38.3682214], [26.8921226, 38.3687555], [26.8919885, 38.3694789], [26.8920153, 38.3698869], [26.8920705, 38.3705411], [26.8913019, 38.3705388], [26.8888396, 38.3705093], [26.8863773, 38.3704967], [26.8823862, 38.3704967], [26.8807018, 38.3704631], [26.8794465, 38.3704463], [26.8786847, 38.370421], [26.8776762, 38.3703622], [26.876142, 38.3701603], [26.8753052, 38.3700005], [26.874522, 38.3698238], [26.874125, 38.367826], [26.8745595, 38.3676283], [26.8750852, 38.3673045], [26.8754768, 38.3671489], [26.8758792, 38.3669974], [26.8762225, 38.3668208], [26.8768877, 38.3665516], [26.8773973, 38.3663077], [26.8778747, 38.3660847], [26.878159, 38.3659754], [26.8784702, 38.3658913], [26.8786043, 38.3658534], [26.8787867, 38.3657609], [26.8791032, 38.3655295], [26.8793607, 38.3652688], [26.8803585, 38.364335], [26.8806052, 38.3640995], [26.8808466, 38.3638513], [26.8811095, 38.3635989], [26.8816996, 38.36309], [26.8822253, 38.3627577], [26.8824345, 38.3626778], [26.8826544, 38.3625263], [26.8830138, 38.3621772], [26.8831479, 38.3619038], [26.8840438, 38.3609322], [26.8843925, 38.3604947], [26.8857068, 38.3591655], [26.885916, 38.358951], [26.8865007, 38.3591907], [26.8871123, 38.3595651], [26.8874878, 38.3599689], [26.887638, 38.3601203], [26.887815, 38.3601961], [26.8879813, 38.3602634], [26.8870372, 38.361479], [26.8867071, 38.361925], [26.8862059, 38.3626021], [26.8859911, 38.3628923], [26.8865222, 38.3626105], [26.8869138, 38.3623665], [26.8872678, 38.3621604], [26.8876755, 38.3618786], [26.8884426, 38.3612813], [26.8888557, 38.3609953], [26.8890488, 38.3608901], [26.8893117, 38.3610037], [26.8896067, 38.3611761], [26.8898159, 38.3613654], [26.8900198, 38.3615757], [26.8901861, 38.3618029], [26.8903041, 38.3620637], [26.8903738, 38.3624044], [26.8904275, 38.362703], [26.8905026, 38.3632456], [26.8905991, 38.36362], [26.8906164, 38.363691], [26.8906402, 38.3637569], [26.890744, 38.3640448], [26.8914574, 38.3656852], [26.8916815, 38.3662217]]]]}, "bbox": [26.874125, 38.358951, 26.8922836, 38.3705411]}, {"id": "126", "type": "Feature", "properties": {"mahalle_adi": "Yaka Mahallesi", "_gece_lst_str": "21.2°C"}, "geometry": {"type": "MultiPolygon", "coordinates": [[[[26.9534562, 38.3539156], [26.9466305, 38.3540334], [26.9456675, 38.3546319], [26.9445275, 38.3532579], [26.9431114, 38.3523087], [26.9430363, 38.3514505], [26.941942, 38.3505923], [26.9425857, 38.3499865], [26.9418669, 38.3492545], [26.9418668, 38.3486015], [26.941384, 38.3467632], [26.9412178, 38.3461202], [26.9411159, 38.3457373], [26.9405204, 38.3450052], [26.9397761, 38.343936], [26.9389164, 38.3436421], [26.9380045, 38.3432129], [26.9371462, 38.3429268], [26.9368672, 38.3427838], [26.9366634, 38.3425145], [26.9364595, 38.3423546], [26.9360948, 38.3421358], [26.9348502, 38.341774], [26.9344854, 38.3415552], [26.9343889, 38.3413196], [26.9340348, 38.3411681], [26.93367, 38.3411261], [26.9330156, 38.3410083], [26.932683, 38.3407726], [26.932522, 38.3404949], [26.9324899, 38.3401836], [26.9323504, 38.3399227], [26.9321144, 38.3397123], [26.9317818, 38.339401], [26.9315565, 38.3391149], [26.9312453, 38.3387698], [26.9310307, 38.338652], [26.9308913, 38.3385931], [26.9306338, 38.338408], [26.9305909, 38.3382313], [26.9303119, 38.3380209], [26.9303012, 38.3377516], [26.9303226, 38.3374486], [26.9302261, 38.337011], [26.930151, 38.3369353], [26.9296253, 38.3365818], [26.9294321, 38.3362368], [26.9292176, 38.3360432], [26.9289172, 38.3358833], [26.9282734, 38.3357739], [26.9265997, 38.3357487], [26.9260847, 38.3358665], [26.9257736, 38.3360853], [26.9252908, 38.3363715], [26.9248831, 38.3369521], [26.9244647, 38.3373897], [26.9240141, 38.337861], [26.9234669, 38.3376169], [26.922909, 38.3373981], [26.9219896, 38.3373455], [26.9204092, 38.3372551], [26.9196582, 38.3372551], [26.9191003, 38.3378189], [26.9187462, 38.3381892], [26.9182849, 38.3382986], [26.9179308, 38.3384248], [26.9172764, 38.3387109], [26.9165146, 38.339056], [26.9138431, 38.3390644], [26.913296, 38.3390475], [26.9130063, 38.3387278], [26.9128132, 38.3384753], [26.9122445, 38.3386184], [26.9116974, 38.3388203], [26.9110966, 38.3390812], [26.9105708, 38.3391653], [26.9102275, 38.3393757], [26.9096267, 38.3395945], [26.9090688, 38.3396787], [26.9080281, 38.340335], [26.9077277, 38.3406548], [26.9071805, 38.3409578], [26.9065905, 38.3413112], [26.9060755, 38.3417319], [26.9056785, 38.3422368], [26.9054961, 38.3425482], [26.9053674, 38.3428006], [26.9050991, 38.3430362], [26.9049489, 38.3434401], [26.904906, 38.3439366], [26.9046163, 38.3444667], [26.9043589, 38.3446266], [26.9036643, 38.3448174], [26.9030725, 38.3460325], [26.9030499, 38.3465199], [26.9038441, 38.3461762], [26.9043887, 38.3463018], [26.9046823, 38.3474283], [26.9044998, 38.348161], [26.9031359, 38.3495364], [26.9010688, 38.3505001], [26.8992525, 38.3506415], [26.8984812, 38.3502297], [26.8982548, 38.3497826], [26.8975973, 38.3492457], [26.8980518, 38.3488886], [26.8965312, 38.3486548], [26.8961218, 38.3491729], [26.8950315, 38.3496367], [26.895757, 38.3502988], [26.8962345, 38.3497808], [26.8965069, 38.3497632], [26.8979126, 38.3509979], [26.8977081, 38.3511229], [26.898184, 38.3517311], [26.8970705, 38.3525525], [26.8962763, 38.3522836], [26.8955866, 38.352995], [26.8981486, 38.3525258], [26.8976694, 38.3527925], [26.8974817, 38.352885], [26.8973368, 38.352986], [26.8972725, 38.3531711], [26.8971598, 38.3534109], [26.8970096, 38.3536338], [26.8968594, 38.35376], [26.8966287, 38.3539409], [26.8964463, 38.354126], [26.8963391, 38.3543363], [26.8963659, 38.3545004], [26.8964356, 38.3547444], [26.8962693, 38.3549758], [26.8961942, 38.3550094], [26.8933606, 38.3562518], [26.8915126, 38.3572631], [26.8916881, 38.3579162], [26.8917203, 38.3582611], [26.8917632, 38.3585135], [26.8917686, 38.358728], [26.8916774, 38.3589468], [26.8916291, 38.359115], [26.8916559, 38.3592959], [26.8917739, 38.3595483], [26.8918437, 38.3597081], [26.8919295, 38.3598343], [26.8919724, 38.3599984], [26.8919724, 38.3601203], [26.8920046, 38.3603138], [26.8920207, 38.3604947], [26.8918168, 38.3607429], [26.8917605, 38.3608838], [26.8917015, 38.3611446], [26.8916586, 38.3613255], [26.8916666, 38.361643], [26.8916988, 38.361908], [26.8917149, 38.3620006], [26.8920581, 38.3619056], [26.8926613, 38.3634436], [26.8926081, 38.3635653], [26.8925866, 38.363702], [26.8925732, 38.3638345], [26.8925571, 38.3639985], [26.8925625, 38.3641689], [26.8926215, 38.3643855], [26.8926457, 38.3645811], [26.8926403, 38.3647893], [26.8925947, 38.3650395], [26.8925303, 38.3652898], [26.8925062, 38.3654076], [26.8924525, 38.365662], [26.8924391, 38.3658871], [26.892423, 38.3660216], [26.8923667, 38.3660847], [26.8916815, 38.3662217], [26.8917525, 38.3663918], [26.8921924, 38.3674475], [26.8922836, 38.3677125], [26.8922728, 38.3678933], [26.8922353, 38.3682214], [26.8921226, 38.3687555], [26.8919885, 38.3694789], [26.8920153, 38.3698869], [26.8920705, 38.3705411], [26.8935925, 38.3705556], [26.8943167, 38.3705556], [26.895014, 38.3705388], [26.8974602, 38.3705556], [26.8998688, 38.3705724], [26.901902, 38.3705808], [26.903168, 38.3705809], [26.9042301, 38.3706145], [26.9060111, 38.3706229], [26.907438, 38.3706313], [26.9080228, 38.3706692], [26.9089615, 38.3708164], [26.9101739, 38.3710855], [26.9117618, 38.3714935], [26.9121909, 38.371586], [26.9127166, 38.3716659], [26.9133925, 38.3717416], [26.9141972, 38.3717627], [26.9147122, 38.3717458], [26.9155812, 38.3716659], [26.9163537, 38.3715313], [26.9170296, 38.3713799], [26.9180381, 38.3711192], [26.9186711, 38.3709594], [26.9191646, 38.3708416], [26.9196689, 38.3707575], [26.9201088, 38.370707], [26.9206774, 38.3706397], [26.9211173, 38.3706397], [26.9216323, 38.3706313], [26.9222438, 38.3706734], [26.9230914, 38.3707996], [26.923778, 38.3709678], [26.9247127, 38.3711335], [26.9253659, 38.3705051], [26.9253311, 38.3703115], [26.9257414, 38.3701939], [26.9260123, 38.3697775], [26.9261598, 38.3694579], [26.9266856, 38.3688691], [26.9271898, 38.3689027], [26.9274312, 38.3686125], [26.9274419, 38.3683391], [26.9275331, 38.368112], [26.9276673, 38.367969], [26.928252, 38.3678849], [26.9284961, 38.3677882], [26.9287884, 38.3676935], [26.9289654, 38.367498], [26.9292444, 38.3671278], [26.9294643, 38.3669175], [26.9296359, 38.3667157], [26.9299917, 38.3662131], [26.9305104, 38.366253], [26.9306606, 38.3663539], [26.9309717, 38.3662572], [26.9308859, 38.3660826], [26.9303763, 38.3660763], [26.9298439, 38.366131], [26.9298787, 38.3660742], [26.9307089, 38.3658702], [26.9308966, 38.3656852], [26.9312614, 38.3653171], [26.9315243, 38.3651026], [26.93205, 38.3646084], [26.9321841, 38.3644591], [26.932404, 38.3642088], [26.9325113, 38.3639438], [26.9325422, 38.3638545], [26.9329365, 38.3636715], [26.9329941, 38.363233], [26.9342065, 38.362968], [26.9343031, 38.3631107], [26.9347966, 38.3633844], [26.935719, 38.363221], [26.9362596, 38.363679], [26.9366848, 38.3637546], [26.9370925, 38.3638092], [26.9381378, 38.3632581], [26.9386932, 38.3633895], [26.9393385, 38.3631616], [26.9395494, 38.3631194], [26.9397747, 38.3630227], [26.9399357, 38.3628923], [26.9400322, 38.3626904], [26.9400752, 38.3625011], [26.9405258, 38.3625474], [26.9415665, 38.3620216], [26.9420596, 38.3618375], [26.9423129, 38.3617752], [26.9429105, 38.3622368], [26.9429867, 38.3622957], [26.9431048, 38.3623388], [26.9435835, 38.3625137], [26.9441092, 38.3630185], [26.9444954, 38.3631026], [26.944989, 38.3629932], [26.9456327, 38.3631867], [26.9461048, 38.3632877], [26.946491, 38.3632372], [26.9469631, 38.3630437], [26.9486904, 38.3631278], [26.9497955, 38.3630017], [26.9508254, 38.362539], [26.9511769, 38.3616954], [26.9518661, 38.3602171], [26.9521262, 38.3597196], [26.9524026, 38.3589552], [26.9517101, 38.3574946], [26.9526172, 38.3559349], [26.9527244, 38.355245], [26.9527781, 38.3546056], [26.9529568, 38.3543781], [26.9534562, 38.3539156]]]]}, "bbox": [26.8915126, 38.3357487, 26.9534562, 38.3717627]}, {"id": "127", "type": "Feature", "properties": {"mahalle_adi": "Atatürk Mahallesi", "_gece_lst_str": "21.8°C"}, "geometry": {"type": "MultiPolygon", "coordinates": [[[[26.8883733, 38.3523344], [26.8935853, 38.3526767], [26.8944245, 38.3532078], [26.8955866, 38.352995], [26.8981486, 38.3525258], [26.8976694, 38.3527925], [26.8974817, 38.352885], [26.8973368, 38.352986], [26.8972725, 38.3531711], [26.8971598, 38.3534109], [26.8970096, 38.3536338], [26.8968594, 38.35376], [26.8966287, 38.3539409], [26.8964463, 38.354126], [26.8963391, 38.3543363], [26.8963659, 38.3545004], [26.8964356, 38.3547444], [26.8962693, 38.3549758], [26.8961942, 38.3550094], [26.8933606, 38.3562518], [26.8915126, 38.3572631], [26.8916881, 38.3579162], [26.8917203, 38.3582611], [26.8917632, 38.3585135], [26.8917686, 38.358728], [26.8916774, 38.3589468], [26.8916291, 38.359115], [26.8916559, 38.3592959], [26.8917739, 38.3595483], [26.8918437, 38.3597081], [26.8919295, 38.3598343], [26.8919724, 38.3599984], [26.8919724, 38.3601203], [26.8920046, 38.3603138], [26.8920207, 38.3604947], [26.8918168, 38.3607429], [26.8917605, 38.3608838], [26.8917015, 38.3611446], [26.8916586, 38.3613255], [26.8916666, 38.361643], [26.8916988, 38.361908], [26.8917149, 38.3620006], [26.8920581, 38.3619056], [26.8926613, 38.3634436], [26.8926081, 38.3635653], [26.8925866, 38.363702], [26.8925732, 38.3638345], [26.8925571, 38.3639985], [26.8925625, 38.3641689], [26.8926215, 38.3643855], [26.8926457, 38.3645811], [26.8926403, 38.3647893], [26.8925947, 38.3650395], [26.8925303, 38.3652898], [26.8925062, 38.3654076], [26.8924525, 38.365662], [26.8924391, 38.3658871], [26.892423, 38.3660216], [26.8923667, 38.3660847], [26.8916815, 38.3662217], [26.8914574, 38.3656852], [26.890744, 38.3640448], [26.8906402, 38.3637569], [26.8906164, 38.363691], [26.8905991, 38.36362], [26.8905026, 38.3632456], [26.8904275, 38.362703], [26.8903738, 38.3624044], [26.8903041, 38.3620637], [26.8901861, 38.3618029], [26.8900198, 38.3615757], [26.8898159, 38.3613654], [26.8896067, 38.3611761], [26.8893117, 38.3610037], [26.8890488, 38.3608901], [26.8888557, 38.3609953], [26.8884426, 38.3612813], [26.8876755, 38.3618786], [26.8872678, 38.3621604], [26.8869138, 38.3623665], [26.8865222, 38.3626105], [26.8859911, 38.3628923], [26.8862059, 38.3626021], [26.8867071, 38.361925], [26.8870372, 38.361479], [26.8879813, 38.3602634], [26.887815, 38.3601961], [26.887638, 38.3601203], [26.8874878, 38.3599689], [26.8871123, 38.3595651], [26.8865007, 38.3591907], [26.885916, 38.358951], [26.8860045, 38.3588416], [26.8857229, 38.3587554], [26.8855137, 38.3586881], [26.8854117, 38.3586208], [26.8853044, 38.3584672], [26.8851784, 38.3581728], [26.8851274, 38.3579162], [26.8851301, 38.3577058], [26.8851789, 38.3573551], [26.8844556, 38.3568417], [26.8843323, 38.3567298], [26.8843808, 38.3566726], [26.8844929, 38.3566155], [26.8845596, 38.3565655], [26.8845536, 38.3565154], [26.88594, 38.3550016], [26.8864172, 38.3547518], [26.8868643, 38.3543113], [26.8872353, 38.3542103], [26.8874474, 38.3540675], [26.8876067, 38.3538472], [26.8875996, 38.3535433], [26.8883733, 38.3523344]]]]}, "bbox": [26.8843323, 38.3523344, 26.8981486, 38.3662217]}, {"id": "147", "type": "Feature", "properties": {"mahalle_adi": "Zafer Mahallesi", "_gece_lst_str": "21.6°C"}, "geometry": {"type": "MultiPolygon", "coordinates": [[[[27.2002387, 38.3653823], [27.200802, 38.3653571], [27.2016388, 38.3653192], [27.2027707, 38.3652898], [27.2032964, 38.3652646], [27.2037578, 38.3652477], [27.204085, 38.3652141], [27.2045892, 38.3651678], [27.2050774, 38.3651047], [27.2058713, 38.365008], [27.2064614, 38.3649239], [27.2069699, 38.3648692], [27.207427, 38.3648439], [27.2080815, 38.3648692], [27.2090042, 38.3649323], [27.2097857, 38.3650527], [27.211622, 38.3653655], [27.2124642, 38.3656221], [27.2132313, 38.3658408], [27.2141164, 38.3660301], [27.2149479, 38.3662109], [27.215538, 38.3663161], [27.2165412, 38.3664296], [27.2173083, 38.366518], [27.2184133, 38.3666147], [27.2198993, 38.3667535], [27.220661, 38.3668292], [27.2226781, 38.366989], [27.2234505, 38.3670647], [27.2262347, 38.3673087], [27.2275704, 38.3674433], [27.2287613, 38.3675232], [27.2295787, 38.3675538], [27.2300627, 38.3675607], [27.2304618, 38.3658114], [27.2312684, 38.3626598], [27.2314747, 38.3618582], [27.2315647, 38.3614654], [27.2327509, 38.3568147], [27.2331735, 38.3551345], [27.2333688, 38.3539084], [27.2334766, 38.3530659], [27.2335088, 38.3501716], [27.2335517, 38.3486655], [27.2335517, 38.3447949], [27.2336054, 38.3435159], [27.2337234, 38.3426407], [27.23382, 38.3420938], [27.2342276, 38.3405791], [27.2346032, 38.3389802], [27.2353593, 38.3359436], [27.2354078, 38.3357487], [27.2357404, 38.3344864], [27.2360623, 38.3331651], [27.2363734, 38.3318606], [27.2365773, 38.3309432], [27.236824, 38.330068], [27.2368991, 38.3293778], [27.2369635, 38.3286203], [27.236942, 38.3281069], [27.2368348, 38.3271811], [27.2367704, 38.3263563], [27.2366416, 38.3256325], [27.2364592, 38.3249928], [27.2362554, 38.3244289], [27.2358048, 38.3233599], [27.2354936, 38.3226865], [27.235086, 38.3218785], [27.2346568, 38.3209863], [27.2338843, 38.3194795], [27.2334659, 38.3185957], [27.2328758, 38.3174341], [27.2325754, 38.316828], [27.2320604, 38.3157842], [27.2316313, 38.3148835], [27.2307944, 38.3132503], [27.2304082, 38.3126611], [27.2300756, 38.3121139], [27.2295713, 38.3114572], [27.2289061, 38.3106154], [27.2282624, 38.3097735], [27.2276509, 38.3088896], [27.2271466, 38.3083087], [27.22646, 38.3074416], [27.2259664, 38.3067512], [27.2253871, 38.305842], [27.2250759, 38.3053115], [27.2248024, 38.3047998], [27.2242606, 38.3047222], [27.2231018, 38.304377], [27.2219109, 38.3038298], [27.2208445, 38.3037322], [27.2197437, 38.3040992], [27.2188854, 38.3042171], [27.2172117, 38.3044696], [27.2154736, 38.3047896], [27.2143793, 38.3051769], [27.2135854, 38.3053284], [27.2128289, 38.3052482], [27.2118688, 38.3050927], [27.2118688, 38.3063555], [27.2118258, 38.3082414], [27.211622, 38.3092937], [27.2113001, 38.3104555], [27.2111285, 38.3110279], [27.209959, 38.3133261], [27.2090793, 38.312981], [27.2083604, 38.3127958], [27.2072554, 38.3125853], [27.2066116, 38.3121981], [27.2062039, 38.3121055], [27.2054851, 38.3120465], [27.2048505, 38.3120997], [27.2043984, 38.3122104], [27.2020239, 38.3141343], [27.2015262, 38.3143279], [27.2015691, 38.3146225], [27.2021484, 38.3178718], [27.2009897, 38.3177034], [27.1999597, 38.3176024], [27.19908, 38.3177203], [27.1979642, 38.3179896], [27.1969342, 38.3177708], [27.1952431, 38.3171492], [27.1948314, 38.313183], [27.1941876, 38.3134355], [27.1931354, 38.313657], [27.1902683, 38.3143974], [27.1891451, 38.3144457], [27.1888983, 38.3145467], [27.18804, 38.3150266], [27.1868169, 38.3157673], [27.1862376, 38.3160451], [27.1857043, 38.3162113], [27.1846926, 38.3163313], [27.1836082, 38.3162498], [27.1823269, 38.3160914], [27.1828097, 38.3167817], [27.1831369, 38.3171352], [27.1832381, 38.3174837], [27.1830672, 38.3182295], [27.183064, 38.319138], [27.182579, 38.31953], [27.1815778, 38.3212869], [27.1804755, 38.323397], [27.1801007, 38.327198], [27.1799928, 38.3279995], [27.1797681, 38.3297776], [27.1792155, 38.3303246], [27.1790171, 38.3306066], [27.1790224, 38.3309727], [27.1795642, 38.3313051], [27.1799895, 38.3316641], [27.1801275, 38.3318269], [27.1802167, 38.3320116], [27.1807015, 38.332576], [27.1815008, 38.3336616], [27.1818012, 38.3340235], [27.1821123, 38.3343601], [27.1821767, 38.3345831], [27.1823484, 38.3349997], [27.1825576, 38.33537], [27.1825898, 38.3355173], [27.1825684, 38.3356224], [27.182431, 38.3359508], [27.1820533, 38.3364598], [27.1816724, 38.33691], [27.1812004, 38.3372509], [27.1810663, 38.3377642], [27.1810542, 38.3379748], [27.1811119, 38.3382544], [27.1810153, 38.3384753], [27.1808732, 38.3389297], [27.1808186, 38.3392611], [27.1808517, 38.3395903], [27.1809536, 38.3399311], [27.1809643, 38.3401625], [27.1809643, 38.340394], [27.1808571, 38.3403855], [27.1807444, 38.3404655], [27.1806693, 38.3405623], [27.1805459, 38.3408736], [27.1803689, 38.3410587], [27.1799948, 38.341403], [27.1791549, 38.3421366], [27.1776285, 38.34361], [27.1757769, 38.3451231], [27.1752727, 38.3457373], [27.1746504, 38.3464399], [27.1743554, 38.3466208], [27.1742535, 38.3476263], [27.1737331, 38.347538], [27.1734917, 38.3474791], [27.1732449, 38.3473907], [27.1730304, 38.3472267], [27.1725476, 38.3469364], [27.1719682, 38.3466587], [27.1716461, 38.3464707], [27.1714479, 38.3463726], [27.1711546, 38.3462633], [27.1707559, 38.3462674], [27.1705252, 38.3463642], [27.1703267, 38.3464778], [27.1698602, 38.3468286], [27.1690232, 38.3470079], [27.1687067, 38.3473234], [27.1685082, 38.3473276], [27.1681595, 38.3472014], [27.1677357, 38.3471425], [27.1673441, 38.3471425], [27.1668381, 38.347261], [27.1661425, 38.3473865], [27.165606, 38.3473192], [27.1651876, 38.3471089], [27.1649429, 38.3467921], [27.1645385, 38.3462632], [27.1637618, 38.3461643], [27.1629614, 38.34628], [27.162205, 38.3464273], [27.1614829, 38.3467658], [27.1609497, 38.3469364], [27.1604186, 38.3470626], [27.1597964, 38.3471467], [27.1595504, 38.3470401], [27.1591097, 38.3469321], [27.1586323, 38.3468985], [27.1582782, 38.3470163], [27.157774, 38.3473276], [27.1573716, 38.3474959], [27.1568888, 38.3474076], [27.1567172, 38.3474202], [27.1562183, 38.347538], [27.1559018, 38.3477399], [27.1555746, 38.3479965], [27.1553868, 38.3480807], [27.1551454, 38.3480639], [27.1550059, 38.3481101], [27.1548557, 38.3482279], [27.1547323, 38.34827], [27.154507, 38.3481143], [27.1542388, 38.3479082], [27.1541744, 38.3476768], [27.1540993, 38.347336], [27.1537399, 38.3471341], [27.1536793, 38.3469779], [27.1529083, 38.346898], [27.1526506, 38.3458574], [27.1515942, 38.345792], [27.1512401, 38.3454807], [27.1509021, 38.3455101], [27.1505213, 38.3454554], [27.1501833, 38.3452451], [27.1497698, 38.3454793], [27.1492821, 38.3458172], [27.1488261, 38.3460571], [27.1484291, 38.3461412], [27.1481663, 38.3461875], [27.1478122, 38.3463389], [27.1472959, 38.3462955], [27.1469969, 38.3462758], [27.1466911, 38.3462927], [27.1463508, 38.3464343], [27.1459132, 38.3465325], [27.1451408, 38.3464525], [27.1448672, 38.3465998], [27.1445292, 38.3466797], [27.1433973, 38.3469364], [27.1442985, 38.347193], [27.1448564, 38.3473823], [27.145527, 38.3476516], [27.1460742, 38.3478872], [27.1465409, 38.3481186], [27.1469754, 38.3483584], [27.1473455, 38.3485855], [27.1478122, 38.3488758], [27.1482682, 38.3491661], [27.1487349, 38.3494943], [27.1490943, 38.3497803], [27.1494377, 38.3500496], [27.1497112, 38.350281], [27.1500063, 38.3505544], [27.1503282, 38.350891], [27.1507949, 38.3514], [27.1510148, 38.3517113], [27.1513045, 38.3520815], [27.1514869, 38.3523255], [27.1517175, 38.3526831], [27.1519697, 38.3531248], [27.1521789, 38.3535371], [27.1523666, 38.3539704], [27.1527368, 38.3547065], [27.152887, 38.355022], [27.1531498, 38.3555815], [27.1533698, 38.3560316], [27.153579, 38.356427], [27.154608, 38.3566769], [27.1598324, 38.3562053], [27.1612118, 38.3596895], [27.1601419, 38.3600344], [27.159453, 38.3606183], [27.1590618, 38.361036], [27.1595, 38.3613364], [27.160443, 38.3616144], [27.1604531, 38.361665], [27.160326, 38.3617976], [27.1609872, 38.3620704], [27.1608304, 38.3624286], [27.1606732, 38.3625679], [27.1603475, 38.3629996], [27.1609336, 38.3632246], [27.1614379, 38.3634097], [27.1620816, 38.3636242], [27.1625161, 38.3637461], [27.1634388, 38.3639775], [27.1640235, 38.3640826], [27.1647531, 38.3642172], [27.1653646, 38.3642972], [27.1660942, 38.3643687], [27.1669471, 38.3644528], [27.1677196, 38.3645411], [27.1682829, 38.3645874], [27.1688408, 38.3646294], [27.1699512, 38.3647472], [27.171421, 38.364886], [27.1723545, 38.3649701], [27.1730089, 38.3650248], [27.1736312, 38.3650795], [27.1740603, 38.3651216], [27.1749616, 38.3652015], [27.175616, 38.3652688], [27.1763563, 38.3653445], [27.1768552, 38.3653865], [27.1778154, 38.365437], [27.178545, 38.365458], [27.1792692, 38.3654707], [27.1800846, 38.3654538], [27.1809483, 38.3653907], [27.1815115, 38.3653529], [27.1820801, 38.3652856], [27.1826059, 38.3652225], [27.1833193, 38.3651258], [27.1845639, 38.3649028], [27.1855724, 38.3647304], [27.1868116, 38.3645075], [27.1873856, 38.3644275], [27.1881688, 38.3643308], [27.1886865, 38.3642709], [27.1895367, 38.3642257], [27.1904755, 38.3641668], [27.1922135, 38.3640826], [27.193104, 38.3640364], [27.1943325, 38.363948], [27.1952981, 38.3638976], [27.1962154, 38.3638387], [27.1969074, 38.3637672], [27.1977335, 38.3636746], [27.1982646, 38.3636116], [27.1992731, 38.3634896], [27.2012043, 38.3635569], [27.2017729, 38.3636116], [27.2021484, 38.3637293], [27.2023576, 38.3638555], [27.2025508, 38.3640532], [27.2026581, 38.3642551], [27.2026849, 38.3645159], [27.2026259, 38.3647051], [27.2024488, 38.3649028], [27.2022986, 38.3649954], [27.202127, 38.3650795], [27.201789, 38.36513], [27.2007376, 38.3652477], [27.2002387, 38.3653823]]]]}, "bbox": [27.1433973, 38.3037322, 27.2369635, 38.3675607]}, {"id": "155", "type": "Feature", "properties": {"mahalle_adi": "29 Ekim Mahallesi", "_gece_lst_str": "21.3°C"}, "geometry": {"type": "MultiPolygon", "coordinates": [[[[27.2576594, 38.3399101], [27.2582924, 38.3404697], [27.2589683, 38.3410082], [27.2593277, 38.3413154], [27.2597569, 38.3415342], [27.2599868, 38.341684], [27.260583, 38.3420727], [27.2612482, 38.3425397], [27.261394, 38.342717], [27.2617927, 38.3431288], [27.2618738, 38.3431954], [27.2625337, 38.3437926], [27.2631633, 38.3443363], [27.26341, 38.3446182], [27.2636193, 38.3448916], [27.2638446, 38.3452787], [27.2642308, 38.3459771], [27.264314, 38.346299], [27.264381, 38.3465157], [27.2644668, 38.3467386], [27.2645258, 38.3469363], [27.2646814, 38.3471383], [27.2647511, 38.3472729], [27.264719, 38.3474328], [27.2646546, 38.3476642], [27.2645956, 38.3479166], [27.2645741, 38.3481269], [27.2646868, 38.3482742], [27.2648316, 38.3483457], [27.2650301, 38.3484004], [27.2653037, 38.3484761], [27.2654753, 38.3485729], [27.2655987, 38.3487159], [27.2655934, 38.3488421], [27.2655397, 38.3490315], [27.2655451, 38.3491703], [27.2655742, 38.3492743], [27.2655934, 38.3493428], [27.2656899, 38.3495111], [27.2657865, 38.3496373], [27.2659206, 38.3497929], [27.2662317, 38.3501169], [27.2663658, 38.3502851], [27.2665321, 38.3505081], [27.2666341, 38.3506722], [27.2667253, 38.3508867], [27.2668057, 38.3510508], [27.2670042, 38.3512107], [27.2673583, 38.3514042], [27.2675621, 38.351522], [27.2678464, 38.3516061], [27.2681522, 38.3517365], [27.2684097, 38.3518122], [27.2688281, 38.3519216], [27.2691231, 38.35201], [27.2693377, 38.3521404], [27.2695577, 38.3523087], [27.2697293, 38.3524559], [27.2698849, 38.3526158], [27.2700566, 38.3528009], [27.2701263, 38.3529397], [27.2701263, 38.3531122], [27.2700458, 38.3533225], [27.270019, 38.3535791], [27.2700297, 38.353739], [27.270137, 38.354004], [27.2702068, 38.3542059], [27.2703033, 38.3543616], [27.2703999, 38.3544709], [27.2706198, 38.3545593], [27.2707968, 38.3546308], [27.2711509, 38.3549295], [27.2717624, 38.3553712], [27.2719234, 38.3554974], [27.2721111, 38.3555605], [27.2722989, 38.3556783], [27.2725778, 38.3558633], [27.2728568, 38.3560316], [27.2731572, 38.3562419], [27.273361, 38.3564439], [27.2736185, 38.3567131], [27.2741013, 38.3572683], [27.2742784, 38.3574829], [27.274391, 38.3577689], [27.2745037, 38.3580255], [27.2746592, 38.358198], [27.2748094, 38.3583284], [27.2748953, 38.3585177], [27.2749811, 38.3588037], [27.2750669, 38.3589215], [27.2750616, 38.3591024], [27.2751688, 38.3592832], [27.2753083, 38.3593674], [27.2753942, 38.359523], [27.2754424, 38.3597249], [27.2754746, 38.3599605], [27.2754961, 38.3601834], [27.2755819, 38.3605199], [27.2756302, 38.3607891], [27.2755926, 38.3610205], [27.2754961, 38.3612224], [27.2754907, 38.361664], [27.27651, 38.3617019], [27.2764349, 38.3618113], [27.2763168, 38.3618659], [27.2761827, 38.3619669], [27.2760969, 38.3621057], [27.2760111, 38.3623455], [27.2759681, 38.3626988], [27.2759628, 38.3628923], [27.2761452, 38.3630353], [27.27629, 38.3631278], [27.2764456, 38.3631194], [27.2766119, 38.3630185], [27.2767728, 38.3629259], [27.2768855, 38.3629217], [27.2769606, 38.3630016], [27.2770732, 38.3630816], [27.2774648, 38.3631615], [27.2776955, 38.3631867], [27.2779047, 38.3632498], [27.2781085, 38.3633381], [27.2782212, 38.3634307], [27.2781837, 38.3636157], [27.278189, 38.3638134], [27.2783017, 38.3640069], [27.2784143, 38.3642172], [27.2786182, 38.3643644], [27.2784787, 38.3645201], [27.2782909, 38.3646505], [27.2780227, 38.3648397], [27.2778725, 38.3650879], [27.2777223, 38.3655253], [27.2775882, 38.3657735], [27.2774487, 38.3659754], [27.2772288, 38.3660469], [27.2768533, 38.3660385], [27.2764724, 38.36611], [27.2762095, 38.3662025], [27.2762686, 38.3663371], [27.2765475, 38.366417], [27.2768694, 38.3665558], [27.277076, 38.3666957], [27.2771054, 38.3667156], [27.2771948, 38.3668154], [27.2772824, 38.3669133], [27.2774541, 38.3671446], [27.2775667, 38.367397], [27.277674, 38.3676662], [27.2778403, 38.3679396], [27.2780495, 38.3681625], [27.2782158, 38.3682886], [27.2786396, 38.3683854], [27.2788864, 38.3684485], [27.2791707, 38.3686588], [27.2795087, 38.3689658], [27.2797018, 38.3691424], [27.2799861, 38.3692728], [27.2803294, 38.3693401], [27.2807317, 38.3694453], [27.2810858, 38.3696892], [27.2818797, 38.3704084], [27.2824966, 38.3708206], [27.2831028, 38.3711065], [27.283591, 38.3712369], [27.2840738, 38.3712537], [27.2846049, 38.3712369], [27.284798, 38.3711823], [27.2850286, 38.371157], [27.2852003, 38.3710182], [27.285372, 38.3708752], [27.2855865, 38.3707491], [27.2858494, 38.3706818], [27.286123, 38.3706944], [27.2863966, 38.3707406], [27.2868418, 38.3707995], [27.2879785, 38.3713186], [27.2883013, 38.3725692], [27.2885799, 38.3727972], [27.2887837, 38.3732599], [27.2885262, 38.37363], [27.2884297, 38.3737477], [27.2888374, 38.3738318], [27.2892558, 38.3740505], [27.2892987, 38.3742776], [27.2879791, 38.3746898], [27.2875499, 38.3749673], [27.2871744, 38.3752869], [27.2869598, 38.3757664], [27.286756, 38.3763215], [27.286638, 38.3768177], [27.2866916, 38.3773812], [27.286874, 38.3782812], [27.2871208, 38.3786597], [27.287743, 38.3788783], [27.2854909, 38.3797089], [27.2773445, 38.3814446], [27.2742321, 38.3811659], [27.2710338, 38.382228], [27.2686236, 38.381447], [27.2671213, 38.3805387], [27.2650785, 38.3808652], [27.2625094, 38.3800844], [27.2600124, 38.3804117], [27.2590005, 38.3808632], [27.2583675, 38.3808043], [27.2574279, 38.3803811], [27.2590422, 38.3788746], [27.2525361, 38.3757067], [27.2519891, 38.3751358], [27.2509885, 38.3747447], [27.2491672, 38.3733899], [27.2489087, 38.370852], [27.2487502, 38.3709775], [27.2472509, 38.3708019], [27.2457885, 38.3702129], [27.2464156, 38.3698406], [27.2466815, 38.3692932], [27.2472417, 38.3692855], [27.2475782, 38.3688439], [27.2474245, 38.3679297], [27.246043, 38.3678411], [27.2454717, 38.3683411], [27.2437656, 38.3681331], [27.2431111, 38.3677798], [27.2428536, 38.367805], [27.2417807, 38.3677125], [27.241652, 38.3674601], [27.2419417, 38.3671825], [27.2413248, 38.3669512], [27.2409761, 38.3665432], [27.2407615, 38.3666778], [27.240386, 38.3662908], [27.2395491, 38.3661731], [27.2397208, 38.3654748], [27.2402787, 38.3648944], [27.2409439, 38.3646421], [27.2403217, 38.364499], [27.2401607, 38.3640952], [27.2396826, 38.3641579], [27.2381759, 38.3637335], [27.2376339, 38.3639661], [27.2373419, 38.3642189], [27.2372103, 38.364743], [27.237339, 38.3654076], [27.2371888, 38.3658366], [27.2366467, 38.3664816], [27.2355688, 38.3676452], [27.2352294, 38.367907], [27.2349036, 38.3681583], [27.23382, 38.3684359], [27.232762, 38.3683204], [27.2324896, 38.3677713], [27.2320497, 38.3673087], [27.2310059, 38.3675083], [27.2305389, 38.3675466], [27.2300627, 38.3675607], [27.2304618, 38.3658114], [27.2312684, 38.3626598], [27.2314747, 38.3618582], [27.2315647, 38.3614654], [27.2327509, 38.3568147], [27.2331735, 38.3551345], [27.2333688, 38.3539084], [27.2334766, 38.3530659], [27.2335088, 38.3501716], [27.2335517, 38.3486655], [27.2335517, 38.3447949], [27.2336054, 38.3435159], [27.2337234, 38.3426407], [27.23382, 38.3420938], [27.2342276, 38.3405791], [27.2346032, 38.3389802], [27.2353593, 38.3359436], [27.2371993, 38.3349172], [27.2388485, 38.3326078], [27.2391839, 38.3310876], [27.240835, 38.329368], [27.2421593, 38.3317786], [27.2433875, 38.3325627], [27.2447204, 38.3347136], [27.2450745, 38.3345537], [27.2457338, 38.335132], [27.2469798, 38.3344501], [27.2472276, 38.3338954], [27.2484863, 38.333224], [27.2493017, 38.3337794], [27.2497685, 38.3340685], [27.2499132, 38.3341581], [27.2514689, 38.3350923], [27.2522092, 38.3355804], [27.2523701, 38.335673], [27.2527027, 38.335673], [27.2530353, 38.3356477], [27.253325, 38.3356814], [27.2536361, 38.3359423], [27.25384, 38.3362789], [27.2539365, 38.3366155], [27.2540009, 38.3370615], [27.2540438, 38.3375075], [27.2542477, 38.3378862], [27.2544622, 38.3382228], [27.2544408, 38.3386941], [27.2545373, 38.339443], [27.2548807, 38.3397292], [27.2554171, 38.3401078], [27.2558033, 38.340335], [27.2563398, 38.3403771], [27.2566831, 38.3403014], [27.2572625, 38.3401078], [27.2575414, 38.3400069], [27.2576594, 38.3399101]]]]}, "bbox": [27.2300627, 38.329368, 27.2892987, 38.382228]}, {"id": "159", "type": "Feature", "properties": {"mahalle_adi": "Doğancılar Mahallesi", "_gece_lst_str": "21.4°C"}, "geometry": {"type": "MultiPolygon", "coordinates": [[[[27.3209596, 38.287444], [27.3212002, 38.2891635], [27.3219894, 38.2891256], [27.3225214, 38.291466], [27.322843, 38.2923769], [27.3241649, 38.2937855], [27.3245752, 38.2939196], [27.3249361, 38.2937834], [27.3251809, 38.2944084], [27.3254399, 38.2948486], [27.3253691, 38.2950732], [27.3253584, 38.2952205], [27.3254389, 38.29533], [27.325632, 38.2954605], [27.3257017, 38.2955531], [27.3256856, 38.29573], [27.3256427, 38.2958899], [27.32575, 38.2960668], [27.3258036, 38.2962352], [27.325809, 38.2963657], [27.3257661, 38.2965425], [27.3256105, 38.2967909], [27.3255032, 38.2969593], [27.326442, 38.2976034], [27.3264956, 38.2977339], [27.3267156, 38.2979108], [27.3269945, 38.2981423], [27.3271823, 38.2982476], [27.3273632, 38.2988239], [27.3269716, 38.2991706], [27.3272617, 38.2997895], [27.327885, 38.2994516], [27.3281516, 38.2992507], [27.3284565, 38.2997981], [27.3282152, 38.2999418], [27.3282319, 38.3002873], [27.3279903, 38.3003834], [27.3284332, 38.3013356], [27.3285842, 38.3012755], [27.3290491, 38.3013881], [27.329402, 38.3015235], [27.3297325, 38.301034], [27.3299897, 38.301069], [27.3305232, 38.3019852], [27.3309639, 38.3024487], [27.3321314, 38.303089], [27.3318547, 38.3040529], [27.332375, 38.3040276], [27.3326915, 38.3040234], [27.3329276, 38.3040445], [27.3331261, 38.3041455], [27.3332816, 38.304276], [27.3339122, 38.305539], [27.334258, 38.3060356], [27.3345511, 38.3063476], [27.3345063, 38.306455], [27.3347036, 38.3066094], [27.3345905, 38.3068985], [27.3343458, 38.3077426], [27.3344976, 38.3078614], [27.334227, 38.3082316], [27.3343961, 38.3088151], [27.336148, 38.308238], [27.3368628, 38.309094], [27.3359711, 38.3092515], [27.3353982, 38.3096584], [27.3349304, 38.3098862], [27.3347964, 38.3103394], [27.3346817, 38.3104975], [27.3346817, 38.3110153], [27.3347729, 38.3112678], [27.3349392, 38.3115078], [27.3352414, 38.3117325], [27.3359682, 38.3118973], [27.3366229, 38.3128131], [27.3399364, 38.3130062], [27.3430827, 38.3130089], [27.3428659, 38.3151548], [27.343009, 38.3166322], [27.3439661, 38.3174994], [27.3486614, 38.3197489], [27.3496377, 38.3191008], [27.3515367, 38.31969], [27.3527706, 38.3199678], [27.3554313, 38.3206411], [27.355695, 38.3202517], [27.3585748, 38.317855], [27.3624265, 38.3140164], [27.3628895, 38.3128462], [27.3641324, 38.3107501], [27.3643743, 38.3094346], [27.3641539, 38.308637], [27.3638368, 38.3080739], [27.3631561, 38.3073069], [27.3617077, 38.3059682], [27.3603147, 38.3045183], [27.3594224, 38.3030973], [27.359095, 38.3026334], [27.3589933, 38.3016576], [27.3590791, 38.3011019], [27.3593366, 38.3002346], [27.35924, 38.2997126], [27.3593473, 38.2990643], [27.3592722, 38.2989464], [27.358886, 38.2988622], [27.3583174, 38.2988117], [27.3584032, 38.2985507], [27.3589396, 38.2985844], [27.3594546, 38.2988033], [27.3599803, 38.2989127], [27.3603773, 38.2990054], [27.361021, 38.2990896], [27.3614931, 38.2989801], [27.361815, 38.2991148], [27.3624372, 38.2987612], [27.3633063, 38.2988917], [27.3643148, 38.2991001], [27.3647171, 38.2990432], [27.3651141, 38.2990096], [27.3653716, 38.2991274], [27.3655486, 38.299018], [27.3658973, 38.2990559], [27.366069, 38.2988959], [27.3660368, 38.298778], [27.3657846, 38.2986096], [27.3659617, 38.2984917], [27.3664874, 38.2984117], [27.3666429, 38.2986054], [27.3667499, 38.298595], [27.366661, 38.2982713], [27.367124, 38.2981452], [27.3673564, 38.2980665], [27.3671257, 38.2977297], [27.3672599, 38.2976708], [27.3671043, 38.2973719], [27.3675013, 38.2970898], [27.3678124, 38.2973635], [27.3681557, 38.2971993], [27.3677426, 38.2966965], [27.3671472, 38.2964372], [27.3667502, 38.2961173], [27.3664015, 38.2964078], [27.3657095, 38.2962267], [27.3658705, 38.2959657], [27.365731, 38.2957889], [27.3655915, 38.2959489], [27.3654306, 38.2960584], [27.3652375, 38.2960794], [27.3650283, 38.2961173], [27.3647386, 38.2960415], [27.3642236, 38.2957047], [27.3640165, 38.295619], [27.3638374, 38.2955952], [27.3636281, 38.2955784], [27.3633653, 38.2956121], [27.3631775, 38.2955573], [27.36314, 38.2953974], [27.3631614, 38.29525], [27.3631453, 38.2951363], [27.3630273, 38.2950563], [27.3628986, 38.2950058], [27.3628127, 38.2946522], [27.3621124, 38.2935979], [27.3612785, 38.2941764], [27.3609166, 38.2939381], [27.3606187, 38.2942943], [27.3604578, 38.2940922], [27.3602593, 38.2940838], [27.3600984, 38.2939533], [27.3600125, 38.2937006], [27.359696, 38.2935786], [27.3596263, 38.2937638], [27.3594439, 38.2939406], [27.3592708, 38.2939606], [27.3590308, 38.2939827], [27.3586714, 38.2940543], [27.3582584, 38.2941385], [27.3578668, 38.2940396], [27.3576093, 38.2939154], [27.3572955, 38.2939259], [27.3571747, 38.2938059], [27.3571131, 38.2936733], [27.357164, 38.2935743], [27.3573625, 38.2935449], [27.35762, 38.2935743], [27.3578721, 38.2933301], [27.3575449, 38.2930649], [27.3574469, 38.2928387], [27.3575824, 38.2926818], [27.3575824, 38.2925386], [27.3578078, 38.2923281], [27.3577917, 38.2920797], [27.3578775, 38.2919281], [27.3578721, 38.2917892], [27.3577166, 38.2918102], [27.3574322, 38.2916755], [27.357046, 38.2918565], [27.3569602, 38.291806], [27.3568362, 38.2921246], [27.3570782, 38.292286], [27.3570138, 38.2923365], [27.3567831, 38.2925891], [27.3566437, 38.2926228], [27.3564452, 38.2925176], [27.356217, 38.2922575], [27.3558148, 38.2922353], [27.3560484, 38.2923871], [27.3563004, 38.2925512], [27.3561153, 38.2926797], [27.3560348, 38.2926228], [27.35589, 38.2925239], [27.3557532, 38.2925912], [27.3555974, 38.292609], [27.3553616, 38.2918271], [27.3537576, 38.2902229], [27.3530656, 38.2896208], [27.3531139, 38.2893977], [27.3529154, 38.2891071], [27.3533821, 38.2887408], [27.3533446, 38.2877935], [27.3534679, 38.2876798], [27.3539507, 38.2880082], [27.3541975, 38.2881598], [27.3544443, 38.2882271], [27.3547983, 38.2883619], [27.3552596, 38.2883871], [27.3555279, 38.2883282], [27.3559356, 38.2879829], [27.3555869, 38.2879913], [27.3552709, 38.2879292], [27.3549861, 38.2875829], [27.3546964, 38.287305], [27.3543804, 38.2872225], [27.3541117, 38.2872503], [27.3536289, 38.2873513], [27.3535323, 38.2870482], [27.3537363, 38.2868802], [27.3541546, 38.2866103], [27.3538864, 38.2864503], [27.3538569, 38.2862639], [27.3538139, 38.2861176], [27.3534894, 38.286105], [27.3532319, 38.2863408], [27.3528993, 38.2864797], [27.3523736, 38.2865261], [27.3519964, 38.2861731], [27.3513436, 38.2858945], [27.3506462, 38.2855239], [27.3503244, 38.2850439], [27.3488965, 38.2848681], [27.3475134, 38.2847828], [27.3462796, 38.2850355], [27.3454339, 38.2850205], [27.3439143, 38.2845678], [27.3433614, 38.2842439], [27.3427606, 38.2840754], [27.342149, 38.2837975], [27.3413028, 38.2832766], [27.3406792, 38.2835196], [27.3392126, 38.2839698], [27.3379433, 38.2845723], [27.3372567, 38.2849934], [27.3360029, 38.2847731], [27.3347193, 38.2848544], [27.3339468, 38.284926], [27.3330992, 38.2851492], [27.3321386, 38.2862045], [27.3315614, 38.2863514], [27.3295802, 38.2864461], [27.3288721, 38.2865934], [27.3279748, 38.2868378], [27.327413, 38.2871577], [27.3268282, 38.2874313], [27.3265225, 38.2874524], [27.3262757, 38.2875071], [27.3257156, 38.2875273], [27.3250902, 38.2875871], [27.3245645, 38.2876503], [27.323792, 38.2873766], [27.3232609, 38.2871492], [27.3232984, 38.2866145], [27.3232095, 38.2864411], [27.3229551, 38.286265], [27.3229766, 38.2861134], [27.3227387, 38.2859416], [27.3226144, 38.2857055], [27.3226445, 38.2853902], [27.3226064, 38.2851155], [27.3216877, 38.2849601], [27.3205358, 38.2847618], [27.3201549, 38.2848207], [27.3203158, 38.2849218], [27.3204968, 38.2850786], [27.3206645, 38.285406], [27.3209166, 38.2860081], [27.3210347, 38.2864587], [27.3211312, 38.2873471], [27.3209596, 38.287444]]]]}, "bbox": [27.3201549, 38.2832766, 27.3681557, 38.3206411]}, {"id": "202", "type": "Feature", "properties": {"mahalle_adi": "Küçükkaya Mahallesi", "_gece_lst_str": "21.4°C"}, "geometry": {"type": "MultiPolygon", "coordinates": [[[[26.8963242, 38.3200103], [26.8962167, 38.3211305], [26.8929172, 38.3221763], [26.8894232, 38.3217678], [26.8890766, 38.3209213], [26.8895457, 38.3207907], [26.889531, 38.3205046], [26.8891835, 38.320254], [26.8884722, 38.3203964], [26.8882598, 38.3208371], [26.8866413, 38.3206926], [26.8862787, 38.3203704], [26.8862795, 38.3199056], [26.8858107, 38.3197502], [26.885296, 38.3200239], [26.884995, 38.3190344], [26.8847066, 38.31963], [26.8840099, 38.3201299], [26.883193, 38.320129], [26.8824202, 38.3209506], [26.8811778, 38.3220816], [26.8796355, 38.3216271], [26.8789681, 38.3226871], [26.8781982, 38.321721], [26.8777294, 38.3216013], [26.8775182, 38.3212316], [26.8771101, 38.3210643], [26.8727216, 38.3218224], [26.8731438, 38.3225975], [26.8712657, 38.3238588], [26.8695547, 38.3246554], [26.8688748, 38.324166], [26.8679387, 38.3231519], [26.8676936, 38.3231715], [26.8675545, 38.323916], [26.8675268, 38.3240669], [26.8675858, 38.3242268], [26.8676219, 38.3242796], [26.8681889, 38.3245007], [26.868332, 38.3248286], [26.8690421, 38.325324], [26.8694262, 38.3263136], [26.8694634, 38.3266354], [26.8701585, 38.3271248], [26.8703775, 38.3273396], [26.8709281, 38.328234], [26.8714114, 38.3287113], [26.8715163, 38.3292954], [26.8724285, 38.33109], [26.8734711, 38.3318718], [26.8738178, 38.3326408], [26.8740067, 38.3327781], [26.8740365, 38.3330403], [26.8744142, 38.3333208], [26.8768374, 38.3364697], [26.8762691, 38.3369696], [26.8759133, 38.3371182], [26.8756026, 38.337392], [26.8763275, 38.3381913], [26.8765467, 38.3383464], [26.8764022, 38.3387813], [26.8768324, 38.3393836], [26.8771048, 38.3393898], [26.8772787, 38.3394735], [26.8773161, 38.3397297], [26.8774067, 38.339855], [26.8777772, 38.3399447], [26.8781552, 38.3401239], [26.8783367, 38.3401837], [26.8783139, 38.3402671], [26.8781017, 38.3404933], [26.8780099, 38.3410533], [26.8783361, 38.3411808], [26.878218, 38.3415847], [26.878218, 38.3417572], [26.87832, 38.3420307], [26.8783039, 38.3421779], [26.8782502, 38.3423841], [26.878261, 38.3425398], [26.878379, 38.3426281], [26.8787545, 38.3427501], [26.8786633, 38.3431961], [26.8792266, 38.3442648], [26.8795583, 38.3472189], [26.8807086, 38.3471545], [26.880709, 38.3468685], [26.8826616, 38.346638], [26.8830105, 38.346114], [26.883669, 38.3460074], [26.8837971, 38.3463293], [26.8837739, 38.3466808], [26.8839397, 38.3470922], [26.8845293, 38.3474682], [26.8845517, 38.3476231], [26.8843472, 38.3477659], [26.884498, 38.3481057], [26.8836957, 38.3482599], [26.883385, 38.3485218], [26.8832998, 38.3497254], [26.8833373, 38.3499638], [26.8838963, 38.35059], [26.8849404, 38.3506506], [26.8854473, 38.3507048], [26.8871476, 38.352214], [26.8883733, 38.3523344], [26.8935853, 38.3526767], [26.8944245, 38.3532078], [26.8955866, 38.352995], [26.8962763, 38.3522836], [26.8970705, 38.3525525], [26.898184, 38.3517311], [26.8977081, 38.3511229], [26.8979126, 38.3509979], [26.8965069, 38.3497632], [26.8962345, 38.3497808], [26.895757, 38.3502988], [26.8950315, 38.3496367], [26.8961218, 38.3491729], [26.8965312, 38.3486548], [26.8980518, 38.3488886], [26.8975973, 38.3492457], [26.8982548, 38.3497826], [26.8984812, 38.3502297], [26.8992525, 38.3506415], [26.9010688, 38.3505001], [26.9031359, 38.3495364], [26.9044998, 38.348161], [26.9046823, 38.3474283], [26.9043887, 38.3463018], [26.9038441, 38.3461762], [26.9030499, 38.3465199], [26.9030725, 38.3460325], [26.9036643, 38.3448174], [26.9043589, 38.3446266], [26.9046163, 38.3444667], [26.904906, 38.3439366], [26.9049489, 38.3434401], [26.9050991, 38.3430362], [26.9053674, 38.3428006], [26.9054961, 38.3425482], [26.9056785, 38.3422368], [26.9060755, 38.3417319], [26.9065905, 38.3413112], [26.9071805, 38.3409578], [26.9077277, 38.3406548], [26.9080281, 38.340335], [26.9090688, 38.3396787], [26.908592, 38.3396824], [26.9084573, 38.3393505], [26.9083393, 38.3390307], [26.9082963, 38.3387278], [26.9082212, 38.3384669], [26.908071, 38.3382481], [26.9079745, 38.3381555], [26.9078672, 38.3379872], [26.907717, 38.3377516], [26.9075346, 38.3374486], [26.9072664, 38.3370784], [26.9070732, 38.3368006], [26.9068694, 38.3366155], [26.9068158, 38.3364977], [26.9065231, 38.3364272], [26.9056462, 38.3358663], [26.9051483, 38.3347814], [26.904729, 38.3334975], [26.9046271, 38.3335017], [26.9044447, 38.3333418], [26.9043481, 38.3332324], [26.9042194, 38.3330935], [26.9040799, 38.3329126], [26.9039297, 38.3327611], [26.9038331, 38.3326685], [26.9036508, 38.3326054], [26.9035166, 38.3325297], [26.903463, 38.3323866], [26.9032323, 38.3318522], [26.9032162, 38.3317091], [26.9030446, 38.3315955], [26.9029427, 38.3314314], [26.9029587, 38.3310526], [26.9029963, 38.3309264], [26.9029695, 38.3308086], [26.9028354, 38.330716], [26.9026744, 38.3305435], [26.9024912, 38.3303338], [26.9020736, 38.3304551], [26.9009685, 38.3303836], [26.9007057, 38.3304634], [26.9004645, 38.3298435], [26.9001648, 38.3276742], [26.900062, 38.3277703], [26.8999171, 38.3274673], [26.8998152, 38.3273284], [26.8996489, 38.326996], [26.8994397, 38.3267182], [26.8992573, 38.3265878], [26.8990534, 38.3264194], [26.8989032, 38.3262848], [26.8987745, 38.3261459], [26.8985867, 38.3259355], [26.8984365, 38.3257166], [26.898458, 38.3255441], [26.8985599, 38.3254641], [26.8987423, 38.3253337], [26.8989193, 38.3251737], [26.8989837, 38.3250054], [26.8989193, 38.3247319], [26.8988281, 38.3244036], [26.8986779, 38.3239617], [26.8986994, 38.3237429], [26.8989086, 38.3234861], [26.898796, 38.3233978], [26.8987369, 38.3233052], [26.8986994, 38.3231831], [26.8986779, 38.3230106], [26.8986672, 38.3228675], [26.8987691, 38.3226402], [26.8988228, 38.3223709], [26.8989515, 38.321929], [26.8988067, 38.3218743], [26.8986672, 38.3218322], [26.898635, 38.3215965], [26.8985438, 38.3213903], [26.8979591, 38.3210536], [26.8975031, 38.3208726], [26.8963242, 38.3200103]]]]}, "bbox": [26.8675268, 38.3190344, 26.9090688, 38.3532078]}, {"id": "203", "type": "Feature", "properties": {"mahalle_adi": "Mustafa Kemal Paşa Mahallesi", "_gece_lst_str": "21.9°C"}, "geometry": {"type": "MultiPolygon", "coordinates": [[[[26.8676936, 38.3231715], [26.8648124, 38.323402], [26.8627484, 38.3235917], [26.8627685, 38.3239785], [26.86279, 38.3245046], [26.8628061, 38.3250433], [26.8628275, 38.3255272], [26.862967, 38.3278292], [26.8630046, 38.3285362], [26.8631172, 38.3309348], [26.8631172, 38.3311621], [26.8634208, 38.3315658], [26.8636805, 38.3319111], [26.8640399, 38.3324708], [26.8643618, 38.3329673], [26.8644476, 38.3331398], [26.8645066, 38.3333755], [26.8645334, 38.3336279], [26.8646032, 38.3339646], [26.8647051, 38.3343896], [26.8647855, 38.3346168], [26.8647695, 38.3347851], [26.8647855, 38.3349787], [26.8648124, 38.335147], [26.8649089, 38.3353279], [26.8651235, 38.3356982], [26.8654668, 38.3362747], [26.8656868, 38.3365692], [26.8658584, 38.3367628], [26.8662178, 38.3371415], [26.8665183, 38.3374697], [26.866706, 38.3375791], [26.8669903, 38.3376506], [26.8672317, 38.3378105], [26.8678808, 38.3382102], [26.8691415, 38.3391443], [26.8689295, 38.33934], [26.869008, 38.3401099], [26.8688303, 38.3401499], [26.8687767, 38.3415089], [26.8692434, 38.3414037], [26.8694901, 38.3423925], [26.8695599, 38.3427123], [26.8696189, 38.3429689], [26.8696779, 38.3431793], [26.8696564, 38.3434107], [26.8696949, 38.3436555], [26.8697047, 38.3437178], [26.8697173, 38.3438694], [26.869753, 38.3440965], [26.8697425, 38.3444802], [26.8697369, 38.3445172], [26.8697027, 38.3445988], [26.8696772, 38.3446747], [26.8696304, 38.3450042], [26.8696082, 38.3451609], [26.8695867, 38.3455522], [26.8694526, 38.3457205], [26.8691897, 38.3459477], [26.8690288, 38.3460865], [26.8686372, 38.3465787], [26.8682456, 38.3471551], [26.8678808, 38.3475632], [26.8676287, 38.3477736], [26.8674034, 38.3479923], [26.8672478, 38.348148], [26.8671785, 38.3483229], [26.8671244, 38.3484593], [26.8670279, 38.3486781], [26.8669035, 38.3488362], [26.8665612, 38.3491535], [26.8673605, 38.3509709], [26.8685514, 38.3534824], [26.8687499, 38.3533688], [26.8709546, 38.3531164], [26.8714964, 38.3528135], [26.871829, 38.3525863], [26.8721241, 38.3523297], [26.872403, 38.3520983], [26.8727678, 38.3518333], [26.8733901, 38.3516103], [26.8744791, 38.3511728], [26.8749779, 38.3509583], [26.8752837, 38.3508279], [26.8754607, 38.3507143], [26.8757933, 38.3503399], [26.8761688, 38.3499402], [26.8763351, 38.3497551], [26.8764639, 38.3496752], [26.8769413, 38.3496289], [26.8774348, 38.3495994], [26.877628, 38.3496163], [26.8786476, 38.3488387], [26.8801015, 38.3482384], [26.8795583, 38.3472189], [26.8792266, 38.3442648], [26.8786633, 38.3431961], [26.8787545, 38.3427501], [26.878379, 38.3426281], [26.878261, 38.3425398], [26.8782502, 38.3423841], [26.8783039, 38.3421779], [26.87832, 38.3420307], [26.878218, 38.3417572], [26.878218, 38.3415847], [26.8783361, 38.3411808], [26.8780099, 38.3410533], [26.8781017, 38.3404933], [26.8783139, 38.3402671], [26.8783367, 38.3401837], [26.8781552, 38.3401239], [26.8777772, 38.3399447], [26.8774067, 38.339855], [26.8773161, 38.3397297], [26.8772787, 38.3394735], [26.8771048, 38.3393898], [26.8768324, 38.3393836], [26.8764022, 38.3387813], [26.8765467, 38.3383464], [26.8763275, 38.3381913], [26.8756026, 38.337392], [26.8759133, 38.3371182], [26.8762691, 38.3369696], [26.8768374, 38.3364697], [26.8744142, 38.3333208], [26.8740365, 38.3330403], [26.8740067, 38.3327781], [26.8738178, 38.3326408], [26.8734711, 38.3318718], [26.8724285, 38.33109], [26.8715163, 38.3292954], [26.8714114, 38.3287113], [26.8709281, 38.328234], [26.8703775, 38.3273396], [26.8701585, 38.3271248], [26.8694634, 38.3266354], [26.8694262, 38.3263136], [26.8690421, 38.325324], [26.868332, 38.3248286], [26.8681889, 38.3245007], [26.8676219, 38.3242796], [26.8675858, 38.3242268], [26.8675268, 38.3240669], [26.8675545, 38.323916], [26.8676936, 38.3231715]]]]}, "bbox": [26.8627484, 38.3231715, 26.8801015, 38.3534824]}, {"id": "205", "type": "Feature", "properties": {"mahalle_adi": "Çamlı Mahallesi", "_gece_lst_str": "21.4°C"}, "geometry": {"type": "MultiPolygon", "coordinates": [[[[26.8159103, 38.3312462], [26.8160283, 38.3305477], [26.8151969, 38.3306865], [26.8144673, 38.3307707], [26.8143788, 38.330554], [26.8142313, 38.330575], [26.8141803, 38.3303478], [26.8145049, 38.3301016], [26.8148053, 38.3299543], [26.8148804, 38.3298954], [26.8148911, 38.3297944], [26.8148214, 38.3296429], [26.8146765, 38.3295924], [26.8143707, 38.3296008], [26.8141079, 38.3294494], [26.8138611, 38.3292852], [26.8153953, 38.3289991], [26.815154, 38.3281196], [26.8147141, 38.3280606], [26.8145907, 38.3279512], [26.8144351, 38.3273957], [26.814419, 38.3271937], [26.8144512, 38.3270128], [26.8145478, 38.3268276], [26.8146443, 38.3267266], [26.8147623, 38.3266467], [26.8149769, 38.3264699], [26.8149072, 38.3263984], [26.8147141, 38.3263479], [26.8144137, 38.3263058], [26.814757, 38.3259902], [26.8147731, 38.3258513], [26.8147838, 38.3256198], [26.8148535, 38.3254515], [26.8148696, 38.3253547], [26.8146309, 38.3252011], [26.8145129, 38.3250917], [26.8144056, 38.3250012], [26.8143278, 38.3249212], [26.8143761, 38.3248728], [26.8145183, 38.3248497], [26.8146792, 38.3248392], [26.8147625, 38.3248143], [26.8148375, 38.3247234], [26.8148428, 38.3246056], [26.8148321, 38.3244625], [26.814875, 38.3243447], [26.8148535, 38.3241216], [26.8148106, 38.3239365], [26.8146765, 38.3238102], [26.8144941, 38.323726], [26.814301, 38.3236377], [26.8141347, 38.3234946], [26.8140167, 38.3233389], [26.8141937, 38.3230653], [26.8143064, 38.3228801], [26.8143761, 38.3226781], [26.8144941, 38.3225308], [26.814934, 38.3225014], [26.8150064, 38.3224151], [26.8150252, 38.3223162], [26.8148482, 38.3221268], [26.8148106, 38.3219374], [26.8148804, 38.321626], [26.8150145, 38.3215208], [26.8147731, 38.3212304], [26.8146862, 38.3210236], [26.8147248, 38.3205401], [26.814875, 38.3202624], [26.8149984, 38.3201277], [26.8151969, 38.3200814], [26.8153953, 38.3200814], [26.8155455, 38.3200477], [26.8155134, 38.3199635], [26.8153202, 38.3197657], [26.8150896, 38.3195932], [26.8149876, 38.3194417], [26.8148589, 38.3191891], [26.8150091, 38.3188861], [26.8147194, 38.3187556], [26.81458, 38.3185789], [26.8147248, 38.3184863], [26.8146497, 38.3183011], [26.8147677, 38.3181748], [26.8149233, 38.318078], [26.8149393, 38.3179307], [26.8148643, 38.3176529], [26.8147945, 38.3173751], [26.8144727, 38.3171016], [26.8143654, 38.3169458], [26.8144888, 38.3168406], [26.8145746, 38.3167564], [26.8142474, 38.3165418], [26.8141991, 38.316445], [26.8141937, 38.316264], [26.8137753, 38.3158431], [26.8140113, 38.3154138], [26.8138718, 38.3152623], [26.8136144, 38.3152033], [26.8134105, 38.3152959], [26.8131584, 38.3153086], [26.8130672, 38.3151318], [26.8131155, 38.3149508], [26.8129492, 38.3147488], [26.8127775, 38.3144205], [26.8125898, 38.3139827], [26.8122518, 38.3137849], [26.8122625, 38.3135408], [26.8120908, 38.3133177], [26.8117368, 38.3132167], [26.8114901, 38.3130062], [26.8113935, 38.3126569], [26.8111628, 38.3125558], [26.8106425, 38.3123075], [26.8102777, 38.311895], [26.8100628, 38.3114704], [26.8098378, 38.3110363], [26.8099236, 38.3108427], [26.8100631, 38.3106659], [26.81046, 38.3100177], [26.8104279, 38.30926], [26.8106854, 38.3090832], [26.8103528, 38.3089822], [26.8102884, 38.3083676], [26.8104923, 38.3082498], [26.8103957, 38.3077783], [26.8108463, 38.3078541], [26.8113398, 38.3075763], [26.8110903, 38.3070245], [26.8106317, 38.3069533], [26.8107605, 38.3064397], [26.8105781, 38.3062124], [26.8105781, 38.305884], [26.8104923, 38.3056483], [26.8105137, 38.3052021], [26.8106746, 38.3048064], [26.8111635, 38.3047385], [26.8130993, 38.3044697], [26.8131531, 38.3044403], [26.8135929, 38.3042002], [26.8141723, 38.3041076], [26.8150696, 38.3042175], [26.8144359, 38.303486], [26.8141508, 38.3031226], [26.8135928, 38.3027269], [26.8214727, 38.2981206], [26.828093, 38.2942503], [26.828381, 38.2940248], [26.8285586, 38.2938858], [26.8290639, 38.2934901], [26.8301368, 38.2932375], [26.8303587, 38.2932736], [26.830759, 38.2933386], [26.8309521, 38.293608], [26.8313384, 38.2936586], [26.8314671, 38.2933217], [26.831789, 38.2934565], [26.8318534, 38.2941301], [26.8314886, 38.2946185], [26.8317246, 38.2948206], [26.8324864, 38.2948879], [26.8331688, 38.2947006], [26.833409, 38.2943617], [26.8344444, 38.2944459], [26.8346321, 38.2943802], [26.8349379, 38.2942733], [26.8348883, 38.2945723], [26.8347867, 38.2951843], [26.8347555, 38.2953721], [26.8344927, 38.2964667], [26.8346965, 38.2963488], [26.8349057, 38.2959952], [26.8349755, 38.2958689], [26.8350881, 38.2957889], [26.8352008, 38.2957594], [26.8354583, 38.2957552], [26.8357372, 38.2956963], [26.8359018, 38.2955883], [26.8360323, 38.2955026], [26.8362951, 38.29509], [26.8365095, 38.2946944], [26.8369174, 38.2946016], [26.8375289, 38.2944585], [26.838054, 38.2941322], [26.8382692, 38.293848], [26.8385106, 38.2938901], [26.8388271, 38.293907], [26.83909, 38.2939701], [26.8395742, 38.2936139], [26.8403935, 38.293507], [26.8411875, 38.2929849], [26.8415201, 38.2928165], [26.8416917, 38.2926228], [26.8418848, 38.2924039], [26.8421852, 38.2919913], [26.8425178, 38.2918061], [26.8433547, 38.2918566], [26.8438697, 38.2918397], [26.8440199, 38.2906861], [26.8439555, 38.2904166], [26.8439019, 38.2901808], [26.8437838, 38.2899871], [26.8436873, 38.2894061], [26.8441272, 38.288564], [26.8439984, 38.2882019], [26.8439877, 38.2879492], [26.8442774, 38.2873682], [26.8442452, 38.2869471], [26.8449639, 38.2856082], [26.8454468, 38.2866524], [26.8460691, 38.2868882], [26.8466699, 38.2874692], [26.8470454, 38.288084], [26.8471098, 38.2885893], [26.847496, 38.2888924], [26.84726, 38.2892293], [26.8478393, 38.2897682], [26.8481183, 38.2903492], [26.8482256, 38.2906608], [26.848129, 38.2909892], [26.8480539, 38.2911239], [26.8480861, 38.2913429], [26.8480968, 38.2915702], [26.8479681, 38.2916966], [26.8481827, 38.2919408], [26.8486225, 38.2921344], [26.8489659, 38.2924965], [26.849395, 38.2927997], [26.8497062, 38.2928502], [26.8500173, 38.2928249], [26.850146, 38.2931617], [26.8503928, 38.2933386], [26.8520236, 38.2935912], [26.8527615, 38.2937744], [26.8533325, 38.2941638], [26.8542337, 38.2950732], [26.8559718, 38.2960331], [26.8562937, 38.2966225], [26.8572163, 38.2968583], [26.8581445, 38.2973155], [26.8590402, 38.2978855], [26.8599415, 38.2985928], [26.8598556, 38.2989464], [26.8596625, 38.2993085], [26.8597483, 38.2995358], [26.8599415, 38.2996116], [26.8601024, 38.2995779], [26.8602848, 38.2995105], [26.8604779, 38.2992916], [26.8607032, 38.2991317], [26.8610143, 38.2990811], [26.8612504, 38.2993927], [26.8613899, 38.2996368], [26.8620014, 38.2998305], [26.8622374, 38.3000747], [26.8626373, 38.30029], [26.8629134, 38.3003188], [26.8649518, 38.3018849], [26.8661642, 38.3034677], [26.8664753, 38.3037372], [26.867044, 38.3036614], [26.8678218, 38.3032939], [26.8716788, 38.3035856], [26.8733954, 38.3031731], [26.8752985, 38.3035205], [26.8757236, 38.3036993], [26.876657, 38.304196], [26.8770432, 38.3043097], [26.8775503, 38.3005394], [26.8804765, 38.2999063], [26.8829977, 38.2995021], [26.8847573, 38.2991948], [26.8853366, 38.2985675], [26.8856692, 38.2980708], [26.8860554, 38.2977255], [26.887536, 38.296833], [26.8883514, 38.297776], [26.8889278, 38.2988459], [26.8892069, 38.2994472], [26.8901324, 38.300302], [26.8908512, 38.3005293], [26.8912094, 38.3008183], [26.8912911, 38.3014471], [26.8912482, 38.3025079], [26.8907869, 38.3028447], [26.8904965, 38.3029164], [26.8897676, 38.3031057], [26.8893385, 38.3032573], [26.8890595, 38.3035604], [26.8890166, 38.3040992], [26.8892312, 38.3043939], [26.8892634, 38.3047727], [26.8891883, 38.3051095], [26.8895101, 38.3055389], [26.8899608, 38.3061787], [26.8909585, 38.3064313], [26.8915915, 38.3063471], [26.8920743, 38.3066923], [26.8927932, 38.3068522], [26.8935442, 38.3068354], [26.8944715, 38.3067029], [26.8954646, 38.3055894], [26.8959153, 38.3050842], [26.8962545, 38.3043483], [26.8964839, 38.3038213], [26.8968242, 38.3023011], [26.8971063, 38.3020272], [26.897707, 38.3019943], [26.898222, 38.3019186], [26.8987048, 38.3018512], [26.8992305, 38.3017586], [26.8995201, 38.3017081], [26.9000351, 38.3016997], [26.9005785, 38.30188], [26.9043471, 38.3011699], [26.9061508, 38.3015577], [26.9061042, 38.3024753], [26.9068413, 38.3055865], [26.9067488, 38.3070166], [26.9025372, 38.3120425], [26.9016861, 38.3150451], [26.9007192, 38.3141743], [26.9002956, 38.3141978], [26.8993399, 38.3161515], [26.8962796, 38.3194263], [26.8963242, 38.3200103], [26.8962167, 38.3211305], [26.8929172, 38.3221763], [26.8894232, 38.3217678], [26.8890766, 38.3209213], [26.8895457, 38.3207907], [26.889531, 38.3205046], [26.8891835, 38.320254], [26.8884722, 38.3203964], [26.8882598, 38.3208371], [26.8866413, 38.3206926], [26.8862787, 38.3203704], [26.8862795, 38.3199056], [26.8858107, 38.3197502], [26.885296, 38.3200239], [26.884995, 38.3190344], [26.8847066, 38.31963], [26.8840099, 38.3201299], [26.883193, 38.320129], [26.8824202, 38.3209506], [26.8811778, 38.3220816], [26.8796355, 38.3216271], [26.8789681, 38.3226871], [26.8781982, 38.321721], [26.8777294, 38.3216013], [26.8775182, 38.3212316], [26.8771101, 38.3210643], [26.8727216, 38.3218224], [26.8731438, 38.3225975], [26.8712657, 38.3238588], [26.8695547, 38.3246554], [26.8688748, 38.324166], [26.8679387, 38.3231519], [26.8676936, 38.3231715], [26.8648124, 38.323402], [26.8627484, 38.3235917], [26.8622482, 38.3236377], [26.8612933, 38.3236545], [26.8600166, 38.3237723], [26.8579677, 38.3238196], [26.8574417, 38.3247487], [26.8566906, 38.3245467], [26.8567765, 38.3241932], [26.8562829, 38.3240417], [26.8562078, 38.3235619], [26.8560362, 38.3234609], [26.8552959, 38.3232589], [26.8547165, 38.3231831], [26.8541586, 38.3229643], [26.8531608, 38.3228885], [26.8523846, 38.3226424], [26.8499318, 38.3236261], [26.849361, 38.3231105], [26.8474837, 38.3223143], [26.8470198, 38.3228071], [26.8457399, 38.3228054], [26.8439683, 38.3235325], [26.8387928, 38.3242334], [26.8362334, 38.3240797], [26.8357422, 38.3245509], [26.8342715, 38.3245918], [26.833236, 38.3249121], [26.8302676, 38.3249507], [26.8284165, 38.3246692], [26.8274089, 38.3247106], [26.8279252, 38.3251618], [26.8275631, 38.3285937], [26.8270716, 38.3291078], [26.827799, 38.3324554], [26.8279889, 38.3327775], [26.829972, 38.3349256], [26.8300504, 38.336363], [26.829931, 38.3408249], [26.8300659, 38.3413828], [26.8308341, 38.3425818], [26.8305445, 38.343011], [26.829493, 38.3418582], [26.8258068, 38.335855], [26.8258282, 38.3352936], [26.8221399, 38.3310457], [26.8213177, 38.3300764], [26.820969, 38.3303983], [26.8207061, 38.3304341], [26.8205267, 38.3303959], [26.8203896, 38.3302657], [26.820159, 38.330291], [26.8197834, 38.3303289], [26.8196922, 38.3300343], [26.8193972, 38.3302657], [26.8192255, 38.3305014], [26.8187964, 38.3305477], [26.8185657, 38.3306697], [26.8183136, 38.3309432], [26.8178093, 38.3311116], [26.8172085, 38.3312546], [26.8164468, 38.3312378], [26.8161678, 38.3312126], [26.8159103, 38.3312462]]]]}, "bbox": [26.8098378, 38.2856082, 26.9068413, 38.343011]}, {"id": "206", "type": "Feature", "properties": {"mahalle_adi": "Atatürk Mahallesi", "_gece_lst_str": "21.6°C"}, "geometry": {"type": "MultiPolygon", "coordinates": [[[[26.8033791, 38.3522919], [26.803261, 38.3527083], [26.8030143, 38.3531164], [26.8028533, 38.3534361], [26.8027353, 38.3539746], [26.8027085, 38.3542732], [26.8026227, 38.354513], [26.8025315, 38.3547276], [26.8024725, 38.3549842], [26.8025089, 38.3551794], [26.8017383, 38.3552232], [26.8002369, 38.3554594], [26.7967976, 38.3562091], [26.7948509, 38.3566922], [26.7931207, 38.3571934], [26.7912938, 38.3577729], [26.7900422, 38.3581699], [26.7888504, 38.3586569], [26.7881908, 38.3589265], [26.7879556, 38.3590226], [26.7868438, 38.3594179], [26.7861127, 38.3596906], [26.7857329, 38.3598233], [26.7855959, 38.3598932], [26.7856028, 38.3600524], [26.7852168, 38.360344], [26.7849933, 38.3604634], [26.7841609, 38.3609079], [26.7840503, 38.360967], [26.7832918, 38.3614477], [26.7831671, 38.3615862], [26.7829749, 38.3616432], [26.7821489, 38.3621891], [26.7806994, 38.3632906], [26.7804462, 38.3635645], [26.7801085, 38.3638181], [26.7799796, 38.3640909], [26.7798868, 38.3641593], [26.7830935, 38.3671692], [26.7831141, 38.3671564], [26.7836604, 38.3675043], [26.7837148, 38.3674713], [26.7837394, 38.3674897], [26.783701, 38.3675211], [26.7839231, 38.3677496], [26.7845034, 38.3681145], [26.7848302, 38.368279], [26.7855409, 38.3689951], [26.7870938, 38.3706765], [26.7875679, 38.3711253], [26.7878411, 38.3718046], [26.7880688, 38.3728224], [26.7882924, 38.37318], [26.7884087, 38.3738322], [26.7885608, 38.3741618], [26.7892674, 38.3746106], [26.7897952, 38.3747509], [26.790475, 38.3748841], [26.7910654, 38.3750735], [26.7915305, 38.3751015], [26.7919241, 38.3752488], [26.7918525, 38.3755152], [26.7915484, 38.3756415], [26.7910207, 38.3760762], [26.7902872, 38.3764759], [26.7900457, 38.3767564], [26.7895626, 38.377065], [26.7894642, 38.3775138], [26.7892943, 38.3777101], [26.7888918, 38.3778013], [26.7884177, 38.3778644], [26.7879257, 38.3777241], [26.7877557, 38.3778293], [26.7872459, 38.3777171], [26.7867271, 38.3772964], [26.7863872, 38.3771702], [26.7857252, 38.3768266], [26.7857252, 38.3764269], [26.7853048, 38.3757116], [26.7850007, 38.3750945], [26.7847771, 38.3749472], [26.7848576, 38.3746807], [26.7851438, 38.3749823], [26.785439, 38.374835], [26.7857342, 38.3745124], [26.7857897, 38.3743631], [26.7858504, 38.3742546], [26.7858652, 38.3741123], [26.7858605, 38.3740912], [26.7858913, 38.374021], [26.7859204, 38.3740136], [26.785955, 38.3739494], [26.7860162, 38.3738453], [26.785931, 38.3736569], [26.7856604, 38.3731584], [26.7839448, 38.3716589], [26.7832206, 38.3710972], [26.7830734, 38.3709537], [26.7831235, 38.3699753], [26.7829255, 38.3695474], [26.7833306, 38.3680686], [26.7831778, 38.3678833], [26.7832575, 38.3678125], [26.7830583, 38.3675604], [26.7829786, 38.3673855], [26.78296, 38.3672522], [26.7830187, 38.3672157], [26.7798157, 38.3642118], [26.7797913, 38.3642298], [26.77927, 38.3637071], [26.7789931, 38.3634294], [26.7791372, 38.3633508], [26.7782628, 38.362295], [26.7777801, 38.3616641], [26.7773938, 38.3612897], [26.7767984, 38.3605872], [26.7767447, 38.360133], [26.7767662, 38.3590729], [26.7768037, 38.3585556], [26.7767662, 38.3582611], [26.7766428, 38.3578783], [26.7766052, 38.3574408], [26.776616, 38.3572599], [26.7764443, 38.3569529], [26.7761761, 38.3565995], [26.7759508, 38.3560695], [26.7761654, 38.3558802], [26.7762673, 38.3558087], [26.7763156, 38.355123], [26.7764014, 38.3545046], [26.7764121, 38.3528135], [26.7764229, 38.3520815], [26.7763585, 38.3519848], [26.7761278, 38.3519343], [26.7758006, 38.3516987], [26.7756236, 38.3515178], [26.7755967, 38.3513495], [26.7756718, 38.3509919], [26.7759079, 38.3501379], [26.776337, 38.3492082], [26.776498, 38.3488253], [26.7766589, 38.3485897], [26.7766696, 38.3482153], [26.7767179, 38.3477736], [26.776793, 38.3473192], [26.7768681, 38.3468438], [26.7768466, 38.3465619], [26.7767662, 38.3462085], [26.7767769, 38.3458341], [26.7767984, 38.3455564], [26.7767018, 38.3448832], [26.7765516, 38.3444246], [26.7760903, 38.3434906], [26.775704, 38.3427459], [26.775527, 38.3422747], [26.7754894, 38.3419718], [26.7754787, 38.3405118], [26.7755055, 38.3386688], [26.7781287, 38.3399353], [26.7798132, 38.3407558], [26.7821741, 38.3419195], [26.7844427, 38.3430278], [26.7899251, 38.3456952], [26.7916632, 38.3465619], [26.7929828, 38.3472098], [26.7943293, 38.3478661], [26.796931, 38.3491451], [26.7990285, 38.3501758], [26.8017214, 38.3514841], [26.8033791, 38.3522919]]]]}, "bbox": [26.7754787, 38.3386688, 26.8033791, 38.3778644]}, {"id": "207", "type": "Feature", "properties": {"mahalle_adi": "Ildır Mahallesi", "_gece_lst_str": "21.4°C"}, "geometry": {"type": "MultiPolygon", "coordinates": [[[[26.4598723, 38.404537], [26.4599777, 38.4045128], [26.4600832, 38.4045159], [26.460161, 38.404544], [26.460212, 38.4045764], [26.4602463, 38.4046353], [26.4602523, 38.4047052], [26.4602253, 38.4047619], [26.4601678, 38.4047754], [26.4601471, 38.4047812], [26.4601034, 38.4047648], [26.4600974, 38.4047847], [26.4601244, 38.4048355], [26.4599977, 38.4048179], [26.4599852, 38.4048381], [26.4599495, 38.4048397], [26.4599393, 38.4048203], [26.4599026, 38.4048286], [26.4598716, 38.4048065], [26.4598486, 38.4047538], [26.4598061, 38.4047317], [26.4597955, 38.4046653], [26.4598487, 38.4046352], [26.4597709, 38.4045691], [26.4598039, 38.4045115], [26.4598723, 38.404537]]], [[[26.5512171, 38.4147257], [26.5493754, 38.4200458], [26.5493202, 38.4202676], [26.5490949, 38.4204819], [26.5488589, 38.4206836], [26.5485424, 38.4209106], [26.5483171, 38.4210325], [26.5480113, 38.4211165], [26.5478826, 38.4212678], [26.5476733, 38.4216839], [26.5474051, 38.4221883], [26.5471798, 38.4224572], [26.5469545, 38.4225455], [26.5467238, 38.4225329], [26.5464717, 38.4224236], [26.5461284, 38.4225917], [26.545946, 38.4226253], [26.5457904, 38.4227472], [26.5457207, 38.4228943], [26.545651, 38.4231002], [26.5456188, 38.4232684], [26.5454525, 38.4233776], [26.545313, 38.4234491], [26.5451467, 38.4235625], [26.544975, 38.4237559], [26.5449482, 38.4239534], [26.5450501, 38.4240837], [26.5450126, 38.424567], [26.5449589, 38.4247729], [26.5448838, 38.4249788], [26.5448892, 38.4251259], [26.5449321, 38.4253024], [26.5448946, 38.4255042], [26.5447015, 38.4257773], [26.5446156, 38.4260253], [26.5446371, 38.42629], [26.5446532, 38.4265002], [26.5447175, 38.4267229], [26.5447068, 38.426849], [26.5446049, 38.4269835], [26.5444279, 38.4273533], [26.543988, 38.4276054], [26.5435696, 38.4279248], [26.5430224, 38.4282106], [26.5425718, 38.428572], [26.5424645, 38.428925], [26.5425074, 38.4291435], [26.5425181, 38.4294545], [26.5422392, 38.4298495], [26.5419173, 38.4302277], [26.5415633, 38.4305219], [26.541456, 38.4309085], [26.5414667, 38.4312026], [26.5416062, 38.4316481], [26.5416276, 38.4320011], [26.5414667, 38.43227], [26.5411341, 38.4326818], [26.5411878, 38.4329591], [26.5413058, 38.4330264], [26.5417778, 38.4333878], [26.542051, 38.4356557], [26.541059, 38.436346], [26.5406835, 38.4363292], [26.5402436, 38.4362367], [26.5394497, 38.4358754], [26.5390634, 38.4357409], [26.5386343, 38.4355728], [26.5382266, 38.4353879], [26.5377974, 38.4351526], [26.5369284, 38.4349089], [26.5363812, 38.4347913], [26.5358662, 38.4346232], [26.5352332, 38.4344131], [26.5344715, 38.4340769], [26.5336668, 38.433766], [26.5333021, 38.4335979], [26.5327549, 38.434203], [26.5323686, 38.4336651], [26.5313601, 38.433934], [26.531167, 38.433497], [26.5309632, 38.433766], [26.5308237, 38.4341105], [26.5307915, 38.4343038], [26.530695, 38.4344719], [26.5305447, 38.4345139], [26.5304053, 38.4344215], [26.530298, 38.4342366], [26.5297508, 38.4335559], [26.5294075, 38.4332197], [26.5289998, 38.4330516], [26.5285921, 38.4330264], [26.5281093, 38.4330264], [26.5276587, 38.4330852], [26.5271974, 38.4331861], [26.526854, 38.4332281], [26.5265536, 38.4332281], [26.5249336, 38.4331104], [26.5250087, 38.4328415], [26.5238607, 38.4325641], [26.5223801, 38.432228], [26.5188396, 38.4320599], [26.5183568, 38.4321523], [26.5177023, 38.4323204], [26.5173054, 38.4321775], [26.5152737, 38.4313555], [26.5155487, 38.4311063], [26.5157292, 38.4308101], [26.5160043, 38.430635], [26.5164168, 38.4296924], [26.5163567, 38.4290797], [26.5158324, 38.4278139], [26.5153511, 38.4270059], [26.514483, 38.4266423], [26.5142337, 38.4262248], [26.5137954, 38.4262854], [26.5135633, 38.426144], [26.5133398, 38.4261574], [26.5130046, 38.426016], [26.512403, 38.4261238], [26.5120248, 38.4261305], [26.5116552, 38.4261911], [26.5112341, 38.425713], [26.5098588, 38.4238007], [26.5099276, 38.4233496], [26.5101597, 38.4227839], [26.510323, 38.422528], [26.5102112, 38.4224472], [26.5104261, 38.4223126], [26.5104777, 38.422124], [26.5103316, 38.4220432], [26.5108559, 38.4213968], [26.5114833, 38.4209793], [26.5116294, 38.4206426], [26.5114231, 38.4201443], [26.5107355, 38.419215], [26.509919, 38.4181308], [26.5093088, 38.4175382], [26.5087415, 38.4173429], [26.5079078, 38.4167368], [26.5075726, 38.416225], [26.507478, 38.4155246], [26.5071514, 38.415235], [26.5066959, 38.4144538], [26.5061716, 38.4141777], [26.5053723, 38.4141979], [26.5047878, 38.4139824], [26.5036962, 38.4138949], [26.5031805, 38.4139959], [26.5026906, 38.4147771], [26.5022265, 38.4147501], [26.5020632, 38.4148848], [26.5022179, 38.415262], [26.5020288, 38.4154101], [26.5018569, 38.4153428], [26.5017795, 38.4154236], [26.5019257, 38.4155448], [26.5019085, 38.4156458], [26.5014873, 38.4155717], [26.5013326, 38.4152552], [26.5013842, 38.4148646], [26.5014099, 38.4140767], [26.5012896, 38.4138612], [26.5013068, 38.4129655], [26.5014959, 38.4127028], [26.5019428, 38.412649], [26.5023898, 38.412319], [26.5026906, 38.4122449], [26.5029141, 38.4119081], [26.5031032, 38.4119014], [26.5031375, 38.4116455], [26.5034126, 38.411403], [26.503447, 38.4107969], [26.5037478, 38.4105275], [26.5037736, 38.4102581], [26.5035673, 38.4100089], [26.5037048, 38.4097799], [26.5034212, 38.408864], [26.5036275, 38.4082713], [26.5036532, 38.4079413], [26.5031204, 38.4074159], [26.5029656, 38.4070792], [26.5031977, 38.4068704], [26.5032751, 38.406702], [26.5032235, 38.4064595], [26.5024414, 38.4058803], [26.502003, 38.4056984], [26.5015733, 38.4052472], [26.5016678, 38.4048026], [26.501324, 38.4045736], [26.5009372, 38.4045736], [26.5000433, 38.4048498], [26.4996995, 38.4047218], [26.4996909, 38.4044456], [26.4992096, 38.4044052], [26.4990463, 38.404513], [26.4987197, 38.4045467], [26.4979118, 38.4038529], [26.4978516, 38.4034757], [26.4978516, 38.4030245], [26.4970351, 38.4023442], [26.4969577, 38.4017851], [26.4968202, 38.4014483], [26.4959865, 38.4014483], [26.4951098, 38.401583], [26.4945253, 38.4020478], [26.4939323, 38.4022768], [26.4932361, 38.4019939], [26.4926516, 38.401583], [26.4921187, 38.4013877], [26.4917148, 38.4011317], [26.4917921, 38.400997], [26.4915515, 38.4008892], [26.4916288, 38.4008152], [26.4913108, 38.4007074], [26.4905544, 38.4007747], [26.4895316, 38.4011452], [26.4875978, 38.4015291], [26.4870563, 38.4023374], [26.4866695, 38.4025597], [26.4856553, 38.4039203], [26.4848474, 38.4047285], [26.48477, 38.4051394], [26.4847636, 38.4053309], [26.484872, 38.4054834], [26.4851307, 38.4057425], [26.4851974, 38.4058064], [26.4856123, 38.4063383], [26.4858702, 38.4071802], [26.4857842, 38.4081703], [26.485449, 38.4090054], [26.485449, 38.4091738], [26.4853287, 38.409295], [26.4851224, 38.4097732], [26.4851224, 38.409982], [26.4849161, 38.4102581], [26.4846926, 38.4110191], [26.4847099, 38.4110702], [26.4849605, 38.4111829], [26.4849427, 38.4112529], [26.4847714, 38.4112465], [26.4844856, 38.4111306], [26.4841426, 38.4113694], [26.4831627, 38.4121708], [26.4829736, 38.4125883], [26.4831026, 38.4129857], [26.483455, 38.4133157], [26.4834893, 38.4137332], [26.4829908, 38.4141036], [26.4821313, 38.4146693], [26.482011, 38.4150667], [26.4811343, 38.4154707], [26.4808937, 38.4158411], [26.4805241, 38.4160768], [26.4800427, 38.416124], [26.4791231, 38.4166492], [26.4788738, 38.4170466], [26.4781604, 38.4176526], [26.4772408, 38.4182385], [26.4764157, 38.4192486], [26.4756335, 38.4198816], [26.4748685, 38.4208311], [26.4739575, 38.4215853], [26.4732011, 38.4222991], [26.4728057, 38.4233765], [26.4722213, 38.4239758], [26.4713876, 38.4248646], [26.4708891, 38.4256659], [26.4699522, 38.4264335], [26.469531, 38.4272213], [26.4684395, 38.4269049], [26.4676917, 38.4268981], [26.4667205, 38.4270395], [26.4660758, 38.4269453], [26.4658008, 38.4266221], [26.4655687, 38.4264537], [26.4653797, 38.4259891], [26.4651046, 38.4254706], [26.4648725, 38.4247165], [26.4639529, 38.4241441], [26.4630934, 38.4239556], [26.4625605, 38.4240768], [26.4621823, 38.4245145], [26.4611767, 38.4251407], [26.4608329, 38.4256592], [26.4604289, 38.425814], [26.4598702, 38.4257198], [26.4587013, 38.4258342], [26.4575324, 38.4264672], [26.4571886, 38.4264335], [26.4567417, 38.4265076], [26.4563979, 38.4264201], [26.4560197, 38.4267837], [26.4552977, 38.4269049], [26.4549023, 38.4272146], [26.454464, 38.4273829], [26.4540772, 38.4278273], [26.4537248, 38.4279553], [26.4528997, 38.4277937], [26.4517737, 38.4280293], [26.451026, 38.4279485], [26.4507681, 38.4276523], [26.4504071, 38.4273425], [26.4507681, 38.4268779], [26.4507509, 38.4263729], [26.4509486, 38.4258477], [26.4508369, 38.4252013], [26.4505189, 38.4247973], [26.4501149, 38.4246222], [26.4501665, 38.4244943], [26.4504759, 38.4245145], [26.4505876, 38.4242923], [26.4509572, 38.4241374], [26.451344, 38.4234775], [26.4515331, 38.4227637], [26.4522551, 38.4218749], [26.4522465, 38.421417], [26.4528395, 38.4201645], [26.4536475, 38.4199894], [26.4538623, 38.4204338], [26.4547734, 38.4209389], [26.4555212, 38.4209523], [26.4559853, 38.420656], [26.4563721, 38.4204742], [26.4571972, 38.4198412], [26.4574304, 38.4201139], [26.4578493, 38.4200811], [26.458419, 38.4198513], [26.4592737, 38.4191161], [26.4593407, 38.4188273], [26.4595837, 38.4185581], [26.4597093, 38.4185647], [26.4598518, 38.4188338], [26.4601283, 38.4190111], [26.4605472, 38.4190636], [26.4609075, 38.4189914], [26.461494, 38.4187091], [26.4618459, 38.4183021], [26.461871, 38.4179542], [26.4621224, 38.4171993], [26.4622732, 38.416766], [26.4622397, 38.4162277], [26.4623151, 38.4158798], [26.4622564, 38.4155581], [26.4620721, 38.4152036], [26.4619548, 38.4145799], [26.4615275, 38.4141138], [26.4605221, 38.413372], [26.4602372, 38.4129452], [26.4597345, 38.4124266], [26.4596172, 38.411908], [26.4592401, 38.4112449], [26.4590307, 38.4107], [26.4590977, 38.4099843], [26.459579, 38.4094664], [26.4597261, 38.4093081], [26.4602707, 38.4089798], [26.4611253, 38.408947], [26.4618961, 38.4090324], [26.462357, 38.4093147], [26.4625329, 38.4094066], [26.4631362, 38.4094591], [26.4635383, 38.4095445], [26.4639992, 38.4097874], [26.4642589, 38.4101157], [26.4643126, 38.4106877], [26.4644485, 38.4109258], [26.4643511, 38.4110479], [26.4643259, 38.4112974], [26.4643259, 38.4116388], [26.4644851, 38.4119145], [26.4652727, 38.4122756], [26.4655576, 38.4124529], [26.4656916, 38.4126629], [26.4658257, 38.4127286], [26.466077, 38.4126301], [26.4661776, 38.4126892], [26.4661577, 38.4128413], [26.4662582, 38.4129786], [26.4664082, 38.4130124], [26.4667388, 38.4129917], [26.4669844, 38.4129118], [26.4672529, 38.4127102], [26.4674092, 38.4124332], [26.4684398, 38.4114484], [26.4689509, 38.4112646], [26.4691604, 38.4111136], [26.4694452, 38.4107065], [26.4700317, 38.410306], [26.4700987, 38.410096], [26.4703752, 38.4099056], [26.4705512, 38.4095773], [26.4707355, 38.4093212], [26.4707774, 38.4090915], [26.471498, 38.4082445], [26.4718834, 38.4077718], [26.4723945, 38.4065637], [26.4724783, 38.4059531], [26.4726877, 38.4051259], [26.4731318, 38.4040294], [26.4735256, 38.4035369], [26.4742713, 38.4031101], [26.4745897, 38.4027884], [26.4753689, 38.4023879], [26.4755223, 38.4022907], [26.4756756, 38.4020023], [26.4756998, 38.4019119], [26.4757912, 38.4018465], [26.4758777, 38.4017654], [26.4759009, 38.4016693], [26.4758681, 38.401492], [26.4756849, 38.4004203], [26.475461, 38.3996432], [26.4752516, 38.399466], [26.4753353, 38.3993215], [26.4753353, 38.3991836], [26.4755532, 38.3989735], [26.4756537, 38.3987962], [26.4753353, 38.3977127], [26.4753147, 38.3973974], [26.47531, 38.3973249], [26.4752895, 38.3970122], [26.4750554, 38.3965341], [26.4749126, 38.3962623], [26.4734817, 38.3953563], [26.4727096, 38.3947259], [26.4729733, 38.3932744], [26.4733314, 38.3924204], [26.4735918, 38.391599], [26.4743181, 38.3910232], [26.474859, 38.3903516], [26.4747405, 38.3899639], [26.4744472, 38.389235], [26.4737769, 38.3888672], [26.4734418, 38.387915], [26.4731402, 38.3870415], [26.4733245, 38.3867066], [26.4738691, 38.3862666], [26.4743551, 38.3855507], [26.4745561, 38.385091], [26.4747907, 38.3848874], [26.4748661, 38.3845262], [26.474741, 38.3843431], [26.4746075, 38.3843214], [26.4747268, 38.3841059], [26.4747295, 38.3837716], [26.4744349, 38.3836181], [26.474507, 38.3834948], [26.4746352, 38.3836065], [26.4749365, 38.3836468], [26.4750306, 38.3834668], [26.475155, 38.3834842], [26.4753855, 38.3831076], [26.4752426, 38.3830314], [26.475115, 38.3830351], [26.4750948, 38.3830899], [26.474775, 38.3834482], [26.4746252, 38.383455], [26.4749834, 38.3829762], [26.475394, 38.3828514], [26.4756789, 38.3825099], [26.475704, 38.3819713], [26.4756118, 38.3817743], [26.4756621, 38.3814984], [26.4756872, 38.3810058], [26.4764246, 38.3802308], [26.4769524, 38.3798761], [26.4775892, 38.3797119], [26.4782259, 38.3794492], [26.4787203, 38.3794689], [26.4791308, 38.3793441], [26.4795498, 38.3787891], [26.4800118, 38.3787891], [26.4805448, 38.3785569], [26.4814688, 38.3785662], [26.48199, 38.3782969], [26.4827363, 38.378074], [26.4830088, 38.377684], [26.4828429, 38.3774147], [26.4832339, 38.3770525], [26.4832339, 38.3768946], [26.4835418, 38.3766532], [26.4832102, 38.3760496], [26.4825942, 38.3759381], [26.4821322, 38.3757245], [26.4815754, 38.3753345], [26.4808291, 38.375158], [26.4799999, 38.374963], [26.4798933, 38.3745172], [26.4793958, 38.3742479], [26.4780809, 38.3741736], [26.4773227, 38.3738764], [26.4756406, 38.3734307], [26.4747758, 38.3733471], [26.4743, 38.3727], [26.4744544, 38.372423], [26.4751, 38.3718], [26.4768, 38.3722], [26.477, 38.3718], [26.4761, 38.3712], [26.4769, 38.3712], [26.4772, 38.3711], [26.4776, 38.371], [26.4794, 38.3708], [26.4797, 38.3702], [26.4805, 38.3701], [26.4808, 38.3706], [26.4817, 38.3708], [26.482, 38.3706], [26.4825, 38.371], [26.4836, 38.3715], [26.4836, 38.3717], [26.4857, 38.3723], [26.4861, 38.3725], [26.4868, 38.3724], [26.4886, 38.3738], [26.4895, 38.3727], [26.4897, 38.3726], [26.4905, 38.372], [26.4912, 38.371], [26.4917, 38.3707], [26.4952, 38.3711], [26.4967792, 38.3718735], [26.505, 38.3759], [26.5145373, 38.3760986], [26.5216827, 38.38096], [26.5286779, 38.405514], [26.5307379, 38.4069096], [26.5327549, 38.4092804], [26.5334201, 38.4100034], [26.5337205, 38.4108441], [26.5338278, 38.4113149], [26.5340638, 38.4120547], [26.5344391, 38.4139553], [26.5359521, 38.4137192], [26.537025, 38.4134502], [26.5383124, 38.4130635], [26.5389347, 38.4127777], [26.5397072, 38.4126263], [26.5411234, 38.4123405], [26.5424323, 38.4122564], [26.5432691, 38.4126095], [26.5444493, 38.4135847], [26.5450501, 38.4146607], [26.5452647, 38.4152155], [26.5512171, 38.4147257]]]]}, "bbox": [26.4501149, 38.3701, 26.5512171, 38.436346]}, {"id": "208", "type": "Feature", "properties": {"mahalle_adi": "Balıklıova Mahallesi", "_gece_lst_str": "21.9°C"}, "geometry": {"type": "MultiPolygon", "coordinates": [[[[26.5138211, 38.4318874], [26.5139501, 38.4318739], [26.514079, 38.4320018], [26.5142079, 38.4322981], [26.5144314, 38.432325], [26.5146721, 38.4322644], [26.5149643, 38.4320691], [26.5152049, 38.4317594], [26.5152737, 38.4313555], [26.5173054, 38.4321775], [26.5177023, 38.4323204], [26.5183568, 38.4321523], [26.5188396, 38.4320599], [26.5223801, 38.432228], [26.5238607, 38.4325641], [26.5250087, 38.4328415], [26.5249336, 38.4331104], [26.5265536, 38.4332281], [26.526854, 38.4332281], [26.5271974, 38.4331861], [26.5276587, 38.4330852], [26.5281093, 38.4330264], [26.5285921, 38.4330264], [26.5289998, 38.4330516], [26.5294075, 38.4332197], [26.5297508, 38.4335559], [26.530298, 38.4342366], [26.5304053, 38.4344215], [26.5305447, 38.4345139], [26.530695, 38.4344719], [26.5307915, 38.4343038], [26.5308237, 38.4341105], [26.5309632, 38.433766], [26.531167, 38.433497], [26.5313601, 38.433934], [26.5323686, 38.4336651], [26.5327549, 38.434203], [26.5333021, 38.4335979], [26.5336668, 38.433766], [26.5344715, 38.4340769], [26.5352332, 38.4344131], [26.5358662, 38.4346232], [26.5363812, 38.4347913], [26.5369284, 38.4349089], [26.5377974, 38.4351526], [26.5382266, 38.4353879], [26.5386343, 38.4355728], [26.5390634, 38.4357409], [26.5394497, 38.4358754], [26.5402436, 38.4362367], [26.5406835, 38.4363292], [26.541059, 38.436346], [26.542051, 38.4356557], [26.5417778, 38.4333878], [26.5413058, 38.4330264], [26.5411878, 38.4329591], [26.5411341, 38.4326818], [26.5414667, 38.43227], [26.5416276, 38.4320011], [26.5416062, 38.4316481], [26.5414667, 38.4312026], [26.541456, 38.4309085], [26.5415633, 38.4305219], [26.5419173, 38.4302277], [26.5422392, 38.4298495], [26.5425181, 38.4294545], [26.5425074, 38.4291435], [26.5424645, 38.428925], [26.5425718, 38.428572], [26.5430224, 38.4282106], [26.5435696, 38.4279248], [26.543988, 38.4276054], [26.5444279, 38.4273533], [26.5446049, 38.4269835], [26.5447068, 38.426849], [26.5447175, 38.4267229], [26.5446532, 38.4265002], [26.5446371, 38.42629], [26.5446156, 38.4260253], [26.5447015, 38.4257773], [26.5448946, 38.4255042], [26.5449321, 38.4253024], [26.5448892, 38.4251259], [26.5448838, 38.4249788], [26.5449589, 38.4247729], [26.5450126, 38.424567], [26.5450501, 38.4240837], [26.5449482, 38.4239534], [26.544975, 38.4237559], [26.5451467, 38.4235625], [26.545313, 38.4234491], [26.5454525, 38.4233776], [26.5456188, 38.4232684], [26.545651, 38.4231002], [26.5457207, 38.4228943], [26.5457904, 38.4227472], [26.545946, 38.4226253], [26.5461284, 38.4225917], [26.5464717, 38.4224236], [26.5467238, 38.4225329], [26.5469545, 38.4225455], [26.5471798, 38.4224572], [26.5474051, 38.4221883], [26.5476733, 38.4216839], [26.5478826, 38.4212678], [26.5480113, 38.4211165], [26.5483171, 38.4210325], [26.5485424, 38.4209106], [26.5488589, 38.4206836], [26.5490949, 38.4204819], [26.5493202, 38.4202676], [26.5493754, 38.4200458], [26.5512171, 38.4147257], [26.5535951, 38.411912], [26.5598059, 38.4118164], [26.5718363, 38.4008967], [26.5793916, 38.3776845], [26.5772091, 38.3755017], [26.5764511, 38.3756777], [26.5759341, 38.3734711], [26.5748113, 38.3713218], [26.5776454, 38.3655519], [26.5847631, 38.3649815], [26.5870978, 38.3670157], [26.5916986, 38.3698921], [26.5956441, 38.3681777], [26.5992754, 38.3684881], [26.6041753, 38.3721397], [26.6055261, 38.3742894], [26.6075592, 38.3762627], [26.608754, 38.3793057], [26.6187228, 38.3838077], [26.6279587, 38.3866332], [26.6276912, 38.3869045], [26.627416, 38.3871326], [26.6269834, 38.3875888], [26.6263934, 38.3880512], [26.6261418, 38.3883039], [26.6261024, 38.388569], [26.6263227, 38.3885875], [26.6261575, 38.3887478], [26.6264249, 38.3894691], [26.6262204, 38.3899808], [26.6261811, 38.3902336], [26.6256384, 38.3908131], [26.6252058, 38.3911213], [26.6234125, 38.3917686], [26.6229012, 38.3923481], [26.622736, 38.3933098], [26.6229877, 38.3936057], [26.6234125, 38.3937044], [26.6237035, 38.3940989], [26.6242462, 38.3943208], [26.6244114, 38.3945612], [26.6248833, 38.3947585], [26.6249462, 38.3957571], [26.6247496, 38.3970332], [26.6242383, 38.3981982], [26.6242462, 38.3985557], [26.6240574, 38.3987715], [26.6237349, 38.3996838], [26.6232473, 38.4006515], [26.6229012, 38.4009721], [26.6218079, 38.4009166], [26.6210607, 38.4007255], [26.6201876, 38.4009597], [26.6196921, 38.4015453], [26.618528, 38.4021864], [26.6175448, 38.4027165], [26.6169549, 38.4034253], [26.6169628, 38.4038444], [26.6167898, 38.4040725], [26.6168841, 38.4043129], [26.6168134, 38.4044546], [26.6170493, 38.4048245], [26.6176943, 38.4057613], [26.6178437, 38.406692], [26.6178123, 38.4075364], [26.6174269, 38.4082699], [26.6166718, 38.4092745], [26.6161763, 38.4097121], [26.615083, 38.4101743], [26.6146504, 38.4101435], [26.6145717, 38.4103962], [26.6142256, 38.4105256], [26.6143908, 38.4107229], [26.6140526, 38.4110002], [26.6140762, 38.4112344], [26.614029, 38.4113638], [26.6141863, 38.4117028], [26.6143908, 38.4120048], [26.6150987, 38.4122883], [26.6155392, 38.4125841], [26.6159167, 38.4133237], [26.6159324, 38.4140324], [26.6161301, 38.4143287], [26.6160098, 38.4148472], [26.6159668, 38.4152917], [26.615752, 38.415662], [26.6148667, 38.416726], [26.6141276, 38.4172782], [26.6137924, 38.417332], [26.6134401, 38.4172714], [26.6127096, 38.4177293], [26.612701, 38.4180256], [26.6125978, 38.4181266], [26.6122884, 38.4180929], [26.6114806, 38.4187191], [26.6114204, 38.419076], [26.6108704, 38.4196214], [26.6108986, 38.4198851], [26.6107445, 38.4209704], [26.6108352, 38.4214223], [26.6108352, 38.4216447], [26.6111458, 38.4220062], [26.6111902, 38.4222565], [26.6109903, 38.4223617], [26.6110015, 38.4226508], [26.610711, 38.422326], [26.6105875, 38.4222007], [26.6099824, 38.4220036], [26.6094571, 38.4217774], [26.6087704, 38.4215084], [26.6067963, 38.4206678], [26.604951, 38.4204325], [26.6040927, 38.4199281], [26.6035777, 38.4187849], [26.6023308, 38.4164775], [26.6017323, 38.4159941], [26.600874, 38.4157923], [26.5999728, 38.4161286], [26.5994909, 38.416323], [26.5993434, 38.4162621], [26.5991798, 38.4163146], [26.599035, 38.4163378], [26.5989213, 38.4164837], [26.5988016, 38.4165017], [26.5986487, 38.4164554], [26.5985388, 38.4165269], [26.5986246, 38.4166551], [26.5982332, 38.416795], [26.5961513, 38.418182], [26.5953943, 38.4187578], [26.5940827, 38.4192609], [26.5928167, 38.4197052], [26.592404, 38.4196487], [26.5913886, 38.4206734], [26.5908205, 38.420992], [26.5899614, 38.421072], [26.5887142, 38.4216993], [26.5885236, 38.4220148], [26.5885655, 38.4222776], [26.5888338, 38.4225863], [26.5889764, 38.4229936], [26.5889344, 38.4231776], [26.5888422, 38.4233089], [26.5880289, 38.4240053], [26.5879198, 38.4239987], [26.5879198, 38.4239264], [26.5880456, 38.4238607], [26.5886996, 38.4232892], [26.5886996, 38.4231973], [26.5888003, 38.4231184], [26.5888422, 38.4229673], [26.5887164, 38.4226586], [26.5885319, 38.4223893], [26.5884062, 38.422225], [26.5882569, 38.4221472], [26.5871924, 38.4231802], [26.5875006, 38.4233812], [26.5874278, 38.4234272], [26.587101, 38.42329], [26.5864569, 38.4236668], [26.5852628, 38.4247529], [26.5846497, 38.4255358], [26.5842389, 38.4265212], [26.5841412, 38.4268778], [26.5840088, 38.4273615], [26.5840821, 38.4283896], [26.584694, 38.4289574], [26.5861669, 38.4298544], [26.5865783, 38.4304426], [26.5869807, 38.4313753], [26.5870554, 38.4315895], [26.5872568, 38.4319986], [26.5873973, 38.4320927], [26.5876012, 38.4322292], [26.5881696, 38.4322791], [26.5890015, 38.4321767], [26.5896115, 38.4318975], [26.5895885, 38.4315527], [26.589731, 38.4312768], [26.5897188, 38.4309897], [26.5896975, 38.4306988], [26.5900391, 38.4305631], [26.5905615, 38.4305137], [26.5914588, 38.4309533], [26.5925567, 38.4314147], [26.5925928, 38.4317893], [26.5928418, 38.4321504], [26.5935713, 38.4326693], [26.5939251, 38.4331692], [26.5946949, 38.4334575], [26.5955969, 38.4334629], [26.5960532, 38.4329649], [26.5968734, 38.432469], [26.5976711, 38.4327766], [26.5986023, 38.4333787], [26.599099, 38.4339535], [26.5993196, 38.4346829], [26.5993827, 38.4359158], [26.5996048, 38.4363258], [26.5999404, 38.4365032], [26.600067, 38.4378343], [26.6004549, 38.4386016], [26.600234, 38.439296], [26.6002813, 38.4395412], [26.6006283, 38.4397822], [26.6015763, 38.4396114], [26.6022139, 38.4396837], [26.6027986, 38.4404057], [26.6030612, 38.4410176], [26.6028691, 38.4415115], [26.5998181, 38.4418777], [26.5982286, 38.4415981], [26.5965647, 38.441068], [26.5941246, 38.441143], [26.5926257, 38.4415794], [26.5894807, 38.442402], [26.5892518, 38.4426753], [26.5842068, 38.4425026], [26.5812252, 38.4418723], [26.5795443, 38.4416875], [26.5778923, 38.4391431], [26.5778804, 38.4386486], [26.5776555, 38.4381769], [26.5763891, 38.4373965], [26.5754048, 38.436977], [26.5737927, 38.4368754], [26.5735869, 38.4369228], [26.5723121, 38.4378083], [26.571096, 38.4384034], [26.5685839, 38.4385777], [26.5670335, 38.4388923], [26.5661169, 38.4394576], [26.5649843, 38.4397579], [26.5645214, 38.4402025], [26.5649414, 38.4413041], [26.5656901, 38.4423997], [26.5672159, 38.4434553], [26.5687609, 38.4446486], [26.5689485, 38.4448787], [26.5682339, 38.4452693], [26.5678596, 38.4456569], [26.5650272, 38.4498918], [26.5649605, 38.450346], [26.5654737, 38.4532201], [26.5652746, 38.4535649], [26.5650224, 38.4551848], [26.5644122, 38.4558499], [26.5633612, 38.456716], [26.5630879, 38.4567865], [26.5612624, 38.4579118], [26.5592734, 38.4584883], [26.5588926, 38.4587848], [26.552925, 38.4605736], [26.5520668, 38.4609652], [26.5507364, 38.4615029], [26.5478182, 38.4623766], [26.5458226, 38.4631158], [26.5432744, 38.4634735], [26.5416491, 38.4638803], [26.5401363, 38.4642415], [26.5391493, 38.4645943], [26.5388811, 38.4648548], [26.5388596, 38.4650396], [26.5390209, 38.4653102], [26.539042, 38.4655772], [26.5389017, 38.4658226], [26.5381944, 38.465846], [26.5372074, 38.4659972], [26.5359199, 38.4662828], [26.5348256, 38.4663584], [26.5342142, 38.466388], [26.5333209, 38.4662295], [26.5325928, 38.4663101], [26.5321433, 38.4662408], [26.5317893, 38.4660644], [26.5313816, 38.465678], [26.5306894, 38.4653014], [26.5298272, 38.4650119], [26.5287745, 38.4648128], [26.5283594, 38.4646365], [26.5281737, 38.4644767], [26.5275478, 38.4635726], [26.5267789, 38.4640231], [26.5258562, 38.4643675], [26.5243864, 38.4652328], [26.5230435, 38.4662477], [26.5227127, 38.4665601], [26.5223372, 38.4667701], [26.5220088, 38.4668394], [26.5215647, 38.4666945], [26.5213501, 38.4665265], [26.521147, 38.4665141], [26.5200482, 38.4676179], [26.5196013, 38.4678033], [26.5191078, 38.4678957], [26.5183782, 38.4679041], [26.5176976, 38.467787], [26.5175629, 38.4681561], [26.5172946, 38.4685593], [26.516871, 38.4689873], [26.5166724, 38.4691053], [26.5163612, 38.4691893], [26.5159106, 38.4692145], [26.5150523, 38.4691557], [26.5141257, 38.4692143], [26.5132627, 38.4690677], [26.5127016, 38.4690892], [26.5073524, 38.4688285], [26.5069134, 38.4687313], [26.5057805, 38.4681426], [26.5045893, 38.4672199], [26.5041304, 38.4671733], [26.5036368, 38.4673161], [26.5030146, 38.4675261], [26.5025562, 38.4674973], [26.5011155, 38.4668121], [26.5008194, 38.4665603], [26.5001586, 38.4656637], [26.4994023, 38.465446], [26.499238, 38.465006], [26.4989376, 38.4646279], [26.4986062, 38.4643819], [26.4981866, 38.4641911], [26.4977252, 38.4641155], [26.4971688, 38.4640182], [26.4960524, 38.4632507], [26.4956331, 38.4627378], [26.4947641, 38.4621413], [26.4940321, 38.4617165], [26.4933085, 38.4611414], [26.4919489, 38.4604919], [26.4908254, 38.4607731], [26.4902647, 38.4607468], [26.4889485, 38.4604074], [26.4870785, 38.4601311], [26.4856052, 38.4594989], [26.4819905, 38.4595389], [26.4801331, 38.4578826], [26.4801659, 38.4571153], [26.4796735, 38.4559705], [26.4802318, 38.4558794], [26.480696, 38.4556775], [26.4813922, 38.4555698], [26.4819766, 38.4554284], [26.4824665, 38.4551188], [26.4835065, 38.4542977], [26.4840222, 38.4537121], [26.4847958, 38.4533486], [26.4851998, 38.4533082], [26.4856467, 38.4531669], [26.4862312, 38.4527361], [26.4868844, 38.4519553], [26.4871164, 38.4514235], [26.4881392, 38.4503533], [26.4886464, 38.4495994], [26.4891535, 38.4493571], [26.4897207, 38.4490071], [26.4902794, 38.4489195], [26.4905115, 38.4489263], [26.4915601, 38.4486974], [26.4922133, 38.4486503], [26.4922133, 38.448758], [26.4930384, 38.4487917], [26.4936658, 38.4486638], [26.494809, 38.4484012], [26.4955224, 38.4480243], [26.4962272, 38.4474117], [26.4968632, 38.4466443], [26.4972757, 38.445749], [26.4979462, 38.4450086], [26.4982384, 38.4447528], [26.4983157, 38.4445912], [26.4986166, 38.4444498], [26.4994933, 38.4436757], [26.4997081, 38.4436286], [26.5000519, 38.4434805], [26.5005762, 38.4429217], [26.5011607, 38.4428881], [26.5015733, 38.4426726], [26.5019257, 38.4422014], [26.5021147, 38.441434], [26.5021061, 38.4410098], [26.502089, 38.440377], [26.5023726, 38.4399529], [26.5029828, 38.4394413], [26.503447, 38.4393537], [26.5037736, 38.4391383], [26.5040658, 38.4387007], [26.5042205, 38.4387344], [26.5044096, 38.4385997], [26.5046073, 38.4381015], [26.5049941, 38.4374552], [26.5057762, 38.4363848], [26.5068936, 38.4358799], [26.5073749, 38.4353951], [26.5078734, 38.4351797], [26.5086899, 38.4349306], [26.5095322, 38.4344323], [26.5096526, 38.4344997], [26.5100565, 38.4342573], [26.5101921, 38.4341934], [26.5103701, 38.4340764], [26.5105379, 38.4339611], [26.5106496, 38.433786], [26.5111911, 38.4331599], [26.5114747, 38.4330791], [26.5118701, 38.4329108], [26.5123686, 38.4326684], [26.5129273, 38.4324933], [26.5131765, 38.4323115], [26.5134, 38.4323115], [26.5138813, 38.4321769], [26.5138211, 38.4318874]]]]}, "bbox": [26.4796735, 38.3649815, 26.6279587, 38.4692145]}, {"id": "209", "type": "Feature", "properties": {"mahalle_adi": "Bademler Mahallesi", "_gece_lst_str": "21.4°C"}, "geometry": {"type": "MultiPolygon", "coordinates": [[[[26.8115214, 38.2843981], [26.816151, 38.2845072], [26.8154275, 38.2849765], [26.8150628, 38.2853386], [26.8148267, 38.2857092], [26.81517, 38.2861134], [26.81517, 38.2866271], [26.8157816, 38.2871577], [26.8162429, 38.287545], [26.8164658, 38.2880637], [26.8165433, 38.288244], [26.8167472, 38.288665], [26.8173802, 38.288825], [26.8178737, 38.2889429], [26.818217, 38.2889598], [26.8214727, 38.2981206], [26.828093, 38.2942503], [26.828381, 38.2940248], [26.8285586, 38.2938858], [26.8290639, 38.2934901], [26.8301368, 38.2932375], [26.8303587, 38.2932736], [26.830759, 38.2933386], [26.8309521, 38.293608], [26.8313384, 38.2936586], [26.8314671, 38.2933217], [26.831789, 38.2934565], [26.8318534, 38.2941301], [26.8314886, 38.2946185], [26.8317246, 38.2948206], [26.8324864, 38.2948879], [26.8331688, 38.2947006], [26.833409, 38.2943617], [26.8344444, 38.2944459], [26.8346321, 38.2943802], [26.8349379, 38.2942733], [26.8348883, 38.2945723], [26.8347867, 38.2951843], [26.8347555, 38.2953721], [26.8344927, 38.2964667], [26.8346965, 38.2963488], [26.8349057, 38.2959952], [26.8349755, 38.2958689], [26.8350881, 38.2957889], [26.8352008, 38.2957594], [26.8354583, 38.2957552], [26.8357372, 38.2956963], [26.8359018, 38.2955883], [26.8360323, 38.2955026], [26.8362951, 38.29509], [26.8365095, 38.2946944], [26.8369174, 38.2946016], [26.8375289, 38.2944585], [26.838054, 38.2941322], [26.8382692, 38.293848], [26.8385106, 38.2938901], [26.8388271, 38.293907], [26.83909, 38.2939701], [26.8395742, 38.2936139], [26.8403935, 38.293507], [26.8411875, 38.2929849], [26.8415201, 38.2928165], [26.8416917, 38.2926228], [26.8418848, 38.2924039], [26.8421852, 38.2919913], [26.8425178, 38.2918061], [26.8433547, 38.2918566], [26.8438697, 38.2918397], [26.8440199, 38.2906861], [26.8439555, 38.2904166], [26.8439019, 38.2901808], [26.8437838, 38.2899871], [26.8436873, 38.2894061], [26.8441272, 38.288564], [26.8439984, 38.2882019], [26.8439877, 38.2879492], [26.8442774, 38.2873682], [26.8442452, 38.2869471], [26.8449639, 38.2856082], [26.8454468, 38.2866524], [26.8460691, 38.2868882], [26.8466699, 38.2874692], [26.8470454, 38.288084], [26.8471098, 38.2885893], [26.847496, 38.2888924], [26.84726, 38.2892293], [26.8478393, 38.2897682], [26.8481183, 38.2903492], [26.8482256, 38.2906608], [26.848129, 38.2909892], [26.8480539, 38.2911239], [26.8480861, 38.2913429], [26.8480968, 38.2915702], [26.8479681, 38.2916966], [26.8481827, 38.2919408], [26.8486225, 38.2921344], [26.8489659, 38.2924965], [26.849395, 38.2927997], [26.8497062, 38.2928502], [26.8500173, 38.2928249], [26.850146, 38.2931617], [26.8503928, 38.2933386], [26.8520236, 38.2935912], [26.8527615, 38.2937744], [26.8533325, 38.2941638], [26.8542337, 38.2950732], [26.8559718, 38.2960331], [26.8562937, 38.2966225], [26.8572163, 38.2968583], [26.8581445, 38.2973155], [26.8590402, 38.2978855], [26.8599415, 38.2985928], [26.8598556, 38.2989464], [26.8596625, 38.2993085], [26.8597483, 38.2995358], [26.8599415, 38.2996116], [26.8601024, 38.2995779], [26.8602848, 38.2995105], [26.8604779, 38.2992916], [26.8607032, 38.2991317], [26.8610143, 38.2990811], [26.8612504, 38.2993927], [26.8613899, 38.2996368], [26.8620014, 38.2998305], [26.8622374, 38.3000747], [26.8626373, 38.30029], [26.8629134, 38.3003188], [26.8649518, 38.3018849], [26.8661642, 38.3034677], [26.8664753, 38.3037372], [26.867044, 38.3036614], [26.8678218, 38.3032939], [26.8716788, 38.3035856], [26.8733954, 38.3031731], [26.8752985, 38.3035205], [26.8757236, 38.3036993], [26.876657, 38.304196], [26.8770432, 38.3043097], [26.8775503, 38.3005394], [26.8804765, 38.2999063], [26.8829977, 38.2995021], [26.8847573, 38.2991948], [26.8853366, 38.2985675], [26.8856692, 38.2980708], [26.8860554, 38.2977255], [26.887536, 38.296833], [26.8867154, 38.2908103], [26.8817265, 38.2900188], [26.8780999, 38.2884777], [26.8794223, 38.2843316], [26.8779015, 38.2841091], [26.8772793, 38.2845133], [26.8766141, 38.2844965], [26.8762278, 38.2841428], [26.872076, 38.2830724], [26.8719419, 38.2819639], [26.870673, 38.2812832], [26.8684131, 38.2768114], [26.8689165, 38.2743449], [26.8673593, 38.2726914], [26.8676046, 38.2724557], [26.8673609, 38.2717904], [26.8674972, 38.2716618], [26.867198, 38.2715971], [26.8666543, 38.2713176], [26.8657038, 38.2702868], [26.8654859, 38.2703509], [26.8640491, 38.2674961], [26.863841, 38.2671482], [26.8618791, 38.2638681], [26.8612003, 38.2631379], [26.8602477, 38.2632619], [26.8592723, 38.2634574], [26.858977, 38.263761], [26.8595199, 38.2644409], [26.8574102, 38.2649211], [26.8572485, 38.2647285], [26.85727, 38.2641304], [26.8570983, 38.2638524], [26.856637, 38.2636081], [26.8562829, 38.2629931], [26.8567979, 38.2622855], [26.8569267, 38.2619822], [26.8569374, 38.261679], [26.8563044, 38.2612409], [26.8561649, 38.2607439], [26.8556499, 38.2607776], [26.8554464, 38.2604315], [26.8550062, 38.2610556], [26.8549418, 38.2615358], [26.8550062, 38.2618643], [26.8547852, 38.2623078], [26.853559, 38.2632001], [26.8538756, 38.2636296], [26.8520361, 38.2650217], [26.8511998, 38.2637335], [26.8507241, 38.2635005], [26.8504143, 38.2631195], [26.8500908, 38.2627488], [26.8498456, 38.2623276], [26.8496418, 38.262176], [26.8492985, 38.2621255], [26.8491697, 38.2620075], [26.8490723, 38.2618715], [26.8445107, 38.2638321], [26.8432871, 38.2634371], [26.8418956, 38.2634059], [26.8411767, 38.2634143], [26.8431172, 38.2656731], [26.8433332, 38.2661268], [26.8435049, 38.2666322], [26.8429041, 38.2668512], [26.8427861, 38.266986], [26.8428075, 38.2674156], [26.8421852, 38.2676178], [26.841445, 38.2680979], [26.8399215, 38.2687802], [26.8401146, 38.2676599], [26.8402219, 38.2673819], [26.8400502, 38.2668849], [26.8392992, 38.2662616], [26.8380652, 38.2665585], [26.8372978, 38.2649664], [26.8368212, 38.2651266], [26.836504, 38.2650547], [26.8360954, 38.265215], [26.835483, 38.2653035], [26.8353932, 38.264928], [26.8350765, 38.2646058], [26.8343055, 38.2646047], [26.8341949, 38.2634068], [26.8340136, 38.2633708], [26.8333071, 38.2641598], [26.8319017, 38.2631363], [26.8319392, 38.2634396], [26.8319714, 38.2637007], [26.8320733, 38.2640503], [26.8310058, 38.2645979], [26.8308395, 38.2644715], [26.8305016, 38.2644252], [26.8302709, 38.2642904], [26.8300456, 38.2640967], [26.8298095, 38.2637513], [26.8294856, 38.2639527], [26.82886, 38.2643157], [26.8284577, 38.2646611], [26.8281519, 38.2648169], [26.8280446, 38.2648295], [26.8280232, 38.2657267], [26.827991, 38.2660973], [26.827873, 38.2663627], [26.8277013, 38.2666701], [26.8275297, 38.2669565], [26.8275726, 38.267125], [26.8271615, 38.2672545], [26.8264997, 38.2674156], [26.8262422, 38.2672766], [26.8256146, 38.2671755], [26.8256521, 38.2675799], [26.8247777, 38.2677483], [26.82437, 38.2678957], [26.8240857, 38.2676094], [26.8239087, 38.2677189], [26.8242037, 38.2680263], [26.8222068, 38.269087], [26.821897, 38.2691045], [26.8216181, 38.2692519], [26.8212479, 38.2695004], [26.821028, 38.2695804], [26.8205559, 38.2696394], [26.820102, 38.2697426], [26.8199551, 38.2699805], [26.8195367, 38.2702669], [26.8192524, 38.2704185], [26.8189573, 38.2707681], [26.8187749, 38.2712187], [26.8185657, 38.2717452], [26.8185443, 38.2719431], [26.8186569, 38.2721116], [26.8186676, 38.2722253], [26.8185925, 38.2724232], [26.818614, 38.2726591], [26.8185872, 38.2728275], [26.8184745, 38.2730676], [26.8183214, 38.2732238], [26.8181688, 38.2733876], [26.8178201, 38.2737793], [26.8176331, 38.2743565], [26.818099, 38.2750301], [26.8184316, 38.2752617], [26.8181741, 38.2755186], [26.8183887, 38.2756744], [26.8185604, 38.2758049], [26.8186676, 38.2764156], [26.8175304, 38.2764156], [26.817392, 38.2775308], [26.8173319, 38.2778895], [26.816585, 38.27829], [26.8164746, 38.278587], [26.8160187, 38.2798133], [26.8159515, 38.2799942], [26.8158544, 38.2802553], [26.8167837, 38.2802324], [26.8172152, 38.2802217], [26.8176216, 38.2809553], [26.8171892, 38.2811994], [26.8115214, 38.2843981]]]]}, "bbox": [26.8115214, 38.2604315, 26.887536, 38.3043097]}, {"id": "212", "type": "Feature", "properties": {"mahalle_adi": "9 Eylül Mahallesi", "_gece_lst_str": "21.9°C"}, "geometry": {"type": "MultiPolygon", "coordinates": [[[[27.0463013, 38.5396734], [27.0458507, 38.5390021], [27.0443058, 38.5373908], [27.0427558, 38.5355431], [27.0421167, 38.5346889], [27.0412373, 38.5335135], [27.040642, 38.5325416], [27.0397555, 38.5309591], [27.0390551, 38.529908], [27.0387232, 38.5292939], [27.0385564, 38.52905], [27.0384805, 38.5288467], [27.0404597, 38.5277207], [27.0399177, 38.5262536], [27.0397782, 38.5258255], [27.0395941, 38.5253213], [27.0400143, 38.524449], [27.0401665, 38.5236808], [27.0401281, 38.523014], [27.0399253, 38.5222186], [27.0382762, 38.5221659], [27.0358782, 38.5221436], [27.0328152, 38.5246168], [27.0316458, 38.5256408], [27.0312703, 38.5262032], [27.0310039, 38.5267501], [27.0306802, 38.5274874], [27.0305407, 38.5279406], [27.03053, 38.5285533], [27.0306158, 38.5291241], [27.0307767, 38.5297367], [27.0317638, 38.5324225], [27.0325577, 38.5351416], [27.0328259, 38.5362326], [27.0335233, 38.5393209], [27.0344782, 38.5434412], [27.0346284, 38.5441545], [27.0366883, 38.5444818], [27.0375466, 38.5442132], [27.0380831, 38.5440706], [27.0381367, 38.5435671], [27.0382762, 38.5432398], [27.0384478, 38.5430468], [27.0386195, 38.542837], [27.0390701, 38.5423419], [27.0392525, 38.5420063], [27.0393705, 38.541444], [27.0395315, 38.5414189], [27.0399338, 38.5413979], [27.0402664, 38.5414314], [27.0436084, 38.5396692], [27.0446491, 38.5396692], [27.0451319, 38.5402902], [27.0463013, 38.5396734]]]]}, "bbox": [27.03053, 38.5221436, 27.0463013, 38.5444818]}, {"id": "214", "type": "Feature", "properties": {"mahalle_adi": "30 Ağustos Mahallesi", "_gece_lst_str": "21.8°C"}, "geometry": {"type": "MultiPolygon", "coordinates": [[[[27.0487904, 38.5640476], [27.0478678, 38.5632884], [27.0464837, 38.5621894], [27.0453465, 38.5611701], [27.044515, 38.5603144], [27.0439625, 38.5596893], [27.0434689, 38.5590643], [27.0428762, 38.5583596], [27.0418864, 38.5571766], [27.0415941, 38.5568222], [27.0412159, 38.5562265], [27.0408404, 38.5555784], [27.0404488, 38.5549156], [27.0398962, 38.5540094], [27.0394081, 38.5531893], [27.0387, 38.5520293], [27.0379811, 38.5508379], [27.0373535, 38.5497785], [27.0371497, 38.5494723], [27.0385337, 38.5492688], [27.0397353, 38.54908], [27.0407706, 38.5488996], [27.0417201, 38.5487612], [27.0429647, 38.5485766], [27.0437304, 38.5484853], [27.0443206, 38.5483669], [27.0452446, 38.5480815], [27.0462692, 38.5479431], [27.0467573, 38.5478004], [27.0479214, 38.5476704], [27.0484855, 38.5475147], [27.049339, 38.5473186], [27.0498258, 38.5490129], [27.0501852, 38.5498142], [27.0503308, 38.5514006], [27.0515478, 38.5554759], [27.0514896, 38.5588962], [27.0505148, 38.5625454], [27.0503276, 38.5632462], [27.0498849, 38.5649033], [27.0487904, 38.5640476]]]]}, "bbox": [27.0371497, 38.5473186, 27.0515478, 38.5649033]}, {"id": "217", "type": "Feature", "properties": {"mahalle_adi": "Cumhuriyet Mahallesi", "_gece_lst_str": "21.2°C"}, "geometry": {"type": "MultiPolygon", "coordinates": [[[[27.0662892, 38.5750195], [27.0661551, 38.5749063], [27.0660049, 38.5749399], [27.0656347, 38.5751789], [27.0652002, 38.5752754], [27.0647389, 38.5753089], [27.0651895, 38.5749818], [27.0656723, 38.5744492], [27.0660317, 38.5738788], [27.0663884, 38.5733525], [27.066544, 38.5730316], [27.0666781, 38.5728219], [27.0669115, 38.5726038], [27.0671368, 38.5723564], [27.0672333, 38.5721593], [27.0676303, 38.5709514], [27.0676811, 38.5706457], [27.061668, 38.5685992], [27.0595193, 38.5676296], [27.0592725, 38.5669753], [27.0569122, 38.5655827], [27.055335, 38.5645761], [27.054702, 38.5641986], [27.0537794, 38.5632758], [27.0528781, 38.5628731], [27.0516443, 38.5624956], [27.0503276, 38.5632462], [27.0498849, 38.5649033], [27.0487904, 38.5640476], [27.0479751, 38.5645593], [27.0470631, 38.5650333], [27.045384, 38.5657212], [27.0441341, 38.5661238], [27.0425034, 38.566753], [27.0412481, 38.5671934], [27.0405775, 38.5674241], [27.0399392, 38.5675247], [27.0390648, 38.5676338], [27.0385981, 38.5677219], [27.0381796, 38.5679022], [27.0372623, 38.5680364], [27.0358247, 38.5682587], [27.0357549, 38.5669627], [27.0332926, 38.5668914], [27.0319676, 38.5667991], [27.0304066, 38.5668075], [27.0299077, 38.5668788], [27.0287061, 38.5668998], [27.0286256, 38.5670633], [27.0275634, 38.5676338], [27.0268285, 38.5660651], [27.0265067, 38.5661322], [27.0256269, 38.5663461], [27.0251656, 38.5655324], [27.0249563, 38.5656666], [27.0244521, 38.5659602], [27.02398, 38.5661532], [27.0230761, 38.5665412], [27.022478, 38.566883], [27.0219523, 38.5664803], [27.0191735, 38.5672269], [27.0178163, 38.5675709], [27.0192379, 38.5693534], [27.0191145, 38.5695589], [27.0216894, 38.5706997], [27.0234597, 38.5714253], [27.0243072, 38.5716308], [27.0262867, 38.5722222], [27.0276064, 38.5725619], [27.0280302, 38.5726667], [27.0303315, 38.5749021], [27.0321232, 38.5752502], [27.0332497, 38.5755731], [27.0339578, 38.5758122], [27.0345265, 38.5761687], [27.0360178, 38.5768229], [27.0375842, 38.5773597], [27.0369887, 38.5778923], [27.0377183, 38.5784249], [27.0380348, 38.5786429], [27.0386624, 38.5788359], [27.039172, 38.5790036], [27.0394832, 38.5791504], [27.0397139, 38.5793936], [27.0401752, 38.5799346], [27.0416665, 38.5818971], [27.0407706, 38.5834865], [27.0418167, 38.583998], [27.0424175, 38.5834277], [27.0433831, 38.5841658], [27.0440161, 38.5838932], [27.0444989, 38.5835661], [27.0447457, 38.5833481], [27.0478678, 38.5839939], [27.0478463, 38.5837339], [27.0493055, 38.5834424], [27.0496917, 38.5791126], [27.0509362, 38.5791294], [27.0512152, 38.5790959], [27.0515585, 38.5788359], [27.0518643, 38.5785884], [27.0520037, 38.5785004], [27.0523095, 38.5784207], [27.0532054, 38.5783536], [27.053715, 38.5782865], [27.0541334, 38.5781565], [27.0545411, 38.5779762], [27.0548093, 38.5778336], [27.0550024, 38.577691], [27.0551526, 38.5776155], [27.0554638, 38.5775568], [27.0560968, 38.5774981], [27.0564616, 38.5774142], [27.0571428, 38.5772548], [27.05769, 38.5772842], [27.0581245, 38.5773177], [27.0588809, 38.577431], [27.0598733, 38.577712], [27.0605707, 38.5778084], [27.0610213, 38.5778923], [27.0613861, 38.5778881], [27.0619279, 38.577821], [27.0622444, 38.5776994], [27.0630813, 38.5772171], [27.0644867, 38.5762945], [27.0658654, 38.5753467], [27.0662892, 38.5750195]]]]}, "bbox": [27.0178163, 38.5624956, 27.0676811, 38.5841658]}, {"id": "221", "type": "Feature", "properties": {"mahalle_adi": "İskele Mahallesi", "_gece_lst_str": "21.7°C"}, "geometry": {"type": "MultiPolygon", "coordinates": [[[[26.7789931, 38.3634294], [26.7791372, 38.3633508], [26.7782628, 38.362295], [26.7777801, 38.3616641], [26.7773938, 38.3612897], [26.7767984, 38.3605872], [26.7767447, 38.360133], [26.7767662, 38.3590729], [26.7768037, 38.3585556], [26.7767662, 38.3582611], [26.7766428, 38.3578783], [26.7766052, 38.3574408], [26.776616, 38.3572599], [26.7764443, 38.3569529], [26.7761761, 38.3565995], [26.7759508, 38.3560695], [26.7761654, 38.3558802], [26.7762673, 38.3558087], [26.7763156, 38.355123], [26.7764014, 38.3545046], [26.7764121, 38.3528135], [26.7764229, 38.3520815], [26.7763585, 38.3519848], [26.7761278, 38.3519343], [26.7758006, 38.3516987], [26.7756236, 38.3515178], [26.7755967, 38.3513495], [26.7756718, 38.3509919], [26.7759079, 38.3501379], [26.776337, 38.3492082], [26.776498, 38.3488253], [26.7766589, 38.3485897], [26.7766696, 38.3482153], [26.7767179, 38.3477736], [26.776793, 38.3473192], [26.7768681, 38.3468438], [26.7768466, 38.3465619], [26.7767662, 38.3462085], [26.7767769, 38.3458341], [26.7767984, 38.3455564], [26.7767018, 38.3448832], [26.7765516, 38.3444246], [26.7760903, 38.3434906], [26.775704, 38.3427459], [26.775527, 38.3422747], [26.7754894, 38.3419718], [26.7754787, 38.3405118], [26.7755055, 38.3386688], [26.7720723, 38.3370026], [26.768947, 38.3354317], [26.7687571, 38.3353363], [26.7656841, 38.3338526], [26.763441, 38.3327695], [26.7634839, 38.3335101], [26.7635322, 38.3336995], [26.7636073, 38.3338215], [26.7635697, 38.334217], [26.7635482, 38.3344064], [26.7636126, 38.3346715], [26.7637199, 38.3352101], [26.7639077, 38.3360853], [26.7639828, 38.3365313], [26.7640418, 38.3367712], [26.7641061, 38.3371246], [26.7641437, 38.3373561], [26.7642027, 38.3375244], [26.7642403, 38.33845], [26.7643744, 38.3386562], [26.7644441, 38.3388203], [26.7644441, 38.3389886], [26.7643797, 38.3392116], [26.7643744, 38.3393505], [26.7644119, 38.3395609], [26.7644334, 38.3397839], [26.7644548, 38.3400363], [26.7645675, 38.340192], [26.7646694, 38.340394], [26.7647888, 38.340497], [26.7648303, 38.3405328], [26.7649591, 38.340659], [26.7650503, 38.3408273], [26.7652219, 38.3412102], [26.7653292, 38.3417403], [26.7653561, 38.3420265], [26.7653024, 38.3423841], [26.7652219, 38.3427712], [26.7652595, 38.3430783], [26.7653936, 38.343377], [26.765635, 38.3437936], [26.7657691, 38.3441133], [26.7658335, 38.3444962], [26.765812, 38.3450305], [26.7657638, 38.3456321], [26.7657155, 38.3457205], [26.7657155, 38.3464862], [26.7656618, 38.3470289], [26.7657423, 38.3472266], [26.7657691, 38.3478283], [26.7658871, 38.3484046], [26.7658013, 38.3484635], [26.7656296, 38.3484762], [26.7655921, 38.3485519], [26.7655089, 38.3485582], [26.765407, 38.3485056], [26.7652595, 38.3484762], [26.7650342, 38.3484488], [26.764943, 38.3484173], [26.7648652, 38.3483331], [26.7647606, 38.3482658], [26.7646399, 38.3483373], [26.7645621, 38.3483815], [26.7644253, 38.348371], [26.7643878, 38.3482805], [26.76431, 38.3482427], [26.764133, 38.3482279], [26.7640257, 38.3482679], [26.7639399, 38.34827], [26.7638004, 38.3481922], [26.7636207, 38.3482784], [26.7632854, 38.348453], [26.7610355, 38.3473091], [26.7605656, 38.3464525], [26.7606837, 38.3462085], [26.7598361, 38.3450221], [26.7589027, 38.3446014], [26.7585459, 38.3447276], [26.7578754, 38.344837], [26.7566979, 38.344879], [26.7564431, 38.34502], [26.756309, 38.3450894], [26.7561963, 38.3451967], [26.7560837, 38.3452451], [26.7558986, 38.3452745], [26.7556331, 38.3453124], [26.7554024, 38.3453187], [26.7552549, 38.3455669], [26.7551449, 38.3458593], [26.7553265, 38.3461592], [26.7548997, 38.3470521], [26.7545809, 38.3473673], [26.7541566, 38.3475213], [26.7542983, 38.3481354], [26.7540617, 38.3487546], [26.7542809, 38.3488206], [26.7539608, 38.3494814], [26.7535977, 38.3494509], [26.7522859, 38.3502466], [26.7519437, 38.3507464], [26.7497551, 38.3512304], [26.7474282, 38.3524181], [26.7476481, 38.3530785], [26.7478573, 38.3534024], [26.7480397, 38.3537895], [26.7481846, 38.3540124], [26.7483079, 38.354126], [26.7483938, 38.3545635], [26.7485386, 38.3549547], [26.7487371, 38.3552113], [26.7488714, 38.3551376], [26.7491873, 38.3557043], [26.7495364, 38.3558928], [26.7496115, 38.3559727], [26.749649, 38.3560947], [26.7496276, 38.3562504], [26.7495739, 38.3563597], [26.7496115, 38.3564817], [26.7496705, 38.3565785], [26.7496759, 38.3566626], [26.7496866, 38.3568225], [26.7497778, 38.3569697], [26.7499012, 38.3570917], [26.7499602, 38.35718], [26.7500406, 38.357281], [26.7500299, 38.3573946], [26.7500192, 38.3575292], [26.7500192, 38.3575965], [26.7500192, 38.3576512], [26.7499763, 38.3577353], [26.750046, 38.3578615], [26.7501157, 38.3579793], [26.7501265, 38.3581013], [26.7498958, 38.358177], [26.7500621, 38.3583284], [26.7500621, 38.3584378], [26.7500836, 38.3585682], [26.7500514, 38.3589383], [26.7499763, 38.359237], [26.7500138, 38.3594221], [26.7501104, 38.3596576], [26.7503893, 38.3600657], [26.7513677, 38.3620671], [26.7515022, 38.3625739], [26.751387, 38.3630802], [26.7514193, 38.3633928], [26.7520255, 38.3631867], [26.7526697, 38.3642151], [26.7531799, 38.3655212], [26.7536989, 38.3664876], [26.7541544, 38.3660774], [26.7546011, 38.3660485], [26.754587, 38.3657327], [26.7557775, 38.3650737], [26.7565058, 38.3645449], [26.7560611, 38.3640196], [26.7562141, 38.3635372], [26.7575626, 38.3631229], [26.7589389, 38.3634773], [26.7591513, 38.3633288], [26.7598169, 38.3634493], [26.7597912, 38.364355], [26.7597066, 38.364766], [26.7603717, 38.3650415], [26.7609092, 38.3650187], [26.7612639, 38.3653293], [26.7612014, 38.3659191], [26.7599643, 38.3669475], [26.7591154, 38.3673093], [26.7588347, 38.3674994], [26.7590916, 38.367625], [26.7592198, 38.3677862], [26.7591438, 38.3678635], [26.7588711, 38.3679523], [26.7584087, 38.368154], [26.7581053, 38.36835], [26.7578769, 38.3687547], [26.757596, 38.3690104], [26.7575641, 38.369487], [26.7572747, 38.3700048], [26.7577353, 38.3703454], [26.7582657, 38.3701856], [26.7583725, 38.3699416], [26.7588039, 38.3699484], [26.758895, 38.3698711], [26.7590174, 38.3694602], [26.7591685, 38.3695618], [26.7593276, 38.3694966], [26.7594116, 38.3692763], [26.7595927, 38.3694674], [26.7599555, 38.369623], [26.7604247, 38.3696419], [26.7604167, 38.369761], [26.7606579, 38.3700714], [26.7607854, 38.3704173], [26.7604506, 38.3709529], [26.7596686, 38.3716663], [26.7593341, 38.3721185], [26.7578003, 38.3735515], [26.7581106, 38.37357], [26.7582482, 38.3735879], [26.7584356, 38.3737137], [26.7587233, 38.3737083], [26.7588215, 38.373774], [26.7588201, 38.3741793], [26.7589937, 38.3743345], [26.7594098, 38.3744069], [26.7592272, 38.3746687], [26.7602027, 38.3749806], [26.7605985, 38.374308], [26.7607498, 38.374356], [26.7607556, 38.3748864], [26.7608918, 38.3748986], [26.7616262, 38.3750812], [26.7614781, 38.3745252], [26.7614755, 38.3741322], [26.7616236, 38.3736883], [26.7617846, 38.3734968], [26.7620184, 38.3733013], [26.7624652, 38.3731852], [26.7624834, 38.3731201], [26.7627172, 38.3731404], [26.7628133, 38.3731079], [26.7627717, 38.3730406], [26.7624002, 38.3729918], [26.7622652, 38.3727881], [26.7621924, 38.3724786], [26.7622808, 38.3720041], [26.762208, 38.3719613], [26.7622574, 38.3718208], [26.7623067, 38.3717047], [26.7630834, 38.3708473], [26.7638809, 38.3700734], [26.7641666, 38.3696966], [26.7643329, 38.3690857], [26.7643355, 38.3686172], [26.7645511, 38.3682343], [26.7647745, 38.367992], [26.7654706, 38.3675134], [26.766372, 38.3667415], [26.766824, 38.3665602], [26.7673357, 38.3664889], [26.7682007, 38.3657394], [26.7683748, 38.3656559], [26.7687384, 38.3653402], [26.7691619, 38.3652099], [26.769484, 38.3651671], [26.7695463, 38.3651773], [26.7696086, 38.3653647], [26.7700762, 38.3652689], [26.7704918, 38.3653504], [26.7706191, 38.3653301], [26.7713283, 38.3653993], [26.7727414, 38.3648779], [26.772757, 38.3647858], [26.7726232, 38.3647441], [26.7722738, 38.3649111], [26.7721803, 38.364905], [26.7716608, 38.3650822], [26.7716374, 38.3650526], [26.7713075, 38.3652634], [26.7708529, 38.3652146], [26.7706464, 38.3651219], [26.7704492, 38.3644884], [26.7708542, 38.3642471], [26.7714426, 38.3640465], [26.7716296, 38.364352], [26.7717101, 38.3643214], [26.7715218, 38.364021], [26.7734882, 38.3633713], [26.774048, 38.3635006], [26.7749273, 38.3634487], [26.7749546, 38.3638418], [26.7750494, 38.3637659], [26.7751312, 38.3638499], [26.775187, 38.363574], [26.7756767, 38.3637746], [26.7758789, 38.3637989], [26.7761196, 38.3637067], [26.7761967, 38.3636289], [26.7762739, 38.3631724], [26.7764557, 38.3629952], [26.7767588, 38.3628613], [26.7771849, 38.3628613], [26.7773943, 38.3628195], [26.7781878, 38.3629535], [26.7787627, 38.3631983], [26.7789931, 38.3634294]]]]}, "bbox": [26.7474282, 38.3327695, 26.7791372, 38.3750812]}, {"id": "223", "type": "Feature", "properties": {"mahalle_adi": "Yelaltı Mahallesi", "_gece_lst_str": "21.8°C"}, "geometry": {"type": "MultiPolygon", "coordinates": [[[[26.7771027, 38.3152273], [26.7798686, 38.3165035], [26.7812848, 38.3170422], [26.7839168, 38.3178185], [26.7830658, 38.3197864], [26.7822075, 38.3213857], [26.7820143, 38.3219749], [26.7819714, 38.3229176], [26.7821161, 38.3233689], [26.7823168, 38.3251095], [26.7811704, 38.3255483], [26.7799634, 38.3259523], [26.7793035, 38.3261417], [26.7787671, 38.3262679], [26.7784774, 38.3263016], [26.7777908, 38.3263731], [26.7767608, 38.3264363], [26.7757469, 38.3264868], [26.774615, 38.3265373], [26.7736334, 38.3265962], [26.7725229, 38.3266677], [26.7718763, 38.326707], [26.7716539, 38.3267308], [26.7708063, 38.3268445], [26.7704469, 38.3269833], [26.7701465, 38.3271685], [26.7697763, 38.327421], [26.7694867, 38.3275809], [26.7691487, 38.3277492], [26.7687356, 38.3278923], [26.7683065, 38.3279681], [26.7677003, 38.3278965], [26.7673033, 38.3278376], [26.766386, 38.3278881], [26.7669654, 38.3271054], [26.7672282, 38.3266046], [26.7676198, 38.3259649], [26.7679685, 38.3255272], [26.7682528, 38.3252032], [26.7683816, 38.3249633], [26.7684674, 38.3245425], [26.7684996, 38.3243531], [26.7683065, 38.3239659], [26.7680544, 38.3235829], [26.767593, 38.322998], [26.7674965, 38.3228296], [26.7675769, 38.3228044], [26.7676306, 38.3224971], [26.767813, 38.3222152], [26.7679632, 38.3220258], [26.768505, 38.321567], [26.7688376, 38.3212388], [26.7691272, 38.3208852], [26.769374, 38.3205191], [26.7690253, 38.3202119], [26.7694652, 38.3197994], [26.7697549, 38.3194417], [26.7699212, 38.3193028], [26.7705435, 38.3192186], [26.7711389, 38.3190713], [26.7715412, 38.318924], [26.7719489, 38.3187893], [26.7723888, 38.3185704], [26.7723942, 38.3183348], [26.7735046, 38.3184694], [26.7741269, 38.3185831], [26.7743415, 38.3182842], [26.7745292, 38.3180738], [26.7748672, 38.3178255], [26.7751139, 38.3176487], [26.7753285, 38.3174677], [26.7754519, 38.3172825], [26.775586, 38.3169122], [26.7759401, 38.316567], [26.7761117, 38.3166302], [26.7762941, 38.3165839], [26.7764014, 38.316445], [26.7771775, 38.3155135], [26.7771027, 38.3152273]]]]}, "bbox": [26.766386, 38.3152273, 26.7839168, 38.3279681]}, {"id": "224", "type": "Feature", "properties": {"mahalle_adi": "Yenikent Mahallesi", "_gece_lst_str": "21.8°C"}, "geometry": {"type": "MultiPolygon", "coordinates": [[[[26.7755055, 38.3386688], [26.7781287, 38.3399353], [26.7798132, 38.3407558], [26.7821741, 38.3419195], [26.7838303, 38.3397527], [26.7850071, 38.3377894], [26.7851156, 38.3367142], [26.7858513, 38.3329012], [26.7856983, 38.3312666], [26.7853111, 38.3299694], [26.7840819, 38.327428], [26.7823168, 38.3251095], [26.7811704, 38.3255483], [26.7799634, 38.3259523], [26.7793035, 38.3261417], [26.7787671, 38.3262679], [26.7784774, 38.3263016], [26.7777908, 38.3263731], [26.7767608, 38.3264363], [26.7757469, 38.3264868], [26.774615, 38.3265373], [26.7736334, 38.3265962], [26.7725229, 38.3266677], [26.7718763, 38.326707], [26.7716539, 38.3267308], [26.7708063, 38.3268445], [26.7704469, 38.3269833], [26.7701465, 38.3271685], [26.7697763, 38.327421], [26.7694867, 38.3275809], [26.7691487, 38.3277492], [26.7687356, 38.3278923], [26.7683065, 38.3279681], [26.7677003, 38.3278965], [26.7673033, 38.3278376], [26.766386, 38.3278881], [26.7665201, 38.3287171], [26.7667186, 38.3298744], [26.7669815, 38.3310611], [26.7671478, 38.3318143], [26.7673302, 38.3324708], [26.7676574, 38.3330725], [26.7686927, 38.3348861], [26.768947, 38.3354317], [26.7720723, 38.3370026], [26.7755055, 38.3386688]]]]}, "bbox": [26.766386, 38.3251095, 26.7858513, 38.3419195]}, {"id": "226", "type": "Feature", "properties": {"mahalle_adi": "Kalabak Mahallesi", "_gece_lst_str": "21.9°C"}, "geometry": {"type": "MultiPolygon", "coordinates": [[[[26.8374119, 38.3474861], [26.8369214, 38.3467984], [26.8361664, 38.3461833], [26.8354583, 38.3457541], [26.8350506, 38.3453839], [26.8346322, 38.3451525], [26.8342191, 38.34498], [26.8345132, 38.3447151], [26.8329209, 38.3439787], [26.8323434, 38.3435912], [26.831907, 38.3432382], [26.8313813, 38.3429016], [26.8311131, 38.3427165], [26.8308341, 38.3425818], [26.8305445, 38.343011], [26.829493, 38.3418582], [26.8258068, 38.335855], [26.8258282, 38.3352936], [26.8221399, 38.3310457], [26.8213177, 38.3300764], [26.820969, 38.3303983], [26.8207061, 38.3304341], [26.8205267, 38.3303959], [26.8203896, 38.3302657], [26.820159, 38.330291], [26.8197834, 38.3303289], [26.8196922, 38.3300343], [26.8193972, 38.3302657], [26.8192255, 38.3305014], [26.8187964, 38.3305477], [26.8185657, 38.3306697], [26.8183136, 38.3309432], [26.8178093, 38.3311116], [26.8172085, 38.3312546], [26.8164468, 38.3312378], [26.8161678, 38.3312126], [26.8159103, 38.3312462], [26.8157789, 38.3313556], [26.8158755, 38.3317785], [26.8150198, 38.3318438], [26.8151164, 38.332092], [26.8152505, 38.332395], [26.8154007, 38.3325549], [26.815685, 38.3328116], [26.8159962, 38.3331188], [26.8156475, 38.3333334], [26.8149501, 38.333872], [26.8147838, 38.3342928], [26.8141079, 38.3343643], [26.8134856, 38.334499], [26.8131477, 38.3345747], [26.8127936, 38.3345242], [26.8126059, 38.3345621], [26.8125039, 38.3349113], [26.8125254, 38.3351217], [26.8125898, 38.3353111], [26.8127185, 38.3356519], [26.8125276, 38.3355227], [26.812013, 38.3355696], [26.8117088, 38.3361769], [26.8116475, 38.3364986], [26.8117261, 38.3368511], [26.8114471, 38.3369269], [26.8112111, 38.3370615], [26.8110931, 38.3372382], [26.8108678, 38.3373392], [26.8106317, 38.3374907], [26.8103528, 38.3375833], [26.8099344, 38.3376001], [26.8095696, 38.3376001], [26.8093872, 38.3374907], [26.8091512, 38.337415], [26.8089366, 38.3373308], [26.8087327, 38.3374907], [26.808089, 38.3375917], [26.8077779, 38.3377768], [26.8076062, 38.3380545], [26.8072951, 38.3382397], [26.8069625, 38.3383659], [26.8066835, 38.3385679], [26.8067157, 38.3390812], [26.8066406, 38.3392663], [26.8065548, 38.3395188], [26.8060398, 38.3400489], [26.8055248, 38.3407558], [26.8050957, 38.3412944], [26.8048274, 38.3421358], [26.804688, 38.342464], [26.8047845, 38.3426323], [26.8047309, 38.3428259], [26.804527, 38.343154], [26.8045163, 38.3434233], [26.8043983, 38.3437851], [26.8042481, 38.3442143], [26.804173, 38.3445172], [26.8040872, 38.3449548], [26.8041515, 38.3452072], [26.8040442, 38.3460991], [26.8040335, 38.3465872], [26.8039155, 38.3467891], [26.8038618, 38.3469911], [26.803658, 38.3479503], [26.8033147, 38.3490946], [26.8044305, 38.3492376], [26.8040228, 38.3498519], [26.8035614, 38.3503903], [26.8033683, 38.3506091], [26.8034005, 38.3508447], [26.8034756, 38.3510719], [26.8034541, 38.3512906], [26.803422, 38.3516103], [26.8033147, 38.3519469], [26.8033791, 38.3522919], [26.803261, 38.3527083], [26.8030143, 38.3531164], [26.8028533, 38.3534361], [26.8027353, 38.3539746], [26.8027085, 38.3542732], [26.8026227, 38.354513], [26.8025315, 38.3547276], [26.8024725, 38.3549842], [26.8025089, 38.3551794], [26.8031722, 38.3551417], [26.8033436, 38.3552191], [26.8037385, 38.3552191], [26.8040762, 38.3553494], [26.8042632, 38.3553494], [26.8043827, 38.3554676], [26.8049334, 38.3556835], [26.8052451, 38.3558668], [26.8054893, 38.3558343], [26.8059205, 38.3559076], [26.80648, 38.3559172], [26.8066894, 38.3558653], [26.8069025, 38.355776], [26.8072588, 38.3556406], [26.8086107, 38.3556608], [26.8093565, 38.3557271], [26.8099626, 38.3559748], [26.8105687, 38.3562485], [26.8105577, 38.3562917], [26.8111418, 38.3565538], [26.8114871, 38.3567785], [26.8115165, 38.3568707], [26.8113622, 38.3571271], [26.8113071, 38.3572999], [26.8113365, 38.3573806], [26.8116084, 38.3576283], [26.8121778, 38.3580086], [26.8122366, 38.3580114], [26.8122549, 38.3579596], [26.8118986, 38.3577147], [26.8114945, 38.3573431], [26.8114614, 38.3571933], [26.8117149, 38.3569053], [26.8123615, 38.3572394], [26.8123596, 38.3573827], [26.8122053, 38.3576939], [26.812344, 38.3576823], [26.8125304, 38.3575361], [26.8126241, 38.3575448], [26.8126829, 38.357606], [26.8126443, 38.3576355], [26.8127995, 38.3577327], [26.8128326, 38.35783], [26.8131614, 38.3581634], [26.8131981, 38.3581504], [26.8132964, 38.3583355], [26.8135315, 38.3584781], [26.8136206, 38.3585904], [26.8136151, 38.3586625], [26.8137951, 38.3588562], [26.8137519, 38.3589541], [26.8143939, 38.3597045], [26.814415, 38.3597953], [26.8142809, 38.3598284], [26.8143158, 38.3599227], [26.8141, 38.3599652], [26.8141165, 38.3600005], [26.8143351, 38.3599566], [26.8143801, 38.3600804], [26.8145032, 38.3600567], [26.8146391, 38.3605773], [26.814809, 38.3609007], [26.8149394, 38.361062], [26.8151231, 38.36117], [26.8154014, 38.3615193], [26.8155667, 38.3621573], [26.815495, 38.3623575], [26.8155345, 38.3625721], [26.815574, 38.362616], [26.8156916, 38.3626715], [26.8159248, 38.3626448], [26.8163271, 38.3627147], [26.8168524, 38.3626124], [26.8171785, 38.3626643], [26.8176248, 38.363218], [26.8176615, 38.3633858], [26.8177956, 38.3635485], [26.8178783, 38.3637775], [26.8181097, 38.3638452], [26.8183678, 38.364044], [26.8188591, 38.3642341], [26.8191291, 38.3641347], [26.8204957, 38.3643853], [26.8208741, 38.3645329], [26.8210614, 38.3647475], [26.8216942, 38.3651464], [26.822484, 38.3654014], [26.8227779, 38.3656397], [26.8230268, 38.3660343], [26.8233244, 38.3662914], [26.8237294, 38.3664354], [26.8238433, 38.3665247], [26.8240462, 38.3665412], [26.8241399, 38.3666248], [26.8241454, 38.3667357], [26.8241078, 38.3667839], [26.8240058, 38.3667479], [26.824004, 38.3667947], [26.8241069, 38.3668091], [26.8243025, 38.3667429], [26.8245211, 38.3669495], [26.8244834, 38.367185], [26.8243374, 38.3672952], [26.8239103, 38.3673002], [26.8236761, 38.367208], [26.8235769, 38.3670892], [26.8234355, 38.3671583], [26.8235016, 38.3672462], [26.823621, 38.3673031], [26.8238525, 38.3673888], [26.8240178, 38.3674248], [26.8241767, 38.3674399], [26.824285, 38.3674183], [26.8243631, 38.3673765], [26.8244742, 38.3673571], [26.8245909, 38.3673096], [26.8247534, 38.3672088], [26.8248315, 38.3672275], [26.8249362, 38.3672491], [26.8250427, 38.3672296], [26.8251336, 38.3672073], [26.8251952, 38.3672181], [26.8253081, 38.3672217], [26.8256323, 38.3672325], [26.8258013, 38.3672368], [26.8259501, 38.3672613], [26.8260438, 38.36728], [26.8261723, 38.3672685], [26.8263083, 38.3672613], [26.8265746, 38.3672599], [26.8267032, 38.3672152], [26.8269162, 38.3672253], [26.8270797, 38.3672455], [26.8273038, 38.3672052], [26.8274379, 38.3672008], [26.8276069, 38.3672858], [26.8277575, 38.3673304], [26.8279595, 38.3673578], [26.8280771, 38.3673448], [26.8280983, 38.3669049], [26.8269396, 38.3665979], [26.8269449, 38.3665011], [26.8271649, 38.3653613], [26.8272239, 38.3649365], [26.8273044, 38.3641962], [26.8280619, 38.3629476], [26.8277802, 38.3604564], [26.8272812, 38.3602412], [26.8274482, 38.3600507], [26.827297, 38.359979], [26.8272675, 38.3596333], [26.8274945, 38.3596813], [26.827535, 38.3594431], [26.8273992, 38.3593896], [26.8270357, 38.3595083], [26.8269452, 38.3593651], [26.8267939, 38.3593291], [26.8268096, 38.3591265], [26.8269458, 38.3591267], [26.8271428, 38.3590198], [26.8281718, 38.3591286], [26.8283687, 38.3590693], [26.8285659, 38.3588669], [26.8290504, 38.35882], [26.8290811, 38.3586293], [26.8291873, 38.3585341], [26.8298079, 38.358535], [26.8297935, 38.3582132], [26.8296125, 38.3579389], [26.8302215, 38.3564262], [26.8311131, 38.356385], [26.8308556, 38.3558507], [26.8306518, 38.3555521], [26.8303782, 38.3553417], [26.8299597, 38.3551314], [26.8295038, 38.3549085], [26.8284309, 38.3544794], [26.8283075, 38.3543532], [26.8280286, 38.354227], [26.8272239, 38.3541134], [26.8263924, 38.3541428], [26.8262368, 38.3541512], [26.8262583, 38.353882], [26.8261778, 38.3533982], [26.8262422, 38.3531627], [26.8264407, 38.3530617], [26.8268162, 38.3530575], [26.8279588, 38.3531332], [26.8281895, 38.3531248], [26.8283182, 38.3527798], [26.8284041, 38.3525232], [26.8283933, 38.3523718], [26.8284041, 38.3521867], [26.8284899, 38.3520436], [26.8286401, 38.3518754], [26.8287152, 38.3517155], [26.8287367, 38.3514379], [26.8287045, 38.3511181], [26.8287313, 38.3505292], [26.8289137, 38.3503525], [26.82895, 38.3500483], [26.8294499, 38.3498345], [26.830434, 38.3496691], [26.8303353, 38.3494438], [26.8303031, 38.3492839], [26.830346, 38.3490567], [26.8303943, 38.3488969], [26.8305069, 38.3487959], [26.8308663, 38.3486066], [26.83098, 38.3491574], [26.8323282, 38.3485992], [26.8320878, 38.34786], [26.83336, 38.3474208], [26.8330886, 38.3469675], [26.8330447, 38.346312], [26.8331816, 38.3460023], [26.8374119, 38.3474861]]]]}, "bbox": [26.8024725, 38.3300343, 26.8374119, 38.3674399]}, {"id": "229", "type": "Feature", "properties": {"mahalle_adi": "Hacı İsa Mahallesi", "_gece_lst_str": "21.8°C"}, "geometry": {"type": "MultiPolygon", "coordinates": [[[[26.766386, 38.3278881], [26.7665201, 38.3287171], [26.7667186, 38.3298744], [26.7669815, 38.3310611], [26.7671478, 38.3318143], [26.7673302, 38.3324708], [26.7676574, 38.3330725], [26.7686927, 38.3348861], [26.768947, 38.3354317], [26.7687571, 38.3353363], [26.7656841, 38.3338526], [26.7654365, 38.3333208], [26.765281, 38.3330472], [26.7652005, 38.3327653], [26.7652112, 38.3322772], [26.7651683, 38.3313093], [26.7650878, 38.3301058], [26.765002, 38.3299207], [26.7647284, 38.3297061], [26.764605, 38.329563], [26.7645138, 38.3294073], [26.7645031, 38.3290117], [26.7643958, 38.3283258], [26.7643793, 38.3282374], [26.7643368, 38.3280102], [26.7642295, 38.3275683], [26.7641383, 38.3272905], [26.7641383, 38.3270002], [26.7641759, 38.3264278], [26.7642778, 38.3260533], [26.7642778, 38.3255315], [26.7642778, 38.3253715], [26.7643422, 38.3250517], [26.7644012, 38.3248118], [26.7643599, 38.3244068], [26.7643583, 38.324391], [26.7643725, 38.3243047], [26.7643744, 38.3242563], [26.7643841, 38.3242674], [26.7645353, 38.3242563], [26.7651737, 38.3238481], [26.7646426, 38.3235956], [26.7650717, 38.3231032], [26.7653936, 38.3228212], [26.7659032, 38.3224466], [26.7662036, 38.3222657], [26.7666918, 38.3225056], [26.7669868, 38.3226697], [26.7672175, 38.3227707], [26.7674965, 38.3228296], [26.767593, 38.322998], [26.7680544, 38.3235829], [26.7683065, 38.3239659], [26.7684996, 38.3243531], [26.7684674, 38.3245425], [26.7683816, 38.3249633], [26.7682528, 38.3252032], [26.7679685, 38.3255272], [26.7676198, 38.3259649], [26.7672282, 38.3266046], [26.7669654, 38.3271054], [26.766386, 38.3278881]]]]}, "bbox": [26.7641383, 38.3222657, 26.768947, 38.3354317]}, {"id": "230", "type": "Feature", "properties": {"mahalle_adi": "Yenice Mahallesi", "_gece_lst_str": "21.5°C"}, "geometry": {"type": "MultiPolygon", "coordinates": [[[[26.8033791, 38.3522919], [26.8033147, 38.3519469], [26.803422, 38.3516103], [26.8034541, 38.3512906], [26.8034756, 38.3510719], [26.8034005, 38.3508447], [26.8033683, 38.3506091], [26.8035614, 38.3503903], [26.8040228, 38.3498519], [26.8044305, 38.3492376], [26.8033147, 38.3490946], [26.803658, 38.3479503], [26.8038618, 38.3469911], [26.8039155, 38.3467891], [26.8040335, 38.3465872], [26.8040442, 38.3460991], [26.8041515, 38.3452072], [26.8040872, 38.3449548], [26.804173, 38.3445172], [26.8042481, 38.3442143], [26.8043983, 38.3437851], [26.8045163, 38.3434233], [26.804527, 38.343154], [26.8047309, 38.3428259], [26.8047845, 38.3426323], [26.804688, 38.342464], [26.8048274, 38.3421358], [26.8050957, 38.3412944], [26.8055248, 38.3407558], [26.8060398, 38.3400489], [26.8065548, 38.3395188], [26.8066406, 38.3392663], [26.8067157, 38.3390812], [26.8066835, 38.3385679], [26.8069625, 38.3383659], [26.8072951, 38.3382397], [26.8076062, 38.3380545], [26.8077779, 38.3377768], [26.808089, 38.3375917], [26.8087327, 38.3374907], [26.8089366, 38.3373308], [26.8091512, 38.337415], [26.8093872, 38.3374907], [26.8095696, 38.3376001], [26.8099344, 38.3376001], [26.8103528, 38.3375833], [26.8106317, 38.3374907], [26.8108678, 38.3373392], [26.8110931, 38.3372382], [26.8112111, 38.3370615], [26.8114471, 38.3369269], [26.8117261, 38.3368511], [26.8116475, 38.3364986], [26.8117088, 38.3361769], [26.812013, 38.3355696], [26.8125276, 38.3355227], [26.8127185, 38.3356519], [26.8125898, 38.3353111], [26.8125254, 38.3351217], [26.8125039, 38.3349113], [26.8126059, 38.3345621], [26.8127936, 38.3345242], [26.8131477, 38.3345747], [26.8134856, 38.334499], [26.8141079, 38.3343643], [26.8147838, 38.3342928], [26.8149501, 38.333872], [26.8156475, 38.3333334], [26.8159962, 38.3331188], [26.815685, 38.3328116], [26.8154007, 38.3325549], [26.8152505, 38.332395], [26.8151164, 38.332092], [26.8150198, 38.3318438], [26.8158755, 38.3317785], [26.8157789, 38.3313556], [26.8159103, 38.3312462], [26.8160283, 38.3305477], [26.8151969, 38.3306865], [26.8144673, 38.3307707], [26.8143788, 38.330554], [26.8142313, 38.330575], [26.8141803, 38.3303478], [26.8145049, 38.3301016], [26.8148053, 38.3299543], [26.8148804, 38.3298954], [26.8148911, 38.3297944], [26.8148214, 38.3296429], [26.8146765, 38.3295924], [26.8143707, 38.3296008], [26.8141079, 38.3294494], [26.8138611, 38.3292852], [26.8153953, 38.3289991], [26.815154, 38.3281196], [26.8147141, 38.3280606], [26.8145907, 38.3279512], [26.8144351, 38.3273957], [26.814419, 38.3271937], [26.8144512, 38.3270128], [26.8145478, 38.3268276], [26.8146443, 38.3267266], [26.8147623, 38.3266467], [26.8149769, 38.3264699], [26.8149072, 38.3263984], [26.8147141, 38.3263479], [26.8144137, 38.3263058], [26.814757, 38.3259902], [26.8147731, 38.3258513], [26.8147838, 38.3256198], [26.8148535, 38.3254515], [26.8148696, 38.3253547], [26.8146309, 38.3252011], [26.8145129, 38.3250917], [26.8144056, 38.3250012], [26.8143278, 38.3249212], [26.8143761, 38.3248728], [26.8145183, 38.3248497], [26.8146792, 38.3248392], [26.8147625, 38.3248143], [26.8148375, 38.3247234], [26.8148428, 38.3246056], [26.8148321, 38.3244625], [26.814875, 38.3243447], [26.8148535, 38.3241216], [26.8148106, 38.3239365], [26.8146765, 38.3238102], [26.8144941, 38.323726], [26.814301, 38.3236377], [26.8141347, 38.3234946], [26.8140167, 38.3233389], [26.8141937, 38.3230653], [26.8143064, 38.3228801], [26.8143761, 38.3226781], [26.8144941, 38.3225308], [26.814934, 38.3225014], [26.8150064, 38.3224151], [26.8150252, 38.3223162], [26.8148482, 38.3221268], [26.8148106, 38.3219374], [26.8148804, 38.321626], [26.8150145, 38.3215208], [26.8147731, 38.3212304], [26.8146862, 38.3210236], [26.8147248, 38.3205401], [26.814875, 38.3202624], [26.8149984, 38.3201277], [26.8151969, 38.3200814], [26.8153953, 38.3200814], [26.8155455, 38.3200477], [26.8155134, 38.3199635], [26.8153202, 38.3197657], [26.8150896, 38.3195932], [26.8149876, 38.3194417], [26.8148589, 38.3191891], [26.8150091, 38.3188861], [26.8147194, 38.3187556], [26.81458, 38.3185789], [26.8147248, 38.3184863], [26.8146497, 38.3183011], [26.8147677, 38.3181748], [26.8149233, 38.318078], [26.8149393, 38.3179307], [26.8148643, 38.3176529], [26.8147945, 38.3173751], [26.8144727, 38.3171016], [26.8143654, 38.3169458], [26.8144888, 38.3168406], [26.8145746, 38.3167564], [26.8142474, 38.3165418], [26.8141991, 38.316445], [26.8141937, 38.316264], [26.8137753, 38.3158431], [26.8140113, 38.3154138], [26.8138718, 38.3152623], [26.8136144, 38.3152033], [26.8134105, 38.3152959], [26.8131584, 38.3153086], [26.8130672, 38.3151318], [26.8131155, 38.3149508], [26.8129492, 38.3147488], [26.8127775, 38.3144205], [26.8125898, 38.3139827], [26.8122518, 38.3137849], [26.8122625, 38.3135408], [26.8120908, 38.3133177], [26.8117368, 38.3132167], [26.8114901, 38.3130062], [26.8113935, 38.3126569], [26.8111628, 38.3125558], [26.8106425, 38.3123075], [26.8102777, 38.311895], [26.8100628, 38.3114704], [26.8098378, 38.3110363], [26.8099236, 38.3108427], [26.8100631, 38.3106659], [26.81046, 38.3100177], [26.8104279, 38.30926], [26.8106854, 38.3090832], [26.8103528, 38.3089822], [26.8102884, 38.3083676], [26.8104923, 38.3082498], [26.8103957, 38.3077783], [26.8108463, 38.3078541], [26.8113398, 38.3075763], [26.8110903, 38.3070245], [26.8106317, 38.3069533], [26.8107605, 38.3064397], [26.8105781, 38.3062124], [26.8105781, 38.305884], [26.8104923, 38.3056483], [26.8105137, 38.3052021], [26.8106746, 38.3048064], [26.8111635, 38.3047385], [26.8095374, 38.303914], [26.8084982, 38.3037548], [26.8074102, 38.3033776], [26.8055951, 38.3034461], [26.8052351, 38.303392], [26.8045976, 38.3031763], [26.8042794, 38.3034082], [26.8030964, 38.3046218], [26.8021774, 38.3049664], [26.8015551, 38.3053705], [26.8011904, 38.3055473], [26.8008149, 38.305682], [26.8003964, 38.305783], [26.7998278, 38.3057662], [26.799109, 38.3059767], [26.798418, 38.3063837], [26.7977679, 38.3062208], [26.7974031, 38.3061871], [26.7966413, 38.3064313], [26.7960083, 38.306827], [26.7953074, 38.3072364], [26.7944097, 38.3072732], [26.794281, 38.3076015], [26.7940235, 38.3078541], [26.7934978, 38.3084518], [26.7929721, 38.3087128], [26.7925644, 38.3089485], [26.7917597, 38.3089906], [26.7912662, 38.3090411], [26.7908424, 38.3091548], [26.7905152, 38.3092221], [26.7899412, 38.3093821], [26.7896891, 38.3095673], [26.7895442, 38.3097062], [26.7894262, 38.3098956], [26.7893726, 38.3100303], [26.7893082, 38.3101903], [26.7891687, 38.3103081], [26.7889863, 38.3103839], [26.7888629, 38.3104091], [26.7886591, 38.3104344], [26.788525, 38.310447], [26.7883104, 38.3105565], [26.788187, 38.3106954], [26.7880636, 38.3108511], [26.7879456, 38.3111836], [26.7878276, 38.3119413], [26.7878061, 38.3121433], [26.787951, 38.3123496], [26.7881763, 38.31264], [26.7882568, 38.3129052], [26.7882836, 38.313103], [26.7881709, 38.3132461], [26.7880154, 38.3131535], [26.787892, 38.312901], [26.787715, 38.31264], [26.7875487, 38.3125264], [26.7873341, 38.3124464], [26.7870122, 38.312358], [26.7865992, 38.3121854], [26.7861324, 38.3119539], [26.7856765, 38.3118824], [26.7851132, 38.3118108], [26.7846572, 38.3118234], [26.7841852, 38.3118277], [26.7835468, 38.3117477], [26.7830104, 38.3117393], [26.7826241, 38.3117519], [26.782136, 38.3117982], [26.7817658, 38.311794], [26.7811596, 38.3118192], [26.7803657, 38.3118866], [26.7793143, 38.3119792], [26.7787242, 38.3120676], [26.7776352, 38.3121896], [26.7775977, 38.3122317], [26.7774582, 38.3124422], [26.7773455, 38.3126316], [26.777308, 38.3127789], [26.7773062, 38.312999], [26.777516, 38.3136311], [26.7771027, 38.3152273], [26.7798686, 38.3165035], [26.7812848, 38.3170422], [26.7839168, 38.3178185], [26.7830658, 38.3197864], [26.7822075, 38.3213857], [26.7820143, 38.3219749], [26.7819714, 38.3229176], [26.7821161, 38.3233689], [26.7823168, 38.3251095], [26.7840819, 38.327428], [26.7853111, 38.3299694], [26.7856983, 38.3312666], [26.7858513, 38.3329012], [26.7851156, 38.3367142], [26.7850071, 38.3377894], [26.7838303, 38.3397527], [26.7821741, 38.3419195], [26.7844427, 38.3430278], [26.7899251, 38.3456952], [26.7916632, 38.3465619], [26.7929828, 38.3472098], [26.7943293, 38.3478661], [26.796931, 38.3491451], [26.7990285, 38.3501758], [26.8017214, 38.3514841], [26.8033791, 38.3522919]]]]}, "bbox": [26.7771027, 38.3031763, 26.8160283, 38.3522919]}, {"id": "231", "type": "Feature", "properties": {"mahalle_adi": "Ovacık Mahallesi", "_gece_lst_str": "21.3°C"}, "geometry": {"type": "MultiPolygon", "coordinates": [[[[26.7912662, 38.3090411], [26.7917597, 38.3089906], [26.7925644, 38.3089485], [26.7929721, 38.3087128], [26.7934978, 38.3084518], [26.7940235, 38.3078541], [26.794281, 38.3076015], [26.7944097, 38.3072732], [26.7953074, 38.3072364], [26.7960083, 38.306827], [26.7966413, 38.3064313], [26.7974031, 38.3061871], [26.7977679, 38.3062208], [26.798418, 38.3063837], [26.799109, 38.3059767], [26.7998278, 38.3057662], [26.8003964, 38.305783], [26.8008149, 38.305682], [26.8011904, 38.3055473], [26.8015551, 38.3053705], [26.8021774, 38.3049664], [26.8030964, 38.3046218], [26.8042794, 38.3034082], [26.8045976, 38.3031763], [26.8052351, 38.303392], [26.8055951, 38.3034461], [26.8074102, 38.3033776], [26.8084982, 38.3037548], [26.8095374, 38.303914], [26.8111635, 38.3047385], [26.8130993, 38.3044697], [26.8131531, 38.3044403], [26.8135929, 38.3042002], [26.8141723, 38.3041076], [26.8150696, 38.3042175], [26.8144359, 38.303486], [26.8141508, 38.3031226], [26.8135928, 38.3027269], [26.8214727, 38.2981206], [26.818217, 38.2889598], [26.8178737, 38.2889429], [26.8173802, 38.288825], [26.8167472, 38.288665], [26.8165433, 38.288244], [26.8164658, 38.2880637], [26.8162429, 38.287545], [26.8157816, 38.2871577], [26.81517, 38.2866271], [26.81517, 38.2861134], [26.8148267, 38.2857092], [26.8150628, 38.2853386], [26.8154275, 38.2849765], [26.816151, 38.2845072], [26.8115214, 38.2843981], [26.8054925, 38.2878005], [26.8053435, 38.2878192], [26.8051264, 38.2878465], [26.8047891, 38.2878888], [26.8045774, 38.2871382], [26.8045419, 38.2870124], [26.8029277, 38.2859953], [26.8025422, 38.2857525], [26.8023229, 38.2856143], [26.8016286, 38.2854109], [26.8008499, 38.2851827], [26.8004206, 38.2845742], [26.7971304, 38.2851048], [26.7948592, 38.2862271], [26.7926727, 38.2869447], [26.7924754, 38.2870095], [26.7917597, 38.2868966], [26.7913949, 38.2865429], [26.7905795, 38.2865345], [26.7902577, 38.286745], [26.7897534, 38.2868292], [26.7893886, 38.2867197], [26.7887448, 38.28645], [26.7881245, 38.2856789], [26.7874651, 38.2890774], [26.7849119, 38.2934168], [26.7833122, 38.2974183], [26.782994, 38.2975965], [26.7821965, 38.2987928], [26.7821014, 38.3002585], [26.7829389, 38.3008679], [26.7838454, 38.3011735], [26.7840052, 38.3008698], [26.785661, 38.3009444], [26.7868886, 38.3000528], [26.7876152, 38.2998396], [26.787228, 38.3003573], [26.7876128, 38.3006619], [26.7870283, 38.3012029], [26.7868781, 38.3011692], [26.7867172, 38.3015313], [26.786524, 38.3018344], [26.7863309, 38.3021038], [26.7859876, 38.302289], [26.7854045, 38.3033037], [26.7857214, 38.3035367], [26.7880534, 38.3051498], [26.789641, 38.3053314], [26.7900285, 38.3046886], [26.7919095, 38.3054249], [26.7925966, 38.3058504], [26.7927468, 38.3061198], [26.7927897, 38.3071132], [26.7925858, 38.3079298], [26.7923176, 38.3082919], [26.7918777, 38.3087296], [26.7912662, 38.3090411]]]]}, "bbox": [26.7821014, 38.2843981, 26.8214727, 38.3090411]}, {"id": "232", "type": "Feature", "properties": {"mahalle_adi": "Camiatik Mahallesi", "_gece_lst_str": "21.2°C"}, "geometry": {"type": "MultiPolygon", "coordinates": [[[[26.7674965, 38.3228296], [26.7675769, 38.3228044], [26.7676306, 38.3224971], [26.767813, 38.3222152], [26.7679632, 38.3220258], [26.768505, 38.321567], [26.7688376, 38.3212388], [26.7691272, 38.3208852], [26.769374, 38.3205191], [26.7690253, 38.3202119], [26.7687464, 38.3194543], [26.7686069, 38.3189997], [26.7684567, 38.3186125], [26.768403, 38.3183095], [26.7683065, 38.317897], [26.7683387, 38.3175351], [26.7683923, 38.3171815], [26.768446, 38.3170132], [26.7685425, 38.3167606], [26.7685962, 38.3164829], [26.7685425, 38.3163313], [26.7683709, 38.3160283], [26.7683816, 38.3157084], [26.7685318, 38.3155148], [26.7688215, 38.3152875], [26.769197, 38.3151528], [26.7694759, 38.3150266], [26.7695296, 38.3147235], [26.7695188, 38.3143615], [26.7693794, 38.3138817], [26.7692399, 38.3135871], [26.7689502, 38.3132083], [26.7688429, 38.3127958], [26.7690897, 38.3122907], [26.7693365, 38.3117182], [26.7693901, 38.3114657], [26.7697441, 38.3111037], [26.7695403, 38.31091], [26.770066, 38.3105733], [26.7707634, 38.3104807], [26.771096, 38.3104807], [26.7716002, 38.3104386], [26.7720079, 38.3103039], [26.7724371, 38.3101861], [26.7726158, 38.3101118], [26.7728019, 38.3100345], [26.7731881, 38.3098746], [26.7734563, 38.3097735], [26.7740679, 38.3096304], [26.7740357, 38.3094957], [26.7739391, 38.3093358], [26.7739284, 38.3090916], [26.7739713, 38.3089485], [26.7740357, 38.3088054], [26.7742503, 38.308637], [26.7744541, 38.3084097], [26.7746365, 38.3082329], [26.7745078, 38.3080309], [26.7750871, 38.3075678], [26.7757201, 38.3070122], [26.7760205, 38.3069196], [26.7764604, 38.3067596], [26.7765891, 38.3065071], [26.7768862, 38.3063244], [26.7770612, 38.3060272], [26.7772114, 38.3057493], [26.777426, 38.305581], [26.7777049, 38.3054884], [26.7782092, 38.3052947], [26.7784667, 38.30516], [26.778692, 38.3049748], [26.7789388, 38.3047727], [26.779561, 38.3046885], [26.7800867, 38.304638], [26.7803764, 38.3044107], [26.78087, 38.3043602], [26.7813849, 38.3042592], [26.7818677, 38.304175], [26.7824471, 38.3043097], [26.7825651, 38.3044444], [26.7825973, 38.3047559], [26.7826939, 38.3050421], [26.7827046, 38.3052863], [26.7828226, 38.3053536], [26.7829299, 38.3052442], [26.7830157, 38.3049074], [26.7830586, 38.304798], [26.7833483, 38.3045286], [26.78422, 38.3043717], [26.7846736, 38.3044082], [26.7851051, 38.304266], [26.7850382, 38.3038726], [26.7854045, 38.3033037], [26.7859876, 38.302289], [26.7863309, 38.3021038], [26.786524, 38.3018344], [26.7867172, 38.3015313], [26.7868781, 38.3011692], [26.7870283, 38.3012029], [26.7876128, 38.3006619], [26.787228, 38.3003573], [26.7876152, 38.2998396], [26.7868886, 38.3000528], [26.785661, 38.3009444], [26.7840052, 38.3008698], [26.7838454, 38.3011735], [26.7829389, 38.3008679], [26.7821014, 38.3002585], [26.7821965, 38.2987928], [26.7804755, 38.2994642], [26.7804741, 38.2999052], [26.7779177, 38.300103], [26.7775955, 38.3015802], [26.7764604, 38.301864], [26.7764287, 38.3023169], [26.7742041, 38.3027536], [26.7730847, 38.3028348], [26.7711934, 38.3030695], [26.7701503, 38.3029364], [26.7691226, 38.3026841], [26.7685932, 38.3027069], [26.7678854, 38.301764], [26.7674027, 38.3013459], [26.7668742, 38.3011065], [26.76639, 38.3011651], [26.7656499, 38.3008776], [26.764984, 38.3010074], [26.7643644, 38.300875], [26.7638803, 38.3009098], [26.7635033, 38.3005753], [26.76267, 38.3010384], [26.7611825, 38.3009882], [26.7608285, 38.3009166], [26.7604852, 38.3008072], [26.7601365, 38.300664], [26.7597932, 38.3005167], [26.7595035, 38.3003441], [26.759364, 38.3003609], [26.7593372, 38.3004199], [26.759364, 38.3005167], [26.7594284, 38.3006388], [26.759482, 38.3007061], [26.7595679, 38.300824], [26.759659, 38.3009377], [26.7596537, 38.3010345], [26.7596269, 38.3011692], [26.7595732, 38.3012997], [26.7595893, 38.3014344], [26.7596483, 38.3015481], [26.759761, 38.301687], [26.7599595, 38.3018723], [26.7597556, 38.3018765], [26.7592728, 38.3018512], [26.759026, 38.3018217], [26.7588544, 38.3018765], [26.7586774, 38.3018807], [26.7585272, 38.3018344], [26.7582911, 38.3017838], [26.758039, 38.301746], [26.7577493, 38.3017039], [26.7575133, 38.3016618], [26.7574543, 38.3017291], [26.757406, 38.3018765], [26.7574006, 38.3019817], [26.7574167, 38.3021585], [26.757406, 38.3022638], [26.7573684, 38.3023732], [26.7573202, 38.3025079], [26.7572933, 38.3026426], [26.7572933, 38.3035603], [26.7572719, 38.3038298], [26.7571914, 38.3039266], [26.7570949, 38.304036], [26.7570305, 38.3041834], [26.7569661, 38.3044191], [26.7568964, 38.3046338], [26.7568052, 38.3047938], [26.7568105, 38.3049116], [26.7565745, 38.3053789], [26.7559898, 38.3052021], [26.7555177, 38.3049958], [26.75511, 38.3047769], [26.7548794, 38.3046633], [26.7546326, 38.3044696], [26.7541069, 38.3040571], [26.7531681, 38.3042928], [26.7534471, 38.3050884], [26.7538226, 38.3050337], [26.7540425, 38.3054084], [26.7530447, 38.3057578], [26.7534041, 38.3062839], [26.7535919, 38.3064818], [26.753785, 38.3066838], [26.7540049, 38.3069154], [26.7541766, 38.3071764], [26.7543375, 38.3074037], [26.7545092, 38.3075636], [26.7546916, 38.3076983], [26.7549062, 38.307833], [26.7551959, 38.3079341], [26.755625, 38.3080309], [26.7560166, 38.3081614], [26.7563707, 38.3082961], [26.7564994, 38.3084223], [26.7566282, 38.3086244], [26.7568535, 38.3089233], [26.7571163, 38.3091842], [26.7573309, 38.3093947], [26.7574489, 38.3096178], [26.7575616, 38.3100135], [26.7576367, 38.3103207], [26.7577922, 38.3106722], [26.7579558, 38.3109732], [26.7581651, 38.3112447], [26.7583501, 38.311453], [26.758613, 38.3117498], [26.7588088, 38.3119413], [26.7590314, 38.3120655], [26.7592996, 38.3121896], [26.7595866, 38.3123791], [26.7600051, 38.3126674], [26.7604583, 38.3129283], [26.7607963, 38.313122], [26.7611182, 38.3132819], [26.7615661, 38.3134818], [26.7621455, 38.3137049], [26.762352, 38.3137617], [26.7629743, 38.3138543], [26.7630199, 38.3141679], [26.7630547, 38.314412], [26.7631003, 38.3146814], [26.7631325, 38.3148561], [26.7632076, 38.3150876], [26.7633417, 38.315317], [26.7634812, 38.3155127], [26.7639801, 38.3160283], [26.7644682, 38.3165292], [26.7647687, 38.3168259], [26.7650878, 38.3170363], [26.7651066, 38.3171521], [26.7651093, 38.3172152], [26.7651415, 38.3172846], [26.76523, 38.3173646], [26.7653856, 38.317474], [26.7655438, 38.3176108], [26.7655706, 38.3176803], [26.7656699, 38.3177729], [26.7658201, 38.3178886], [26.7659569, 38.3180317], [26.7661795, 38.3181832], [26.7663404, 38.3183263], [26.766488, 38.3184631], [26.7666167, 38.3185999], [26.7666864, 38.3186946], [26.7667937, 38.3188082], [26.7668608, 38.319025], [26.7668715, 38.3191008], [26.7668608, 38.3191765], [26.7668474, 38.3193154], [26.7668125, 38.3193869], [26.7667696, 38.3194669], [26.7667133, 38.3195721], [26.7666891, 38.3196353], [26.7666864, 38.31969], [26.7667133, 38.3197489], [26.7667776, 38.3198352], [26.7668286, 38.3199993], [26.7668152, 38.3200877], [26.7667696, 38.320235], [26.7666596, 38.320498], [26.7667857, 38.3204623], [26.7668742, 38.3204854], [26.7669117, 38.3205401], [26.766952, 38.3206559], [26.7669171, 38.320719], [26.7668849, 38.3207695], [26.7668688, 38.3208579], [26.7668635, 38.3209421], [26.7668769, 38.3211272], [26.7668903, 38.3212809], [26.766901, 38.3213524], [26.766893, 38.321466], [26.7669064, 38.321546], [26.766724, 38.3217164], [26.7665416, 38.3219353], [26.7664772, 38.3220363], [26.7663565, 38.3221478], [26.7662036, 38.3222657], [26.7666918, 38.3225056], [26.7669868, 38.3226697], [26.7672175, 38.3227707], [26.7674965, 38.3228296]]]]}, "bbox": [26.7530447, 38.2987928, 26.7876152, 38.3228296]}, {"id": "233", "type": "Feature", "properties": {"mahalle_adi": "Naipli Mahallesi", "_gece_lst_str": "21.3°C"}, "geometry": {"type": "MultiPolygon", "coordinates": [[[[26.7854045, 38.3033037], [26.7857214, 38.3035367], [26.7880534, 38.3051498], [26.789641, 38.3053314], [26.7900285, 38.3046886], [26.7919095, 38.3054249], [26.7925966, 38.3058504], [26.7927468, 38.3061198], [26.7927897, 38.3071132], [26.7925858, 38.3079298], [26.7923176, 38.3082919], [26.7918777, 38.3087296], [26.7912662, 38.3090411], [26.7908424, 38.3091548], [26.7905152, 38.3092221], [26.7899412, 38.3093821], [26.7896891, 38.3095673], [26.7895442, 38.3097062], [26.7894262, 38.3098956], [26.7893726, 38.3100303], [26.7893082, 38.3101903], [26.7891687, 38.3103081], [26.7889863, 38.3103839], [26.7888629, 38.3104091], [26.7886591, 38.3104344], [26.788525, 38.310447], [26.7883104, 38.3105565], [26.788187, 38.3106954], [26.7880636, 38.3108511], [26.7879456, 38.3111836], [26.7878276, 38.3119413], [26.7878061, 38.3121433], [26.787951, 38.3123496], [26.7881763, 38.31264], [26.7882568, 38.3129052], [26.7882836, 38.313103], [26.7881709, 38.3132461], [26.7880154, 38.3131535], [26.787892, 38.312901], [26.787715, 38.31264], [26.7875487, 38.3125264], [26.7873341, 38.3124464], [26.7870122, 38.312358], [26.7865992, 38.3121854], [26.7861324, 38.3119539], [26.7856765, 38.3118824], [26.7851132, 38.3118108], [26.7846572, 38.3118234], [26.7841852, 38.3118277], [26.7835468, 38.3117477], [26.7830104, 38.3117393], [26.7826241, 38.3117519], [26.782136, 38.3117982], [26.7817658, 38.311794], [26.7811596, 38.3118192], [26.7803657, 38.3118866], [26.7793143, 38.3119792], [26.7787242, 38.3120676], [26.7776352, 38.3121896], [26.7775977, 38.3122317], [26.7774582, 38.3124422], [26.7773455, 38.3126316], [26.777308, 38.3127789], [26.7773062, 38.312999], [26.777516, 38.3136311], [26.7771027, 38.3152273], [26.7771775, 38.3155135], [26.7764014, 38.316445], [26.7762941, 38.3165839], [26.7761117, 38.3166302], [26.7759401, 38.316567], [26.775586, 38.3169122], [26.7754519, 38.3172825], [26.7753285, 38.3174677], [26.7751139, 38.3176487], [26.7748672, 38.3178255], [26.7745292, 38.3180738], [26.7743415, 38.3182842], [26.7741269, 38.3185831], [26.7735046, 38.3184694], [26.7723942, 38.3183348], [26.7723888, 38.3185704], [26.7719489, 38.3187893], [26.7715412, 38.318924], [26.7711389, 38.3190713], [26.7705435, 38.3192186], [26.7699212, 38.3193028], [26.7697549, 38.3194417], [26.7694652, 38.3197994], [26.7690253, 38.3202119], [26.7687464, 38.3194543], [26.7686069, 38.3189997], [26.7684567, 38.3186125], [26.768403, 38.3183095], [26.7683065, 38.317897], [26.7683387, 38.3175351], [26.7683923, 38.3171815], [26.768446, 38.3170132], [26.7685425, 38.3167606], [26.7685962, 38.3164829], [26.7685425, 38.3163313], [26.7683709, 38.3160283], [26.7683816, 38.3157084], [26.7685318, 38.3155148], [26.7688215, 38.3152875], [26.769197, 38.3151528], [26.7694759, 38.3150266], [26.7695296, 38.3147235], [26.7695188, 38.3143615], [26.7693794, 38.3138817], [26.7692399, 38.3135871], [26.7689502, 38.3132083], [26.7688429, 38.3127958], [26.7690897, 38.3122907], [26.7693365, 38.3117182], [26.7693901, 38.3114657], [26.7697441, 38.3111037], [26.7695403, 38.31091], [26.770066, 38.3105733], [26.7707634, 38.3104807], [26.771096, 38.3104807], [26.7716002, 38.3104386], [26.7720079, 38.3103039], [26.7724371, 38.3101861], [26.7726158, 38.3101118], [26.7728019, 38.3100345], [26.7731881, 38.3098746], [26.7734563, 38.3097735], [26.7740679, 38.3096304], [26.7740357, 38.3094957], [26.7739391, 38.3093358], [26.7739284, 38.3090916], [26.7739713, 38.3089485], [26.7740357, 38.3088054], [26.7742503, 38.308637], [26.7744541, 38.3084097], [26.7746365, 38.3082329], [26.7745078, 38.3080309], [26.7750871, 38.3075678], [26.7757201, 38.3070122], [26.7760205, 38.3069196], [26.7764604, 38.3067596], [26.7765891, 38.3065071], [26.7768862, 38.3063244], [26.7770612, 38.3060272], [26.7772114, 38.3057493], [26.777426, 38.305581], [26.7777049, 38.3054884], [26.7782092, 38.3052947], [26.7784667, 38.30516], [26.778692, 38.3049748], [26.7789388, 38.3047727], [26.779561, 38.3046885], [26.7800867, 38.304638], [26.7803764, 38.3044107], [26.78087, 38.3043602], [26.7813849, 38.3042592], [26.7818677, 38.304175], [26.7824471, 38.3043097], [26.7825651, 38.3044444], [26.7825973, 38.3047559], [26.7826939, 38.3050421], [26.7827046, 38.3052863], [26.7828226, 38.3053536], [26.7829299, 38.3052442], [26.7830157, 38.3049074], [26.7830586, 38.304798], [26.7833483, 38.3045286], [26.78422, 38.3043717], [26.7846736, 38.3044082], [26.7851051, 38.304266], [26.7850382, 38.3038726], [26.7854045, 38.3033037]]]]}, "bbox": [26.7683065, 38.3033037, 26.7927897, 38.3202119]}, {"id": "237", "type": "Feature", "properties": {"mahalle_adi": "Kısık Mahallesi", "_gece_lst_str": "21.4°C"}, "geometry": {"type": "MultiPolygon", "coordinates": [[[[27.2137943, 38.277879], [27.2127056, 38.2784412], [27.2109997, 38.2793002], [27.2102594, 38.2797129], [27.2093904, 38.280134], [27.208811, 38.2804456], [27.2083712, 38.2806393], [27.2078669, 38.2807825], [27.2074163, 38.2808836], [27.2068584, 38.2809678], [27.2061717, 38.2809846], [27.2048843, 38.2810099], [27.2036505, 38.2810267], [27.2027278, 38.2810099], [27.2018158, 38.2809173], [27.2005391, 38.2806478], [27.197181, 38.2797971], [27.1960866, 38.2794939], [27.1945846, 38.2790812], [27.1934152, 38.2789381], [27.1922028, 38.278778], [27.1913445, 38.2782138], [27.1908939, 38.2772368], [27.1913767, 38.2770936], [27.1910763, 38.2764619], [27.1913767, 38.2762513], [27.1915805, 38.2762177], [27.1913659, 38.2757713], [27.1913981, 38.2754007], [27.1911621, 38.2748532], [27.1910226, 38.2746932], [27.1910334, 38.2743057], [27.1911008, 38.2739355], [27.1911144, 38.2737955], [27.1910932, 38.2736248], [27.1910319, 38.273477], [27.1909166, 38.2733525], [27.1907831, 38.273242], [27.1906656, 38.2730811], [27.1897218, 38.2713616], [27.189585, 38.2711134], [27.188555, 38.2701532], [27.1884584, 38.2697068], [27.1882546, 38.2693951], [27.1876216, 38.2680474], [27.187686, 38.2678452], [27.1906726, 38.2638682], [27.1916743, 38.2619573], [27.191087, 38.2617885], [27.1905291, 38.2615358], [27.1900892, 38.2611819], [27.1898317, 38.2609629], [27.1892631, 38.2607186], [27.1885764, 38.2605417], [27.1879649, 38.2604743], [27.1873319, 38.2606091], [27.1869671, 38.2607355], [27.1853578, 38.2613589], [27.1848857, 38.2615526], [27.1846068, 38.2615526], [27.1841884, 38.2613252], [27.1837699, 38.2610219], [27.1831906, 38.2604827], [27.1830082, 38.2601373], [27.1829975, 38.2598678], [27.18333, 38.2586883], [27.1816563, 38.2560345], [27.1811092, 38.2561778], [27.1796179, 38.2565316], [27.1780193, 38.2569192], [27.1785128, 38.2572814], [27.1789849, 38.2575005], [27.1791565, 38.2578122], [27.1794355, 38.2584861], [27.1793818, 38.2589916], [27.1792745, 38.2592528], [27.1790385, 38.259396], [27.1786523, 38.2594802], [27.1779227, 38.2593454], [27.1776008, 38.259059], [27.1771288, 38.2584946], [27.1765172, 38.2581323], [27.17538, 38.2575005], [27.1738028, 38.2568096], [27.1731698, 38.2581155], [27.1730411, 38.2586546], [27.1718824, 38.2584693], [27.1714318, 38.2584946], [27.1715712, 38.2612156], [27.1713781, 38.2611651], [27.1712172, 38.2610472], [27.1709812, 38.2608618], [27.1690714, 38.2610556], [27.1685886, 38.2611145], [27.1686852, 38.2614852], [27.1686423, 38.2616621], [27.1685457, 38.2618138], [27.1683204, 38.2619148], [27.1679449, 38.2620412], [27.1676874, 38.2620328], [27.1674514, 38.2620581], [27.1673012, 38.2621002], [27.1671617, 38.262176], [27.1669686, 38.2623866], [27.1668398, 38.2625972], [27.1667433, 38.2628247], [27.1666145, 38.2636165], [27.1665394, 38.2638777], [27.1668076, 38.2640882], [27.1668613, 38.2642483], [27.1668613, 38.2647453], [27.1669686, 38.2657056], [27.1670222, 38.2665396], [27.1666789, 38.2674662], [27.1663785, 38.2680221], [27.1663463, 38.2683843], [27.1662283, 38.2693951], [27.1661639, 38.2700521], [27.1661103, 38.2702206], [27.1661317, 38.2703806], [27.1661746, 38.2705407], [27.1662068, 38.2707176], [27.1661532, 38.2709787], [27.1661451, 38.2714104], [27.1664858, 38.2713746], [27.1666038, 38.2730423], [27.1666467, 38.2740699], [27.1666896, 38.2743984], [27.1676767, 38.2768157], [27.1687281, 38.2769083], [27.1703717, 38.2775186], [27.170949, 38.2774558], [27.1711743, 38.2779442], [27.1653163, 38.2811783], [27.1670651, 38.2829722], [27.1686219, 38.2827302], [27.1704642, 38.2820683], [27.171921, 38.282239], [27.173481, 38.2822649], [27.1751933, 38.2823766], [27.1770165, 38.2825316], [27.1772167, 38.2825763], [27.1807659, 38.283587], [27.1820339, 38.283835], [27.1870208, 38.284547], [27.1909265, 38.2846259], [27.1991214, 38.2846158], [27.205546, 38.2850292], [27.2067189, 38.2849344], [27.212301, 38.2847357], [27.2153893, 38.2846045], [27.2145784, 38.2840382], [27.2135633, 38.2838749], [27.2125769, 38.2838396], [27.2121262, 38.2837301], [27.2115469, 38.2835112], [27.2109675, 38.2831911], [27.2103023, 38.2829806], [27.2094011, 38.2828795], [27.2087094, 38.2828222], [27.2084248, 38.2817173], [27.2090578, 38.2817931], [27.2090256, 38.2810183], [27.209762, 38.2806616], [27.2105873, 38.2803156], [27.211917, 38.2799235], [27.2128129, 38.2797676], [27.2147387, 38.2793129], [27.2151947, 38.2792244], [27.2151196, 38.279157], [27.2139823, 38.2789044], [27.2137943, 38.277879]]]]}, "bbox": [27.1653163, 38.2560345, 27.2153893, 38.2850292]}, {"id": "241", "type": "Feature", "properties": {"mahalle_adi": "İnecik Mahallesi", "_gece_lst_str": "21.3°C"}, "geometry": {"type": "MultiPolygon", "coordinates": [[[[26.5606606, 38.5424678], [26.5606284, 38.5426231], [26.5606123, 38.5427321], [26.5605694, 38.5428622], [26.5605372, 38.5429251], [26.560564, 38.5430552], [26.5606177, 38.5432105], [26.5607142, 38.5433028], [26.5608644, 38.5434286], [26.5608644, 38.5435671], [26.5606981, 38.543609], [26.560505, 38.5435965], [26.5606821, 38.5438985], [26.5608054, 38.5439867], [26.5610307, 38.5441587], [26.5615404, 38.5445195], [26.5619373, 38.5447964], [26.5619963, 38.5449181], [26.5619695, 38.545023], [26.5618569, 38.5451321], [26.5617388, 38.5452118], [26.5616959, 38.5453083], [26.5617388, 38.5454216], [26.5618944, 38.5455978], [26.5620178, 38.5457488], [26.5620768, 38.5459502], [26.5621412, 38.5461558], [26.5622431, 38.5463614], [26.5622806, 38.546525], [26.5614438, 38.5467935], [26.5613311, 38.5466131], [26.5604675, 38.5475655], [26.5602797, 38.5478256], [26.5601402, 38.5478592], [26.5599096, 38.5478382], [26.5596896, 38.5478382], [26.559577, 38.547834], [26.5594107, 38.5478801], [26.5593088, 38.5479431], [26.5591317, 38.5482116], [26.5591639, 38.5483794], [26.5592444, 38.5485346], [26.5593195, 38.5486227], [26.5592551, 38.5488786], [26.5591317, 38.5490842], [26.5590191, 38.5492227], [26.5590084, 38.5493234], [26.5590191, 38.549445], [26.559121, 38.5495583], [26.5591907, 38.5496674], [26.5592283, 38.5498226], [26.5592551, 38.5499359], [26.5592819, 38.5500198], [26.5593731, 38.5501247], [26.5595233, 38.5502212], [26.5596414, 38.5502967], [26.5597379, 38.5504435], [26.5597433, 38.5505274], [26.5603816, 38.5506029], [26.5608108, 38.5507582], [26.5610415, 38.550905], [26.5612131, 38.5510518], [26.5612829, 38.5511441], [26.561299, 38.5512532], [26.5613902, 38.5513287], [26.5615404, 38.5514042], [26.5615618, 38.5515007], [26.5616584, 38.5516559], [26.5617335, 38.5518573], [26.5618193, 38.5519958], [26.5619105, 38.552109], [26.5614599, 38.5520755], [26.5605748, 38.5532165], [26.560387, 38.5538039], [26.5598613, 38.5546177], [26.5602797, 38.5549617], [26.558885, 38.5557629], [26.5589386, 38.5555196], [26.558767, 38.5554861], [26.5583539, 38.5548736], [26.5578604, 38.5549197], [26.5580535, 38.5552428], [26.5584964, 38.5557638], [26.5589586, 38.5571241], [26.5587768, 38.5570757], [26.557973, 38.5584435], [26.5581232, 38.5585693], [26.5583593, 38.5587204], [26.5585041, 38.5588042], [26.5586543, 38.558863], [26.558783, 38.5588714], [26.558885, 38.5589553], [26.5589225, 38.5590643], [26.5589225, 38.5591734], [26.5589118, 38.5592405], [26.5587562, 38.5594167], [26.5586972, 38.5594838], [26.5587026, 38.5595761], [26.5587348, 38.5596432], [26.558885, 38.5597816], [26.5590405, 38.5598613], [26.5592766, 38.5599117], [26.5594214, 38.5599704], [26.5594804, 38.560092], [26.5595341, 38.5602431], [26.5595394, 38.5603647], [26.5595984, 38.5605031], [26.5595984, 38.5606164], [26.5596306, 38.5607506], [26.5597111, 38.5608471], [26.5597969, 38.5610778], [26.5603173, 38.5615728], [26.5601724, 38.5619251], [26.5593839, 38.5617951], [26.5601081, 38.5624956], [26.5597004, 38.5625627], [26.5597755, 38.5627724], [26.5597916, 38.5629654], [26.5597594, 38.5630744], [26.5597486, 38.5631415], [26.5600115, 38.5631751], [26.5600651, 38.5630996], [26.5601402, 38.5630199], [26.5611219, 38.563066], [26.5612936, 38.5635568], [26.5610951, 38.5637959], [26.5615028, 38.5640392], [26.5617871, 38.5643244], [26.562286, 38.5646138], [26.5635145, 38.5649871], [26.5635842, 38.5648739], [26.5639973, 38.5651004], [26.5645176, 38.5651717], [26.565789, 38.5654737], [26.5661538, 38.5658344], [26.5662932, 38.5660777], [26.5664113, 38.5662161], [26.566481, 38.5662958], [26.5668029, 38.5663964], [26.566878, 38.5665852], [26.5668887, 38.5666565], [26.5672642, 38.5670675], [26.5684658, 38.5675499], [26.5692293, 38.5681208], [26.5694044, 38.5679751], [26.5695508, 38.5676789], [26.569525, 38.5674971], [26.5691977, 38.5675914], [26.5685864, 38.5670663], [26.5679578, 38.5667498], [26.5676392, 38.5664603], [26.5675359, 38.5661102], [26.5672948, 38.5659554], [26.5671742, 38.5655716], [26.5670881, 38.5654235], [26.5670709, 38.5651475], [26.5672173, 38.5648176], [26.5675789, 38.5646694], [26.5676823, 38.5645011], [26.5674842, 38.5640231], [26.5677425, 38.5638211], [26.568087, 38.5632017], [26.5683797, 38.5630737], [26.5688103, 38.5630737], [26.5690428, 38.5625822], [26.5691461, 38.5622187], [26.5689627, 38.5617373], [26.5690609, 38.5613044], [26.56978, 38.5608853], [26.5697491, 38.5607326], [26.5696922, 38.5604287], [26.5695426, 38.560329], [26.569448, 38.560403], [26.5695254, 38.5608268], [26.5688545, 38.561264], [26.5687512, 38.5611833], [26.5686824, 38.5607931], [26.5688028, 38.5604434], [26.5690624, 38.5604771], [26.5690701, 38.5603808], [26.5689405, 38.5601945], [26.5688286, 38.5600263], [26.5688114, 38.5595756], [26.5692071, 38.5589568], [26.5694996, 38.5586204], [26.5703684, 38.5584388], [26.5703684, 38.5581092], [26.5704717, 38.5580621], [26.57079, 38.5582303], [26.5717342, 38.5580095], [26.5724741, 38.5576881], [26.5723728, 38.5574567], [26.5724158, 38.557154], [26.5726653, 38.5572953], [26.5731272, 38.5573532], [26.5738712, 38.5569157], [26.5740416, 38.5565486], [26.5744542, 38.5565729], [26.5747728, 38.556488], [26.5759083, 38.5559432], [26.5765965, 38.5555261], [26.5769406, 38.5555463], [26.5770868, 38.5553916], [26.5778696, 38.5550081], [26.5793006, 38.5541984], [26.5796589, 38.553804], [26.5797707, 38.5534407], [26.5795299, 38.5530842], [26.5798653, 38.5527411], [26.5790766, 38.5525663], [26.5788299, 38.5524992], [26.5786207, 38.5524656], [26.5782988, 38.5523314], [26.577875, 38.5520755], [26.5777892, 38.5519748], [26.5776068, 38.5518112], [26.5773815, 38.5516098], [26.5772474, 38.5515133], [26.5768665, 38.5513749], [26.5767699, 38.5512448], [26.576727, 38.5510812], [26.5767002, 38.550754], [26.5765715, 38.5506155], [26.5761799, 38.5502589], [26.5762013, 38.5500743], [26.5762281, 38.5498688], [26.5762174, 38.5497261], [26.5760457, 38.5494534], [26.5759653, 38.5491807], [26.5759706, 38.5489332], [26.5759921, 38.5488157], [26.5760457, 38.5486857], [26.5760243, 38.5485556], [26.575917, 38.548392], [26.5757346, 38.5482619], [26.5754825, 38.5482032], [26.5751553, 38.5480396], [26.574946, 38.5478717], [26.5747637, 38.5476913], [26.574533, 38.5475193], [26.5743667, 38.5474144], [26.574136, 38.5473767], [26.5739483, 38.5474228], [26.5735566, 38.5476383], [26.5726158, 38.547617], [26.5720179, 38.5473646], [26.5714037, 38.5473028], [26.570712, 38.5462336], [26.5697033, 38.5461584], [26.5684915, 38.5457905], [26.5680541, 38.545342], [26.5675839, 38.5452985], [26.5673277, 38.5450115], [26.5672686, 38.5447491], [26.5670228, 38.5446831], [26.5668511, 38.5446622], [26.5667546, 38.544658], [26.5666205, 38.5446747], [26.5665132, 38.5447377], [26.5661379, 38.5447747], [26.5654054, 38.544194], [26.5651797, 38.5438774], [26.5646645, 38.5437623], [26.5634957, 38.5429755], [26.5633321, 38.5429545], [26.5630048, 38.5430049], [26.5629002, 38.5429818], [26.562809, 38.5429398], [26.5627071, 38.5428622], [26.5623799, 38.5425203], [26.5623021, 38.5425077], [26.5621036, 38.5425475], [26.5617523, 38.5425245], [26.5616503, 38.5424762], [26.5614894, 38.5423881], [26.5613338, 38.5423168], [26.5611246, 38.5423105], [26.5610442, 38.5423293], [26.5608805, 38.5423776], [26.5608215, 38.5424091], [26.5607491, 38.5424363], [26.5606606, 38.5424678]]]]}, "bbox": [26.5578604, 38.5423105, 26.5798653, 38.5681208]}, {"id": "242", "type": "Feature", "properties": {"mahalle_adi": "Mordoğan Mahallesi", "_gece_lst_str": "21.6°C"}, "geometry": {"type": "MultiPolygon", "coordinates": [[[[26.5984043, 38.5412269], [26.598267, 38.541144], [26.5981892, 38.5411742], [26.5980908, 38.5411713], [26.5979698, 38.5411293], [26.5979339, 38.5409787], [26.5977571, 38.5409382], [26.5970235, 38.540948], [26.5956159, 38.5411559], [26.5949888, 38.5413177], [26.5947402, 38.5415115], [26.5945693, 38.5417197], [26.5944014, 38.5420457], [26.5944607, 38.5423201], [26.594414, 38.5425498], [26.594454, 38.542846], [26.5943842, 38.5429945], [26.5942297, 38.5430946], [26.5941238, 38.5430806], [26.5940704, 38.5431593], [26.5936855, 38.5434373], [26.5933279, 38.5434049], [26.5928955, 38.5433855], [26.5926975, 38.5435219], [26.5922203, 38.5433832], [26.5917301, 38.5428452], [26.591329, 38.5424091], [26.5905297, 38.5418888], [26.5898323, 38.5416161], [26.589348, 38.5414723], [26.5889391, 38.5413279], [26.5884328, 38.5409745], [26.5882747, 38.5407595], [26.5875687, 38.5395116], [26.5874727, 38.5390405], [26.587401, 38.5383074], [26.5871307, 38.5378178], [26.5869344, 38.5376622], [26.5866309, 38.5376671], [26.5862898, 38.5376063], [26.5860556, 38.5374386], [26.5843673, 38.5355139], [26.5842337, 38.534995], [26.5840386, 38.5346249], [26.5837668, 38.5344035], [26.5834414, 38.5342653], [26.583072, 38.5338468], [26.583022, 38.5333163], [26.5829176, 38.5330061], [26.5828676, 38.5324577], [26.582649, 38.5322186], [26.5820971, 38.5319068], [26.5819771, 38.5316561], [26.5822095, 38.5308346], [26.5821354, 38.5305245], [26.5819185, 38.5299874], [26.5810048, 38.5292691], [26.5799298, 38.5288958], [26.5786824, 38.5281763], [26.5784558, 38.5280027], [26.5781861, 38.5271558], [26.5776073, 38.5265278], [26.5769053, 38.5259294], [26.5766351, 38.5254339], [26.5765106, 38.5246886], [26.5752404, 38.5226819], [26.5748788, 38.5222754], [26.5744433, 38.521517], [26.5739127, 38.5201684], [26.5738249, 38.5200254], [26.5736516, 38.5194345], [26.573706, 38.5192083], [26.5736849, 38.5189341], [26.5735976, 38.5183022], [26.5729533, 38.5182403], [26.5722156, 38.5180401], [26.5720063, 38.517952], [26.5708735, 38.5172375], [26.5691291, 38.515956], [26.569085, 38.5157175], [26.5690722, 38.5153241], [26.5692771, 38.5140318], [26.5692474, 38.5139245], [26.569386, 38.5135615], [26.5693805, 38.5132278], [26.56999, 38.5127533], [26.5701549, 38.5118125], [26.5710661, 38.5116073], [26.5711322, 38.5106958], [26.5699916, 38.511216], [26.5691806, 38.5111236], [26.5688316, 38.5111581], [26.5699871, 38.5106857], [26.5686017, 38.5102873], [26.5675965, 38.5097056], [26.5667317, 38.5097441], [26.5661904, 38.5089615], [26.5646638, 38.5080859], [26.56406, 38.5076069], [26.5630269, 38.5066437], [26.5624857, 38.5058432], [26.5626181, 38.5052776], [26.5628173, 38.5049387], [26.5627888, 38.5046288], [26.5627072, 38.5043365], [26.5625643, 38.5041453], [26.5623879, 38.5041314], [26.5622459, 38.5041322], [26.561883, 38.5039401], [26.561548, 38.5029199], [26.561397, 38.5028121], [26.5612317, 38.5025612], [26.5611729, 38.5022511], [26.5611181, 38.5012856], [26.5611719, 38.4999153], [26.5619353, 38.499072], [26.5618298, 38.4989584], [26.5614747, 38.4987426], [26.56088, 38.4980372], [26.560578, 38.4978216], [26.5598772, 38.4958585], [26.5595297, 38.4943973], [26.5582308, 38.4923069], [26.5581479, 38.4922291], [26.5577266, 38.4916912], [26.5576029, 38.4913789], [26.5570664, 38.4908918], [26.5567177, 38.4906357], [26.5559616, 38.4901949], [26.5548413, 38.4899046], [26.5544026, 38.489748], [26.5541906, 38.4897055], [26.5538884, 38.4895315], [26.5537462, 38.4892271], [26.5540624, 38.4883788], [26.5547404, 38.4878246], [26.5558657, 38.4873045], [26.5560958, 38.4868644], [26.5566137, 38.4864731], [26.5568439, 38.486033], [26.5572542, 38.4857355], [26.5577584, 38.485282], [26.5582143, 38.4850848], [26.5592337, 38.4848159], [26.5594902, 38.4847083], [26.5598416, 38.4842567], [26.5604047, 38.4839132], [26.5606499, 38.4836108], [26.5607786, 38.4833672], [26.5609932, 38.4831489], [26.5611273, 38.4830481], [26.5614009, 38.4828927], [26.5614331, 38.4827919], [26.5614009, 38.4827038], [26.561256, 38.4826282], [26.5606713, 38.4824182], [26.5602475, 38.4823395], [26.5616208, 38.4811248], [26.5628493, 38.4803857], [26.5628332, 38.480096], [26.5630907, 38.479844], [26.5631336, 38.4796844], [26.5632087, 38.4796004], [26.5629351, 38.4791175], [26.562506, 38.4786598], [26.5620232, 38.4783154], [26.5616798, 38.4781726], [26.5613526, 38.4780802], [26.5609074, 38.4778913], [26.5607296, 38.4778484], [26.5606767, 38.4777443], [26.560564, 38.4775217], [26.5605104, 38.4773705], [26.5603065, 38.4771479], [26.55999, 38.4768624], [26.5597701, 38.4766608], [26.5596521, 38.476434], [26.5595502, 38.4763248], [26.5593731, 38.4758503], [26.5593088, 38.4756067], [26.5592229, 38.4754135], [26.5587723, 38.4753715], [26.5582305, 38.4753547], [26.5570879, 38.4754219], [26.55653, 38.4753883], [26.5562296, 38.4753505], [26.5558541, 38.4753799], [26.5545773, 38.47391], [26.5537512, 38.4732716], [26.552968, 38.4728601], [26.5520882, 38.4725241], [26.5512053, 38.4722945], [26.5497958, 38.4722355], [26.5493524, 38.4724401], [26.5491351, 38.4724296], [26.5483761, 38.4721965], [26.5478718, 38.4719697], [26.547389, 38.4716673], [26.5471744, 38.4717513], [26.5469921, 38.4717513], [26.5467775, 38.4717597], [26.5465307, 38.4717177], [26.5459123, 38.4714518], [26.5455033, 38.4713966], [26.5450024, 38.4715019], [26.5446826, 38.471733], [26.5434575, 38.4720143], [26.5419847, 38.4719013], [26.5406706, 38.4725826], [26.5407156, 38.4697941], [26.5409088, 38.4695337], [26.5409732, 38.4693321], [26.5412199, 38.4676269], [26.5411019, 38.4665097], [26.5412092, 38.465594], [26.5415096, 38.4648716], [26.5417759, 38.4646499], [26.5432744, 38.4634735], [26.5458226, 38.4631158], [26.5478182, 38.4623766], [26.5507364, 38.4615029], [26.5520668, 38.4609652], [26.552925, 38.4605736], [26.5588926, 38.4587848], [26.5592734, 38.4584883], [26.5612624, 38.4579118], [26.5630879, 38.4567865], [26.5633612, 38.456716], [26.5644122, 38.4558499], [26.5650224, 38.4551848], [26.5652746, 38.4535649], [26.5654737, 38.4532201], [26.5649605, 38.450346], [26.5650272, 38.4498918], [26.5678596, 38.4456569], [26.5682339, 38.4452693], [26.5689485, 38.4448787], [26.5687609, 38.4446486], [26.5672159, 38.4434553], [26.5656901, 38.4423997], [26.5649414, 38.4413041], [26.5645214, 38.4402025], [26.5649843, 38.4397579], [26.5661169, 38.4394576], [26.5670335, 38.4388923], [26.5685839, 38.4385777], [26.571096, 38.4384034], [26.5723121, 38.4378083], [26.5735869, 38.4369228], [26.5737927, 38.4368754], [26.5754048, 38.436977], [26.5763891, 38.4373965], [26.5776555, 38.4381769], [26.5778804, 38.4386486], [26.5778923, 38.4391431], [26.5795443, 38.4416875], [26.5812252, 38.4418723], [26.5842068, 38.4425026], [26.5892518, 38.4426753], [26.5894807, 38.442402], [26.5926257, 38.4415794], [26.5941246, 38.441143], [26.5965647, 38.441068], [26.5982286, 38.4415981], [26.5998181, 38.4418777], [26.6028691, 38.4415115], [26.6016434, 38.4419046], [26.6013246, 38.4422858], [26.6005612, 38.4425814], [26.599974, 38.4431005], [26.5993673, 38.4438641], [26.599026, 38.4445855], [26.5985729, 38.4447301], [26.5984265, 38.4451606], [26.5982625, 38.4457288], [26.5983968, 38.4462347], [26.5992566, 38.4470114], [26.5998733, 38.447378], [26.6002256, 38.4471677], [26.6008213, 38.4473714], [26.6013079, 38.4480744], [26.6022654, 38.447952], [26.6024069, 38.4480547], [26.6018532, 38.449106], [26.6016518, 38.449106], [26.6017273, 38.4495133], [26.6018711, 38.4498], [26.6027676, 38.4500324], [26.6027844, 38.4502163], [26.6032123, 38.4503214], [26.6032458, 38.4507091], [26.6036522, 38.4508347], [26.604026, 38.4514581], [26.6039841, 38.4526998], [26.6034343, 38.454234], [26.6024884, 38.4554685], [26.6021168, 38.4566049], [26.6024494, 38.4574787], [26.6025495, 38.4577498], [26.6009796, 38.4598394], [26.5989947, 38.4608056], [26.5984378, 38.4614461], [26.5979755, 38.4613642], [26.5980104, 38.4609904], [26.5975785, 38.4610219], [26.5975651, 38.4609652], [26.598005, 38.4609127], [26.5980506, 38.4608182], [26.5978818, 38.4602709], [26.5971976, 38.4591505], [26.5972301, 38.4585551], [26.596327, 38.4584748], [26.5950841, 38.4590413], [26.5949929, 38.4591505], [26.5940916, 38.4596252], [26.5937751, 38.4596462], [26.5932551, 38.4600127], [26.5920587, 38.4601975], [26.591742, 38.4604905], [26.5912324, 38.4601629], [26.5909696, 38.459663], [26.5907543, 38.4594451], [26.5906832, 38.4594315], [26.5906041, 38.4594451], [26.5904921, 38.4595328], [26.5901885, 38.4596414], [26.5900066, 38.4596693], [26.5898806, 38.4597701], [26.5897438, 38.4598625], [26.5897036, 38.4600033], [26.5897518, 38.4601629], [26.589843, 38.4604947], [26.5892851, 38.4610534], [26.589312, 38.4611668], [26.5885327, 38.4617543], [26.5881479, 38.4621245], [26.5883142, 38.4624774], [26.589716, 38.463026], [26.5902188, 38.4629109], [26.5905243, 38.4628575], [26.5907898, 38.46291], [26.5911627, 38.4635905], [26.5918871, 38.4639611], [26.5927964, 38.4640178], [26.5937269, 38.46488], [26.593786, 38.4655625], [26.5968074, 38.4663759], [26.5972956, 38.4672621], [26.5974122, 38.4672825], [26.5973269, 38.4675338], [26.5965288, 38.4679675], [26.5961569, 38.4680511], [26.5958404, 38.4679629], [26.5944256, 38.4674031], [26.5937181, 38.4675085], [26.5930842, 38.4682107], [26.5919985, 38.4681806], [26.5911395, 38.4685163], [26.5896047, 38.4689453], [26.5877003, 38.4691621], [26.5872221, 38.4688074], [26.5864096, 38.4687956], [26.5867523, 38.4691621], [26.5862573, 38.4691686], [26.5863161, 38.4693197], [26.5869033, 38.4693197], [26.586853, 38.4696021], [26.5877171, 38.4699897], [26.5888161, 38.4705217], [26.5891678, 38.4705693], [26.5896886, 38.4705677], [26.591098, 38.4703444], [26.5921635, 38.4700291], [26.5928823, 38.4701661], [26.5935561, 38.4707516], [26.5941363, 38.4708242], [26.5944899, 38.4709337], [26.5946592, 38.4709253], [26.5952366, 38.4711146], [26.5955092, 38.4711794], [26.5956991, 38.4711426], [26.5961666, 38.4708678], [26.5973345, 38.4704943], [26.5976238, 38.4704002], [26.5979767, 38.4704943], [26.5983317, 38.4705074], [26.5985776, 38.4705928], [26.5992902, 38.4708402], [26.599758, 38.4709005], [26.5998814, 38.4708449], [26.600234, 38.4702878], [26.6006108, 38.470184], [26.6008396, 38.4702331], [26.6010925, 38.4701625], [26.6013456, 38.4705447], [26.6016509, 38.4706404], [26.6030732, 38.4710865], [26.603404, 38.471049], [26.6036214, 38.4707358], [26.6042739, 38.4706698], [26.6052326, 38.470806], [26.6058013, 38.4708347], [26.6060216, 38.4706409], [26.6065329, 38.4705781], [26.6065621, 38.4707664], [26.6068951, 38.4707586], [26.6071847, 38.4706869], [26.6073823, 38.4705654], [26.6075191, 38.4704149], [26.6075193, 38.4703062], [26.6074344, 38.4702728], [26.6074375, 38.470247], [26.607557, 38.4702546], [26.6075677, 38.4701419], [26.6074311, 38.4701403], [26.6074402, 38.4700892], [26.6073041, 38.4700598], [26.6072952, 38.4701642], [26.6072241, 38.470144], [26.6072396, 38.4699981], [26.6073423, 38.469992], [26.6074177, 38.4700141], [26.6074821, 38.470033], [26.6075275, 38.4699557], [26.607473, 38.4698249], [26.6074201, 38.4697252], [26.6074401, 38.4694013], [26.6075402, 38.4693507], [26.6077318, 38.4694345], [26.6078334, 38.4693743], [26.6077742, 38.4692756], [26.6078332, 38.4692266], [26.6079152, 38.4691932], [26.6080789, 38.4693755], [26.6082637, 38.4694196], [26.6084922, 38.4693996], [26.6085756, 38.4695253], [26.6085096, 38.4696498], [26.608538, 38.4697343], [26.6086923, 38.4696765], [26.6087285, 38.4696708], [26.6087177, 38.4696965], [26.6085801, 38.4698156], [26.6082453, 38.4700265], [26.6078943, 38.4703559], [26.6078972, 38.4704115], [26.6080923, 38.4706584], [26.6084039, 38.4708693], [26.6088249, 38.4711049], [26.6096055, 38.4714069], [26.6123885, 38.4721854], [26.6152382, 38.4728181], [26.6158605, 38.4727341], [26.6164935, 38.4728013], [26.6171265, 38.4727845], [26.6176844, 38.4729777], [26.6195685, 38.472772], [26.6206181, 38.4726574], [26.6224265, 38.4717345], [26.6231185, 38.4712599], [26.6235906, 38.4710877], [26.6244382, 38.4710121], [26.625393, 38.4708273], [26.6263694, 38.4705375], [26.6269702, 38.4702225], [26.6271833, 38.4699687], [26.6271955, 38.4697311], [26.6282898, 38.4687861], [26.6284937, 38.4681603], [26.6287243, 38.4679587], [26.6288799, 38.4676227], [26.628896, 38.4671481], [26.6297006, 38.4653378], [26.6296041, 38.4648212], [26.6298616, 38.4645355], [26.6306877, 38.4629562], [26.6311232, 38.4628901], [26.6316104, 38.4641911], [26.6321493, 38.4646314], [26.6328871, 38.4648569], [26.6337883, 38.4650774], [26.6342068, 38.4650858], [26.6347539, 38.4652916], [26.6349578, 38.4654428], [26.6358819, 38.4657543], [26.6377687, 38.4659888], [26.6380598, 38.4658047], [26.6387129, 38.4658796], [26.6395405, 38.4663278], [26.639421, 38.4669129], [26.6396785, 38.4675597], [26.6399574, 38.4677949], [26.6402471, 38.4686433], [26.6407219, 38.4691935], [26.6410142, 38.4693678], [26.6410491, 38.4695169], [26.6415805, 38.4700277], [26.6406816, 38.4707139], [26.640231, 38.4712557], [26.639893, 38.4716211], [26.6399467, 38.4721293], [26.6392262, 38.4732514], [26.6396141, 38.4736538], [26.6396409, 38.4743006], [26.6398019, 38.4748171], [26.6397911, 38.4751027], [26.6400697, 38.4757434], [26.6393459, 38.4765054], [26.6391367, 38.4775931], [26.638788, 38.478307], [26.6387558, 38.4786556], [26.6381925, 38.4793485], [26.6379412, 38.4800268], [26.6377848, 38.4805747], [26.6376663, 38.4811076], [26.637096, 38.4817223], [26.6370212, 38.4825713], [26.6367656, 38.4828801], [26.6362826, 38.4832118], [26.6361165, 38.4835352], [26.6360846, 38.4838314], [26.6364415, 38.484196], [26.6365872, 38.4842512], [26.6366476, 38.4841945], [26.6367787, 38.4842417], [26.6364696, 38.4845546], [26.6365586, 38.4850695], [26.6359145, 38.4868829], [26.6356152, 38.4877826], [26.6352056, 38.48832], [26.6350246, 38.4886871], [26.6351368, 38.4891507], [26.635723, 38.489547], [26.6355626, 38.4896461], [26.6351697, 38.4908267], [26.6346029, 38.491895], [26.634199, 38.4921549], [26.6341544, 38.4924009], [26.6339332, 38.4929366], [26.6338578, 38.4934565], [26.6339726, 38.4938755], [26.6333605, 38.4943499], [26.633058, 38.4946568], [26.6329845, 38.4950456], [26.6330531, 38.4953194], [26.6332232, 38.4955062], [26.6335214, 38.4956767], [26.6335692, 38.4959265], [26.6335349, 38.4962825], [26.6330049, 38.4966003], [26.6324847, 38.4970503], [26.6322313, 38.4972695], [26.631874, 38.4978556], [26.6319196, 38.4983481], [26.6320339, 38.4988456], [26.6321385, 38.4991672], [26.6315962, 38.4997722], [26.6314899, 38.500221], [26.6316294, 38.5007021], [26.6315039, 38.5013708], [26.6315334, 38.5027613], [26.6317973, 38.5034741], [26.6319138, 38.5035878], [26.6320763, 38.5037465], [26.6322726, 38.5038414], [26.6325891, 38.5039044], [26.6327082, 38.5040156], [26.6327801, 38.5042087], [26.6325129, 38.5043145], [26.6321358, 38.5044883], [26.6320228, 38.5047319], [26.6321165, 38.5050689], [26.632344, 38.505537], [26.6322804, 38.5057461], [26.6322528, 38.5058367], [26.6319577, 38.5065487], [26.6318939, 38.5069235], [26.631852, 38.5073899], [26.6315962, 38.5085678], [26.6313623, 38.5092092], [26.6315827, 38.5095509], [26.6317474, 38.5097918], [26.6317292, 38.510246], [26.631807, 38.5105651], [26.6322313, 38.5108429], [26.6336818, 38.5113437], [26.6337189, 38.5114612], [26.6335976, 38.5115049], [26.633405, 38.5113882], [26.6327585, 38.5111785], [26.6326374, 38.5113737], [26.6324215, 38.5112917], [26.6321539, 38.5118518], [26.6323591, 38.5119307], [26.6320952, 38.5124351], [26.6315872, 38.5122643], [26.631177, 38.5130507], [26.632229, 38.5134099], [26.6322488, 38.5134646], [26.6321751, 38.5134887], [26.6311228, 38.5131403], [26.6306811, 38.5139122], [26.6305147, 38.513863], [26.6297951, 38.5152278], [26.6319514, 38.5153489], [26.6322595, 38.5152368], [26.6348191, 38.5113832], [26.6348103, 38.5111082], [26.6346842, 38.5110578], [26.6346416, 38.5109361], [26.634759, 38.5108157], [26.6349022, 38.5108081], [26.6350444, 38.5109915], [26.6350557, 38.5113878], [26.6324529, 38.5153489], [26.6322967, 38.5154387], [26.6320167, 38.515503], [26.6294895, 38.5153825], [26.6299267, 38.5162841], [26.6298575, 38.5164843], [26.6296682, 38.5167387], [26.6292551, 38.5169059], [26.6291025, 38.5171775], [26.6289027, 38.5174104], [26.6288076, 38.5174032], [26.6288023, 38.5173294], [26.6289169, 38.5171623], [26.6286361, 38.5167619], [26.6278115, 38.5163423], [26.6277701, 38.5163076], [26.6277198, 38.5162654], [26.6276093, 38.5161713], [26.6271373, 38.5158599], [26.6269354, 38.5158379], [26.6263869, 38.5159296], [26.6262226, 38.5160236], [26.6261643, 38.5161104], [26.6257043, 38.5169613], [26.625625, 38.5172198], [26.6255642, 38.5173468], [26.6255454, 38.5174708], [26.6255883, 38.5175707], [26.6260355, 38.5181382], [26.6261937, 38.5182964], [26.6262698, 38.5183295], [26.6263321, 38.5184602], [26.6264127, 38.5184211], [26.6264811, 38.5182209], [26.6267197, 38.5182125], [26.6267566, 38.5180381], [26.6274275, 38.5180499], [26.6275591, 38.5179517], [26.6277689, 38.5177951], [26.6278263, 38.5178446], [26.6278008, 38.5179195], [26.6275718, 38.5181284], [26.6274602, 38.5181808], [26.6272844, 38.5182632], [26.6270857, 38.5183067], [26.6269256, 38.5183071], [26.6269156, 38.51834], [26.6269098, 38.5183722], [26.6269283, 38.5185342], [26.6270361, 38.518572], [26.6270863, 38.5186175], [26.6270243, 38.5186763], [26.6269227, 38.5186769], [26.6267824, 38.5185997], [26.626504, 38.5185974], [26.6264293, 38.5184959], [26.6263617, 38.5185245], [26.6264931, 38.5187523], [26.6262929, 38.5189147], [26.626219, 38.5190022], [26.6261076, 38.5191342], [26.6255536, 38.5193986], [26.6249025, 38.5197807], [26.6246392, 38.5199369], [26.6244009, 38.5201554], [26.6243044, 38.520261], [26.624199, 38.5204437], [26.6241122, 38.5206056], [26.6241877, 38.5206152], [26.6241357, 38.5206848], [26.6240744, 38.520916], [26.6240867, 38.5211256], [26.6241077, 38.5212176], [26.6243923, 38.521523], [26.6245774, 38.5217613], [26.6246438, 38.5217629], [26.6246539, 38.521829], [26.6245945, 38.5218957], [26.6246448, 38.5220142], [26.6246117, 38.5220878], [26.624618, 38.5221332], [26.6246893, 38.522204], [26.624626, 38.52228], [26.6246182, 38.5223359], [26.6246243, 38.5223823], [26.6247072, 38.522393], [26.6247031, 38.5224473], [26.6246706, 38.5224866], [26.6246623, 38.5225358], [26.6246481, 38.5227023], [26.6246677, 38.5228219], [26.6247122, 38.5229387], [26.6246759, 38.5229467], [26.6246825, 38.5229938], [26.6246416, 38.5231933], [26.6245843, 38.52328], [26.6244227, 38.5234075], [26.6243847, 38.5235136], [26.6242941, 38.5236124], [26.624201, 38.5237331], [26.624094, 38.5238577], [26.6241363, 38.5239312], [26.6240793, 38.5239669], [26.6240426, 38.5240251], [26.6240682, 38.5240602], [26.6239231, 38.5242346], [26.6238177, 38.5242441], [26.6236639, 38.5243367], [26.6235093, 38.5245039], [26.6232672, 38.5247166], [26.6232029, 38.5248419], [26.6231965, 38.5249328], [26.6232271, 38.5249553], [26.6232564, 38.5249867], [26.6233143, 38.5250081], [26.6232645, 38.5250375], [26.6232434, 38.5250509], [26.6231478, 38.5251115], [26.6230803, 38.5252413], [26.6230795, 38.5254269], [26.6229613, 38.5255056], [26.6230344, 38.5256685], [26.6230568, 38.5257184], [26.6230842, 38.5257765], [26.6231217, 38.5258561], [26.6232133, 38.5259506], [26.6232799, 38.5260193], [26.6235106, 38.5260777], [26.6240279, 38.5260847], [26.6241619, 38.5260866], [26.6242442, 38.5261725], [26.6243627, 38.5262227], [26.6245347, 38.526217], [26.6246261, 38.5262206], [26.6246076, 38.5263116], [26.6246747, 38.5263523], [26.6247045, 38.5264373], [26.6246355, 38.5264537], [26.6245202, 38.5264405], [26.6244443, 38.5264205], [26.6244132, 38.5263456], [26.6242608, 38.5264096], [26.6241066, 38.5265376], [26.6240696, 38.5266839], [26.6241248, 38.5268553], [26.6242024, 38.5269344], [26.6243096, 38.5270477], [26.6244223, 38.5271149], [26.6243941, 38.5272645], [26.6243464, 38.5274019], [26.6244124, 38.5275652], [26.6245956, 38.5276676], [26.6247377, 38.5276848], [26.6248949, 38.5278122], [26.6250215, 38.5277962], [26.6251331, 38.5277685], [26.6251679, 38.5278438], [26.6251073, 38.5279643], [26.6250364, 38.527963], [26.6249976, 38.528061], [26.6249035, 38.5281755], [26.6247785, 38.5282761], [26.6246884, 38.5283078], [26.6245991, 38.528305], [26.6245717, 38.5284108], [26.6244062, 38.5284349], [26.6243273, 38.528355], [26.6241889, 38.5283306], [26.6236423, 38.5284517], [26.6235275, 38.5286326], [26.6234849, 38.5289857], [26.623498, 38.5290671], [26.6236296, 38.5291187], [26.623619, 38.5294293], [26.6237263, 38.5295986], [26.623759, 38.5297694], [26.6240543, 38.5301689], [26.6240774, 38.5302875], [26.6240924, 38.5303653], [26.6242386, 38.5304514], [26.6244041, 38.5306043], [26.6245588, 38.5308322], [26.6246519, 38.531157], [26.6246479, 38.5312781], [26.6246176, 38.5313385], [26.6244542, 38.531333], [26.624318, 38.531282], [26.6240492, 38.5311144], [26.62393, 38.5310672], [26.6236268, 38.5310901], [26.6233918, 38.5308454], [26.6231654, 38.5305034], [26.6230141, 38.5303045], [26.6225579, 38.5301757], [26.6223535, 38.5303364], [26.6221599, 38.5306945], [26.6221324, 38.5308135], [26.6221987, 38.5310124], [26.6221563, 38.5310871], [26.622051, 38.5312734], [26.6219421, 38.5313257], [26.6217838, 38.5314484], [26.6216097, 38.531439], [26.6214354, 38.5314037], [26.6213917, 38.5312625], [26.6214273, 38.5308681], [26.6213745, 38.5305905], [26.6211133, 38.530494], [26.6207517, 38.5304814], [26.6200862, 38.5305397], [26.6195605, 38.5307888], [26.6194806, 38.5310447], [26.6192362, 38.5314606], [26.6191759, 38.5317346], [26.6191983, 38.5318567], [26.6193349, 38.5319663], [26.6192102, 38.5320418], [26.6190093, 38.5319872], [26.618618, 38.5318018], [26.6186027, 38.5314016], [26.6186724, 38.5312334], [26.6185729, 38.5308997], [26.6184986, 38.5309713], [26.6183656, 38.5311507], [26.6182884, 38.5311736], [26.6182538, 38.5311022], [26.6183012, 38.5308897], [26.6182973, 38.5307871], [26.618294, 38.5306992], [26.6182237, 38.5306033], [26.618136, 38.5304518], [26.618213, 38.5303603], [26.6181894, 38.5302648], [26.6182739, 38.5301719], [26.6182063, 38.5298435], [26.6180885, 38.529657], [26.6177465, 38.5295044], [26.6169969, 38.529431], [26.6153516, 38.5294125], [26.6144898, 38.5294385], [26.6124972, 38.5297231], [26.611492, 38.5299874], [26.6112508, 38.5300508], [26.611015, 38.5301839], [26.610755, 38.5303307], [26.6103348, 38.5305678], [26.6099665, 38.53091], [26.609389, 38.5311868], [26.608737, 38.5313882], [26.6083623, 38.531606], [26.6076486, 38.5319305], [26.6068635, 38.5320672], [26.60611, 38.5323481], [26.6047824, 38.5329612], [26.6046225, 38.533144], [26.604671, 38.5336045], [26.6044465, 38.5339018], [26.6043843, 38.534026], [26.6042515, 38.5339899], [26.6038739, 38.5340858], [26.6038554, 38.5341727], [26.6039868, 38.5341979], [26.6039238, 38.5342736], [26.6038052, 38.534299], [26.6037591, 38.5346036], [26.6036151, 38.5345783], [26.6034522, 38.5345952], [26.6032701, 38.5346909], [26.6030075, 38.5346217], [26.6023579, 38.5350556], [26.6022332, 38.5351905], [26.6020881, 38.5353474], [26.6020368, 38.5359045], [26.6022069, 38.5360731], [26.6023094, 38.5362456], [26.6021852, 38.5363822], [26.6020752, 38.5363348], [26.6019229, 38.5365202], [26.6019057, 38.5368477], [26.6019127, 38.537067], [26.6018539, 38.5372846], [26.6018864, 38.5373989], [26.6021039, 38.5375069], [26.6021294, 38.5376009], [26.6020344, 38.5377637], [26.6019652, 38.5377954], [26.6018115, 38.5377698], [26.6018378, 38.5378481], [26.6019768, 38.5378944], [26.6018512, 38.5380021], [26.601792, 38.5382129], [26.6018003, 38.538425], [26.6018864, 38.538475], [26.6018408, 38.538549], [26.6016785, 38.5385457], [26.6015168, 38.5386906], [26.6015936, 38.5388252], [26.6015278, 38.5389325], [26.6013553, 38.538886], [26.6010498, 38.5388574], [26.6007853, 38.5387471], [26.6006155, 38.5385505], [26.6003838, 38.5382171], [26.6001783, 38.5380375], [26.5997556, 38.5381697], [26.5996859, 38.5382813], [26.599731, 38.5384003], [26.5996738, 38.5385547], [26.5994059, 38.5388709], [26.5992079, 38.5388612], [26.5991041, 38.5390005], [26.599032, 38.5391312], [26.598896, 38.5393832], [26.5989579, 38.5395216], [26.5990588, 38.5398246], [26.5990831, 38.5400107], [26.5991948, 38.5401932], [26.5991631, 38.5402354], [26.598996, 38.5402257], [26.5989719, 38.5402654], [26.5990025, 38.5403362], [26.599095, 38.5404626], [26.5990794, 38.5406621], [26.598973, 38.5408008], [26.5988619, 38.5409164], [26.5986806, 38.5409266], [26.5985808, 38.5409829], [26.5985564, 38.5410683], [26.5984993, 38.5411711], [26.5984043, 38.5412269]]]]}, "bbox": [26.5406706, 38.4368754, 26.6415805, 38.5435219]}, {"id": "247", "type": "Feature", "properties": {"mahalle_adi": "Yeşil Pınar Mahallesi", "_gece_lst_str": "21.7°C"}, "geometry": {"type": "MultiPolygon", "coordinates": [[[[27.0856011, 38.592967], [27.0860668, 38.5939007], [27.0868242, 38.5960529], [27.0871782, 38.5965476], [27.0884979, 38.5972939], [27.0896459, 38.5978138], [27.0903088, 38.5981639], [27.090476, 38.5982472], [27.0907651, 38.5987237], [27.0916318, 38.599593], [27.0921948, 38.6004506], [27.0925141, 38.6007363], [27.0926358, 38.600915], [27.0942141, 38.6001289], [27.0955351, 38.5999312], [27.0961953, 38.5996625], [27.0981996, 38.5994464], [27.0991561, 38.5992311], [27.1006593, 38.5991225], [27.1012048, 38.5982461], [27.1026848, 38.5978158], [27.1045283, 38.5967059], [27.1072584, 38.5944331], [27.109194, 38.5941096], [27.1130011, 38.5961617], [27.1160773, 38.5968201], [27.1194731, 38.5979071], [27.1218902, 38.5994062], [27.1231986, 38.6008439], [27.1235478, 38.6007601], [27.1245348, 38.6007114], [27.1242463, 38.6006227], [27.1243064, 38.6003541], [27.1248672, 38.5996861], [27.1250331, 38.5990543], [27.1249551, 38.5978388], [27.1248479, 38.5973265], [27.1251323, 38.5949546], [27.126119, 38.5947629], [27.1268318, 38.5942497], [27.1271038, 38.5934629], [27.1276652, 38.593212], [27.1278926, 38.593033], [27.1288342, 38.5930796], [27.1291833, 38.5930077], [27.1294867, 38.5928167], [27.1299102, 38.5919105], [27.1301073, 38.5917315], [27.1301372, 38.5914932], [27.1299237, 38.5909571], [27.1296346, 38.5906595], [27.1284778, 38.5890758], [27.1280808, 38.5878249], [27.1282468, 38.5872646], [27.1283673, 38.5867043], [27.1287612, 38.5862391], [27.1292312, 38.5858572], [27.129488, 38.5851062], [27.1298514, 38.5845456], [27.1298807, 38.5839378], [27.1301989, 38.5836157], [27.1301681, 38.5833893], [27.1298575, 38.5828784], [27.1295786, 38.5823752], [27.1295464, 38.5819391], [27.1301472, 38.5812597], [27.1302545, 38.5809326], [27.1303618, 38.580312], [27.1304905, 38.5801527], [27.1304798, 38.5799597], [27.1302438, 38.579683], [27.1298575, 38.5793055], [27.1298468, 38.5791714], [27.1299863, 38.5789281], [27.1301579, 38.5786346], [27.1301687, 38.5783913], [27.1301579, 38.5782487], [27.130115, 38.5780978], [27.1301258, 38.577972], [27.1302974, 38.5778378], [27.1304583, 38.5777203], [27.1306622, 38.5775526], [27.1311557, 38.5764622], [27.1311343, 38.576219], [27.1309733, 38.5760093], [27.1307909, 38.5757493], [27.1307588, 38.575548], [27.1307266, 38.5752712], [27.1307051, 38.5750195], [27.1310377, 38.5746757], [27.1314668, 38.5742898], [27.1317673, 38.574055], [27.1319818, 38.5735014], [27.1321106, 38.5728807], [27.1324754, 38.5724445], [27.1330976, 38.5716728], [27.1332693, 38.5712869], [27.1336341, 38.5709849], [27.1341061, 38.5704817], [27.1345138, 38.5699448], [27.1347713, 38.5696764], [27.1351576, 38.569257], [27.1354794, 38.5687537], [27.1356514, 38.5684148], [27.1356726, 38.5682923], [27.1356189, 38.5682], [27.1355438, 38.5681245], [27.1354902, 38.5679232], [27.1354902, 38.5677302], [27.1356039, 38.5674019], [27.1357584, 38.5673528], [27.1359622, 38.5673444], [27.1361232, 38.5673108], [27.136327, 38.5671598], [27.1364665, 38.5669333], [27.1367025, 38.5666649], [27.1368956, 38.5664803], [27.1371639, 38.5663545], [27.1376574, 38.5662874], [27.1379793, 38.5662622], [27.1385157, 38.566279], [27.138859, 38.5662455], [27.1391487, 38.5661448], [27.1394062, 38.5659602], [27.1394384, 38.5657505], [27.1395349, 38.5656415], [27.1395242, 38.5654317], [27.1395779, 38.5653479], [27.1396315, 38.5651801], [27.1394062, 38.5648277], [27.13961, 38.5645677], [27.1396637, 38.5643076], [27.1396208, 38.5641231], [27.1397602, 38.5638714], [27.1401572, 38.5635526], [27.1404683, 38.5630912], [27.1408331, 38.5628815], [27.1410906, 38.5626634], [27.1412301, 38.5622943], [27.1416378, 38.5619755], [27.1430907, 38.5613985], [27.1435459, 38.5613265], [27.1440913, 38.5608253], [27.1444553, 38.560658], [27.1448037, 38.5603], [27.1451068, 38.5600732], [27.1452126, 38.5598467], [27.145546, 38.5596079], [27.1462873, 38.5584272], [27.1475304, 38.5576867], [27.1478, 38.557], [27.1434, 38.557], [27.1389, 38.5577], [27.1292, 38.5517], [27.1227, 38.5528], [27.1184206, 38.5546764], [27.1168, 38.5539], [27.1039, 38.5565], [27.1021128, 38.5580827], [27.0981689, 38.5650244], [27.0976719, 38.5679148], [27.0948076, 38.5714268], [27.0921216, 38.5721797], [27.0906045, 38.5729317], [27.08871, 38.5754775], [27.0887638, 38.5759482], [27.0878925, 38.5773194], [27.0891523, 38.5784668], [27.0893562, 38.5788862], [27.0884177, 38.5807455], [27.0880988, 38.5807457], [27.0881752, 38.5811389], [27.0898935, 38.5832708], [27.0898175, 38.583541], [27.0899463, 38.5840106], [27.0898604, 38.5841364], [27.0886588, 38.5840274], [27.0879507, 38.5835997], [27.0876342, 38.58378], [27.086969, 38.5840609], [27.086548, 38.5842335], [27.0867652, 38.5847151], [27.0869958, 38.5852057], [27.0874357, 38.5861995], [27.0882089, 38.5860998], [27.0887101, 38.5862556], [27.0888434, 38.5864245], [27.0892538, 38.5867817], [27.0899894, 38.5871737], [27.0893562, 38.5880193], [27.0890236, 38.588598], [27.0886695, 38.5888999], [27.0880848, 38.5895833], [27.0877898, 38.5899188], [27.0874625, 38.590271], [27.0872265, 38.5905687], [27.0862985, 38.5912312], [27.0858586, 38.5914534], [27.0853543, 38.5915876], [27.0848447, 38.5917218], [27.0847267, 38.591684], [27.0856011, 38.592967]]]]}, "bbox": [27.0847267, 38.5517, 27.1478, 38.600915]}, {"id": "249", "type": "Feature", "properties": {"mahalle_adi": "Yaka Mahallesi", "_gece_lst_str": "21.6°C"}, "geometry": {"type": "MultiPolygon", "coordinates": [[[[26.7643744, 38.3242563], [26.7636502, 38.3241932], [26.7637145, 38.3237639], [26.7637092, 38.3234272], [26.7631674, 38.3234188], [26.7632747, 38.3220889], [26.7633229, 38.3216175], [26.7632049, 38.3216133], [26.7623103, 38.3214359], [26.7598242, 38.3211601], [26.7595947, 38.3211293], [26.7595088, 38.3230148], [26.7588705, 38.323019], [26.7585754, 38.3230443], [26.7581731, 38.3231495], [26.7583823, 38.3235661], [26.7585862, 38.3239743], [26.7587578, 38.3243068], [26.7581248, 38.3243783], [26.7574704, 38.3245299], [26.7544448, 38.3245509], [26.7544395, 38.3239912], [26.7544475, 38.3234251], [26.7537475, 38.3234188], [26.7537367, 38.3237323], [26.7533532, 38.3237092], [26.7533478, 38.3233157], [26.7537883, 38.3233081], [26.7544475, 38.3232968], [26.7544609, 38.3229769], [26.7544341, 38.3226571], [26.7547238, 38.3221731], [26.7544326, 38.3221198], [26.7529696, 38.3231663], [26.7510545, 38.3244836], [26.7499924, 38.3252747], [26.7495686, 38.3256156], [26.7489731, 38.3260449], [26.7486781, 38.3261964], [26.7478627, 38.3265204], [26.7464304, 38.3270128], [26.74878, 38.327421], [26.7494774, 38.327543], [26.7514729, 38.327947], [26.7524868, 38.3282206], [26.7535812, 38.328532], [26.7549223, 38.3289486], [26.7551526, 38.3290319], [26.7560863, 38.3293694], [26.7568427, 38.329382], [26.7574543, 38.3293946], [26.7578244, 38.329382], [26.7587364, 38.3293147], [26.7591333, 38.3292137], [26.7593104, 38.3291253], [26.7593962, 38.3290538], [26.7595357, 38.3288939], [26.7596751, 38.3288223], [26.7598468, 38.3287803], [26.7601901, 38.3286751], [26.7603564, 38.3285909], [26.7604798, 38.3284983], [26.7605281, 38.3282711], [26.7606354, 38.3279891], [26.7630708, 38.3278713], [26.7631406, 38.3282206], [26.7643793, 38.3282374], [26.7643368, 38.3280102], [26.7642295, 38.3275683], [26.7641383, 38.3272905], [26.7641383, 38.3270002], [26.7641759, 38.3264278], [26.7642778, 38.3260533], [26.7642778, 38.3255315], [26.7642778, 38.3253715], [26.7643422, 38.3250517], [26.7644012, 38.3248118], [26.7643599, 38.3244068], [26.7643583, 38.324391], [26.7643725, 38.3243047], [26.7643744, 38.3242563]]]]}, "bbox": [26.7464304, 38.3211293, 26.7644012, 38.3293946]}, {"id": "250", "type": "Feature", "properties": {"mahalle_adi": "Sıra Mahallesi", "_gece_lst_str": "21.2°C"}, "geometry": {"type": "MultiPolygon", "coordinates": [[[[26.7598242, 38.3211601], [26.7623103, 38.3214359], [26.7632049, 38.3216133], [26.7629957, 38.320961], [26.7627221, 38.3202034], [26.7629528, 38.3201235], [26.763162, 38.3201108], [26.7632854, 38.3201193], [26.763339, 38.3204139], [26.763441, 38.3205486], [26.7636448, 38.320679], [26.7638862, 38.3207737], [26.7641062, 38.3208368], [26.7642242, 38.3206874], [26.7644119, 38.3207421], [26.7645273, 38.3205464], [26.7646024, 38.3205086], [26.7647043, 38.3204728], [26.764825, 38.3204391], [26.7649457, 38.3203991], [26.7650476, 38.3203865], [26.7651764, 38.3203886], [26.7654741, 38.3204265], [26.7654875, 38.3204665], [26.7659891, 38.3205002], [26.7663619, 38.3205149], [26.7666596, 38.320498], [26.7667696, 38.320235], [26.7668152, 38.3200877], [26.7668286, 38.3199993], [26.7667776, 38.3198352], [26.7667133, 38.3197489], [26.7666864, 38.31969], [26.7666891, 38.3196353], [26.7667133, 38.3195721], [26.7667696, 38.3194669], [26.7668125, 38.3193869], [26.7668474, 38.3193154], [26.7668608, 38.3191765], [26.7668715, 38.3191008], [26.7668608, 38.319025], [26.7667937, 38.3188082], [26.7666864, 38.3186946], [26.7666167, 38.3185999], [26.766488, 38.3184631], [26.7663404, 38.3183263], [26.7661795, 38.3181832], [26.7659569, 38.3180317], [26.7658201, 38.3178886], [26.7656699, 38.3177729], [26.7655706, 38.3176803], [26.7655438, 38.3176108], [26.7653856, 38.317474], [26.76523, 38.3173646], [26.7651415, 38.3172846], [26.7651093, 38.3172152], [26.7651066, 38.3171521], [26.7650878, 38.3170363], [26.7647687, 38.3168259], [26.7644682, 38.3165292], [26.7639801, 38.3160283], [26.7634812, 38.3155127], [26.7633417, 38.315317], [26.7632076, 38.3150876], [26.7631325, 38.3148561], [26.7631003, 38.3146814], [26.7630547, 38.314412], [26.7630199, 38.3141679], [26.7629743, 38.3138543], [26.762352, 38.3137617], [26.7621455, 38.3137049], [26.7615661, 38.3134818], [26.7611182, 38.3132819], [26.7607963, 38.313122], [26.7604583, 38.3129283], [26.7600051, 38.3126674], [26.7595866, 38.3123791], [26.7592996, 38.3121896], [26.7590314, 38.3120655], [26.7588088, 38.3119413], [26.758613, 38.3117498], [26.7583501, 38.311453], [26.7581651, 38.3112447], [26.7579558, 38.3109732], [26.7577922, 38.3106722], [26.7576367, 38.3103207], [26.7575616, 38.3100135], [26.7574489, 38.3096178], [26.7573309, 38.3093947], [26.7571163, 38.3091842], [26.7568535, 38.3089233], [26.7566282, 38.3086244], [26.7564994, 38.3084223], [26.7563707, 38.3082961], [26.7560166, 38.3081614], [26.755625, 38.3080309], [26.7551959, 38.3079341], [26.7549062, 38.307833], [26.7546916, 38.3076983], [26.7545092, 38.3075636], [26.7543375, 38.3074037], [26.7541766, 38.3071764], [26.7540049, 38.3069154], [26.753785, 38.3066838], [26.7535919, 38.3064818], [26.7522508, 38.3064229], [26.7512315, 38.3063555], [26.7507327, 38.3063176], [26.7505878, 38.3063303], [26.7504269, 38.3063639], [26.7503035, 38.3063892], [26.7497081, 38.306326], [26.7495042, 38.306305], [26.7492413, 38.3063471], [26.748898, 38.3064439], [26.7486834, 38.3064439], [26.74775, 38.3062208], [26.7468005, 38.3059682], [26.7464036, 38.3058672], [26.7461944, 38.3057788], [26.7459047, 38.305581], [26.7456418, 38.3053915], [26.7452341, 38.3052442], [26.7448747, 38.3051179], [26.7445582, 38.3050758], [26.7443812, 38.3051095], [26.744011, 38.3051768], [26.7434478, 38.3051011], [26.7431742, 38.3050085], [26.7431259, 38.304798], [26.7429864, 38.304558], [26.7428094, 38.3044402], [26.7426699, 38.3042465], [26.742568, 38.3040823], [26.7424178, 38.3039434], [26.7423588, 38.303775], [26.742391, 38.3036193], [26.7423105, 38.303514], [26.7421657, 38.3033541], [26.7419618, 38.3032993], [26.741581, 38.3029963], [26.7412108, 38.3028615], [26.7408943, 38.3026721], [26.7407173, 38.3024953], [26.7405724, 38.3022596], [26.7404437, 38.3020743], [26.7403257, 38.3020112], [26.7402613, 38.3018512], [26.7401218, 38.3016323], [26.7394193, 38.301243], [26.7386198, 38.3013629], [26.7382389, 38.3010892], [26.7377078, 38.3006556], [26.7373806, 38.300382], [26.7372143, 38.3001925], [26.736989, 38.2997589], [26.7368281, 38.2995611], [26.736592, 38.2993674], [26.7363292, 38.2991232], [26.7361414, 38.2987654], [26.7361307, 38.2985423], [26.7358602, 38.2984581], [26.7351523, 38.2976699], [26.7349184, 38.2979571], [26.7349935, 38.2981676], [26.7350793, 38.2983781], [26.7350578, 38.2985212], [26.7351329, 38.2986938], [26.7351329, 38.2988664], [26.7351705, 38.2990938], [26.7351973, 38.2992958], [26.735208, 38.2994769], [26.7351329, 38.2997968], [26.7351651, 38.3000368], [26.7352241, 38.3002515], [26.7352724, 38.3005504], [26.7352563, 38.3007146], [26.7352402, 38.3009966], [26.7352402, 38.3011734], [26.7352885, 38.3012871], [26.7353582, 38.3013839], [26.7354923, 38.3015439], [26.7355898, 38.3021163], [26.7360663, 38.3030426], [26.736415, 38.3031983], [26.7364955, 38.303594], [26.7365384, 38.3041455], [26.7366135, 38.3045117], [26.7367208, 38.3047348], [26.7372036, 38.3058293], [26.7375427, 38.3057914], [26.7372597, 38.3066668], [26.7375237, 38.306858], [26.737364, 38.307108], [26.7377854, 38.3076929], [26.7376561, 38.3079011], [26.7376705, 38.3080978], [26.7380332, 38.308188], [26.7383014, 38.3093208], [26.7380834, 38.3096599], [26.73796, 38.3102197], [26.7379868, 38.3104554], [26.7379975, 38.3105817], [26.7379278, 38.3106954], [26.7378366, 38.3108259], [26.738019, 38.3110742], [26.7380243, 38.311331], [26.7379194, 38.3119441], [26.7378693, 38.3120959], [26.7378094, 38.3124063], [26.7379868, 38.3125011], [26.7381692, 38.3129641], [26.7382979, 38.3135702], [26.7383408, 38.3137007], [26.7383945, 38.3139322], [26.7384267, 38.3141216], [26.7385822, 38.3143868], [26.7386359, 38.3145846], [26.7388183, 38.3147446], [26.7390168, 38.3149129], [26.7391509, 38.3149803], [26.7393333, 38.3149845], [26.7393333, 38.3151781], [26.7393547, 38.3154222], [26.7394137, 38.3156747], [26.7394459, 38.3158726], [26.7394513, 38.3160746], [26.7394513, 38.3161967], [26.7394137, 38.3163734], [26.7393762, 38.3165249], [26.7393011, 38.3166218], [26.7391294, 38.3167649], [26.739049, 38.3169753], [26.7390436, 38.3172531], [26.7392099, 38.3179391], [26.7405349, 38.3177245], [26.7408782, 38.3176866], [26.7411411, 38.3176613], [26.741479, 38.3176782], [26.7419726, 38.3177118], [26.7422354, 38.3177076], [26.74245, 38.3177245], [26.7427611, 38.3178718], [26.7430186, 38.3180107], [26.7432761, 38.3180654], [26.7436033, 38.318078], [26.7440754, 38.3180233], [26.7448264, 38.3178844], [26.7454809, 38.3177792], [26.7459422, 38.3177455], [26.7463607, 38.3177624], [26.747058, 38.3177876], [26.7476588, 38.3177918], [26.7482489, 38.3178507], [26.7488337, 38.3179391], [26.749472, 38.3180654], [26.750223, 38.3182337], [26.7503518, 38.318179], [26.7506307, 38.3181201], [26.7516822, 38.317977], [26.751768, 38.3178592], [26.7519987, 38.3176656], [26.7522401, 38.3175393], [26.7526478, 38.3174341], [26.7529052, 38.3173162], [26.7532808, 38.3171479], [26.7535275, 38.3170468], [26.7539835, 38.317009], [26.7544234, 38.3168995], [26.754697, 38.3168532], [26.7549008, 38.3168322], [26.7551047, 38.3169206], [26.7552173, 38.3169669], [26.7553514, 38.3169879], [26.7557859, 38.3168911], [26.7561293, 38.3178171], [26.757583, 38.3176824], [26.7577279, 38.3180317], [26.7578781, 38.3183053], [26.758731, 38.3180275], [26.7588383, 38.3184189], [26.7588115, 38.3190124], [26.758672, 38.3191933], [26.7584252, 38.3194164], [26.7582053, 38.3196395], [26.7581838, 38.3197868], [26.7582214, 38.3199972], [26.7583448, 38.3201487], [26.7586398, 38.320355], [26.7590743, 38.3205864], [26.7592889, 38.3205528], [26.7599112, 38.3204012], [26.7598242, 38.3211601]]]]}, "bbox": [26.7349184, 38.2976699, 26.7668715, 38.3216133]}, {"id": "251", "type": "Feature", "properties": {"mahalle_adi": "Altıntaş Mahallesi", "_gece_lst_str": "21.5°C"}, "geometry": {"type": "MultiPolygon", "coordinates": [[[[26.7464304, 38.3270128], [26.7478627, 38.3265204], [26.7486781, 38.3261964], [26.7489731, 38.3260449], [26.7495686, 38.3256156], [26.7499924, 38.3252747], [26.7510545, 38.3244836], [26.7529696, 38.3231663], [26.7544326, 38.3221198], [26.7547238, 38.3221731], [26.7544341, 38.3226571], [26.7544609, 38.3229769], [26.7544475, 38.3232968], [26.7537883, 38.3233081], [26.7533478, 38.3233157], [26.7533532, 38.3237092], [26.7537367, 38.3237323], [26.7537475, 38.3234188], [26.7544475, 38.3234251], [26.7544395, 38.3239912], [26.7544448, 38.3245509], [26.7574704, 38.3245299], [26.7581248, 38.3243783], [26.7587578, 38.3243068], [26.7585862, 38.3239743], [26.7583823, 38.3235661], [26.7581731, 38.3231495], [26.7585754, 38.3230443], [26.7588705, 38.323019], [26.7595088, 38.3230148], [26.7595947, 38.3211293], [26.7598242, 38.3211601], [26.7599112, 38.3204012], [26.7592889, 38.3205528], [26.7590743, 38.3205864], [26.7586398, 38.320355], [26.7583448, 38.3201487], [26.7582214, 38.3199972], [26.7581838, 38.3197868], [26.7582053, 38.3196395], [26.7584252, 38.3194164], [26.758672, 38.3191933], [26.7588115, 38.3190124], [26.7588383, 38.3184189], [26.758731, 38.3180275], [26.7578781, 38.3183053], [26.7577279, 38.3180317], [26.757583, 38.3176824], [26.7561293, 38.3178171], [26.7557859, 38.3168911], [26.7553514, 38.3169879], [26.7552173, 38.3169669], [26.7551047, 38.3169206], [26.7549008, 38.3168322], [26.754697, 38.3168532], [26.7544234, 38.3168995], [26.7539835, 38.317009], [26.7535275, 38.3170468], [26.7532808, 38.3171479], [26.7529052, 38.3173162], [26.7526478, 38.3174341], [26.7522401, 38.3175393], [26.7519987, 38.3176656], [26.751768, 38.3178592], [26.7516822, 38.317977], [26.7506307, 38.3181201], [26.7503518, 38.318179], [26.750223, 38.3182337], [26.749472, 38.3180654], [26.7488337, 38.3179391], [26.7482489, 38.3178507], [26.7476588, 38.3177918], [26.747058, 38.3177876], [26.7463607, 38.3177624], [26.7459422, 38.3177455], [26.7454809, 38.3177792], [26.7448264, 38.3178844], [26.7440754, 38.3180233], [26.7436033, 38.318078], [26.7432761, 38.3180654], [26.7430186, 38.3180107], [26.7427611, 38.3178718], [26.74245, 38.3177245], [26.7422354, 38.3177076], [26.7419726, 38.3177118], [26.741479, 38.3176782], [26.7411411, 38.3176613], [26.7408782, 38.3176866], [26.7405349, 38.3177245], [26.7392099, 38.3179391], [26.7385501, 38.3180864], [26.7379761, 38.3181748], [26.7375147, 38.3182127], [26.7367369, 38.3182548], [26.7368978, 38.3188861], [26.7369407, 38.3190334], [26.7370373, 38.3191807], [26.7370695, 38.3193112], [26.7370748, 38.3194038], [26.7369622, 38.319488], [26.7368603, 38.3195595], [26.7367637, 38.3196184], [26.7367423, 38.3196984], [26.7367583, 38.3201571], [26.7367315, 38.320397], [26.7366135, 38.3207674], [26.7372358, 38.320881], [26.7380458, 38.3209947], [26.7380995, 38.3213777], [26.7380512, 38.3214997], [26.737901, 38.321525], [26.7376757, 38.3215881], [26.7375961, 38.3216192], [26.7375147, 38.3216638], [26.7369837, 38.3217522], [26.7367154, 38.3218574], [26.7362595, 38.3219711], [26.735723, 38.3221226], [26.7348754, 38.3221941], [26.7342049, 38.3222068], [26.7338508, 38.3222278], [26.7333412, 38.3223288], [26.7328101, 38.3224803], [26.7322093, 38.3227034], [26.7319626, 38.322897], [26.7314422, 38.3231621], [26.7310882, 38.3234567], [26.7307019, 38.3237218], [26.7303371, 38.3237555], [26.7300421, 38.3236629], [26.7298061, 38.3235324], [26.7295968, 38.3235872], [26.7293179, 38.3237008], [26.7290658, 38.3237134], [26.7286152, 38.3236882], [26.7282182, 38.3236966], [26.7277676, 38.3236545], [26.7273545, 38.3236671], [26.7267054, 38.3238523], [26.7270434, 38.323907], [26.7287815, 38.324189], [26.7311901, 38.3245804], [26.7340225, 38.3250349], [26.7352885, 38.3252453], [26.7377937, 38.3256325], [26.7399931, 38.3259817], [26.7424822, 38.3263858], [26.7445153, 38.3267014], [26.7464304, 38.3270128]]]]}, "bbox": [26.7267054, 38.3168322, 26.7599112, 38.3270128]}, {"id": "253", "type": "Feature", "properties": {"mahalle_adi": "Torasan Mahallesi", "_gece_lst_str": "21.9°C"}, "geometry": {"type": "MultiPolygon", "coordinates": [[[[26.7007016, 38.3292173], [26.7009692, 38.3291154], [26.70159, 38.3282554], [26.7017485, 38.3281393], [26.7018628, 38.3279865], [26.7019147, 38.3277073], [26.7016082, 38.3267414], [26.7016082, 38.3264866], [26.7014887, 38.3261626], [26.7014212, 38.3261728], [26.7011744, 38.3257326], [26.701003, 38.3256674], [26.7006964, 38.3257163], [26.7006575, 38.3256308], [26.7008964, 38.3254637], [26.7009094, 38.3253251], [26.7008523, 38.3248666], [26.7006133, 38.324351], [26.7006886, 38.3240372], [26.7006445, 38.324029], [26.7006627, 38.3236581], [26.7002938, 38.3231792], [26.6998938, 38.322845], [26.699873, 38.3227757], [26.6999042, 38.3226962], [26.7008861, 38.3222397], [26.7009848, 38.3221847], [26.7009666, 38.322148], [26.7015744, 38.3218627], [26.7017095, 38.3218953], [26.7025511, 38.3215427], [26.7032369, 38.3211555], [26.7034489, 38.3204589], [26.7034103, 38.3202557], [26.7037226, 38.3198983], [26.7037299, 38.3196865], [26.7036452, 38.3195086], [26.7035231, 38.3194352], [26.7030115, 38.3193281], [26.7029527, 38.318792], [26.702894, 38.3186969], [26.7027948, 38.3186537], [26.702578, 38.3181925], [26.7026515, 38.3181521], [26.7022364, 38.3175094], [26.7022033, 38.3173538], [26.7023723, 38.316858], [26.7024972, 38.3166563], [26.7025927, 38.3161605], [26.7025413, 38.3159011], [26.7023135, 38.3155091], [26.7020636, 38.3152887], [26.702925, 38.3152791], [26.7046148, 38.3160493], [26.7055052, 38.3164786], [26.7065138, 38.3168827], [26.7087024, 38.3178423], [26.7111379, 38.3189492], [26.7141956, 38.3203002], [26.7172265, 38.3216133], [26.7190504, 38.3222951], [26.7199194, 38.3225729], [26.7206436, 38.3227707], [26.7214644, 38.3229727], [26.7222798, 38.3231621], [26.7247635, 38.3235493], [26.7267054, 38.3238523], [26.7270434, 38.323907], [26.7287815, 38.324189], [26.7311901, 38.3245804], [26.7340225, 38.3250349], [26.7352885, 38.3252453], [26.7377937, 38.3256325], [26.7399931, 38.3259817], [26.7424822, 38.3263858], [26.7445153, 38.3267014], [26.7464304, 38.3270128], [26.74878, 38.327421], [26.7494774, 38.327543], [26.7514729, 38.327947], [26.7524868, 38.3282206], [26.7535812, 38.328532], [26.7549223, 38.3289486], [26.7551526, 38.3290319], [26.7538065, 38.3293484], [26.7533666, 38.3293526], [26.7529696, 38.329361], [26.7523903, 38.3295377], [26.7512155, 38.3298996], [26.7500997, 38.3302447], [26.7487854, 38.3306613], [26.7486244, 38.3304593], [26.7482865, 38.3299375], [26.7479593, 38.3297145], [26.7477822, 38.3299459], [26.7471546, 38.3305645], [26.7468703, 38.3309643], [26.7464572, 38.3313093], [26.7460173, 38.3315913], [26.7453361, 38.3319237], [26.744923, 38.3320752], [26.7435282, 38.3324245], [26.7427611, 38.3326769], [26.7421335, 38.3328747], [26.74142, 38.3330893], [26.7410016, 38.3332703], [26.7408675, 38.3336995], [26.7405617, 38.3337794], [26.7400145, 38.3339646], [26.7397678, 38.3341329], [26.7393923, 38.334276], [26.7390758, 38.3343307], [26.7387378, 38.3343601], [26.7384428, 38.3344485], [26.7380565, 38.3346126], [26.7375469, 38.3348987], [26.7371714, 38.3352185], [26.7369407, 38.3355299], [26.7364204, 38.3364135], [26.7362434, 38.3365692], [26.7360288, 38.3367375], [26.7357176, 38.3368638], [26.7353958, 38.3369437], [26.735782, 38.3361821], [26.7358518, 38.3359086], [26.7359161, 38.3353784], [26.7359805, 38.3351933], [26.7360341, 38.335046], [26.7360502, 38.3347304], [26.7359859, 38.3344695], [26.7358732, 38.3342086], [26.7359161, 38.3336448], [26.7360073, 38.3331566], [26.7360717, 38.3325675], [26.7360127, 38.3321888], [26.7358518, 38.3317848], [26.735605, 38.3318732], [26.735267, 38.3319027], [26.7348754, 38.3319027], [26.7344034, 38.3318438], [26.7336953, 38.3318185], [26.7333358, 38.3317049], [26.7330354, 38.3314777], [26.7326707, 38.3312294], [26.7324293, 38.3309937], [26.7322469, 38.3308086], [26.7320645, 38.330716], [26.7318714, 38.3307034], [26.7316782, 38.3307455], [26.731351, 38.330716], [26.7310935, 38.330636], [26.7309004, 38.3305266], [26.7307931, 38.3303878], [26.730718, 38.3302279], [26.7306054, 38.3301395], [26.7304337, 38.3300469], [26.7301226, 38.3300469], [26.7296612, 38.3301353], [26.7293876, 38.3301479], [26.7291301, 38.3301353], [26.7289424, 38.3301269], [26.7287064, 38.3301058], [26.7285079, 38.3299838], [26.7282987, 38.3298491], [26.7281753, 38.3297566], [26.7279017, 38.3296556], [26.7276603, 38.329584], [26.7272204, 38.329382], [26.7267805, 38.3292179], [26.7264748, 38.32918], [26.7262226, 38.3292221], [26.725831, 38.3292474], [26.7256057, 38.3292389], [26.7254502, 38.329361], [26.7252946, 38.3294451], [26.7251819, 38.3294872], [26.7248976, 38.3295504], [26.7245758, 38.3296766], [26.7243934, 38.3297061], [26.7241734, 38.3296934], [26.723873, 38.3296976], [26.7236584, 38.3297481], [26.7233205, 38.3299165], [26.7232025, 38.3299922], [26.7231488, 38.3301437], [26.7230362, 38.3302868], [26.7228645, 38.3303878], [26.7225641, 38.3304214], [26.7223871, 38.3305182], [26.7222047, 38.3306697], [26.7220169, 38.3308296], [26.7214966, 38.3309895], [26.7213356, 38.3311915], [26.7211693, 38.3313135], [26.7209333, 38.3314608], [26.720708, 38.3315197], [26.7203379, 38.3315155], [26.719324, 38.3314861], [26.718986, 38.3313514], [26.7187017, 38.3312799], [26.7183745, 38.3311789], [26.7179131, 38.3309937], [26.7174357, 38.3308465], [26.7172158, 38.330695], [26.7169583, 38.3305561], [26.7166579, 38.3302489], [26.7165291, 38.3300595], [26.7162448, 38.3297818], [26.7158157, 38.3296724], [26.7142492, 38.3297481], [26.7140186, 38.3296724], [26.7134714, 38.3291927], [26.713053, 38.328978], [26.7128384, 38.328936], [26.7126507, 38.3290538], [26.7124253, 38.3293147], [26.7120177, 38.3296892], [26.7117602, 38.3298491], [26.7115992, 38.3299123], [26.7113846, 38.3299123], [26.7111164, 38.329967], [26.7109984, 38.3301058], [26.7109233, 38.3301732], [26.7107892, 38.330211], [26.7106068, 38.3302237], [26.710521, 38.3302531], [26.7105049, 38.3303036], [26.7104834, 38.3303667], [26.7104459, 38.3304846], [26.7102957, 38.3305351], [26.7101026, 38.3303878], [26.7099202, 38.3303036], [26.7098343, 38.3303373], [26.7096198, 38.3305771], [26.7094856, 38.3307118], [26.7093247, 38.3307497], [26.7091584, 38.3308044], [26.7090887, 38.3306781], [26.7090511, 38.3305435], [26.7089224, 38.330594], [26.7087239, 38.3305771], [26.7085952, 38.3305477], [26.7084664, 38.3304761], [26.7084557, 38.3303289], [26.708343, 38.3302742], [26.7080694, 38.3302237], [26.7078763, 38.3302237], [26.7077261, 38.3303289], [26.7076188, 38.3304088], [26.7074901, 38.3303373], [26.7073452, 38.330211], [26.707136, 38.3300764], [26.7069429, 38.3300385], [26.7067176, 38.3300175], [26.7064547, 38.330009], [26.7061919, 38.3300722], [26.7059612, 38.3300427], [26.7057896, 38.3299585], [26.7055052, 38.3298702], [26.7053336, 38.3298533], [26.7052692, 38.3298912], [26.7051887, 38.3299543], [26.7048722, 38.3299712], [26.7046094, 38.3299501], [26.7044538, 38.329967], [26.7042232, 38.3299459], [26.70403, 38.329908], [26.7039335, 38.3300217], [26.7037779, 38.3300848], [26.7035848, 38.3300806], [26.7033434, 38.3300553], [26.7032093, 38.3299754], [26.7030644, 38.3298744], [26.7027962, 38.3298786], [26.7026085, 38.3298954], [26.7024207, 38.3298533], [26.7022705, 38.3297734], [26.7020935, 38.3296345], [26.701895, 38.3295546], [26.7017019, 38.3295083], [26.7015892, 38.3295966], [26.7015356, 38.329664], [26.7014551, 38.3297018], [26.7012995, 38.3296724], [26.7012834, 38.3296177], [26.7011064, 38.3293357], [26.7007016, 38.3292173]]]]}, "bbox": [26.699873, 38.3152791, 26.7551526, 38.3369437]}, {"id": "254", "type": "Feature", "properties": {"mahalle_adi": "Rüstem Mahallesi", "_gece_lst_str": "21.7°C"}, "geometry": {"type": "MultiPolygon", "coordinates": [[[[26.7353958, 38.3369437], [26.7357176, 38.3368638], [26.7360288, 38.3367375], [26.7362434, 38.3365692], [26.7364204, 38.3364135], [26.7369407, 38.3355299], [26.7371714, 38.3352185], [26.7375469, 38.3348987], [26.7380565, 38.3346126], [26.7384428, 38.3344485], [26.7387378, 38.3343601], [26.7390758, 38.3343307], [26.7393923, 38.334276], [26.7397678, 38.3341329], [26.7400145, 38.3339646], [26.7405617, 38.3337794], [26.7408675, 38.3336995], [26.7410016, 38.3332703], [26.74142, 38.3330893], [26.7421335, 38.3328747], [26.7427611, 38.3326769], [26.7435282, 38.3324245], [26.744923, 38.3320752], [26.7453361, 38.3319237], [26.7460173, 38.3315913], [26.7464572, 38.3313093], [26.7468703, 38.3309643], [26.7471546, 38.3305645], [26.7477822, 38.3299459], [26.7479593, 38.3297145], [26.7482865, 38.3299375], [26.7486244, 38.3304593], [26.7487854, 38.3306613], [26.7500997, 38.3302447], [26.7512155, 38.3298996], [26.7523903, 38.3295377], [26.7529696, 38.329361], [26.7533666, 38.3293526], [26.7538065, 38.3293484], [26.7551526, 38.3290319], [26.7560863, 38.3293694], [26.7568427, 38.329382], [26.7574543, 38.3293946], [26.7578244, 38.329382], [26.7587364, 38.3293147], [26.7591333, 38.3292137], [26.7593104, 38.3291253], [26.7593962, 38.3290538], [26.7595357, 38.3288939], [26.7596751, 38.3288223], [26.7598468, 38.3287803], [26.7601901, 38.3286751], [26.7603564, 38.3285909], [26.7604798, 38.3284983], [26.7605281, 38.3282711], [26.7606354, 38.3279891], [26.7630708, 38.3278713], [26.7631406, 38.3282206], [26.7643793, 38.3282374], [26.7643958, 38.3283258], [26.7645031, 38.3290117], [26.7645138, 38.3294073], [26.764605, 38.329563], [26.7647284, 38.3297061], [26.765002, 38.3299207], [26.7650878, 38.3301058], [26.7651683, 38.3313093], [26.7652112, 38.3322772], [26.7652005, 38.3327653], [26.765281, 38.3330472], [26.7654365, 38.3333208], [26.7656841, 38.3338526], [26.763441, 38.3327695], [26.7634839, 38.3335101], [26.7635322, 38.3336995], [26.7636073, 38.3338215], [26.7635697, 38.334217], [26.7635482, 38.3344064], [26.7636126, 38.3346715], [26.7637199, 38.3352101], [26.7639077, 38.3360853], [26.7639828, 38.3365313], [26.7640418, 38.3367712], [26.7641061, 38.3371246], [26.7641437, 38.3373561], [26.7642027, 38.3375244], [26.7642403, 38.33845], [26.7643744, 38.3386562], [26.7644441, 38.3388203], [26.7644441, 38.3389886], [26.7643797, 38.3392116], [26.7643744, 38.3393505], [26.7644119, 38.3395609], [26.7644334, 38.3397839], [26.7644548, 38.3400363], [26.7645675, 38.340192], [26.7646694, 38.340394], [26.7647888, 38.340497], [26.7648303, 38.3405328], [26.7649591, 38.340659], [26.7650503, 38.3408273], [26.7652219, 38.3412102], [26.7653292, 38.3417403], [26.7653561, 38.3420265], [26.7653024, 38.3423841], [26.7652219, 38.3427712], [26.7652595, 38.3430783], [26.7653936, 38.343377], [26.765635, 38.3437936], [26.7657691, 38.3441133], [26.7658335, 38.3444962], [26.765812, 38.3450305], [26.7657638, 38.3456321], [26.7657155, 38.3457205], [26.7657155, 38.3464862], [26.7656618, 38.3470289], [26.7657423, 38.3472266], [26.7657691, 38.3478283], [26.7658871, 38.3484046], [26.7658013, 38.3484635], [26.7656296, 38.3484762], [26.7655921, 38.3485519], [26.7655089, 38.3485582], [26.765407, 38.3485056], [26.7652595, 38.3484762], [26.7650342, 38.3484488], [26.764943, 38.3484173], [26.7648652, 38.3483331], [26.7647606, 38.3482658], [26.7646399, 38.3483373], [26.7645621, 38.3483815], [26.7644253, 38.348371], [26.7643878, 38.3482805], [26.76431, 38.3482427], [26.764133, 38.3482279], [26.7640257, 38.3482679], [26.7639399, 38.34827], [26.7638004, 38.3481922], [26.7636207, 38.3482784], [26.7632854, 38.348453], [26.7610355, 38.3473091], [26.7605656, 38.3464525], [26.7606837, 38.3462085], [26.7598361, 38.3450221], [26.7589027, 38.3446014], [26.7585459, 38.3447276], [26.7578754, 38.344837], [26.7566979, 38.344879], [26.7564431, 38.34502], [26.756309, 38.3450894], [26.7561963, 38.3451967], [26.7560837, 38.3452451], [26.7558986, 38.3452745], [26.7556331, 38.3453124], [26.7554024, 38.3453187], [26.7552549, 38.3455669], [26.7551449, 38.3458593], [26.7553265, 38.3461592], [26.7548997, 38.3470521], [26.7545809, 38.3473673], [26.7541566, 38.3475213], [26.7542983, 38.3481354], [26.7540617, 38.3487546], [26.7542809, 38.3488206], [26.7539608, 38.3494814], [26.7535977, 38.3494509], [26.7522859, 38.3502466], [26.7519437, 38.3507464], [26.7497551, 38.3512304], [26.7474282, 38.3524181], [26.7476481, 38.3530785], [26.7478573, 38.3534024], [26.7480397, 38.3537895], [26.7481846, 38.3540124], [26.7483079, 38.354126], [26.7483938, 38.3545635], [26.7485386, 38.3549547], [26.7487371, 38.3552113], [26.7488714, 38.3551376], [26.7491873, 38.3557043], [26.7495364, 38.3558928], [26.7496115, 38.3559727], [26.749649, 38.3560947], [26.7496276, 38.3562504], [26.7495739, 38.3563597], [26.7496115, 38.3564817], [26.7496705, 38.3565785], [26.7496759, 38.3566626], [26.7496866, 38.3568225], [26.7497778, 38.3569697], [26.7499012, 38.3570917], [26.7499602, 38.35718], [26.7500406, 38.357281], [26.7500299, 38.3573946], [26.7500192, 38.3575292], [26.7500192, 38.3575965], [26.7500192, 38.3576512], [26.7499763, 38.3577353], [26.750046, 38.3578615], [26.7501157, 38.3579793], [26.7501265, 38.3581013], [26.7498958, 38.358177], [26.7500621, 38.3583284], [26.7500621, 38.3584378], [26.7500836, 38.3585682], [26.7500514, 38.3589383], [26.7499763, 38.359237], [26.7500138, 38.3594221], [26.7501104, 38.3596576], [26.7503893, 38.3600657], [26.7513677, 38.3620671], [26.7515022, 38.3625739], [26.751387, 38.3630802], [26.7514193, 38.3633928], [26.7520255, 38.3631867], [26.7526697, 38.3642151], [26.7531799, 38.3655212], [26.7536989, 38.3664876], [26.7531681, 38.366661], [26.7525887, 38.3666694], [26.7519343, 38.366518], [26.7516875, 38.3663665], [26.7506683, 38.3659291], [26.7503142, 38.3657525], [26.7498207, 38.3655338], [26.749413, 38.3652646], [26.7491984, 38.3652814], [26.7488873, 38.3654328], [26.7485762, 38.3655422], [26.7486298, 38.3652393], [26.7485869, 38.3650122], [26.7483294, 38.3646757], [26.7470419, 38.3635401], [26.7465591, 38.3633297], [26.7462695, 38.3633213], [26.7461944, 38.3636326], [26.7461193, 38.3638513], [26.7458725, 38.3640953], [26.7455399, 38.3642383], [26.7452073, 38.3643813], [26.7445421, 38.3645664], [26.7442846, 38.3646841], [26.74407, 38.3650122], [26.7438877, 38.3653403], [26.743834, 38.3656431], [26.7438018, 38.3658198], [26.7436838, 38.3659459], [26.7432868, 38.3659964], [26.7424838, 38.3659839], [26.7392304, 38.3648295], [26.7393044, 38.363185], [26.738261, 38.3629146], [26.7379218, 38.3625205], [26.7375045, 38.3628056], [26.7368101, 38.3622797], [26.7357964, 38.3621582], [26.734285, 38.361547], [26.7344034, 38.3605452], [26.7344034, 38.3600404], [26.7340669, 38.3591153], [26.7349171, 38.3583902], [26.7344337, 38.3581388], [26.7355427, 38.3570211], [26.7360556, 38.3572726], [26.7381241, 38.354691], [26.7379133, 38.3543806], [26.7380957, 38.3541784], [26.737508, 38.353474], [26.7371475, 38.3526985], [26.7366026, 38.352733], [26.7365279, 38.3524588], [26.7366519, 38.3516367], [26.7372787, 38.3514589], [26.7369121, 38.3508507], [26.736943, 38.3506601], [26.7366412, 38.3504091], [26.7368423, 38.3492178], [26.7365599, 38.3486024], [26.7373484, 38.3481732], [26.7377722, 38.3478872], [26.7381209, 38.3474875], [26.7383355, 38.3469953], [26.7385662, 38.3463263], [26.7386252, 38.3461833], [26.7391026, 38.3458425], [26.7393815, 38.3454512], [26.7400828, 38.3444579], [26.7401147, 38.3439932], [26.7405395, 38.3436962], [26.7406045, 38.3424449], [26.740351, 38.3413837], [26.7405643, 38.340979], [26.7405824, 38.3401567], [26.7399467, 38.3402029], [26.7393433, 38.3396653], [26.7378145, 38.3398049], [26.7372853, 38.3396845], [26.735439, 38.3397519], [26.7351973, 38.3390854], [26.7355192, 38.3384585], [26.7355084, 38.3383364], [26.7354602, 38.3381892], [26.7351276, 38.3377305], [26.7354011, 38.3372551], [26.7353797, 38.3370657], [26.7353958, 38.3369437]]]]}, "bbox": [26.7340669, 38.3278713, 26.7658871, 38.3666694]}, {"id": "255", "type": "Feature", "properties": {"mahalle_adi": "Çolak İbrahim Bey Mahallesi", "_gece_lst_str": "21.8°C"}, "geometry": {"type": "MultiPolygon", "coordinates": [[[[26.831802, 38.2215002], [26.8319218, 38.2215871], [26.8322718, 38.2217458], [26.8328726, 38.2219312], [26.8333125, 38.2220577], [26.8336773, 38.2223105], [26.8338704, 38.2224875], [26.834085, 38.2227404], [26.8342137, 38.222968], [26.8342566, 38.2233051], [26.8344068, 38.2234821], [26.8347287, 38.2237265], [26.8348038, 38.2239963], [26.8349647, 38.2243755], [26.8351686, 38.2247633], [26.8356943, 38.2252437], [26.8360698, 38.2255724], [26.836456, 38.2258337], [26.8368101, 38.2259264], [26.8389555, 38.2278942], [26.8386349, 38.2294133], [26.8411308, 38.2296898], [26.8428708, 38.2304023], [26.8455889, 38.2311746], [26.8479428, 38.2326615], [26.850774, 38.2335769], [26.8520852, 38.2352769], [26.8579121, 38.234283], [26.8601361, 38.2328018], [26.8609065, 38.23291], [26.8613162, 38.2319987], [26.8612275, 38.2309439], [26.8626772, 38.2313746], [26.8640195, 38.228641], [26.8660596, 38.2283931], [26.8664705, 38.2268025], [26.8692596, 38.2258939], [26.8707368, 38.2235536], [26.8746565, 38.2240048], [26.8805838, 38.2198999], [26.8803906, 38.2198788], [26.8801814, 38.2198957], [26.8800205, 38.2199631], [26.8797308, 38.2200516], [26.8794626, 38.2201485], [26.8793338, 38.2201232], [26.8791997, 38.2200684], [26.8791193, 38.2199799], [26.8791139, 38.2198746], [26.8792105, 38.2196301], [26.8793821, 38.2192719], [26.8795913, 38.2189937], [26.8796879, 38.2188547], [26.8797255, 38.2186987], [26.8796557, 38.2185554], [26.879468, 38.2183658], [26.8792856, 38.2182225], [26.8789744, 38.2180244], [26.8788189, 38.2179907], [26.8785882, 38.2179907], [26.8783361, 38.2180117], [26.8781644, 38.2180665], [26.8780249, 38.2181508], [26.8778479, 38.2183025], [26.8777192, 38.2183911], [26.8775743, 38.218429], [26.8774402, 38.2184796], [26.8771237, 38.2187114], [26.8766731, 38.2190022], [26.8764961, 38.2190822], [26.8763083, 38.219116], [26.8761527, 38.2190443], [26.8760937, 38.21896], [26.8760723, 38.2187914], [26.8761742, 38.2184753], [26.8763351, 38.2179612], [26.876421, 38.2177378], [26.8764317, 38.2176535], [26.8763566, 38.2175608], [26.8762171, 38.2175228], [26.8760133, 38.2175397], [26.8758792, 38.2175734], [26.8756163, 38.2176956], [26.8754393, 38.2177673], [26.8751335, 38.2178558], [26.8749511, 38.2178727], [26.8748116, 38.2178221], [26.8747526, 38.2177715], [26.8747419, 38.2176577], [26.8747848, 38.2175439], [26.8748546, 38.2174343], [26.8749136, 38.217329], [26.8749028, 38.2171899], [26.8748063, 38.217055], [26.8746561, 38.2169749], [26.8744147, 38.2169412], [26.8741679, 38.2168654], [26.8740284, 38.2167895], [26.8739372, 38.2166883], [26.8738943, 38.2165408], [26.8738782, 38.2163512], [26.8738085, 38.2162542], [26.8736368, 38.2161573], [26.8733847, 38.2161109], [26.8730789, 38.2160772], [26.8729448, 38.2159718], [26.8728107, 38.215837], [26.8726551, 38.2157105], [26.8724996, 38.215622], [26.8722635, 38.2155293], [26.872049, 38.2154534], [26.8718451, 38.2153776], [26.8716896, 38.2152553], [26.8716574, 38.2151247], [26.8716359, 38.2149224], [26.8716681, 38.2146863], [26.871652, 38.2144967], [26.8715876, 38.2141215], [26.8715072, 38.2138265], [26.8713516, 38.2135652], [26.8711048, 38.213287], [26.8708312, 38.2131226], [26.8706006, 38.2130594], [26.8702358, 38.213051], [26.8699193, 38.213072], [26.8695545, 38.2131563], [26.8692648, 38.2132786], [26.8689805, 38.2134261], [26.8678486, 38.2141005], [26.8668026, 38.2146653], [26.8659818, 38.2150699], [26.8652469, 38.2152764], [26.8646407, 38.2153776], [26.8643349, 38.2153733], [26.8640238, 38.215327], [26.8634874, 38.215209], [26.8633479, 38.2151415], [26.8630314, 38.2146526], [26.8629348, 38.2143281], [26.8628758, 38.2139192], [26.86279, 38.2137127], [26.8626398, 38.2136031], [26.8623716, 38.213523], [26.8620604, 38.2135483], [26.8618351, 38.2136706], [26.8614757, 38.2138939], [26.8609983, 38.2140415], [26.8605959, 38.2141637], [26.8602258, 38.2141721], [26.8595606, 38.2139403], [26.8589115, 38.21362], [26.8583858, 38.2133544], [26.8582141, 38.2132027], [26.8580586, 38.2130763], [26.8579942, 38.2129329], [26.8579137, 38.2126885], [26.8578172, 38.2125789], [26.8577152, 38.2124609], [26.8577099, 38.2123597], [26.8577689, 38.2121911], [26.8578708, 38.2120478], [26.857962, 38.2119677], [26.8579942, 38.2119045], [26.8579727, 38.2117823], [26.8578601, 38.2116811], [26.857624, 38.211639], [26.8573987, 38.2116221], [26.8572164, 38.2115589], [26.8570501, 38.2114408], [26.8568784, 38.2111922], [26.8567765, 38.2109856], [26.8566772, 38.2109013], [26.8565619, 38.2108803], [26.8564653, 38.2108971], [26.856358, 38.2109393], [26.8562454, 38.2110362], [26.8561649, 38.2111879], [26.8561488, 38.2114493], [26.8561274, 38.2116685], [26.8560952, 38.2117907], [26.8560469, 38.2118792], [26.8559772, 38.2119214], [26.8558806, 38.2119382], [26.8557519, 38.2119214], [26.8555105, 38.2117907], [26.8551779, 38.2115842], [26.8548185, 38.2114408], [26.85462, 38.2114198], [26.8543893, 38.2113776], [26.8543249, 38.2112807], [26.8543357, 38.2111837], [26.8543142, 38.2110615], [26.8542606, 38.210935], [26.8542015, 38.2108381], [26.8539977, 38.2106231], [26.8538368, 38.2105093], [26.8536276, 38.210484], [26.8534452, 38.2105009], [26.8531769, 38.2105304], [26.8528336, 38.2105852], [26.8529731, 38.2107074], [26.8530375, 38.2108507], [26.8530858, 38.2110657], [26.853193, 38.2112048], [26.8533164, 38.2113102], [26.8535685, 38.2114914], [26.8536705, 38.2116137], [26.8537509, 38.2118413], [26.8537295, 38.2120352], [26.8536651, 38.2122122], [26.8536329, 38.2123724], [26.8536276, 38.2125325], [26.8536973, 38.212659], [26.853826, 38.2128023], [26.8539655, 38.2129119], [26.8540674, 38.213072], [26.8537778, 38.2131605], [26.8536222, 38.2131395], [26.8534398, 38.2130678], [26.8531072, 38.2129709], [26.85197, 38.2129287], [26.8515301, 38.2128107], [26.8511331, 38.2125662], [26.8509775, 38.2125494], [26.8508166, 38.2124735], [26.8506718, 38.2123471], [26.8505216, 38.212267], [26.8502855, 38.2121574], [26.8500656, 38.2120857], [26.8499583, 38.2120057], [26.849792, 38.2119972], [26.8496633, 38.2118539], [26.8494111, 38.2116221], [26.8492716, 38.2115167], [26.8492073, 38.2113903], [26.8490624, 38.2112765], [26.848923, 38.2112301], [26.8487298, 38.2112427], [26.8484938, 38.2112048], [26.848129, 38.2111079], [26.8480486, 38.2109856], [26.847775, 38.2108592], [26.8471473, 38.2104925], [26.8468416, 38.2104166], [26.8465787, 38.210404], [26.8462944, 38.2104124], [26.8461281, 38.2104503], [26.8459511, 38.2105726], [26.8456936, 38.2106779], [26.8454415, 38.2106821], [26.8450338, 38.2106231], [26.8448943, 38.2105852], [26.8446636, 38.2104798], [26.8444705, 38.2104082], [26.8443578, 38.2103955], [26.8441218, 38.2103365], [26.8439931, 38.2103323], [26.8437999, 38.2103744], [26.8436873, 38.2103281], [26.8435532, 38.2102396], [26.8433279, 38.2100119], [26.8431562, 38.2098138], [26.8429094, 38.2097295], [26.8425983, 38.2095399], [26.842314, 38.2094345], [26.842137, 38.2093038], [26.8418527, 38.2090888], [26.8415898, 38.208916], [26.841343, 38.2087179], [26.8411982, 38.2085619], [26.8410855, 38.208309], [26.8410426, 38.2080013], [26.8409032, 38.2078707], [26.8408763, 38.2077105], [26.8407905, 38.2076388], [26.8406618, 38.2075545], [26.8403184, 38.2072847], [26.8398839, 38.2069897], [26.8396264, 38.2066988], [26.8393528, 38.2065049], [26.8389881, 38.2063279], [26.838575, 38.2061045], [26.8381029, 38.2058178], [26.8379098, 38.2054637], [26.8383014, 38.2051518], [26.8391383, 38.2049705], [26.8394709, 38.2047724], [26.8388003, 38.2025635], [26.8395781, 38.2022811], [26.8405384, 38.2019143], [26.841402, 38.2015223], [26.8422389, 38.2009616], [26.841166, 38.2002365], [26.8398893, 38.1995662], [26.8395513, 38.1994861], [26.8397766, 38.1988875], [26.8398893, 38.1987104], [26.8395996, 38.1986893], [26.8393689, 38.1986303], [26.8391973, 38.198546], [26.8389451, 38.1983647], [26.8379045, 38.1981582], [26.8378589, 38.197941], [26.837706, 38.1979663], [26.8375477, 38.1980591], [26.8371588, 38.1985566], [26.8370354, 38.1987442], [26.8358526, 38.1983542], [26.8349969, 38.1995578], [26.8339026, 38.2009911], [26.8334037, 38.2016234], [26.833291, 38.201653], [26.8329692, 38.2016782], [26.8324649, 38.2029935], [26.8317836, 38.2047851], [26.831494, 38.2056239], [26.8312848, 38.2062815], [26.8308717, 38.2073606], [26.8305123, 38.2083891], [26.8299845, 38.2098134], [26.8297182, 38.2107089], [26.8306703, 38.210825], [26.8332767, 38.2102981], [26.8336062, 38.2103952], [26.8339357, 38.2105084], [26.8343063, 38.2105651], [26.8346049, 38.2105651], [26.8347388, 38.210646], [26.8349447, 38.2107269], [26.8351403, 38.2108563], [26.8352638, 38.21101], [26.835408, 38.2111961], [26.8355006, 38.2113579], [26.8357066, 38.2115278], [26.8357477, 38.2116734], [26.8357374, 38.2119403], [26.8358198, 38.212094], [26.8360463, 38.2123205], [26.8363449, 38.2125632], [26.8365217, 38.2128053], [26.8365353, 38.2130722], [26.8366847, 38.2132216], [26.8369021, 38.2133497], [26.8372825, 38.2136272], [26.8376357, 38.2137874], [26.8379754, 38.2140222], [26.8381248, 38.214193], [26.838152, 38.2144812], [26.8381791, 38.2147267], [26.8381656, 38.2149402], [26.8383693, 38.2150576], [26.8331435, 38.2203271], [26.8334084, 38.2209302], [26.831802, 38.2215002]]]]}, "bbox": [26.8297182, 38.197941, 26.8805838, 38.2352769]}, {"id": "256", "type": "Feature", "properties": {"mahalle_adi": "Cüneytbey Mahallesi", "_gece_lst_str": "21.2°C"}, "geometry": {"type": "MultiPolygon", "coordinates": [[[[27.1364665, 38.2275362], [27.1364236, 38.2290701], [27.1363485, 38.2307219], [27.1362305, 38.2325423], [27.1362197, 38.2327277], [27.1373677, 38.2328794], [27.1391272, 38.2330901], [27.1402216, 38.2332502], [27.1399748, 38.2354582], [27.1393525, 38.2358121], [27.1388054, 38.2364273], [27.1377754, 38.237961], [27.1387088, 38.2379105], [27.1391058, 38.2378936], [27.1394384, 38.2379442], [27.1398997, 38.2382307], [27.1405435, 38.2385846], [27.1403289, 38.2398065], [27.1403289, 38.2400425], [27.1404254, 38.2414665], [27.1405435, 38.2427052], [27.1398997, 38.2427726], [27.1394706, 38.2428064], [27.1388186, 38.2427325], [27.1388805, 38.2456123], [27.1397495, 38.2455617], [27.1388912, 38.2461937], [27.1411979, 38.2465981], [27.1408653, 38.2473733], [27.1408009, 38.2483591], [27.140876, 38.2492944], [27.1407082, 38.2495459], [27.1398514, 38.2493365], [27.1390682, 38.2504234], [27.1389341, 38.2505371], [27.1384621, 38.2507099], [27.137754, 38.2509584], [27.1358898, 38.2515334], [27.1356393, 38.2515814], [27.1347787, 38.2515829], [27.1339801, 38.2516261], [27.1333337, 38.2516598], [27.1330125, 38.2516167], [27.132647, 38.2515945], [27.1323627, 38.2515145], [27.1322662, 38.2514134], [27.1319711, 38.2508847], [27.131255, 38.2504908], [27.1299675, 38.2501411], [27.1301258, 38.2494376], [27.130233, 38.2487298], [27.1303403, 38.2482749], [27.1305978, 38.2477525], [27.130748, 38.2473312], [27.1308124, 38.2469436], [27.1308124, 38.2467077], [27.1309304, 38.2463622], [27.1314347, 38.245924], [27.1318424, 38.2455196], [27.1319389, 38.2453258], [27.1319818, 38.2449972], [27.1319282, 38.2447528], [27.1318531, 38.2445169], [27.131542, 38.2439186], [27.1314454, 38.2436237], [27.1314454, 38.2433204], [27.1315956, 38.2430002], [27.1319926, 38.2426631], [27.1320677, 38.242562], [27.1320999, 38.2420901], [27.1321857, 38.24118], [27.1318424, 38.2408851], [27.1316492, 38.2406492], [27.1315956, 38.2404301], [27.1314883, 38.2401183], [27.1316063, 38.2398571], [27.1317458, 38.2396548], [27.1318746, 38.2394526], [27.1320248, 38.2391576], [27.1320462, 38.2388121], [27.132132, 38.2384751], [27.1322286, 38.238197], [27.1323037, 38.2380284], [27.1324539, 38.2378852], [27.1326363, 38.2375397], [27.132926, 38.2372026], [27.1330547, 38.2369245], [27.1331727, 38.2364694], [27.1331513, 38.2359975], [27.1332049, 38.2356099], [27.1333659, 38.2352896], [27.1336126, 38.2349104], [27.1336985, 38.2345649], [27.1340525, 38.2343458], [27.1344066, 38.2340845], [27.1345246, 38.2338654], [27.134428, 38.2335957], [27.1343851, 38.2333682], [27.1341813, 38.2330311], [27.134192, 38.2326434], [27.1342456, 38.2318681], [27.1342242, 38.2314636], [27.134664, 38.2312445], [27.1352327, 38.2311265], [27.1354794, 38.2309495], [27.1354902, 38.2307135], [27.1354258, 38.23025], [27.1353292, 38.2298539], [27.1354473, 38.2295083], [27.1358442, 38.2294072], [27.1358979, 38.2291375], [27.1360266, 38.2286402], [27.136091, 38.2284211], [27.1362197, 38.2281851], [27.1364665, 38.2275362]]]]}, "bbox": [27.1299675, 38.2275362, 27.1411979, 38.2516598]}, {"id": "257", "type": "Feature", "properties": {"mahalle_adi": "Barbaros Mahallesi", "_gece_lst_str": "21.7°C"}, "geometry": {"type": "MultiPolygon", "coordinates": [[[[27.1153881, 38.2543349], [27.1155292, 38.2540589], [27.1155345, 38.2539199], [27.1155238, 38.2537598], [27.1156472, 38.2535745], [27.115792, 38.2534228], [27.1159422, 38.2533175], [27.1159851, 38.2531995], [27.115953, 38.2531237], [27.1163017, 38.2528035], [27.1164089, 38.252694], [27.1164519, 38.2525508], [27.1163392, 38.2523612], [27.1163392, 38.2522264], [27.1164733, 38.2521253], [27.1166182, 38.2520326], [27.1167201, 38.2519189], [27.1167469, 38.2518052], [27.1168703, 38.2517209], [27.1171009, 38.251683], [27.1172351, 38.2514724], [27.1171975, 38.2513544], [27.1172404, 38.2512238], [27.1173048, 38.2511016], [27.1173048, 38.2508489], [27.1174014, 38.2507267], [27.1175194, 38.2506298], [27.1177661, 38.2505371], [27.1179217, 38.2505034], [27.1179914, 38.2503813], [27.1179432, 38.2502296], [27.1179432, 38.2500906], [27.1180397, 38.2499642], [27.1181363, 38.2498842], [27.1181041, 38.2496819], [27.1179861, 38.2495513], [27.1180075, 38.2493786], [27.1181577, 38.2491427], [27.1184957, 38.2487804], [27.1186674, 38.2486793], [27.1187639, 38.2485698], [27.1187425, 38.2484097], [27.1187156, 38.2482622], [27.1189088, 38.2481063], [27.1191126, 38.2478494], [27.119295, 38.2476893], [27.1193862, 38.2475713], [27.1194076, 38.2474112], [27.1193862, 38.2472132], [27.1195418, 38.2470152], [27.1198636, 38.2468888], [27.1199655, 38.2466529], [27.1200567, 38.2463074], [27.1202552, 38.2462021], [27.1203947, 38.24616], [27.1210438, 38.2454016], [27.1220362, 38.2446138], [27.1228355, 38.2442135], [27.1231681, 38.2441251], [27.1237689, 38.2438976], [27.1241069, 38.2437038], [27.1244234, 38.2435184], [27.1246058, 38.2433667], [27.1246326, 38.2432066], [27.1247506, 38.2430928], [27.1247882, 38.2429496], [27.1247721, 38.2427221], [27.1248525, 38.2426041], [27.1250886, 38.2424398], [27.1252173, 38.2421154], [27.1252549, 38.241871], [27.1252924, 38.2415508], [27.1254373, 38.241357], [27.1252066, 38.241218], [27.1252066, 38.241041], [27.1254212, 38.2409399], [27.1256733, 38.2408388], [27.1258664, 38.2407334], [27.1259201, 38.2405818], [27.1259844, 38.2404554], [27.1259844, 38.2403247], [27.126199, 38.2401099], [27.1262956, 38.2395326], [27.1262741, 38.2393135], [27.1261668, 38.2390902], [27.1259308, 38.2389048], [27.125861, 38.2387279], [27.1258986, 38.2384498], [27.1260756, 38.2380327], [27.1261507, 38.2377293], [27.1262419, 38.2374765], [27.1263868, 38.237329], [27.1266925, 38.2372152], [27.1269125, 38.2370636], [27.1270841, 38.2369203], [27.1271646, 38.2367391], [27.1271485, 38.2365116], [27.1272182, 38.236322], [27.1272129, 38.2360734], [27.1271056, 38.2357321], [27.12717, 38.235593], [27.127229, 38.2354413], [27.1273524, 38.2353739], [27.1276849, 38.2353023], [27.1277761, 38.2351295], [27.1278137, 38.2349483], [27.1278512, 38.2347377], [27.1280605, 38.234607], [27.1282643, 38.2345228], [27.1283179, 38.234409], [27.1283448, 38.2343247], [27.1284842, 38.2341098], [27.1286559, 38.2338949], [27.128672, 38.233739], [27.1287632, 38.2336], [27.1288115, 38.2333851], [27.1287954, 38.2331533], [27.1288758, 38.2329468], [27.128908, 38.2328541], [27.1290797, 38.2328499], [27.129246, 38.2328078], [27.1294767, 38.2327193], [27.129643, 38.2325844], [27.1298575, 38.2325718], [27.1300185, 38.2324749], [27.1300989, 38.2323527], [27.1304583, 38.2317965], [27.1307534, 38.2316026], [27.1310538, 38.2314425], [27.1311235, 38.2310043], [27.1311879, 38.2309158], [27.1313488, 38.2308315], [27.1316117, 38.2307346], [27.132014, 38.2290195], [27.1304691, 38.2285897], [27.1296751, 38.2283705], [27.1288919, 38.2282863], [27.1282482, 38.2283453], [27.127229, 38.2275025], [27.1275723, 38.2273592], [27.1286559, 38.2274603], [27.1288597, 38.2269799], [27.1292674, 38.2267102], [27.1296537, 38.2264489], [27.1297288, 38.2259348], [27.1300077, 38.2259179], [27.1300936, 38.225564], [27.1302009, 38.224856], [27.1311557, 38.2249571], [27.1318102, 38.2249234], [27.1323144, 38.2248981], [27.1328616, 38.2248307], [27.1332371, 38.2248981], [27.1340418, 38.225505], [27.1346855, 38.2257999], [27.1355867, 38.2260275], [27.1365631, 38.2260865], [27.1365383, 38.226458], [27.1364665, 38.2275362], [27.1362197, 38.2281851], [27.136091, 38.2284211], [27.1360266, 38.2286402], [27.1358979, 38.2291375], [27.1358442, 38.2294072], [27.1354473, 38.2295083], [27.1353292, 38.2298539], [27.1354258, 38.23025], [27.1354902, 38.2307135], [27.1354794, 38.2309495], [27.1352327, 38.2311265], [27.134664, 38.2312445], [27.1342242, 38.2314636], [27.1342456, 38.2318681], [27.134192, 38.2326434], [27.1341813, 38.2330311], [27.1343851, 38.2333682], [27.134428, 38.2335957], [27.1345246, 38.2338654], [27.1344066, 38.2340845], [27.1340525, 38.2343458], [27.1336985, 38.2345649], [27.1336126, 38.2349104], [27.1333659, 38.2352896], [27.1332049, 38.2356099], [27.1331513, 38.2359975], [27.1331727, 38.2364694], [27.1330547, 38.2369245], [27.132926, 38.2372026], [27.1326363, 38.2375397], [27.1324539, 38.2378852], [27.1323037, 38.2380284], [27.1322286, 38.238197], [27.132132, 38.2384751], [27.1320462, 38.2388121], [27.1320248, 38.2391576], [27.1318746, 38.2394526], [27.1317458, 38.2396548], [27.1316063, 38.2398571], [27.1314883, 38.2401183], [27.1315956, 38.2404301], [27.1316492, 38.2406492], [27.1318424, 38.2408851], [27.1321857, 38.24118], [27.1320999, 38.2420901], [27.1320677, 38.242562], [27.1319926, 38.2426631], [27.1315956, 38.2430002], [27.1314454, 38.2433204], [27.1314454, 38.2436237], [27.131542, 38.2439186], [27.1318531, 38.2445169], [27.1319282, 38.2447528], [27.1319818, 38.2449972], [27.1319389, 38.2453258], [27.1318424, 38.2455196], [27.1314347, 38.245924], [27.1309304, 38.2463622], [27.1308124, 38.2467077], [27.1308124, 38.2469436], [27.130748, 38.2473312], [27.1305978, 38.2477525], [27.1303403, 38.2482749], [27.130233, 38.2487298], [27.1301258, 38.2494376], [27.1299675, 38.2501411], [27.1298468, 38.2509921], [27.1297234, 38.2512449], [27.1294016, 38.2515777], [27.1292031, 38.2517293], [27.1287471, 38.2519821], [27.1285969, 38.2520916], [27.1284413, 38.2522559], [27.1282697, 38.252475], [27.1282697, 38.252673], [27.1284199, 38.2530689], [27.1284735, 38.2533301], [27.1283984, 38.2535618], [27.1282482, 38.2538104], [27.1282214, 38.2539704], [27.1281677, 38.2543411], [27.1280926, 38.254754], [27.1280122, 38.2549393], [27.1278673, 38.2550994], [27.1275777, 38.2554617], [27.1270412, 38.2560472], [27.1266228, 38.2564979], [27.126494, 38.2568096], [27.1264136, 38.2569781], [27.1258986, 38.2577448], [27.1257645, 38.2578796], [27.1244287, 38.2583513], [27.123962, 38.258562], [27.1237475, 38.2587304], [27.1236402, 38.25884], [27.1235973, 38.2589242], [27.1235973, 38.2590464], [27.123608, 38.2591685], [27.1236724, 38.2594844], [27.1238333, 38.2599646], [27.1238333, 38.2600699], [27.1237796, 38.2601331], [27.1236724, 38.2601921], [27.123034, 38.2603564], [27.122755, 38.2604743], [27.1226626, 38.2606005], [27.120384, 38.2606596], [27.1201372, 38.2599899], [27.1200889, 38.2597498], [27.120105, 38.2595097], [27.1201426, 38.2593833], [27.1201587, 38.2592064], [27.1201479, 38.2589621], [27.120164, 38.2585198], [27.1201801, 38.2581618], [27.1201748, 38.2580312], [27.1201748, 38.2578122], [27.120223, 38.2575679], [27.1202874, 38.2573151], [27.1203303, 38.2571677], [27.1203732, 38.2570287], [27.1204108, 38.2569318], [27.1204752, 38.2568265], [27.1206737, 38.2566032], [27.1209204, 38.2562915], [27.1210062, 38.2561904], [27.1210706, 38.2560219], [27.1211725, 38.2557607], [27.1212584, 38.2554406], [27.1212852, 38.2552637], [27.1213067, 38.2550615], [27.1213227, 38.2548888], [27.1213227, 38.2547455], [27.1213549, 38.2544422], [27.1213925, 38.2542864], [27.12143, 38.2541642], [27.1214676, 38.2540547], [27.1214783, 38.2539325], [27.1215373, 38.2538061], [27.1215588, 38.2537556], [27.1216285, 38.2536671], [27.1216232, 38.253347], [27.1214944, 38.2533512], [27.1212047, 38.2534312], [27.1208936, 38.2535071], [27.1206737, 38.2534902], [27.1203089, 38.2534186], [27.1198046, 38.2534312], [27.119531, 38.2533975], [27.1193004, 38.2533849], [27.1191609, 38.2534144], [27.1190536, 38.2534354], [27.1189356, 38.2535028], [27.1188497, 38.2535871], [27.1188015, 38.2537767], [27.1180236, 38.2537724], [27.1174496, 38.2538314], [27.1170312, 38.2539283], [27.1166611, 38.2539746], [27.1161085, 38.2540631], [27.1157706, 38.2541347], [27.1155399, 38.2542611], [27.1153881, 38.2543349]]]]}, "bbox": [27.1153881, 38.2248307, 27.1365631, 38.2606596]}, {"id": "261", "type": "Feature", "properties": {"mahalle_adi": "İçmeler Mahallesi", "_gece_lst_str": "21.6°C"}, "geometry": {"type": "MultiPolygon", "coordinates": [[[[26.6990661, 38.3138777], [26.6981969, 38.3137298], [26.6962463, 38.3130818], [26.6951294, 38.3129151], [26.6947973, 38.3130272], [26.6923243, 38.3118924], [26.6918348, 38.3119123], [26.6889943, 38.3110822], [26.6873393, 38.3107672], [26.687146, 38.3107304], [26.6868864, 38.31086], [26.6865798, 38.310789], [26.6843242, 38.3104766], [26.6826803, 38.3103773], [26.6806827, 38.3102278], [26.6795153, 38.3104431], [26.6793378, 38.3106062], [26.6788008, 38.3106872], [26.6785517, 38.3108024], [26.6786624, 38.3111132], [26.6787427, 38.3112392], [26.6785888, 38.3112707], [26.6784426, 38.3108994], [26.6783828, 38.3107059], [26.6772106, 38.3108511], [26.6769717, 38.310901], [26.6766849, 38.3110405], [26.6766067, 38.3111439], [26.6767687, 38.3117171], [26.6766884, 38.3117328], [26.6766005, 38.3114359], [26.6758803, 38.3113318], [26.6744897, 38.3113133], [26.674005, 38.3116225], [26.6739085, 38.3118474], [26.6740801, 38.3122649], [26.6736096, 38.3122486], [26.6730681, 38.3123788], [26.6722489, 38.3125757], [26.6735923, 38.3110279], [26.6737425, 38.3104302], [26.6717684, 38.3109016], [26.6702766, 38.3104279], [26.6702833, 38.3089442], [26.673184, 38.3046618], [26.6754833, 38.3028627], [26.6758762, 38.301237], [26.6763349, 38.3001299], [26.6764971, 38.2993616], [26.6763438, 38.2981277], [26.6759852, 38.2971435], [26.6758765, 38.2960884], [26.6756558, 38.2946934], [26.6759097, 38.2937109], [26.6767337, 38.2920506], [26.6799733, 38.2929712], [26.6813722, 38.2946733], [26.6834832, 38.2943573], [26.685226, 38.2952558], [26.6867192, 38.2961536], [26.687314, 38.2949932], [26.6895179, 38.2941589], [26.6940522, 38.2947428], [26.6979373, 38.2932334], [26.7020739, 38.2912417], [26.7066588, 38.2904846], [26.7083883, 38.2890766], [26.7093857, 38.28924], [26.7090896, 38.2895432], [26.70874, 38.2897345], [26.709137, 38.2901134], [26.709791, 38.2899739], [26.7100274, 38.2902482], [26.7105317, 38.2899282], [26.7115831, 38.2895829], [26.7122805, 38.2891956], [26.7128169, 38.2890019], [26.7130744, 38.2887914], [26.7135572, 38.2883956], [26.7143083, 38.2879998], [26.7152202, 38.2879745], [26.7164433, 38.2878735], [26.717248, 38.2881008], [26.7186963, 38.2886398], [26.7196941, 38.289044], [26.7202949, 38.2894903], [26.7207777, 38.2900461], [26.7209065, 38.2903829], [26.7209065, 38.290745], [26.720885, 38.2910566], [26.7213142, 38.2907703], [26.7217326, 38.2906861], [26.7221081, 38.2905766], [26.7224407, 38.2904419], [26.722666, 38.2901977], [26.7230093, 38.290105], [26.7233419, 38.2901219], [26.7238247, 38.2899366], [26.7241037, 38.2898524], [26.7245221, 38.2897766], [26.7247581, 38.2896335], [26.7250478, 38.289524], [26.725359, 38.2896503], [26.7256057, 38.2898945], [26.7257988, 38.2901808], [26.7265606, 38.2908208], [26.7269361, 38.2908966], [26.7272365, 38.290905], [26.7273974, 38.2910566], [26.7274725, 38.2912839], [26.7276335, 38.2914355], [26.7295968, 38.2923618], [26.7306483, 38.2927239], [26.7311418, 38.2932038], [26.7315709, 38.2936249], [26.7319679, 38.2943574], [26.7322683, 38.2946943], [26.7328691, 38.2949974], [26.7330623, 38.295671], [26.7336738, 38.2958226], [26.7340171, 38.2964625], [26.7351523, 38.2976699], [26.7349184, 38.2979571], [26.7349935, 38.2981676], [26.7350793, 38.2983781], [26.7350578, 38.2985212], [26.7351329, 38.2986938], [26.7351329, 38.2988664], [26.7351705, 38.2990938], [26.7351973, 38.2992958], [26.735208, 38.2994769], [26.7351329, 38.2997968], [26.7351651, 38.3000368], [26.7352241, 38.3002515], [26.7352724, 38.3005504], [26.7352563, 38.3007146], [26.7352402, 38.3009966], [26.7352402, 38.3011734], [26.7352885, 38.3012871], [26.7353582, 38.3013839], [26.7354923, 38.3015439], [26.7355898, 38.3021163], [26.7360663, 38.3030426], [26.736415, 38.3031983], [26.7364955, 38.303594], [26.7365384, 38.3041455], [26.7366135, 38.3045117], [26.7367208, 38.3047348], [26.7372036, 38.3058293], [26.7375427, 38.3057914], [26.7372597, 38.3066668], [26.7375237, 38.306858], [26.737364, 38.307108], [26.7377854, 38.3076929], [26.7376561, 38.3079011], [26.7376705, 38.3080978], [26.7380332, 38.308188], [26.7383014, 38.3093208], [26.7380834, 38.3096599], [26.73796, 38.3102197], [26.7379868, 38.3104554], [26.7379975, 38.3105817], [26.7379278, 38.3106954], [26.7378366, 38.3108259], [26.738019, 38.3110742], [26.7380243, 38.311331], [26.7379194, 38.3119441], [26.7378693, 38.3120959], [26.7378094, 38.3124063], [26.7379868, 38.3125011], [26.7381692, 38.3129641], [26.7382979, 38.3135702], [26.7383408, 38.3137007], [26.7383945, 38.3139322], [26.7384267, 38.3141216], [26.7385822, 38.3143868], [26.7386359, 38.3145846], [26.7388183, 38.3147446], [26.7390168, 38.3149129], [26.7391509, 38.3149803], [26.7393333, 38.3149845], [26.7393333, 38.3151781], [26.7393547, 38.3154222], [26.7394137, 38.3156747], [26.7394459, 38.3158726], [26.7394513, 38.3160746], [26.7394513, 38.3161967], [26.7394137, 38.3163734], [26.7393762, 38.3165249], [26.7393011, 38.3166218], [26.7391294, 38.3167649], [26.739049, 38.3169753], [26.7390436, 38.3172531], [26.7392099, 38.3179391], [26.7385501, 38.3180864], [26.7379761, 38.3181748], [26.7375147, 38.3182127], [26.7367369, 38.3182548], [26.7368978, 38.3188861], [26.7369407, 38.3190334], [26.7370373, 38.3191807], [26.7370695, 38.3193112], [26.7370748, 38.3194038], [26.7369622, 38.319488], [26.7368603, 38.3195595], [26.7367637, 38.3196184], [26.7367423, 38.3196984], [26.7367583, 38.3201571], [26.7367315, 38.320397], [26.7366135, 38.3207674], [26.7372358, 38.320881], [26.7380458, 38.3209947], [26.7380995, 38.3213777], [26.7380512, 38.3214997], [26.737901, 38.321525], [26.7376757, 38.3215881], [26.7375961, 38.3216192], [26.7375147, 38.3216638], [26.7369837, 38.3217522], [26.7367154, 38.3218574], [26.7362595, 38.3219711], [26.735723, 38.3221226], [26.7348754, 38.3221941], [26.7342049, 38.3222068], [26.7338508, 38.3222278], [26.7333412, 38.3223288], [26.7328101, 38.3224803], [26.7322093, 38.3227034], [26.7319626, 38.322897], [26.7314422, 38.3231621], [26.7310882, 38.3234567], [26.7307019, 38.3237218], [26.7303371, 38.3237555], [26.7300421, 38.3236629], [26.7298061, 38.3235324], [26.7295968, 38.3235872], [26.7293179, 38.3237008], [26.7290658, 38.3237134], [26.7286152, 38.3236882], [26.7282182, 38.3236966], [26.7277676, 38.3236545], [26.7273545, 38.3236671], [26.7267054, 38.3238523], [26.7247635, 38.3235493], [26.7222798, 38.3231621], [26.7214644, 38.3229727], [26.7206436, 38.3227707], [26.7199194, 38.3225729], [26.7190504, 38.3222951], [26.7172265, 38.3216133], [26.7141956, 38.3203002], [26.7111379, 38.3189492], [26.7087024, 38.3178423], [26.7065138, 38.3168827], [26.7055052, 38.3164786], [26.7046148, 38.3160493], [26.702925, 38.3152791], [26.7020636, 38.3152887], [26.7015421, 38.3148289], [26.7007706, 38.3144542], [26.6993673, 38.3139353], [26.6990661, 38.3138777]]]]}, "bbox": [26.6702766, 38.2878735, 26.7394513, 38.3238523]}, {"id": "268", "type": "Feature", "properties": {"mahalle_adi": "Ayrancılar Mahallesi", "_gece_lst_str": "21.6°C"}, "geometry": {"type": "MultiPolygon", "coordinates": [[[[27.2809893, 38.2380369], [27.2798949, 38.2382518], [27.2790903, 38.2384077], [27.2785002, 38.2385172], [27.2779423, 38.2387068], [27.2772717, 38.239027], [27.2759414, 38.2400045], [27.2741604, 38.2413739], [27.2735649, 38.2419848], [27.273007, 38.2426547], [27.2725242, 38.2433246], [27.2717732, 38.2442599], [27.271269, 38.2448329], [27.2706628, 38.2453763], [27.2697401, 38.2460546], [27.2677767, 38.2475545], [27.2659689, 38.2488984], [27.265014, 38.2495513], [27.2654888, 38.2494803], [27.2657185, 38.25032], [27.2670331, 38.2502455], [27.2676225, 38.249995], [27.2680825, 38.2502212], [27.2686726, 38.2502928], [27.2693807, 38.2503265], [27.2694719, 38.2498294], [27.2706252, 38.2494882], [27.2714192, 38.2495429], [27.2714425, 38.2492402], [27.2717145, 38.2492277], [27.2717614, 38.2496685], [27.2717088, 38.2498715], [27.2717518, 38.2499979], [27.2718644, 38.2500864], [27.271961, 38.2501369], [27.2719127, 38.250356], [27.2719073, 38.2504655], [27.2720527, 38.2507762], [27.2719479, 38.2510267], [27.2721751, 38.2511812], [27.272755, 38.2526576], [27.2729218, 38.2528003], [27.2728169, 38.2530389], [27.2731362, 38.2535506], [27.2736667, 38.2539665], [27.2738117, 38.2541516], [27.2741336, 38.2542274], [27.2744554, 38.2546402], [27.2747236, 38.2550109], [27.2747987, 38.2554532], [27.274965, 38.2556428], [27.2751743, 38.255786], [27.2753191, 38.2558618], [27.2754425, 38.2559629], [27.275539, 38.2560893], [27.2757751, 38.2561988], [27.2761559, 38.256401], [27.2764456, 38.2566453], [27.2769499, 38.2567844], [27.2773898, 38.2569276], [27.2777975, 38.2571972], [27.2781569, 38.2574457], [27.2783069, 38.2579839], [27.2786128, 38.2580565], [27.2788811, 38.2582208], [27.2790205, 38.2583893], [27.2790635, 38.2585325], [27.2790313, 38.2587304], [27.2790581, 38.2589368], [27.27916, 38.2590801], [27.2792298, 38.2592233], [27.2793961, 38.259337], [27.2794872, 38.2594634], [27.2795355, 38.2595392], [27.2795194, 38.2596571], [27.2794819, 38.2598383], [27.279498, 38.2599773], [27.2795623, 38.2601121], [27.2794949, 38.2603408], [27.2800397, 38.2604945], [27.2799598, 38.2492037], [27.2820148, 38.2488073], [27.2816116, 38.2477777], [27.2818154, 38.2467077], [27.2816384, 38.2451573], [27.2820407, 38.2444832], [27.2828186, 38.2442472], [27.2819388, 38.2413359], [27.2816483, 38.2402852], [27.2813463, 38.2391928], [27.2809893, 38.2380369]]]]}, "bbox": [27.265014, 38.2380369, 27.2828186, 38.2604945]}, {"id": "269", "type": "Feature", "properties": {"mahalle_adi": "Fevzi Çakmak Mahallesi", "_gece_lst_str": "21.9°C"}, "geometry": {"type": "MultiPolygon", "coordinates": [[[[27.2800397, 38.2604945], [27.2805545, 38.2607197], [27.2816138, 38.2610508], [27.2820407, 38.2614305], [27.2825772, 38.2618348], [27.2832799, 38.262235], [27.2839665, 38.2625424], [27.2844762, 38.2627151], [27.2848946, 38.2627825], [27.2854096, 38.2629173], [27.2861284, 38.2631995], [27.2865575, 38.2634101], [27.2869706, 38.263667], [27.2871423, 38.2637723], [27.2874266, 38.2638734], [27.2879791, 38.2639113], [27.2928671, 38.2666248], [27.2930753, 38.2667838], [27.2934025, 38.2669186], [27.2936386, 38.2671208], [27.2938317, 38.2673819], [27.2943252, 38.2676346], [27.2947597, 38.2679505], [27.2954357, 38.2682411], [27.2957575, 38.268418], [27.2966796, 38.2692502], [27.2970825, 38.2694793], [27.2975331, 38.2695762], [27.297914, 38.2696478], [27.298193, 38.2697531], [27.298488, 38.269951], [27.2988474, 38.2703891], [27.2990084, 38.2706417], [27.2992551, 38.2707849], [27.2994804, 38.2708608], [27.3001563, 38.2709703], [27.3004192, 38.2710082], [27.3006453, 38.271106], [27.302146, 38.2693992], [27.304759, 38.268868], [27.3058748, 38.2688813], [27.307038, 38.2679802], [27.3067224, 38.2676599], [27.3064113, 38.2674577], [27.3060572, 38.2671798], [27.3056173, 38.2669692], [27.3053706, 38.2667838], [27.3049521, 38.2664132], [27.304759, 38.2661015], [27.3047268, 38.2659415], [27.3047697, 38.2655708], [27.3049843, 38.265217], [27.3051882, 38.2648717], [27.3051882, 38.2646274], [27.3051023, 38.2644084], [27.3046356, 38.2637808], [27.3041904, 38.2628457], [27.3040616, 38.2625087], [27.3041475, 38.2614052], [27.3041528, 38.2612409], [27.3040777, 38.2611145], [27.3039544, 38.2609671], [27.303713, 38.2608787], [27.3034018, 38.2607986], [27.3030585, 38.2606975], [27.3028976, 38.2606175], [27.3027366, 38.2605164], [27.302565, 38.2603816], [27.3024577, 38.2602258], [27.3022968, 38.259893], [27.302168, 38.2596993], [27.3020607, 38.2595308], [27.3021573, 38.259257], [27.3022217, 38.2590042], [27.302447, 38.2587178], [27.3025274, 38.258503], [27.3024845, 38.2581197], [27.3025596, 38.2579259], [27.302624, 38.2577743], [27.3027903, 38.2576184], [27.3029888, 38.2571171], [27.3030102, 38.255984], [27.302706, 38.2550008], [27.3029926, 38.254857], [27.3031068, 38.2538441], [27.3035772, 38.2536995], [27.3038742, 38.2524235], [27.303654, 38.25194], [27.3035091, 38.2513628], [27.3045713, 38.2508531], [27.3047376, 38.2505919], [27.3052901, 38.2504402], [27.3059606, 38.2500948], [27.306819, 38.2497241], [27.3069423, 38.2496272], [27.3071086, 38.2494713], [27.3074198, 38.249248], [27.3079777, 38.2489531], [27.3079455, 38.2485403], [27.3080815, 38.2484021], [27.3079079, 38.2482664], [27.3076917, 38.2473484], [27.3072481, 38.2469731], [27.3071301, 38.2466234], [27.307291, 38.2464507], [27.3073447, 38.2463074], [27.3072267, 38.2461515], [27.3068672, 38.2461094], [27.306481, 38.2459114], [27.3062664, 38.2457934], [27.305966, 38.2458229], [27.3057461, 38.245705], [27.3056978, 38.2455701], [27.3058158, 38.2453047], [27.3057729, 38.2449045], [27.3056656, 38.2446812], [27.3055369, 38.2444748], [27.3053759, 38.2442767], [27.3052418, 38.2441082], [27.3051077, 38.2437206], [27.3049843, 38.2434973], [27.3048288, 38.2432993], [27.3044479, 38.2430844], [27.3040241, 38.2427937], [27.3037827, 38.2426125], [27.30367, 38.242444], [27.3036003, 38.2423176], [27.3036218, 38.2422039], [27.3036164, 38.2420859], [27.3035252, 38.2420058], [27.3034662, 38.2418668], [27.3034608, 38.2417193], [27.3035681, 38.2411379], [27.3035681, 38.2409694], [27.3035145, 38.2408556], [27.3033857, 38.2407208], [27.3033267, 38.2406239], [27.3032409, 38.2405017], [27.3031121, 38.2404301], [27.3029727, 38.24035], [27.3029137, 38.2402363], [27.3028386, 38.2400762], [27.3027044, 38.240013], [27.3026079, 38.2398571], [27.3024309, 38.2396927], [27.3021519, 38.2396506], [27.301873, 38.2395031], [27.3016584, 38.2393472], [27.3014116, 38.2391071], [27.3012882, 38.2390649], [27.3011166, 38.2391534], [27.300961, 38.2391745], [27.3006606, 38.2390734], [27.3003066, 38.238888], [27.3001832, 38.2387532], [27.3000115, 38.2386225], [27.2997755, 38.2384456], [27.2995448, 38.2383992], [27.2994, 38.2383318], [27.2993302, 38.2381717], [27.2991371, 38.23802], [27.2988474, 38.237881], [27.2986114, 38.2377461], [27.2983432, 38.2376534], [27.298252, 38.2375102], [27.2981554, 38.2373543], [27.2979516, 38.2371731], [27.2978389, 38.2370341], [27.2976083, 38.2367433], [27.2971255, 38.2364568], [27.2969484, 38.2363683], [27.2966748, 38.2363515], [27.2964925, 38.2362883], [27.2947999, 38.2366446], [27.2935206, 38.2369751], [27.2923189, 38.2338781], [27.2920883, 38.2340255], [27.2904253, 38.2351674], [27.2893363, 38.2359175], [27.2888267, 38.2361913], [27.2884136, 38.2363641], [27.2878665, 38.2365242], [27.286064, 38.2370003], [27.2846639, 38.2373248], [27.2837305, 38.2375397], [27.2828668, 38.2377082], [27.2809893, 38.2380369], [27.2813463, 38.2391928], [27.2816483, 38.2402852], [27.2819388, 38.2413359], [27.2828186, 38.2442472], [27.2820407, 38.2444832], [27.2816384, 38.2451573], [27.2818154, 38.2467077], [27.2816116, 38.2477777], [27.2820148, 38.2488073], [27.2799598, 38.2492037], [27.2800397, 38.2604945]]]]}, "bbox": [27.2799598, 38.2338781, 27.3080815, 38.271106]}, {"id": "270", "type": "Feature", "properties": {"mahalle_adi": "Bahçelievler Mahallesi", "_gece_lst_str": "21.3°C"}, "geometry": {"type": "MultiPolygon", "coordinates": [[[[27.2876124, 38.2118816], [27.2878826, 38.2158538], [27.2883117, 38.2193941], [27.2882581, 38.2201106], [27.28652, 38.2254544], [27.2863698, 38.2260359], [27.2920883, 38.2340255], [27.2923189, 38.2338781], [27.2935206, 38.2369751], [27.2947999, 38.2366446], [27.2964925, 38.2362883], [27.2966748, 38.2363515], [27.2969484, 38.2363683], [27.2971255, 38.2364568], [27.2976083, 38.2367433], [27.2978389, 38.2370341], [27.2979516, 38.2371731], [27.2981554, 38.2373543], [27.298252, 38.2375102], [27.2983432, 38.2376534], [27.2986114, 38.2377461], [27.2988474, 38.237881], [27.2991371, 38.23802], [27.2993302, 38.2381717], [27.2994, 38.2383318], [27.2995448, 38.2383992], [27.2997755, 38.2384456], [27.3000115, 38.2386225], [27.3001832, 38.2387532], [27.3003066, 38.238888], [27.3006606, 38.2390734], [27.300961, 38.2391745], [27.3011166, 38.2391534], [27.3012882, 38.2390649], [27.3014116, 38.2391071], [27.3016584, 38.2393472], [27.301873, 38.2395031], [27.3021519, 38.2396506], [27.3024309, 38.2396927], [27.3026079, 38.2398571], [27.3032784, 38.2398823], [27.3034769, 38.2399076], [27.3036754, 38.2400298], [27.3040563, 38.2402658], [27.3043674, 38.2404385], [27.304641, 38.2405902], [27.3052096, 38.2407629], [27.3057568, 38.2408514], [27.3059499, 38.2408219], [27.3063093, 38.2407629], [27.3072964, 38.2407166], [27.3081922, 38.2407208], [27.3084068, 38.2407756], [27.3087609, 38.2410452], [27.3089862, 38.2410621], [27.3096567, 38.2411042], [27.3103043, 38.2408569], [27.3099947, 38.2404975], [27.3094583, 38.2396253], [27.3094368, 38.2394147], [27.3094153, 38.2392293], [27.30941, 38.2390944], [27.3095065, 38.239006], [27.3095334, 38.2388585], [27.3094743, 38.2386562], [27.3095334, 38.2385214], [27.3095387, 38.238277], [27.3095226, 38.2380327], [27.309292, 38.2375945], [27.3091847, 38.236815], [27.3089379, 38.236322], [27.3087019, 38.2360102], [27.3081493, 38.2356183], [27.3079723, 38.2354961], [27.3071355, 38.2353697], [27.3067599, 38.2352812], [27.3064381, 38.2351379], [27.3059767, 38.2348641], [27.3057032, 38.2347334], [27.305392, 38.2345986], [27.305097, 38.2343753], [27.3042977, 38.233305], [27.3037559, 38.2327319], [27.3032302, 38.2321167], [27.3025972, 38.2313456], [27.3024255, 38.2311475], [27.3022646, 38.2309748], [27.3019534, 38.2307304], [27.3015189, 38.2303258], [27.3012292, 38.2300983], [27.3011434, 38.2298075], [27.3009127, 38.228872], [27.2989762, 38.229837], [27.2988903, 38.2291459], [27.2985577, 38.2283705], [27.3002636, 38.2275615], [27.2996521, 38.2265838], [27.3006391, 38.2261371], [27.2987562, 38.2234147], [27.2985965, 38.2233457], [27.2979184, 38.2236674], [27.2969592, 38.2235158], [27.2973454, 38.223204], [27.2973668, 38.2230944], [27.2969699, 38.2228078], [27.2966373, 38.2222347], [27.2959506, 38.2211642], [27.2959399, 38.2203213], [27.2957897, 38.2186102], [27.2959936, 38.218155], [27.2964978, 38.217211], [27.2967124, 38.2161994], [27.2977799, 38.2124145], [27.296353, 38.2124946], [27.2950333, 38.2125494], [27.294057, 38.212562], [27.2933114, 38.212541], [27.291863, 38.2124651], [27.2894329, 38.2122038], [27.2876124, 38.2118816]]]]}, "bbox": [27.2863698, 38.2118816, 27.3103043, 38.2411042]}, {"id": "272", "type": "Feature", "properties": {"mahalle_adi": "İstiklal Mahallesi", "_gece_lst_str": "21.9°C"}, "geometry": {"type": "MultiPolygon", "coordinates": [[[[27.3442226, 38.2501496], [27.3443162, 38.250415], [27.3443699, 38.2510216], [27.3444503, 38.2521253], [27.3451551, 38.2535202], [27.3459747, 38.2542508], [27.3479576, 38.2564497], [27.3484898, 38.257631], [27.3487097, 38.258107], [27.3488009, 38.2582671], [27.3487365, 38.2584777], [27.3486882, 38.2586378], [27.3485702, 38.2588105], [27.3483932, 38.2589748], [27.3482162, 38.2592022], [27.3481572, 38.2593496], [27.3484111, 38.2596305], [27.347529, 38.2616711], [27.3470482, 38.2622684], [27.3453787, 38.2640372], [27.3453998, 38.2648211], [27.3454749, 38.2650907], [27.3456895, 38.2654361], [27.3460865, 38.2656382], [27.3467195, 38.2660341], [27.3471701, 38.2664722], [27.3472237, 38.2666659], [27.3470199, 38.2670871], [27.3468804, 38.2677862], [27.3469448, 38.2681316], [27.3470843, 38.2683422], [27.3474812, 38.2686876], [27.3477924, 38.2688223], [27.3480177, 38.2690666], [27.3481893, 38.2693614], [27.3482323, 38.2696478], [27.347964, 38.2702374], [27.3477387, 38.2703975], [27.3473632, 38.2704733], [27.3469019, 38.2705491], [27.3459041, 38.2706923], [27.345432, 38.270886], [27.3444235, 38.2714251], [27.343651, 38.2718294], [27.343018, 38.2726633], [27.3416555, 38.2736572], [27.3409259, 38.2741541], [27.340323, 38.275517], [27.3399619, 38.2758995], [27.3393448, 38.2764733], [27.3393917, 38.2768746], [27.3394239, 38.2770599], [27.3394883, 38.2772031], [27.3395419, 38.2775231], [27.3386747, 38.2786801], [27.3385124, 38.2795506], [27.3390605, 38.2803713], [27.3406387, 38.2815943], [27.3412162, 38.2822362], [27.3411834, 38.2830564], [27.3413028, 38.2832766], [27.3406792, 38.2835196], [27.3392126, 38.2839698], [27.3379433, 38.2845723], [27.3372567, 38.2849934], [27.3360029, 38.2847731], [27.3347193, 38.2848544], [27.3339468, 38.284926], [27.3330992, 38.2851492], [27.3321386, 38.2862045], [27.3315614, 38.2863514], [27.3295802, 38.2864461], [27.3288721, 38.2865934], [27.3279748, 38.2868378], [27.327413, 38.2871577], [27.3268282, 38.2874313], [27.3265225, 38.2874524], [27.3262757, 38.2875071], [27.3257156, 38.2875273], [27.3250902, 38.2875871], [27.3245645, 38.2876503], [27.323792, 38.2873766], [27.3232609, 38.2871492], [27.3232984, 38.2866145], [27.3232095, 38.2864411], [27.3229551, 38.286265], [27.3229766, 38.2861134], [27.3227387, 38.2859416], [27.3226144, 38.2857055], [27.3226445, 38.2853902], [27.3226064, 38.2851155], [27.3216877, 38.2849601], [27.3205358, 38.2847618], [27.3201549, 38.2848207], [27.3198867, 38.2846397], [27.3195273, 38.2844291], [27.3192859, 38.2841596], [27.319235, 38.2837093], [27.3176723, 38.2824979], [27.3176415, 38.2823669], [27.3173682, 38.2821054], [27.3172313, 38.2819151], [27.3172747, 38.2814621], [27.3170907, 38.2808667], [27.3170221, 38.2805425], [27.3170221, 38.2802435], [27.3170596, 38.2801003], [27.3170328, 38.2800329], [27.3169577, 38.2799782], [27.3168826, 38.2799656], [27.3167002, 38.279995], [27.3164819, 38.2799506], [27.3162925, 38.2797213], [27.316196, 38.2796118], [27.3160721, 38.2795823], [27.3158906, 38.2795709], [27.3152849, 38.2793461], [27.3151786, 38.279251], [27.3149974, 38.2792872], [27.3146962, 38.2795622], [27.3143077, 38.2794813], [27.314195, 38.2794181], [27.3141682, 38.2793297], [27.3141468, 38.2791107], [27.3141253, 38.2790139], [27.314018, 38.2789549], [27.313959, 38.2788791], [27.3139805, 38.2788286], [27.3140234, 38.2787022], [27.3140234, 38.278618], [27.3139812, 38.278563], [27.3138946, 38.2785338], [27.3138142, 38.2784327], [27.3137712, 38.2783401], [27.3137659, 38.2782601], [27.3137227, 38.278218], [27.3136425, 38.2781422], [27.3136425, 38.2780748], [27.3136747, 38.2779611], [27.3137363, 38.2778605], [27.3133852, 38.2770867], [27.3131116, 38.2767299], [27.3128817, 38.2760035], [27.3122162, 38.2759457], [27.3117923, 38.2758158], [27.3108745, 38.2758639], [27.3104399, 38.2758681], [27.3098499, 38.2758049], [27.3091203, 38.2755228], [27.308954, 38.275308], [27.3086136, 38.2749065], [27.3077208, 38.27473], [27.3071906, 38.2744692], [27.3067815, 38.2742439], [27.3065678, 38.2737677], [27.3062937, 38.2732917], [27.305824, 38.2730427], [27.3054608, 38.2729721], [27.3051738, 38.2730205], [27.3045685, 38.2728791], [27.3033874, 38.2724173], [27.3029619, 38.2723264], [27.3025542, 38.272339], [27.3023611, 38.2723095], [27.3022002, 38.2722379], [27.3017764, 38.2718968], [27.3015404, 38.2716651], [27.3009932, 38.2713156], [27.3006453, 38.271106], [27.302146, 38.2693992], [27.304759, 38.268868], [27.3058748, 38.2688813], [27.307038, 38.2679802], [27.3067224, 38.2676599], [27.3064113, 38.2674577], [27.3060572, 38.2671798], [27.3056173, 38.2669692], [27.3053706, 38.2667838], [27.3049521, 38.2664132], [27.304759, 38.2661015], [27.3047268, 38.2659415], [27.3047697, 38.2655708], [27.3049843, 38.265217], [27.3051882, 38.2648717], [27.3051882, 38.2646274], [27.3051023, 38.2644084], [27.3046356, 38.2637808], [27.3041904, 38.2628457], [27.3040616, 38.2625087], [27.3041475, 38.2614052], [27.3041528, 38.2612409], [27.3040777, 38.2611145], [27.3039544, 38.2609671], [27.303713, 38.2608787], [27.3034018, 38.2607986], [27.3030585, 38.2606975], [27.3028976, 38.2606175], [27.3027366, 38.2605164], [27.302565, 38.2603816], [27.3024577, 38.2602258], [27.3022968, 38.259893], [27.302168, 38.2596993], [27.3020607, 38.2595308], [27.3021573, 38.259257], [27.3022217, 38.2590042], [27.302447, 38.2587178], [27.3025274, 38.258503], [27.3024845, 38.2581197], [27.3025596, 38.2579259], [27.302624, 38.2577743], [27.3027903, 38.2576184], [27.3029888, 38.2571171], [27.3030102, 38.255984], [27.302706, 38.2550008], [27.3029926, 38.254857], [27.3031068, 38.2538441], [27.3035772, 38.2536995], [27.3038742, 38.2524235], [27.303654, 38.25194], [27.3035091, 38.2513628], [27.3045713, 38.2508531], [27.3047376, 38.2505919], [27.3052901, 38.2504402], [27.3059606, 38.2500948], [27.306819, 38.2497241], [27.3069423, 38.2496272], [27.3071086, 38.2494713], [27.3074198, 38.249248], [27.3079777, 38.2489531], [27.3079455, 38.2485403], [27.3080815, 38.2484021], [27.3079079, 38.2482664], [27.3076917, 38.2473484], [27.3072481, 38.2469731], [27.3071301, 38.2466234], [27.307291, 38.2464507], [27.3073447, 38.2463074], [27.3072267, 38.2461515], [27.3068672, 38.2461094], [27.306481, 38.2459114], [27.3062664, 38.2457934], [27.305966, 38.2458229], [27.3057461, 38.245705], [27.3056978, 38.2455701], [27.3058158, 38.2453047], [27.3057729, 38.2449045], [27.3056656, 38.2446812], [27.3055369, 38.2444748], [27.3053759, 38.2442767], [27.3052418, 38.2441082], [27.3051077, 38.2437206], [27.3049843, 38.2434973], [27.3048288, 38.2432993], [27.3044479, 38.2430844], [27.3040241, 38.2427937], [27.3037827, 38.2426125], [27.30367, 38.242444], [27.3036003, 38.2423176], [27.3036218, 38.2422039], [27.3036164, 38.2420859], [27.3035252, 38.2420058], [27.3034662, 38.2418668], [27.3034608, 38.2417193], [27.3035681, 38.2411379], [27.3035681, 38.2409694], [27.3035145, 38.2408556], [27.3033857, 38.2407208], [27.3033267, 38.2406239], [27.3032409, 38.2405017], [27.3031121, 38.2404301], [27.3029727, 38.24035], [27.3029137, 38.2402363], [27.3028386, 38.2400762], [27.3027044, 38.240013], [27.3026079, 38.2398571], [27.3032784, 38.2398823], [27.3034769, 38.2399076], [27.3036754, 38.2400298], [27.3040563, 38.2402658], [27.3043674, 38.2404385], [27.304641, 38.2405902], [27.3052096, 38.2407629], [27.3057568, 38.2408514], [27.3059499, 38.2408219], [27.3063093, 38.2407629], [27.3072964, 38.2407166], [27.3081922, 38.2407208], [27.3084068, 38.2407756], [27.3087609, 38.2410452], [27.3089862, 38.2410621], [27.3096567, 38.2411042], [27.309882, 38.2415508], [27.3109066, 38.2420985], [27.3131597, 38.2414371], [27.3141789, 38.2410705], [27.3150533, 38.2408514], [27.3156702, 38.2406407], [27.3165983, 38.2403922], [27.317065, 38.2402573], [27.3173654, 38.2401141], [27.3178321, 38.2400762], [27.3187548, 38.2403079], [27.3191035, 38.2403711], [27.319479, 38.2403922], [27.3196936, 38.2403416], [27.3199671, 38.2400804], [27.3204338, 38.2401183], [27.3208308, 38.2400888], [27.3212761, 38.2399624], [27.3215818, 38.2396801], [27.3217052, 38.2395326], [27.3219252, 38.2394315], [27.3222792, 38.2393852], [27.3224562, 38.2384456], [27.3226762, 38.2380832], [27.3228103, 38.2379989], [27.3230463, 38.2379357], [27.323395, 38.2379863], [27.3235828, 38.2378978], [27.3238724, 38.2377967], [27.3241568, 38.2377335], [27.324307, 38.237704], [27.3244885, 38.2376382], [27.325158, 38.2386732], [27.3274165, 38.240693], [27.3298632, 38.2399353], [27.3377043, 38.2396031], [27.3385713, 38.239767], [27.3391387, 38.2399262], [27.3401967, 38.2416036], [27.340666, 38.241781], [27.3415053, 38.2424398], [27.341339, 38.2427516], [27.3413283, 38.242878], [27.3414141, 38.2430549], [27.3415375, 38.2432108], [27.3416984, 38.2433878], [27.3418969, 38.2435984], [27.3424226, 38.2438807], [27.3422778, 38.2442894], [27.3422939, 38.2445717], [27.3423636, 38.2451109], [27.3423153, 38.2453806], [27.3422456, 38.2456249], [27.3421812, 38.2457934], [27.3420739, 38.2459325], [27.341972, 38.246042], [27.3418513, 38.2464196], [27.3421767, 38.24652], [27.3426863, 38.2472276], [27.3423609, 38.2473965], [27.3425111, 38.2474765], [27.3425755, 38.2475481], [27.3428571, 38.2480516], [27.3429966, 38.2482369], [27.3432434, 38.2485361], [27.3434204, 38.2487467], [27.3435491, 38.2489447], [27.3436779, 38.2491722], [27.344048, 38.2498631], [27.3442226, 38.2501496]]]]}, "bbox": [27.3006453, 38.2376382, 27.3488009, 38.2876503]}, {"id": "273", "type": "Feature", "properties": {"mahalle_adi": "Yazıbaşı Mahallesi", "_gece_lst_str": "21.5°C"}, "geometry": {"type": "MultiPolygon", "coordinates": [[[[27.3096567, 38.2411042], [27.309882, 38.2415508], [27.3109066, 38.2420985], [27.3131597, 38.2414371], [27.3141789, 38.2410705], [27.3150533, 38.2408514], [27.3156702, 38.2406407], [27.3165983, 38.2403922], [27.317065, 38.2402573], [27.3173654, 38.2401141], [27.3178321, 38.2400762], [27.3187548, 38.2403079], [27.3191035, 38.2403711], [27.319479, 38.2403922], [27.3196936, 38.2403416], [27.3199671, 38.2400804], [27.3204338, 38.2401183], [27.3208308, 38.2400888], [27.3212761, 38.2399624], [27.3215818, 38.2396801], [27.3217052, 38.2395326], [27.3219252, 38.2394315], [27.3222792, 38.2393852], [27.3224562, 38.2384456], [27.3226762, 38.2380832], [27.3228103, 38.2379989], [27.3230463, 38.2379357], [27.323395, 38.2379863], [27.3235828, 38.2378978], [27.3238724, 38.2377967], [27.3241568, 38.2377335], [27.324307, 38.237704], [27.3244885, 38.2376382], [27.325158, 38.2386732], [27.3274165, 38.240693], [27.3298632, 38.2399353], [27.3377043, 38.2396031], [27.3385713, 38.239767], [27.3384642, 38.2394991], [27.3383272, 38.2392671], [27.33847, 38.2391177], [27.3385521, 38.238903], [27.3382709, 38.2385462], [27.3379981, 38.2383682], [27.3378608, 38.2380767], [27.337807, 38.2378861], [27.3379349, 38.2377606], [27.3377895, 38.2373737], [27.3377218, 38.2374335], [27.3376772, 38.2375885], [27.337527, 38.2377916], [27.3374517, 38.2378395], [27.337164, 38.2377211], [27.3371405, 38.2375365], [27.3374498, 38.2374402], [27.3374863, 38.23716], [27.3375611, 38.236987], [27.3380888, 38.2367352], [27.3386909, 38.2362508], [27.3388883, 38.2364469], [27.3394936, 38.2362588], [27.3396814, 38.2361913], [27.3401105, 38.2360902], [27.3403627, 38.2359385], [27.3405397, 38.2356436], [27.3408088, 38.2351542], [27.3412072, 38.2347061], [27.3413576, 38.2345567], [27.341614, 38.2344546], [27.3419452, 38.2344174], [27.3420417, 38.2342994], [27.3419881, 38.2341267], [27.3420047, 38.2340006], [27.3428648, 38.2337597], [27.3430234, 38.2339876], [27.3432275, 38.2337706], [27.3435143, 38.2336982], [27.3432863, 38.2333429], [27.3435722, 38.2331737], [27.3439139, 38.2332039], [27.3436618, 38.2325676], [27.3433399, 38.2319102], [27.3429644, 38.2312697], [27.3424923, 38.2307725], [27.3427713, 38.2307135], [27.3430931, 38.2306798], [27.3433292, 38.2308062], [27.3436618, 38.2306124], [27.3440158, 38.2304017], [27.3445737, 38.2299971], [27.3453516, 38.2292117], [27.3432622, 38.2282882], [27.3417592, 38.2267551], [27.3420451, 38.2264921], [27.3417567, 38.2262069], [27.3414525, 38.2257787], [27.340574, 38.2252927], [27.3402118, 38.2253771], [27.3400291, 38.2250916], [27.3401803, 38.2251031], [27.3400584, 38.2248889], [27.3399781, 38.2238523], [27.3398258, 38.2235905], [27.3391002, 38.2234973], [27.3384043, 38.2232967], [27.3380127, 38.2234279], [27.3378414, 38.2237518], [27.3375517, 38.2236001], [27.3373532, 38.2237518], [27.3370367, 38.2238867], [27.3367524, 38.2239246], [27.3365003, 38.2238909], [27.3360175, 38.2241185], [27.3354596, 38.2236886], [27.3346603, 38.2242407], [27.3344886, 38.2241016], [27.3341614, 38.2243123], [27.3335606, 38.2238825], [27.3340166, 38.2234653], [27.3333514, 38.2229806], [27.3329651, 38.2231998], [27.3327559, 38.2230733], [27.3325199, 38.2235032], [27.3317693, 38.2231842], [27.3312689, 38.2227923], [27.3320607, 38.2224861], [27.3304224, 38.2211136], [27.329886, 38.2204941], [27.3298269, 38.2203592], [27.3298216, 38.2197776], [27.3296928, 38.2196891], [27.3296338, 38.2195121], [27.3297465, 38.2195332], [27.3299128, 38.2196048], [27.3297572, 38.2187957], [27.3287809, 38.2187619], [27.3279118, 38.217683], [27.327429, 38.2179865], [27.3271072, 38.217565], [27.3277402, 38.2170761], [27.3272681, 38.2166715], [27.3267746, 38.2170002], [27.3253584, 38.2178094], [27.3249829, 38.2173543], [27.3246932, 38.217447], [27.3245859, 38.2171098], [27.3238563, 38.2174891], [27.3232555, 38.2164776], [27.3223972, 38.2169244], [27.3221075, 38.2163765], [27.3210025, 38.2166883], [27.3205304, 38.2152048], [27.3201871, 38.2137211], [27.3195863, 38.2121701], [27.3186636, 38.2116643], [27.3170543, 38.2108044], [27.3164534, 38.2107707], [27.3155951, 38.2106358], [27.3148441, 38.2103154], [27.313621, 38.2100625], [27.3121619, 38.210012], [27.3113465, 38.2091689], [27.3108101, 38.2088486], [27.3102093, 38.2089666], [27.3067331, 38.2103492], [27.304759, 38.2110236], [27.3025489, 38.2116137], [27.299931, 38.2121195], [27.2977799, 38.2124145], [27.2967124, 38.2161994], [27.2964978, 38.217211], [27.2959936, 38.218155], [27.2957897, 38.2186102], [27.2959399, 38.2203213], [27.2959506, 38.2211642], [27.2966373, 38.2222347], [27.2969699, 38.2228078], [27.2973668, 38.2230944], [27.2973454, 38.223204], [27.2969592, 38.2235158], [27.2979184, 38.2236674], [27.2985965, 38.2233457], [27.2987562, 38.2234147], [27.3006391, 38.2261371], [27.2996521, 38.2265838], [27.3002636, 38.2275615], [27.2985577, 38.2283705], [27.2988903, 38.2291459], [27.2989762, 38.229837], [27.3009127, 38.228872], [27.3011434, 38.2298075], [27.3012292, 38.2300983], [27.3015189, 38.2303258], [27.3019534, 38.2307304], [27.3022646, 38.2309748], [27.3024255, 38.2311475], [27.3025972, 38.2313456], [27.3032302, 38.2321167], [27.3037559, 38.2327319], [27.3042977, 38.233305], [27.305097, 38.2343753], [27.305392, 38.2345986], [27.3057032, 38.2347334], [27.3059767, 38.2348641], [27.3064381, 38.2351379], [27.3067599, 38.2352812], [27.3071355, 38.2353697], [27.3079723, 38.2354961], [27.3081493, 38.2356183], [27.3087019, 38.2360102], [27.3089379, 38.236322], [27.3091847, 38.236815], [27.309292, 38.2375945], [27.3095226, 38.2380327], [27.3095387, 38.238277], [27.3095334, 38.2385214], [27.3094743, 38.2386562], [27.3095334, 38.2388585], [27.3095065, 38.239006], [27.30941, 38.2390944], [27.3094153, 38.2392293], [27.3094368, 38.2394147], [27.3094583, 38.2396253], [27.3099947, 38.2404975], [27.3103043, 38.2408569], [27.3096567, 38.2411042]]]]}, "bbox": [27.2957897, 38.2088486, 27.3453516, 38.2420985]}, {"id": "279", "type": "Feature", "properties": {"mahalle_adi": "Dağkızılca Mahallesi", "_gece_lst_str": "21.5°C"}, "geometry": {"type": "MultiPolygon", "coordinates": [[[[27.3718602, 38.3348992], [27.3700797, 38.3352671], [27.3683886, 38.3353773], [27.3663403, 38.3360631], [27.3644917, 38.3361451], [27.3638154, 38.3358516], [27.3631736, 38.3358107], [27.3623224, 38.3362424], [27.3613005, 38.3364362], [27.3590143, 38.3373752], [27.3574212, 38.3371227], [27.3569562, 38.3371849], [27.3565483, 38.3373172], [27.3560737, 38.3377298], [27.3552052, 38.3380423], [27.3521812, 38.3385341], [27.3474662, 38.3402836], [27.350657, 38.3388287], [27.3510754, 38.3385258], [27.3515904, 38.3380377], [27.352041, 38.3376674], [27.3525667, 38.3374907], [27.3529315, 38.3372382], [27.3538112, 38.3356814], [27.3532963, 38.3352438], [27.3525238, 38.3346378], [27.3518801, 38.3344527], [27.350893, 38.3339478], [27.3500561, 38.3334765], [27.3494553, 38.3330052], [27.3490584, 38.3324076], [27.3484898, 38.3320037], [27.3483393, 38.3317369], [27.3482108, 38.3313388], [27.3484039, 38.3309601], [27.3485219, 38.3308338], [27.3487472, 38.3306319], [27.3487043, 38.3304719], [27.348479, 38.3300848], [27.3483288, 38.3297566], [27.3478353, 38.3295882], [27.3476957, 38.3292516], [27.3477495, 38.3288223], [27.3480499, 38.3285194], [27.3482644, 38.3284268], [27.3483825, 38.3280817], [27.3483074, 38.3278124], [27.3483073, 38.3273958], [27.3482966, 38.3270759], [27.3477334, 38.3265036], [27.347669, 38.3264278], [27.3475939, 38.3262848], [27.3475349, 38.326188], [27.3475832, 38.3261248], [27.3476529, 38.3260323], [27.3478246, 38.3258513], [27.3478514, 38.3258008], [27.3479372, 38.325725], [27.3479533, 38.325603], [27.3478085, 38.325422], [27.3477012, 38.3252116], [27.3474705, 38.3250601], [27.3472345, 38.3248076], [27.3471165, 38.3246561], [27.3469555, 38.3244289], [27.3469019, 38.3241679], [27.3469382, 38.323951], [27.3486614, 38.3197489], [27.3496377, 38.3191008], [27.3515367, 38.31969], [27.3527706, 38.3199678], [27.3554313, 38.3206411], [27.355695, 38.3202517], [27.3585748, 38.317855], [27.3624265, 38.3140164], [27.3628895, 38.3128462], [27.3641324, 38.3107501], [27.3643743, 38.3094346], [27.3641539, 38.308637], [27.3638368, 38.3080739], [27.3631561, 38.3073069], [27.3617077, 38.3059682], [27.3603147, 38.3045183], [27.3594224, 38.3030973], [27.359095, 38.3026334], [27.3589933, 38.3016576], [27.3590791, 38.3011019], [27.3593366, 38.3002346], [27.35924, 38.2997126], [27.3593473, 38.2990643], [27.3592722, 38.2989464], [27.358886, 38.2988622], [27.3583174, 38.2988117], [27.3584032, 38.2985507], [27.3589396, 38.2985844], [27.3594546, 38.2988033], [27.3599803, 38.2989127], [27.3603773, 38.2990054], [27.361021, 38.2990896], [27.3614931, 38.2989801], [27.361815, 38.2991148], [27.3624372, 38.2987612], [27.3633063, 38.2988917], [27.3643148, 38.2991001], [27.3647171, 38.2990432], [27.3651141, 38.2990096], [27.3653716, 38.2991274], [27.3655486, 38.299018], [27.3658973, 38.2990559], [27.366069, 38.2988959], [27.3660368, 38.298778], [27.3657846, 38.2986096], [27.3659617, 38.2984917], [27.3664874, 38.2984117], [27.3666429, 38.2986054], [27.3667499, 38.298595], [27.3669219, 38.2984665], [27.3670828, 38.2984454], [27.3672384, 38.2984328], [27.3674154, 38.2983023], [27.3675817, 38.2981549], [27.3677158, 38.2980076], [27.3678124, 38.297835], [27.3679089, 38.2977382], [27.3680162, 38.2976876], [27.3681503, 38.2976961], [27.3684722, 38.2978392], [27.3685312, 38.2979318], [27.3685849, 38.2980539], [27.368601, 38.298096], [27.3686492, 38.2981718], [27.3688209, 38.2982181], [27.3691213, 38.2982012], [27.3693144, 38.2981086], [27.3695183, 38.2979865], [27.3696577, 38.2979318], [27.3699957, 38.297936], [27.3700923, 38.2978981], [27.3701942, 38.2978097], [27.3703122, 38.2977718], [27.3704517, 38.2977929], [27.3706448, 38.297755], [27.3707628, 38.2977003], [27.3708326, 38.2976287], [27.3709506, 38.297515], [27.3711437, 38.2974856], [27.3712617, 38.2975361], [27.3716587, 38.2974266], [27.3719215, 38.2974477], [27.3721844, 38.2974645], [27.3724365, 38.2974435], [27.3729783, 38.2972919], [27.3732895, 38.2971193], [27.3736006, 38.2967446], [27.3746949, 38.2970098], [27.3751616, 38.2971319], [27.3757088, 38.2974435], [27.3763901, 38.2973171], [27.3768514, 38.2971656], [27.3773664, 38.2970435], [27.3777205, 38.2969467], [27.3782515, 38.296652], [27.3788363, 38.2959615], [27.3794907, 38.2960541], [27.3797965, 38.2962857], [27.3802578, 38.2960794], [27.3801184, 38.2958478], [27.3808962, 38.2955405], [27.3814863, 38.2954268], [27.3818725, 38.2952879], [27.3821676, 38.2950269], [27.3823392, 38.2948753], [27.3825216, 38.2947658], [27.382822, 38.294669], [27.3830581, 38.2946353], [27.3831063, 38.29469], [27.3831224, 38.2947869], [27.3832029, 38.2948079], [27.3833317, 38.2947827], [27.3835087, 38.2946858], [27.3836374, 38.2946522], [27.3837554, 38.2947069], [27.3838949, 38.2946522], [27.3840237, 38.2945637], [27.3841792, 38.294429], [27.3842758, 38.2942732], [27.3844045, 38.294168], [27.3846781, 38.2940459], [27.3849839, 38.2939533], [27.3850965, 38.2937343], [27.3855954, 38.2934649], [27.3857456, 38.293347], [27.3858958, 38.2932417], [27.3859763, 38.2930902], [27.3860997, 38.2929933], [27.3862499, 38.292947], [27.3863304, 38.2929049], [27.386443, 38.2928039], [27.3865396, 38.2927323], [27.3866737, 38.2926902], [27.3867756, 38.2926986], [27.386899, 38.2927618], [27.3869044, 38.2928712], [27.3869634, 38.2930228], [27.3870546, 38.2930438], [27.3872369, 38.2929596], [27.3874354, 38.2926691], [27.3875642, 38.292366], [27.3879987, 38.292307], [27.3881864, 38.292206], [27.3885083, 38.2921765], [27.3887068, 38.2921639], [27.3888677, 38.2919407], [27.3890877, 38.2918229], [27.389254, 38.2917344], [27.3893988, 38.2915955], [27.3893827, 38.2914523], [27.3895276, 38.2913134], [27.3896778, 38.2911997], [27.3898762, 38.2912124], [27.3899674, 38.2913302], [27.3899728, 38.2914523], [27.3899513, 38.2916334], [27.3898172, 38.291785], [27.3898709, 38.2919197], [27.3899084, 38.2920207], [27.3900211, 38.2921092], [27.3904395, 38.2920755], [27.3907506, 38.2919829], [27.3911583, 38.2918692], [27.3923868, 38.2918144], [27.3925048, 38.2921849], [27.3929769, 38.2921134], [27.3933738, 38.2919576], [27.3939156, 38.2915408], [27.3943663, 38.2912671], [27.39479, 38.2912039], [27.395407, 38.291086], [27.3960292, 38.2909597], [27.3962063, 38.2909345], [27.3959649, 38.2906524], [27.3958683, 38.2904797], [27.3957932, 38.2902776], [27.3957771, 38.2901261], [27.3957503, 38.2897471], [27.3956752, 38.2894566], [27.395584, 38.2893303], [27.395879, 38.2893724], [27.396217, 38.2893387], [27.3966783, 38.2890187], [27.396614, 38.2872587], [27.3970807, 38.2871829], [27.3971075, 38.2865176], [27.3981053, 38.2864755], [27.3983252, 38.2851281], [27.3987544, 38.2853513], [27.3991835, 38.285406], [27.3995966, 38.2854355], [27.4001384, 38.2856671], [27.4008357, 38.2858102], [27.4012703, 38.2862271], [27.4015117, 38.2863913], [27.4016833, 38.2864713], [27.4019515, 38.2864208], [27.4020857, 38.2863408], [27.4023217, 38.2861976], [27.4024719, 38.2861892], [27.4026275, 38.2861766], [27.402606, 38.286505], [27.4031746, 38.2864839], [27.4033999, 38.2862734], [27.4036467, 38.2862482], [27.4036574, 38.2863324], [27.4034428, 38.2873008], [27.4034536, 38.2878566], [27.4035287, 38.2882608], [27.4037969, 38.2886145], [27.4041188, 38.2889092], [27.4046659, 38.2891619], [27.4051809, 38.2894987], [27.4055779, 38.2899198], [27.4058139, 38.2903408], [27.4060607, 38.2906524], [27.4062431, 38.2908461], [27.4067151, 38.2915366], [27.4069726, 38.291966], [27.407316, 38.2922271], [27.4076486, 38.2925891], [27.407788, 38.292867], [27.4078309, 38.2930691], [27.4078739, 38.2933638], [27.408067, 38.2937512], [27.408185, 38.2939196], [27.4082923, 38.2941638], [27.4082065, 38.2943322], [27.4081099, 38.2944922], [27.4079652, 38.2947095], [27.408067, 38.2948121], [27.4081421, 38.2946606], [27.4082386, 38.2945595], [27.4083084, 38.2944248], [27.4084532, 38.2943406], [27.4085712, 38.2942985], [27.4089038, 38.2944585], [27.4091613, 38.2947279], [27.4100625, 38.2957721], [27.4104488, 38.2961004], [27.4107063, 38.2964036], [27.4107921, 38.2966983], [27.4113071, 38.2980876], [27.4115109, 38.2988791], [27.4117041, 38.2991317], [27.4121439, 38.2995779], [27.4123478, 38.2999231], [27.4124551, 38.3002262], [27.4125087, 38.300563], [27.4126589, 38.3008493], [27.412616, 38.3010766], [27.4124122, 38.3013713], [27.4121976, 38.3016323], [27.4119079, 38.3021796], [27.4118435, 38.3025332], [27.4119294, 38.3029121], [27.4120581, 38.3032994], [27.4123263, 38.3035098], [27.4126053, 38.303594], [27.4130773, 38.3035688], [27.4135387, 38.3035604], [27.4139678, 38.3035098], [27.4142468, 38.3035435], [27.4144292, 38.3038298], [27.4143541, 38.3041665], [27.4143326, 38.3044865], [27.414397, 38.3049327], [27.4146652, 38.3059346], [27.4147403, 38.3064229], [27.4146867, 38.3070122], [27.4145794, 38.3073742], [27.4146759, 38.3077951], [27.414633, 38.3081151], [27.4144721, 38.3086118], [27.4142762, 38.3094686], [27.4136186, 38.3095245], [27.4137044, 38.309989], [27.4136326, 38.3106626], [27.4130392, 38.3113738], [27.4128232, 38.3119586], [27.4122206, 38.3123957], [27.4123202, 38.3126158], [27.4122396, 38.313069], [27.4120908, 38.3135045], [27.412275, 38.3139806], [27.4120478, 38.3139277], [27.4120911, 38.3145041], [27.4121182, 38.3147388], [27.411055, 38.3146183], [27.4104488, 38.3146351], [27.409789, 38.3147151], [27.4090165, 38.3148835], [27.4080498, 38.3151875], [27.4077451, 38.3153591], [27.4074585, 38.3155706], [27.4078471, 38.3160757], [27.4074017, 38.3162262], [27.4072815, 38.3163697], [27.4068429, 38.3165474], [27.4065345, 38.3165546], [27.4063927, 38.3166218], [27.40567, 38.3166982], [27.4049102, 38.3166174], [27.405084, 38.3157826], [27.4051058, 38.3153368], [27.4048546, 38.3153305], [27.4042427, 38.3151824], [27.4036522, 38.3150844], [27.4034949, 38.315092], [27.4034495, 38.3151044], [27.4032291, 38.3151645], [27.4031911, 38.3154053], [27.4032647, 38.3155815], [27.4033328, 38.3158673], [27.4033329, 38.3161377], [27.4033248, 38.3163818], [27.4033999, 38.3166344], [27.4033248, 38.3171142], [27.4033962, 38.3174125], [27.4031907, 38.3174383], [27.4028367, 38.3173878], [27.4026543, 38.3173288], [27.4024987, 38.3172278], [27.4023753, 38.3171815], [27.4022367, 38.3172611], [27.4021232, 38.3171521], [27.4019837, 38.3169795], [27.401914, 38.3168764], [27.4018857, 38.3167804], [27.4019435, 38.3167143], [27.4019864, 38.3166112], [27.4019721, 38.3165489], [27.4019447, 38.3165061], [27.4017538, 38.3164567], [27.4016569, 38.3164451], [27.4015627, 38.3163763], [27.4011362, 38.315679], [27.4009484, 38.3152286], [27.4005407, 38.3149129], [27.4005461, 38.3147277], [27.3999663, 38.3146698], [27.3997951, 38.3149255], [27.3997607, 38.3149913], [27.3997092, 38.3150897], [27.3994839, 38.3152917], [27.3994464, 38.3154054], [27.3994946, 38.3157126], [27.3995429, 38.3157968], [27.3995, 38.3159399], [27.3993131, 38.3160503], [27.3991226, 38.3160676], [27.3988563, 38.3160566], [27.3981364, 38.3160805], [27.3981129, 38.3162188], [27.3977856, 38.3166609], [27.3977632, 38.3170018], [27.3976546, 38.3170384], [27.3975044, 38.3170258], [27.3973392, 38.3174752], [27.3970869, 38.3178121], [27.3968764, 38.3180321], [27.3967642, 38.3180128], [27.396673, 38.3179349], [27.3966393, 38.3178327], [27.3964208, 38.3176866], [27.3963618, 38.3175519], [27.3961902, 38.3175351], [27.3959917, 38.3177624], [27.395938, 38.3180233], [27.39582, 38.3182548], [27.3956108, 38.3184989], [27.395305, 38.3186125], [27.3948491, 38.3187641], [27.3945755, 38.3188061], [27.3944467, 38.3189072], [27.3943233, 38.3191807], [27.3943984, 38.3192986], [27.3945755, 38.3195006], [27.3945057, 38.3196605], [27.3933738, 38.319884], [27.3933801, 38.3199269], [27.3931847, 38.3201635], [27.3932833, 38.3204993], [27.3927232, 38.3209874], [27.3927448, 38.3210684], [27.3926272, 38.3211284], [27.392464, 38.3211694], [27.3925225, 38.3213528], [27.3926156, 38.3217887], [27.3925283, 38.3218652], [27.3925472, 38.3220153], [27.3925181, 38.32223], [27.3931144, 38.3222732], [27.3933088, 38.3224061], [27.393322, 38.322611], [27.3932164, 38.3232382], [27.3933021, 38.3256573], [27.3929034, 38.3257873], [27.3925309, 38.3257543], [27.3923858, 38.3257414], [27.3913214, 38.3253064], [27.390146, 38.3250576], [27.3887455, 38.3249346], [27.3864984, 38.3258897], [27.3852402, 38.3259963], [27.381808, 38.3298498], [27.3798643, 38.3308048], [27.3787107, 38.3318335], [27.3771529, 38.3342864], [27.3764949, 38.3346246], [27.375817, 38.3346077], [27.373178, 38.3351739], [27.3718602, 38.3348992]]]]}, "bbox": [27.3469019, 38.2851281, 27.4147403, 38.3402836]}, {"id": "280", "type": "Feature", "properties": {"mahalle_adi": "İhsaniye Mahallesi", "_gece_lst_str": "21.5°C"}, "geometry": {"type": "MultiPolygon", "coordinates": [[[[26.7887448, 38.28645], [26.7886112, 38.2818548], [26.788028, 38.2796191], [26.7862645, 38.2777567], [26.7895084, 38.2774408], [26.7904155, 38.2775559], [26.7905922, 38.2775783], [26.7934274, 38.2779379], [26.7936236, 38.2779628], [26.7943915, 38.2748931], [26.7968663, 38.2738247], [26.8027718, 38.2703488], [26.8085281, 38.2693744], [26.8089425, 38.2693043], [26.8096448, 38.2695736], [26.8104279, 38.269513], [26.8104279, 38.2688392], [26.811533, 38.2687465], [26.8122725, 38.2706325], [26.8133032, 38.2710545], [26.8135929, 38.2707849], [26.8140113, 38.2700353], [26.8142259, 38.2696141], [26.8149555, 38.2688223], [26.8152988, 38.268856], [26.8153632, 38.2691593], [26.8169832, 38.2695215], [26.8178952, 38.2696057], [26.8184852, 38.2695299], [26.820102, 38.2697426], [26.8199551, 38.2699805], [26.8195367, 38.2702669], [26.8192524, 38.2704185], [26.8189573, 38.2707681], [26.8187749, 38.2712187], [26.8185657, 38.2717452], [26.8185443, 38.2719431], [26.8186569, 38.2721116], [26.8186676, 38.2722253], [26.8185925, 38.2724232], [26.818614, 38.2726591], [26.8185872, 38.2728275], [26.8184745, 38.2730676], [26.8183214, 38.2732238], [26.8181688, 38.2733876], [26.8178201, 38.2737793], [26.8176331, 38.2743565], [26.818099, 38.2750301], [26.8184316, 38.2752617], [26.8181741, 38.2755186], [26.8183887, 38.2756744], [26.8185604, 38.2758049], [26.8186676, 38.2764156], [26.8175304, 38.2764156], [26.817392, 38.2775308], [26.8173319, 38.2778895], [26.816585, 38.27829], [26.8164746, 38.278587], [26.8160187, 38.2798133], [26.8159515, 38.2799942], [26.8158544, 38.2802553], [26.8167837, 38.2802324], [26.8172152, 38.2802217], [26.8176216, 38.2809553], [26.8171892, 38.2811994], [26.8115214, 38.2843981], [26.8054925, 38.2878005], [26.8053435, 38.2878192], [26.8051264, 38.2878465], [26.8047891, 38.2878888], [26.8045774, 38.2871382], [26.8045419, 38.2870124], [26.8029277, 38.2859953], [26.8025422, 38.2857525], [26.8023229, 38.2856143], [26.8016286, 38.2854109], [26.8008499, 38.2851827], [26.8004206, 38.2845742], [26.7971304, 38.2851048], [26.7948592, 38.2862271], [26.7926727, 38.2869447], [26.7924754, 38.2870095], [26.7917597, 38.2868966], [26.7913949, 38.2865429], [26.7905795, 38.2865345], [26.7902577, 38.286745], [26.7897534, 38.2868292], [26.7893886, 38.2867197], [26.7887448, 38.28645]]]]}, "bbox": [26.7862645, 38.2687465, 26.820102, 38.2878888]}, {"id": "281", "type": "Feature", "properties": {"mahalle_adi": "Turgut Mahallesi", "_gece_lst_str": "21.4°C"}, "geometry": {"type": "MultiPolygon", "coordinates": [[[[26.7881245, 38.2856789], [26.7887448, 38.28645], [26.7886112, 38.2818548], [26.788028, 38.2796191], [26.7862645, 38.2777567], [26.7895084, 38.2774408], [26.7904155, 38.2775559], [26.7905922, 38.2775783], [26.7934274, 38.2779379], [26.7936236, 38.2779628], [26.7943915, 38.2748931], [26.7968663, 38.2738247], [26.8027718, 38.2703488], [26.8085281, 38.2693744], [26.8089425, 38.2693043], [26.8096448, 38.2695736], [26.8104279, 38.269513], [26.8104279, 38.2688392], [26.811533, 38.2687465], [26.8122725, 38.2706325], [26.8133032, 38.2710545], [26.8135929, 38.2707849], [26.8140113, 38.2700353], [26.8142259, 38.2696141], [26.8149555, 38.2688223], [26.8152988, 38.268856], [26.8153632, 38.2691593], [26.8169832, 38.2695215], [26.8178952, 38.2696057], [26.8184852, 38.2695299], [26.820102, 38.2697426], [26.8205559, 38.2696394], [26.821028, 38.2695804], [26.8212479, 38.2695004], [26.8216181, 38.2692519], [26.821897, 38.2691045], [26.8222068, 38.269087], [26.8242037, 38.2680263], [26.8239087, 38.2677189], [26.8237209, 38.267323], [26.8237424, 38.2666659], [26.8235385, 38.2662195], [26.8236458, 38.2658657], [26.8235814, 38.2656719], [26.8233883, 38.2655371], [26.8233025, 38.2652423], [26.8233454, 38.2649391], [26.8235171, 38.2648043], [26.8234312, 38.2644336], [26.823281, 38.2639787], [26.8230879, 38.2635154], [26.8219828, 38.2636249], [26.8213928, 38.2633806], [26.8211031, 38.2628331], [26.8208671, 38.2625804], [26.8205452, 38.2623613], [26.8201911, 38.2621255], [26.8199336, 38.2616537], [26.819601, 38.2610724], [26.8190861, 38.2604406], [26.8180668, 38.2596487], [26.8180776, 38.2593202], [26.8181419, 38.2589158], [26.8183565, 38.258722], [26.8187749, 38.2583261], [26.8179059, 38.2582755], [26.8175948, 38.258444], [26.8166806, 38.2584942], [26.8158567, 38.2576942], [26.8146336, 38.2568686], [26.8135822, 38.2564642], [26.8125737, 38.256203], [26.8119192, 38.2557481], [26.8119192, 38.2549225], [26.8105566, 38.253566], [26.8101218, 38.2522804], [26.8079925, 38.2513249], [26.808309, 38.2507056], [26.8087918, 38.2500906], [26.8091673, 38.2494545], [26.8093818, 38.2492564], [26.808266, 38.2483254], [26.8076813, 38.2481738], [26.8070054, 38.2479126], [26.806072, 38.2480979], [26.8038994, 38.2482706], [26.8035576, 38.2484439], [26.8029009, 38.2481925], [26.7977544, 38.2483983], [26.7971939, 38.247803], [26.7970544, 38.2474997], [26.7971134, 38.2468088], [26.7975157, 38.2467666], [26.7979203, 38.2457706], [26.7969149, 38.2455112], [26.7965931, 38.2454101], [26.7957079, 38.2452289], [26.795606, 38.2452752], [26.7951822, 38.2451446], [26.7948389, 38.2449803], [26.7938733, 38.2445253], [26.7939806, 38.2442304], [26.7931974, 38.2438596], [26.7932939, 38.2433962], [26.7907876, 38.2430229], [26.7880261, 38.2413233], [26.7875433, 38.2414665], [26.7872751, 38.2415003], [26.7870283, 38.2415845], [26.7869532, 38.2417025], [26.7866635, 38.2417783], [26.7864382, 38.2418794], [26.7860305, 38.242048], [26.785591, 38.2423759], [26.7851368, 38.2426731], [26.7805095, 38.2487427], [26.7786164, 38.2500501], [26.7662846, 38.2545551], [26.7591413, 38.2595345], [26.7612179, 38.262399], [26.7585794, 38.2649202], [26.7594703, 38.26522], [26.7611884, 38.2667967], [26.7622304, 38.2671206], [26.7740548, 38.2856407], [26.7746928, 38.2847004], [26.7748607, 38.2841883], [26.7755484, 38.2836796], [26.7758405, 38.2836439], [26.7761293, 38.2837553], [26.7764579, 38.2841587], [26.7765623, 38.2842817], [26.776557, 38.2845049], [26.7769325, 38.2849091], [26.7769325, 38.2850039], [26.7768949, 38.2850986], [26.7770237, 38.2852544], [26.7768842, 38.2853134], [26.7766696, 38.2852039], [26.7766213, 38.2853007], [26.7767876, 38.2854818], [26.7766964, 38.2855744], [26.7766803, 38.2857513], [26.776852, 38.2859366], [26.777127, 38.2860529], [26.7805946, 38.2856114], [26.7820287, 38.2859534], [26.7825973, 38.2861976], [26.7831337, 38.2861724], [26.7835092, 38.286046], [26.7838097, 38.2856839], [26.7841959, 38.2852292], [26.7847967, 38.284926], [26.7853761, 38.2850776], [26.7857301, 38.2854397], [26.7860832, 38.2856573], [26.7881245, 38.2856789]]]]}, "bbox": [26.7585794, 38.2413233, 26.8242037, 38.28645]}, {"id": "282", "type": "Feature", "properties": {"mahalle_adi": "Düzce Mahallesi", "_gece_lst_str": "21.4°C"}, "geometry": {"type": "MultiPolygon", "coordinates": [[[[26.7550627, 38.2224627], [26.7547745, 38.2231038], [26.7542517, 38.2238698], [26.7539084, 38.2249403], [26.7537475, 38.225623], [26.7536831, 38.2260865], [26.7535767, 38.2267578], [26.7538655, 38.2274687], [26.7539521, 38.2284124], [26.7541659, 38.2291206], [26.7544234, 38.2298454], [26.754874, 38.230368], [26.7552495, 38.2311939], [26.7551851, 38.2319187], [26.7549813, 38.2322726], [26.7541015, 38.2332924], [26.7537367, 38.2338317], [26.7536509, 38.2341267], [26.7535585, 38.2349838], [26.753299, 38.2356147], [26.7530876, 38.2359385], [26.7529374, 38.2363515], [26.7523473, 38.2373585], [26.7522776, 38.2377419], [26.7519772, 38.2383739], [26.7518163, 38.2388121], [26.7516124, 38.2394442], [26.7515051, 38.2399666], [26.7516177, 38.2406769], [26.7515963, 38.2410663], [26.7513013, 38.241871], [26.7510921, 38.242621], [26.7511135, 38.2432782], [26.7513463, 38.2440272], [26.751709, 38.2454101], [26.7517004, 38.2464324], [26.7517948, 38.2477314], [26.7516929, 38.2481063], [26.7516231, 38.2484349], [26.7515212, 38.249029], [26.7514046, 38.2495866], [26.7512208, 38.2498547], [26.7508453, 38.2505245], [26.7508399, 38.2506762], [26.7509096, 38.2508416], [26.7514461, 38.2513502], [26.7515105, 38.2518389], [26.7514515, 38.2524244], [26.7513174, 38.2527404], [26.7514354, 38.2532922], [26.7516983, 38.254042], [26.7519343, 38.2545812], [26.752181, 38.2552005], [26.7524546, 38.2557018], [26.7526942, 38.256202], [26.7529267, 38.2567127], [26.7530233, 38.2569613], [26.7529857, 38.2571087], [26.7529857, 38.2572351], [26.7531606, 38.2573566], [26.7533076, 38.2573994], [26.7534792, 38.2576268], [26.7536294, 38.2576689], [26.753962, 38.2576268], [26.7539138, 38.2574752], [26.7540103, 38.2574836], [26.7543375, 38.2577785], [26.7547667, 38.2580691], [26.754756, 38.2581618], [26.7545307, 38.2581534], [26.7546326, 38.2583092], [26.7543805, 38.2584398], [26.7542463, 38.2586757], [26.75408, 38.2589242], [26.7539513, 38.259733], [26.7539942, 38.2604827], [26.7547824, 38.2612416], [26.7591413, 38.2595345], [26.7662846, 38.2545551], [26.7786164, 38.2500501], [26.7805095, 38.2487427], [26.7851368, 38.2426731], [26.785591, 38.2423759], [26.7860305, 38.242048], [26.7864382, 38.2418794], [26.7866635, 38.2417783], [26.7869532, 38.2417025], [26.7870283, 38.2415845], [26.7872751, 38.2415003], [26.7875433, 38.2414665], [26.7880261, 38.2413233], [26.7907876, 38.2430229], [26.7932939, 38.2433962], [26.7931974, 38.2438596], [26.7939806, 38.2442304], [26.7938733, 38.2445253], [26.7948389, 38.2449803], [26.7951822, 38.2451446], [26.795606, 38.2452752], [26.7957079, 38.2452289], [26.7965931, 38.2454101], [26.7969149, 38.2455112], [26.7979203, 38.2457706], [26.7975157, 38.2467666], [26.7971134, 38.2468088], [26.7970544, 38.2474997], [26.7971939, 38.247803], [26.7977544, 38.2483983], [26.8029009, 38.2481925], [26.8035576, 38.2484439], [26.8038994, 38.2482706], [26.806072, 38.2480979], [26.8070054, 38.2479126], [26.8076813, 38.2481738], [26.808266, 38.2483254], [26.8093818, 38.2492564], [26.8100417, 38.2490669], [26.8096125, 38.2481232], [26.8094194, 38.2478199], [26.8093979, 38.2474828], [26.809634, 38.2467498], [26.8100309, 38.2461263], [26.810621, 38.2457639], [26.8115973, 38.2453005], [26.8122757, 38.2454813], [26.8148267, 38.2451488], [26.8183243, 38.2448708], [26.8191934, 38.2447865], [26.8213284, 38.2452584], [26.8224978, 38.2452247], [26.8237531, 38.2457218], [26.825175, 38.2451079], [26.8243432, 38.2434383], [26.8241608, 38.2428485], [26.8242037, 38.242444], [26.8241715, 38.2419974], [26.8242037, 38.2414497], [26.824311, 38.2413401], [26.8245363, 38.2411379], [26.8247616, 38.2409104], [26.8248474, 38.240784], [26.8248474, 38.2406239], [26.8247723, 38.2404217], [26.8246972, 38.2403205], [26.8248045, 38.2401014], [26.824944, 38.2400003], [26.8251157, 38.2399666], [26.8254053, 38.2399076], [26.8258667, 38.2397307], [26.8263173, 38.239461], [26.8265211, 38.2391324], [26.8266284, 38.2389133], [26.8265855, 38.238593], [26.8265319, 38.2380453], [26.826843, 38.2377335], [26.8273365, 38.2373459], [26.8281305, 38.2369077], [26.8286133, 38.2365116], [26.829375, 38.235711], [26.8303728, 38.2348851], [26.8328512, 38.2339244], [26.8333194, 38.2323555], [26.8352478, 38.231518], [26.8354757, 38.2309462], [26.8364513, 38.2304828], [26.8379706, 38.2301274], [26.8386349, 38.2294133], [26.8389555, 38.2278942], [26.8368101, 38.2259264], [26.836456, 38.2258337], [26.8360698, 38.2255724], [26.8356943, 38.2252437], [26.8351686, 38.2247633], [26.8349647, 38.2243755], [26.8348038, 38.2239963], [26.8347287, 38.2237265], [26.8344068, 38.2234821], [26.8342566, 38.2233051], [26.8342137, 38.222968], [26.834085, 38.2227404], [26.8338704, 38.2224875], [26.8336773, 38.2223105], [26.8333125, 38.2220577], [26.8328726, 38.2219312], [26.8322718, 38.2217458], [26.8319218, 38.2215871], [26.831802, 38.2215002], [26.8314898, 38.2208595], [26.8312167, 38.2200013], [26.8309982, 38.2174266], [26.8291802, 38.2173775], [26.8283375, 38.2173101], [26.8273621, 38.2172243], [26.8272936, 38.2174217], [26.8270442, 38.2183342], [26.8261671, 38.2182983], [26.8252444, 38.2182688], [26.8245739, 38.218155], [26.8242949, 38.2180497], [26.8239516, 38.2178263], [26.8235815, 38.2175313], [26.8233025, 38.2173205], [26.8230504, 38.2171014], [26.8227768, 38.2167895], [26.8225461, 38.2166209], [26.8223262, 38.2165788], [26.8221438, 38.2165872], [26.8215913, 38.2166799], [26.8211085, 38.21676], [26.8189466, 38.2172152], [26.8177879, 38.2175228], [26.8175089, 38.2175818], [26.8173695, 38.2175903], [26.8171763, 38.2175186], [26.8164039, 38.2170297], [26.8153509, 38.2166183], [26.8125408, 38.2167389], [26.8111614, 38.2156462], [26.8069911, 38.2160506], [26.8039499, 38.2158565], [26.8012673, 38.2155573], [26.7997746, 38.2145537], [26.7964094, 38.2132965], [26.7960771, 38.2133078], [26.7960368, 38.2142195], [26.7950165, 38.2144501], [26.7939027, 38.2156996], [26.7904964, 38.2182857], [26.7877755, 38.2188529], [26.7841695, 38.2198653], [26.7822095, 38.2236338], [26.7817813, 38.2228285], [26.7795868, 38.2216267], [26.7785682, 38.2212493], [26.7737951, 38.2185408], [26.769355, 38.218121], [26.7677455, 38.2183323], [26.7677214, 38.2187971], [26.7681475, 38.2201745], [26.7583828, 38.2195827], [26.7577414, 38.2193817], [26.7576608, 38.2198936], [26.7577848, 38.2201799], [26.7585836, 38.2199241], [26.7586974, 38.2200775], [26.758715, 38.2201539], [26.7588175, 38.2205984], [26.7587926, 38.220904], [26.7587515, 38.2211521], [26.7585637, 38.2213017], [26.7581028, 38.2216953], [26.7571887, 38.2220861], [26.7559844, 38.2222994], [26.7550627, 38.2224627]]]]}, "bbox": [26.7508399, 38.2132965, 26.8389555, 38.2612416]}, {"id": "283", "type": "Feature", "properties": {"mahalle_adi": "Ulamış Mahallesi", "_gece_lst_str": "21.6°C"}, "geometry": {"type": "MultiPolygon", "coordinates": [[[[26.8746565, 38.2240048], [26.8761574, 38.2252391], [26.8772416, 38.2273498], [26.8792319, 38.2297652], [26.881635, 38.2293029], [26.8834469, 38.2300555], [26.8849411, 38.2311118], [26.887638, 38.2311859], [26.888746, 38.2328316], [26.8891314, 38.2327784], [26.8898987, 38.2349601], [26.8890803, 38.2365862], [26.8890794, 38.237194], [26.8911594, 38.2406998], [26.892601, 38.2468509], [26.8944761, 38.2513397], [26.8876973, 38.2515837], [26.8853831, 38.2526899], [26.8843121, 38.2561748], [26.8814348, 38.2549027], [26.8798236, 38.2558307], [26.8797995, 38.2567245], [26.8770518, 38.259296], [26.8764395, 38.2594204], [26.8759408, 38.2593305], [26.874217, 38.259722], [26.8737627, 38.2602221], [26.873489, 38.2611514], [26.8729895, 38.2615084], [26.8726941, 38.2619014], [26.8721952, 38.2619723], [26.8719897, 38.2627944], [26.8724656, 38.2629201], [26.8728051, 38.263278], [26.8753611, 38.266874], [26.8745892, 38.2673916], [26.8730257, 38.2667821], [26.8715515, 38.2669951], [26.8700563, 38.2662247], [26.8693306, 38.2662775], [26.8661809, 38.2650762], [26.863841, 38.2671482], [26.8618791, 38.2638681], [26.8612003, 38.2631379], [26.8602477, 38.2632619], [26.8592723, 38.2634574], [26.858977, 38.263761], [26.8595199, 38.2644409], [26.8574102, 38.2649211], [26.8572485, 38.2647285], [26.85727, 38.2641304], [26.8570983, 38.2638524], [26.856637, 38.2636081], [26.8562829, 38.2629931], [26.8567979, 38.2622855], [26.8569267, 38.2619822], [26.8569374, 38.261679], [26.8563044, 38.2612409], [26.8561649, 38.2607439], [26.8556499, 38.2607776], [26.8554464, 38.2604315], [26.8550062, 38.2610556], [26.8549418, 38.2615358], [26.8550062, 38.2618643], [26.8547852, 38.2623078], [26.853559, 38.2632001], [26.8538756, 38.2636296], [26.8520361, 38.2650217], [26.8511998, 38.2637335], [26.8507241, 38.2635005], [26.8504143, 38.2631195], [26.8500908, 38.2627488], [26.8498456, 38.2623276], [26.8496418, 38.262176], [26.8492985, 38.2621255], [26.8491697, 38.2620075], [26.8490723, 38.2618715], [26.8445107, 38.2638321], [26.8432871, 38.2634371], [26.8418956, 38.2634059], [26.8411767, 38.2634143], [26.8431172, 38.2656731], [26.8433332, 38.2661268], [26.8435049, 38.2666322], [26.8429041, 38.2668512], [26.8427861, 38.266986], [26.8428075, 38.2674156], [26.8421852, 38.2676178], [26.841445, 38.2680979], [26.8399215, 38.2687802], [26.8401146, 38.2676599], [26.8402219, 38.2673819], [26.8400502, 38.2668849], [26.8392992, 38.2662616], [26.8380652, 38.2665585], [26.8372978, 38.2649664], [26.8368212, 38.2651266], [26.836504, 38.2650547], [26.8360954, 38.265215], [26.835483, 38.2653035], [26.8353932, 38.264928], [26.8350765, 38.2646058], [26.8343055, 38.2646047], [26.8341949, 38.2634068], [26.8340136, 38.2633708], [26.8333071, 38.2641598], [26.8319017, 38.2631363], [26.8319392, 38.2634396], [26.8319714, 38.2637007], [26.8320733, 38.2640503], [26.8310058, 38.2645979], [26.8308395, 38.2644715], [26.8305016, 38.2644252], [26.8302709, 38.2642904], [26.8300456, 38.2640967], [26.8298095, 38.2637513], [26.8294856, 38.2639527], [26.82886, 38.2643157], [26.8284577, 38.2646611], [26.8281519, 38.2648169], [26.8280446, 38.2648295], [26.8280232, 38.2657267], [26.827991, 38.2660973], [26.827873, 38.2663627], [26.8277013, 38.2666701], [26.8275297, 38.2669565], [26.8275726, 38.267125], [26.8271615, 38.2672545], [26.8264997, 38.2674156], [26.8262422, 38.2672766], [26.8256146, 38.2671755], [26.8256521, 38.2675799], [26.8247777, 38.2677483], [26.82437, 38.2678957], [26.8240857, 38.2676094], [26.8239087, 38.2677189], [26.8237209, 38.267323], [26.8237424, 38.2666659], [26.8235385, 38.2662195], [26.8236458, 38.2658657], [26.8235814, 38.2656719], [26.8233883, 38.2655371], [26.8233025, 38.2652423], [26.8233454, 38.2649391], [26.8235171, 38.2648043], [26.8234312, 38.2644336], [26.823281, 38.2639787], [26.8230879, 38.2635154], [26.8219828, 38.2636249], [26.8213928, 38.2633806], [26.8211031, 38.2628331], [26.8208671, 38.2625804], [26.8205452, 38.2623613], [26.8201911, 38.2621255], [26.8199336, 38.2616537], [26.819601, 38.2610724], [26.8190861, 38.2604406], [26.8180668, 38.2596487], [26.8180776, 38.2593202], [26.8181419, 38.2589158], [26.8183565, 38.258722], [26.8187749, 38.2583261], [26.8179059, 38.2582755], [26.8175948, 38.258444], [26.8166806, 38.2584942], [26.8158567, 38.2576942], [26.8146336, 38.2568686], [26.8135822, 38.2564642], [26.8125737, 38.256203], [26.8119192, 38.2557481], [26.8119192, 38.2549225], [26.8105566, 38.253566], [26.8101218, 38.2522804], [26.8079925, 38.2513249], [26.808309, 38.2507056], [26.8087918, 38.2500906], [26.8091673, 38.2494545], [26.8093818, 38.2492564], [26.8100417, 38.2490669], [26.8096125, 38.2481232], [26.8094194, 38.2478199], [26.8093979, 38.2474828], [26.809634, 38.2467498], [26.8100309, 38.2461263], [26.810621, 38.2457639], [26.8115973, 38.2453005], [26.8122757, 38.2454813], [26.8148267, 38.2451488], [26.8183243, 38.2448708], [26.8191934, 38.2447865], [26.8213284, 38.2452584], [26.8224978, 38.2452247], [26.8237531, 38.2457218], [26.825175, 38.2451079], [26.8243432, 38.2434383], [26.8241608, 38.2428485], [26.8242037, 38.242444], [26.8241715, 38.2419974], [26.8242037, 38.2414497], [26.824311, 38.2413401], [26.8245363, 38.2411379], [26.8247616, 38.2409104], [26.8248474, 38.240784], [26.8248474, 38.2406239], [26.8247723, 38.2404217], [26.8246972, 38.2403205], [26.8248045, 38.2401014], [26.824944, 38.2400003], [26.8251157, 38.2399666], [26.8254053, 38.2399076], [26.8258667, 38.2397307], [26.8263173, 38.239461], [26.8265211, 38.2391324], [26.8266284, 38.2389133], [26.8265855, 38.238593], [26.8265319, 38.2380453], [26.826843, 38.2377335], [26.8273365, 38.2373459], [26.8281305, 38.2369077], [26.8286133, 38.2365116], [26.829375, 38.235711], [26.8303728, 38.2348851], [26.8328512, 38.2339244], [26.8333194, 38.2323555], [26.8352478, 38.231518], [26.8354757, 38.2309462], [26.8364513, 38.2304828], [26.8379706, 38.2301274], [26.8386349, 38.2294133], [26.8411308, 38.2296898], [26.8428708, 38.2304023], [26.8455889, 38.2311746], [26.8479428, 38.2326615], [26.850774, 38.2335769], [26.8520852, 38.2352769], [26.8579121, 38.234283], [26.8601361, 38.2328018], [26.8609065, 38.23291], [26.8613162, 38.2319987], [26.8612275, 38.2309439], [26.8626772, 38.2313746], [26.8640195, 38.228641], [26.8660596, 38.2283931], [26.8664705, 38.2268025], [26.8692596, 38.2258939], [26.8707368, 38.2235536], [26.8746565, 38.2240048]]]]}, "bbox": [26.8079925, 38.2235536, 26.8944761, 38.2687802]}, {"id": "284", "type": "Feature", "properties": {"mahalle_adi": "Beyler Mahallesi", "_gece_lst_str": "21.4°C"}, "geometry": {"type": "MultiPolygon", "coordinates": [[[[26.8944761, 38.2513397], [26.9022866, 38.2489341], [26.9043496, 38.2489], [26.9044416, 38.2478632], [26.9038524, 38.2477376], [26.9042386, 38.247148], [26.9040806, 38.2466115], [26.9081169, 38.2456315], [26.9076892, 38.2432714], [26.9085728, 38.2436296], [26.9096613, 38.2432193], [26.9102724, 38.2439885], [26.9102268, 38.2441851], [26.91068, 38.2443821], [26.9114272, 38.2450262], [26.9109734, 38.2453656], [26.9108142, 38.2457945], [26.9111539, 38.2460808], [26.9115395, 38.2458844], [26.9118567, 38.2460634], [26.9127869, 38.2454206], [26.9143727, 38.2462619], [26.9160973, 38.2447258], [26.9160753, 38.2440822], [26.9188614, 38.2460149], [26.9208273, 38.2517726], [26.9262435, 38.2537784], [26.9276267, 38.253529], [26.9295325, 38.2520642], [26.9324571, 38.251905], [26.9348834, 38.2512986], [26.9381006, 38.253678], [26.938258, 38.2552691], [26.9397988, 38.2562353], [26.9419072, 38.2563436], [26.9430869, 38.2553431], [26.9441754, 38.2550397], [26.9478925, 38.2565431], [26.9502279, 38.2562402], [26.9530163, 38.2566346], [26.9546938, 38.2569928], [26.9653114, 38.2556398], [26.9660827, 38.2544602], [26.966718, 38.2534235], [26.967659, 38.2520832], [26.96841, 38.2512575], [26.9686031, 38.250415], [26.9685602, 38.2495387], [26.9689894, 38.2488647], [26.969676, 38.2481401], [26.9704384, 38.2476859], [26.9704699, 38.2474828], [26.9704844, 38.2459161], [26.9709607, 38.2452905], [26.9715956, 38.2448259], [26.9726163, 38.2431636], [26.9711669, 38.2398559], [26.9726858, 38.2393021], [26.9732073, 38.2388732], [26.9742728, 38.2383907], [26.9756558, 38.2373005], [26.9781495, 38.2356563], [26.978263, 38.2352809], [26.9781952, 38.2345122], [26.978286, 38.2339759], [26.9788074, 38.2336006], [26.9790795, 38.2331001], [26.9796234, 38.2332968], [26.9767009, 38.2293454], [26.9758633, 38.2266458], [26.9761356, 38.225609], [26.9766118, 38.2247331], [26.9713732, 38.2221643], [26.970588, 38.221906], [26.9695365, 38.2220071], [26.9680238, 38.2224454], [26.96679, 38.2227573], [26.9666076, 38.2226477], [26.9662327, 38.2219979], [26.9641949, 38.2207433], [26.962022, 38.2158801], [26.9620002, 38.2140923], [26.9604597, 38.211473], [26.9527585, 38.2076266], [26.9496326, 38.2065526], [26.9449454, 38.2030645], [26.9439941, 38.2027244], [26.9437231, 38.2015801], [26.9426135, 38.2009181], [26.9434069, 38.2003822], [26.9413229, 38.2000415], [26.9409603, 38.2002201], [26.9391255, 38.1999688], [26.9401233, 38.1987179], [26.9358027, 38.1914932], [26.9328576, 38.1918849], [26.9330851, 38.1908303], [26.9322928, 38.1902935], [26.9305933, 38.1909897], [26.928896, 38.1894155], [26.9275145, 38.1891644], [26.9263377, 38.1881089], [26.9246166, 38.1877145], [26.9209464, 38.1885166], [26.9195884, 38.1875681], [26.919431, 38.1865133], [26.9204085, 38.1832781], [26.9188282, 38.1785753], [26.9129609, 38.1798583], [26.9099504, 38.1784974], [26.9073001, 38.1789065], [26.905627, 38.1766526], [26.9038153, 38.1766332], [26.9026841, 38.1757742], [26.9036588, 38.1751135], [26.9035911, 38.174899], [26.902527, 38.1746478], [26.9018271, 38.1731098], [26.906493, 38.1724164], [26.9050691, 38.1703236], [26.9026703, 38.169094], [26.8987732, 38.1707176], [26.8968932, 38.171002], [26.8948303, 38.172484], [26.8921577, 38.1727497], [26.8911544, 38.173644], [26.8912212, 38.1744307], [26.8935457, 38.1799926], [26.8933836, 38.1823702], [26.8944913, 38.183855], [26.8917864, 38.1903598], [26.8919195, 38.192255], [26.8916231, 38.1935597], [26.8921637, 38.195634], [26.8904406, 38.1966156], [26.8939201, 38.2029116], [26.8881857, 38.2045689], [26.883702, 38.217454], [26.8805838, 38.2198999], [26.8746565, 38.2240048], [26.8761574, 38.2252391], [26.8772416, 38.2273498], [26.8792319, 38.2297652], [26.881635, 38.2293029], [26.8834469, 38.2300555], [26.8849411, 38.2311118], [26.887638, 38.2311859], [26.888746, 38.2328316], [26.8891314, 38.2327784], [26.8898987, 38.2349601], [26.8890803, 38.2365862], [26.8890794, 38.237194], [26.8911594, 38.2406998], [26.892601, 38.2468509], [26.8944761, 38.2513397]]]]}, "bbox": [26.8746565, 38.169094, 26.9796234, 38.2569928]}, {"id": "285", "type": "Feature", "properties": {"mahalle_adi": "Gölcük Mahallesi", "_gece_lst_str": "21.2°C"}, "geometry": {"type": "MultiPolygon", "coordinates": [[[[26.887536, 38.296833], [26.8883514, 38.297776], [26.8889278, 38.2988459], [26.8892069, 38.2994472], [26.8901324, 38.300302], [26.8908512, 38.3005293], [26.8912094, 38.3008183], [26.8912911, 38.3014471], [26.8912482, 38.3025079], [26.8907869, 38.3028447], [26.8904965, 38.3029164], [26.8897676, 38.3031057], [26.8893385, 38.3032573], [26.8890595, 38.3035604], [26.8890166, 38.3040992], [26.8892312, 38.3043939], [26.8892634, 38.3047727], [26.8891883, 38.3051095], [26.8895101, 38.3055389], [26.8899608, 38.3061787], [26.8909585, 38.3064313], [26.8915915, 38.3063471], [26.8920743, 38.3066923], [26.8927932, 38.3068522], [26.8935442, 38.3068354], [26.8944715, 38.3067029], [26.8954646, 38.3055894], [26.8959153, 38.3050842], [26.8962545, 38.3043483], [26.8964839, 38.3038213], [26.8968242, 38.3023011], [26.8971063, 38.3020272], [26.897707, 38.3019943], [26.898222, 38.3019186], [26.8987048, 38.3018512], [26.8992305, 38.3017586], [26.8995201, 38.3017081], [26.9000351, 38.3016997], [26.9005785, 38.30188], [26.9043471, 38.3011699], [26.9061508, 38.3015577], [26.9095145, 38.3022305], [26.9106419, 38.3034384], [26.9115686, 38.3045538], [26.9109893, 38.3028363], [26.9109754, 38.2995966], [26.9097125, 38.2935175], [26.9101225, 38.2921771], [26.9099412, 38.2920339], [26.9101684, 38.2917123], [26.909286, 38.2899418], [26.9111737, 38.2857422], [26.9132158, 38.2851359], [26.9137368, 38.2856726], [26.9142812, 38.2856015], [26.9146897, 38.285423], [26.9166179, 38.2851026], [26.9172307, 38.2847276], [26.9173729, 38.2838733], [26.9173086, 38.2829974], [26.917448, 38.282728], [26.9175661, 38.2824163], [26.9175553, 38.2821721], [26.9173837, 38.2817594], [26.9174588, 38.2815236], [26.9174158, 38.2812626], [26.9171369, 38.2810267], [26.9168687, 38.2808415], [26.9164073, 38.2806983], [26.9161069, 38.2805804], [26.9159031, 38.2804119], [26.9157529, 38.2801593], [26.915667, 38.2798645], [26.9153774, 38.2796455], [26.9149482, 38.2793508], [26.9160583, 38.2787201], [26.9169687, 38.2758425], [26.916086, 38.2742866], [26.916451, 38.2724455], [26.9154085, 38.2719264], [26.9118266, 38.2710478], [26.9096936, 38.2721903], [26.9077004, 38.2703116], [26.9083835, 38.2680597], [26.9073887, 38.2657527], [26.9046004, 38.2652142], [26.9054873, 38.2632127], [26.9024284, 38.2616906], [26.9020698, 38.2585261], [26.9020741, 38.255344], [26.8989247, 38.253929], [26.8944761, 38.2513397], [26.8876973, 38.2515837], [26.8853831, 38.2526899], [26.8843121, 38.2561748], [26.8814348, 38.2549027], [26.8798236, 38.2558307], [26.8797995, 38.2567245], [26.8770518, 38.259296], [26.8764395, 38.2594204], [26.8759408, 38.2593305], [26.874217, 38.259722], [26.8737627, 38.2602221], [26.873489, 38.2611514], [26.8729895, 38.2615084], [26.8726941, 38.2619014], [26.8721952, 38.2619723], [26.8719897, 38.2627944], [26.8724656, 38.2629201], [26.8728051, 38.263278], [26.8753611, 38.266874], [26.8745892, 38.2673916], [26.8730257, 38.2667821], [26.8715515, 38.2669951], [26.8700563, 38.2662247], [26.8693306, 38.2662775], [26.8661809, 38.2650762], [26.863841, 38.2671482], [26.8640491, 38.2674961], [26.8654859, 38.2703509], [26.8657038, 38.2702868], [26.8666543, 38.2713176], [26.867198, 38.2715971], [26.8674972, 38.2716618], [26.8673609, 38.2717904], [26.8676046, 38.2724557], [26.8673593, 38.2726914], [26.8689165, 38.2743449], [26.8684131, 38.2768114], [26.870673, 38.2812832], [26.8719419, 38.2819639], [26.872076, 38.2830724], [26.8762278, 38.2841428], [26.8766141, 38.2844965], [26.8772793, 38.2845133], [26.8779015, 38.2841091], [26.8794223, 38.2843316], [26.8780999, 38.2884777], [26.8817265, 38.2900188], [26.8867154, 38.2908103], [26.887536, 38.296833]]]]}, "bbox": [26.863841, 38.2513397, 26.9175661, 38.3068522]}, {"id": "292", "type": "Feature", "properties": {"mahalle_adi": "Akçaköy Mahallesi", "_gece_lst_str": "21.8°C"}, "geometry": {"type": "MultiPolygon", "coordinates": [[[[27.0830077, 38.2428414], [27.0847221, 38.2421609], [27.0847217, 38.2418272], [27.0855222, 38.2414452], [27.0856199, 38.2410101], [27.087342, 38.240556], [27.0893886, 38.2396725], [27.0905222, 38.2398862], [27.0906958, 38.2397549], [27.091587, 38.239498], [27.0919116, 38.2392534], [27.0928556, 38.238919], [27.0933846, 38.2385372], [27.0934065, 38.238418], [27.0952794, 38.2377789], [27.0954389, 38.2383627], [27.0962993, 38.2377065], [27.096519, 38.2381354], [27.0971316, 38.2386176], [27.0968605, 38.2392554], [27.0965896, 38.2401137], [27.0962387, 38.2401225], [27.0958739, 38.240982], [27.0957184, 38.2415045], [27.0952356, 38.2416309], [27.0944363, 38.2416814], [27.0944363, 38.242069], [27.0946884, 38.2423471], [27.0947581, 38.2424861], [27.0946401, 38.2426673], [27.0945436, 38.2428611], [27.0946884, 38.2430802], [27.0951658, 38.2437164], [27.0951337, 38.243847], [27.09508, 38.2439734], [27.0951015, 38.245212], [27.0953375, 38.2456502], [27.095477, 38.245844], [27.0955306, 38.2460968], [27.0956111, 38.246299], [27.0970357, 38.2460486], [27.0976853, 38.2458395], [27.0976442, 38.2465602], [27.0978373, 38.2471837], [27.0985182, 38.2470961], [27.0989335, 38.2468812], [27.0991756, 38.2471254], [27.1000585, 38.2462665], [27.1002889, 38.2461979], [27.1004873, 38.2462274], [27.1005732, 38.2463243], [27.1006429, 38.2465139], [27.1007395, 38.2466571], [27.100997, 38.2469099], [27.1013027, 38.2470658], [27.1020001, 38.246813], [27.1023864, 38.2469857], [27.1031588, 38.2474786], [27.1038133, 38.247782], [27.1042746, 38.2479884], [27.104457, 38.2485866], [27.1048325, 38.2489447], [27.1053851, 38.2500653], [27.1057337, 38.2503265], [27.1061844, 38.2505413], [27.1063989, 38.2505245], [27.1069944, 38.2506846], [27.1073753, 38.2509079], [27.1074343, 38.2514007], [27.1103257, 38.2500737], [27.1106744, 38.2507562], [27.1107441, 38.2509542], [27.1107173, 38.2511353], [27.1106529, 38.2513586], [27.1106851, 38.2515018], [27.1107709, 38.2516619], [27.1109265, 38.2518262], [27.1110284, 38.2520663], [27.1112913, 38.2526224], [27.1106583, 38.2533133], [27.1116131, 38.2536376], [27.1114683, 38.2542906], [27.1125948, 38.2539536], [27.1129435, 38.2545181], [27.1130615, 38.2548677], [27.1133995, 38.2552889], [27.1137053, 38.2554153], [27.1134478, 38.2556344], [27.1132815, 38.2557776], [27.113142, 38.2559377], [27.1130776, 38.256064], [27.1129006, 38.2562115], [27.1124393, 38.2563084], [27.1122891, 38.2563884], [27.1121335, 38.2564895], [27.1120262, 38.256599], [27.1119189, 38.2566833], [27.1118224, 38.2567591], [27.11164, 38.2568265], [27.1115595, 38.2568307], [27.1112913, 38.2568138], [27.1112376, 38.2569234], [27.1112376, 38.2570245], [27.1111572, 38.2571213], [27.1109855, 38.2572435], [27.1110606, 38.2572856], [27.1111625, 38.2573825], [27.1111786, 38.2574541], [27.1111464, 38.2575426], [27.1109801, 38.2577406], [27.1108299, 38.2578037], [27.1106529, 38.2579301], [27.1105349, 38.2581323], [27.1103686, 38.2584019], [27.1101755, 38.2586967], [27.1098912, 38.2588484], [27.1098483, 38.2589158], [27.1097302, 38.2590843], [27.1096122, 38.2592064], [27.1094996, 38.2592275], [27.1093279, 38.2592443], [27.1091938, 38.2593159], [27.1091562, 38.2593876], [27.1091241, 38.2594971], [27.1089846, 38.2597035], [27.1084267, 38.2599351], [27.1080029, 38.2601289], [27.1076328, 38.2601458], [27.1071017, 38.2601458], [27.1068764, 38.2602721], [27.1067476, 38.2604238], [27.106694, 38.2605417], [27.1065974, 38.2606512], [27.1064258, 38.2607607], [27.1061897, 38.2607944], [27.1059966, 38.2608702], [27.1058786, 38.2610556], [27.1058249, 38.2612409], [27.105782, 38.2614768], [27.1057176, 38.2616537], [27.1054923, 38.2618896], [27.1053314, 38.2620328], [27.1051597, 38.2623192], [27.1048486, 38.2626983], [27.1046233, 38.2630268], [27.1044195, 38.2632711], [27.1042693, 38.2634228], [27.104001, 38.2635491], [27.1036792, 38.2638777], [27.1032393, 38.2638608], [27.1029925, 38.2640124], [27.1027028, 38.2643662], [27.1022844, 38.2648969], [27.099981, 38.265568], [27.0996178, 38.2652108], [27.0959583, 38.2642127], [27.0952624, 38.2642272], [27.09243, 38.2636755], [27.0914429, 38.2631995], [27.0905578, 38.2637218], [27.0896975, 38.2636118], [27.0881457, 38.2629265], [27.0872482, 38.2632275], [27.0864043, 38.262842], [27.0863928, 38.2620569], [27.0866632, 38.2618053], [27.0866645, 38.2616991], [27.0861277, 38.2615148], [27.0865352, 38.2610139], [27.0865496, 38.2604538], [27.0851573, 38.2590008], [27.0839933, 38.2588586], [27.0839023, 38.2586203], [27.0829491, 38.257751], [27.0809244, 38.258396], [27.0795161, 38.2559776], [27.0808443, 38.2542724], [27.0820822, 38.253032], [27.0823391, 38.2529604], [27.0823383, 38.2523168], [27.081869, 38.2515544], [27.0829874, 38.2515893], [27.0832288, 38.2511839], [27.0830165, 38.2505882], [27.0830916, 38.2501948], [27.0827589, 38.2500044], [27.0828191, 38.2497302], [27.0835592, 38.2493483], [27.0840429, 38.2494433], [27.0846169, 38.2491807], [27.0838761, 38.2489786], [27.0835583, 38.2486332], [27.0824405, 38.2490631], [27.0818889, 38.2485698], [27.0830691, 38.2477525], [27.0838308, 38.2471627], [27.0843115, 38.2464636], [27.0833802, 38.2459156], [27.0829081, 38.2462779], [27.0825863, 38.2466065], [27.0823073, 38.2469857], [27.0818567, 38.247289], [27.0813417, 38.247525], [27.0794213, 38.245924], [27.0791852, 38.2457639], [27.0789814, 38.2454353], [27.0786595, 38.2448624], [27.0788741, 38.2446011], [27.079078, 38.2443315], [27.0788151, 38.2438091], [27.0790136, 38.2438386], [27.0791799, 38.2438091], [27.0792925, 38.2438049], [27.0796627, 38.2437206], [27.0798987, 38.243708], [27.0810741, 38.2434625], [27.0810587, 38.243248], [27.0817538, 38.2431582], [27.0826002, 38.2433304], [27.0832727, 38.2432941], [27.0830077, 38.2428414]]]]}, "bbox": [27.0786595, 38.2377065, 27.1137053, 38.265568]}, {"id": "293", "type": "Feature", "properties": {"mahalle_adi": "Dereköy Mahallesi", "_gece_lst_str": "21.7°C"}, "geometry": {"type": "MultiPolygon", "coordinates": [[[[27.1137053, 38.2554153], [27.1142042, 38.2552215], [27.1143705, 38.255053], [27.1145421, 38.2548298], [27.1149337, 38.254556], [27.1153881, 38.2543349], [27.1155292, 38.2540589], [27.1155345, 38.2539199], [27.1155238, 38.2537598], [27.1156472, 38.2535745], [27.115792, 38.2534228], [27.1159422, 38.2533175], [27.1159851, 38.2531995], [27.115953, 38.2531237], [27.1163017, 38.2528035], [27.1164089, 38.252694], [27.1164519, 38.2525508], [27.1163392, 38.2523612], [27.1163392, 38.2522264], [27.1164733, 38.2521253], [27.1166182, 38.2520326], [27.1167201, 38.2519189], [27.1167469, 38.2518052], [27.1168703, 38.2517209], [27.1171009, 38.251683], [27.1172351, 38.2514724], [27.1171975, 38.2513544], [27.1172404, 38.2512238], [27.1173048, 38.2511016], [27.1173048, 38.2508489], [27.1174014, 38.2507267], [27.1175194, 38.2506298], [27.1177661, 38.2505371], [27.1179217, 38.2505034], [27.1179914, 38.2503813], [27.1179432, 38.2502296], [27.1179432, 38.2500906], [27.1180397, 38.2499642], [27.1181363, 38.2498842], [27.1181041, 38.2496819], [27.1179861, 38.2495513], [27.1180075, 38.2493786], [27.1181577, 38.2491427], [27.1184957, 38.2487804], [27.1186674, 38.2486793], [27.1187639, 38.2485698], [27.1187425, 38.2484097], [27.1187156, 38.2482622], [27.1189088, 38.2481063], [27.1191126, 38.2478494], [27.119295, 38.2476893], [27.1193862, 38.2475713], [27.1194076, 38.2474112], [27.1193862, 38.2472132], [27.1195418, 38.2470152], [27.1198636, 38.2468888], [27.1199655, 38.2466529], [27.1200567, 38.2463074], [27.1202552, 38.2462021], [27.1203947, 38.24616], [27.1210438, 38.2454016], [27.1220362, 38.2446138], [27.1228355, 38.2442135], [27.1231681, 38.2441251], [27.1237689, 38.2438976], [27.1241069, 38.2437038], [27.1244234, 38.2435184], [27.1246058, 38.2433667], [27.1246326, 38.2432066], [27.1247506, 38.2430928], [27.1247882, 38.2429496], [27.1247721, 38.2427221], [27.1248525, 38.2426041], [27.1250886, 38.2424398], [27.1252173, 38.2421154], [27.1252549, 38.241871], [27.1252924, 38.2415508], [27.1254373, 38.241357], [27.1252066, 38.241218], [27.1252066, 38.241041], [27.1254212, 38.2409399], [27.1256733, 38.2408388], [27.1258664, 38.2407334], [27.1259201, 38.2405818], [27.1259844, 38.2404554], [27.1259844, 38.2403247], [27.126199, 38.2401099], [27.1262956, 38.2395326], [27.1262741, 38.2393135], [27.1261668, 38.2390902], [27.1259308, 38.2389048], [27.125861, 38.2387279], [27.1258986, 38.2384498], [27.1260756, 38.2380327], [27.1261507, 38.2377293], [27.1262419, 38.2374765], [27.1263868, 38.237329], [27.1266925, 38.2372152], [27.1269125, 38.2370636], [27.1270841, 38.2369203], [27.1271646, 38.2367391], [27.1271485, 38.2365116], [27.1272182, 38.236322], [27.1272129, 38.2360734], [27.1271056, 38.2357321], [27.12717, 38.235593], [27.127229, 38.2354413], [27.1273524, 38.2353739], [27.1276849, 38.2353023], [27.1277761, 38.2351295], [27.1278137, 38.2349483], [27.1278512, 38.2347377], [27.1280605, 38.234607], [27.1282643, 38.2345228], [27.1283179, 38.234409], [27.1283448, 38.2343247], [27.1284842, 38.2341098], [27.1286559, 38.2338949], [27.128672, 38.233739], [27.1287632, 38.2336], [27.1288115, 38.2333851], [27.1287954, 38.2331533], [27.1288758, 38.2329468], [27.128908, 38.2328541], [27.1290797, 38.2328499], [27.129246, 38.2328078], [27.1294767, 38.2327193], [27.129643, 38.2325844], [27.1298575, 38.2325718], [27.1300185, 38.2324749], [27.1300989, 38.2323527], [27.1304583, 38.2317965], [27.1307534, 38.2316026], [27.1310538, 38.2314425], [27.1311235, 38.2310043], [27.1311879, 38.2309158], [27.1313488, 38.2308315], [27.1316117, 38.2307346], [27.132014, 38.2290195], [27.1304691, 38.2285897], [27.1296751, 38.2283705], [27.1288919, 38.2282863], [27.1282482, 38.2283453], [27.127229, 38.2275025], [27.1263385, 38.2264995], [27.1252441, 38.2265416], [27.124152, 38.2261831], [27.1214109, 38.2268117], [27.1204148, 38.2274384], [27.1184635, 38.2281093], [27.1182918, 38.2285391], [27.1181846, 38.2282441], [27.1176696, 38.2287245], [27.1177018, 38.2288847], [27.1174872, 38.2290954], [27.1171975, 38.2293145], [27.1169507, 38.229483], [27.1165216, 38.2294915], [27.1162212, 38.2292808], [27.1159315, 38.2290364], [27.1157491, 38.2286824], [27.1159956, 38.2274786], [27.1131997, 38.2221003], [27.1096389, 38.2201193], [27.1072375, 38.2205149], [27.1052427, 38.2201055], [27.1055128, 38.2188538], [27.1022493, 38.2185528], [27.0964954, 38.2198627], [27.0938014, 38.2219029], [27.0916263, 38.2222443], [27.0910365, 38.2217442], [27.0857809, 38.2232677], [27.0862815, 38.2249835], [27.0851506, 38.2269151], [27.0827252, 38.2264342], [27.0818436, 38.2284728], [27.0821623, 38.2297239], [27.0813488, 38.2318519], [27.0800114, 38.231674], [27.0770433, 38.2325699], [27.0787682, 38.234714], [27.0790458, 38.236815], [27.080462, 38.2368824], [27.0808911, 38.2370509], [27.0810199, 38.2376408], [27.0805854, 38.2383239], [27.0828776, 38.2408966], [27.0830077, 38.2428414], [27.0847221, 38.2421609], [27.0847217, 38.2418272], [27.0855222, 38.2414452], [27.0856199, 38.2410101], [27.087342, 38.240556], [27.0893886, 38.2396725], [27.0905222, 38.2398862], [27.0906958, 38.2397549], [27.091587, 38.239498], [27.0919116, 38.2392534], [27.0928556, 38.238919], [27.0933846, 38.2385372], [27.0934065, 38.238418], [27.0952794, 38.2377789], [27.0954389, 38.2383627], [27.0962993, 38.2377065], [27.096519, 38.2381354], [27.0971316, 38.2386176], [27.0968605, 38.2392554], [27.0965896, 38.2401137], [27.0962387, 38.2401225], [27.0958739, 38.240982], [27.0957184, 38.2415045], [27.0952356, 38.2416309], [27.0944363, 38.2416814], [27.0944363, 38.242069], [27.0946884, 38.2423471], [27.0947581, 38.2424861], [27.0946401, 38.2426673], [27.0945436, 38.2428611], [27.0946884, 38.2430802], [27.0951658, 38.2437164], [27.0951337, 38.243847], [27.09508, 38.2439734], [27.0951015, 38.245212], [27.0953375, 38.2456502], [27.095477, 38.245844], [27.0955306, 38.2460968], [27.0956111, 38.246299], [27.0970357, 38.2460486], [27.0976853, 38.2458395], [27.0976442, 38.2465602], [27.0978373, 38.2471837], [27.0985182, 38.2470961], [27.0989335, 38.2468812], [27.0991756, 38.2471254], [27.1000585, 38.2462665], [27.1002889, 38.2461979], [27.1004873, 38.2462274], [27.1005732, 38.2463243], [27.1006429, 38.2465139], [27.1007395, 38.2466571], [27.100997, 38.2469099], [27.1013027, 38.2470658], [27.1020001, 38.246813], [27.1023864, 38.2469857], [27.1031588, 38.2474786], [27.1038133, 38.247782], [27.1042746, 38.2479884], [27.104457, 38.2485866], [27.1048325, 38.2489447], [27.1053851, 38.2500653], [27.1057337, 38.2503265], [27.1061844, 38.2505413], [27.1063989, 38.2505245], [27.1069944, 38.2506846], [27.1073753, 38.2509079], [27.1074343, 38.2514007], [27.1103257, 38.2500737], [27.1106744, 38.2507562], [27.1107441, 38.2509542], [27.1107173, 38.2511353], [27.1106529, 38.2513586], [27.1106851, 38.2515018], [27.1107709, 38.2516619], [27.1109265, 38.2518262], [27.1110284, 38.2520663], [27.1112913, 38.2526224], [27.1106583, 38.2533133], [27.1116131, 38.2536376], [27.1114683, 38.2542906], [27.1125948, 38.2539536], [27.1129435, 38.2545181], [27.1130615, 38.2548677], [27.1133995, 38.2552889], [27.1137053, 38.2554153]]]]}, "bbox": [27.0770433, 38.2185528, 27.132014, 38.2554153]}, {"id": "294", "type": "Feature", "properties": {"mahalle_adi": "Küner Mahallesi", "_gece_lst_str": "21.5°C"}, "geometry": {"type": "MultiPolygon", "coordinates": [[[[27.0762858, 38.2321444], [27.0739224, 38.2259068], [27.0743961, 38.2237076], [27.0720798, 38.2188286], [27.0701484, 38.2133236], [27.0686746, 38.2123412], [27.0681453, 38.2127264], [27.0664716, 38.2125915], [27.0651841, 38.2125915], [27.0637801, 38.2119507], [27.0632358, 38.2114146], [27.0597388, 38.2019594], [27.0580839, 38.2006016], [27.0557047, 38.1999592], [27.0533211, 38.19765], [27.0598223, 38.1970569], [27.063195, 38.1939982], [27.0661167, 38.193496], [27.0690164, 38.1936373], [27.0702843, 38.1930645], [27.0730591, 38.192981], [27.0741749, 38.1927787], [27.075119, 38.1924245], [27.0756554, 38.1918342], [27.0759988, 38.1907549], [27.0764708, 38.1901984], [27.0767927, 38.189996], [27.0776725, 38.1892202], [27.0788848, 38.1891106], [27.0793247, 38.189178], [27.0803332, 38.1890515], [27.0809126, 38.1888239], [27.0813203, 38.1886636], [27.0821571, 38.1888576], [27.0824225, 38.1900175], [27.0860253, 38.1909981], [27.0874518, 38.1906038], [27.088924, 38.1904597], [27.1012461, 38.1902352], [27.1088675, 38.2005423], [27.1107258, 38.2009339], [27.115191, 38.2023598], [27.1156673, 38.202699], [27.1174133, 38.2036626], [27.119136, 38.2041972], [27.12415, 38.2083574], [27.1317775, 38.2039871], [27.1312783, 38.2035586], [27.1327022, 38.2016798], [27.1323549, 38.1975685], [27.1320593, 38.196961], [27.129381, 38.1939963], [27.1282476, 38.1935685], [27.1274755, 38.1924789], [27.1256172, 38.1919624], [27.1252088, 38.1915696], [27.1235997, 38.1911243], [27.1240295, 38.1907485], [27.1242107, 38.1907483], [27.1251609, 38.1900858], [27.1262932, 38.1899416], [27.1268813, 38.1894582], [27.1277622, 38.1879914], [27.127862, 38.1876854], [27.1277332, 38.1872722], [27.1275508, 38.1870445], [27.1275079, 38.186859], [27.1275294, 38.1864711], [27.1275723, 38.1861338], [27.1278022, 38.1849701], [27.1284128, 38.1844152], [27.1287043, 38.182788], [27.129813, 38.1821611], [27.1300396, 38.1821787], [27.1304094, 38.1823611], [27.1316803, 38.1837899], [27.1313199, 38.1849166], [27.1308004, 38.1857038], [27.1301689, 38.1872598], [27.1300803, 38.1883683], [27.13067, 38.1888145], [27.1312817, 38.1888496], [27.1317352, 38.1891351], [27.1330723, 38.1894912], [27.134707, 38.1901984], [27.1355438, 38.1906537], [27.1374321, 38.1910247], [27.1382046, 38.1911091], [27.1388483, 38.1910585], [27.1406937, 38.1914295], [27.1412516, 38.1914885], [27.1413374, 38.1921968], [27.141391, 38.1927449], [27.1413159, 38.1934869], [27.1411335, 38.1950469], [27.1409619, 38.1956708], [27.1406829, 38.1963201], [27.1406507, 38.1967501], [27.1407688, 38.1978125], [27.1408868, 38.1987652], [27.140876, 38.1993048], [27.140919, 38.1999288], [27.1412194, 38.2010923], [27.1411657, 38.2015138], [27.1407151, 38.2036469], [27.1405435, 38.2044563], [27.1404898, 38.2063869], [27.140243, 38.207348], [27.1397066, 38.2088317], [27.1395135, 38.2098096], [27.1393633, 38.21115], [27.1390629, 38.2143534], [27.1387195, 38.216132], [27.1382582, 38.2178179], [27.137357, 38.2208523], [27.1368098, 38.2233641], [27.1366582, 38.224747], [27.1365631, 38.2260865], [27.1355867, 38.2260275], [27.1346855, 38.2257999], [27.1340418, 38.225505], [27.1332371, 38.2248981], [27.1328616, 38.2248307], [27.1323144, 38.2248981], [27.1318102, 38.2249234], [27.1311557, 38.2249571], [27.1302009, 38.224856], [27.1300936, 38.225564], [27.1300077, 38.2259179], [27.1297288, 38.2259348], [27.1296537, 38.2264489], [27.1292674, 38.2267102], [27.1288597, 38.2269799], [27.1286559, 38.2274603], [27.1275723, 38.2273592], [27.127229, 38.2275025], [27.1263385, 38.2264995], [27.1252441, 38.2265416], [27.124152, 38.2261831], [27.1214109, 38.2268117], [27.1204148, 38.2274384], [27.1184635, 38.2281093], [27.1182918, 38.2285391], [27.1181846, 38.2282441], [27.1176696, 38.2287245], [27.1177018, 38.2288847], [27.1174872, 38.2290954], [27.1171975, 38.2293145], [27.1169507, 38.229483], [27.1165216, 38.2294915], [27.1162212, 38.2292808], [27.1159315, 38.2290364], [27.1157491, 38.2286824], [27.1159956, 38.2274786], [27.1131997, 38.2221003], [27.1096389, 38.2201193], [27.1072375, 38.2205149], [27.1052427, 38.2201055], [27.1055128, 38.2188538], [27.1022493, 38.2185528], [27.0964954, 38.2198627], [27.0938014, 38.2219029], [27.0916263, 38.2222443], [27.0910365, 38.2217442], [27.0857809, 38.2232677], [27.0862815, 38.2249835], [27.0851506, 38.2269151], [27.0827252, 38.2264342], [27.0818436, 38.2284728], [27.0821623, 38.2297239], [27.0813488, 38.2318519], [27.0800114, 38.231674], [27.0770433, 38.2325699], [27.0762858, 38.2321444]]]]}, "bbox": [27.0533211, 38.1821611, 27.141391, 38.2325699]}, {"id": "295", "type": "Feature", "properties": {"mahalle_adi": "Yeniköy Mahallesi", "_gece_lst_str": "21.7°C"}, "geometry": {"type": "MultiPolygon", "coordinates": [[[[27.0209209, 38.1786746], [27.0200726, 38.1803774], [27.0140715, 38.1839716], [27.0136418, 38.1875471], [27.0158621, 38.1898172], [27.0181731, 38.1921946], [27.0201895, 38.1934099], [27.0204178, 38.1998457], [27.0194213, 38.2007576], [27.0182433, 38.201008], [27.0185608, 38.2024203], [27.0151401, 38.2033683], [27.0165222, 38.204262], [27.015843, 38.2061928], [27.0139399, 38.2062288], [27.0121049, 38.207248], [27.0050361, 38.2087323], [27.0038806, 38.209948], [27.0015696, 38.2105023], [27.0004367, 38.2118788], [26.9978083, 38.2130766], [26.9942509, 38.2132195], [26.9937523, 38.2147032], [26.9914182, 38.217045], [26.9851863, 38.2190824], [26.9831697, 38.2182598], [26.9809941, 38.2194572], [26.9802232, 38.2209051], [26.9766118, 38.2247331], [26.9761356, 38.225609], [26.9758633, 38.2266458], [26.9767009, 38.2293454], [26.9796234, 38.2332968], [26.9834515, 38.2363155], [26.9946027, 38.2407322], [26.9990454, 38.2402139], [27.0010401, 38.2402675], [27.0019468, 38.2393737], [27.0040775, 38.2398742], [27.0057548, 38.2399099], [27.0077494, 38.2393019], [27.0113994, 38.2435385], [27.0122834, 38.2432524], [27.0152299, 38.2414464], [27.0187211, 38.2433052], [27.0191521, 38.2444135], [27.0197417, 38.2452], [27.0220312, 38.2451817], [27.0216913, 38.2458611], [27.021919, 38.2489716], [27.0173171, 38.2491512], [27.0191762, 38.2500805], [27.020242, 38.2512423], [27.0303321, 38.2555307], [27.0422126, 38.2563672], [27.0486932, 38.2511267], [27.0538375, 38.2485859], [27.0614761, 38.247295], [27.0629935, 38.2457032], [27.0609507, 38.2425757], [27.0598617, 38.2413607], [27.0578902, 38.242041], [27.0579314, 38.2408093], [27.059648, 38.2398992], [27.0613646, 38.240329], [27.0625234, 38.2403711], [27.0653899, 38.2384974], [27.0649052, 38.2377841], [27.0648301, 38.2374638], [27.0648515, 38.2373206], [27.0650017, 38.2371773], [27.0652056, 38.2369582], [27.0655167, 38.236697], [27.06586, 38.236461], [27.0661819, 38.2363346], [27.0665145, 38.2362419], [27.0666754, 38.2361408], [27.067126, 38.2361071], [27.0676517, 38.2359301], [27.0676517, 38.2356352], [27.0691645, 38.2359217], [27.0697224, 38.2354161], [27.0685851, 38.2351042], [27.0678234, 38.2346829], [27.0667183, 38.2338739], [27.0661175, 38.2335705], [27.0666091, 38.2332229], [27.066375, 38.2327783], [27.0671046, 38.2314551], [27.0735955, 38.2324833], [27.075473, 38.2325255], [27.0762858, 38.2321444], [27.0739224, 38.2259068], [27.0743961, 38.2237076], [27.0720798, 38.2188286], [27.0701484, 38.2133236], [27.0686746, 38.2123412], [27.0681453, 38.2127264], [27.0664716, 38.2125915], [27.0651841, 38.2125915], [27.0637801, 38.2119507], [27.0632358, 38.2114146], [27.0597388, 38.2019594], [27.0580839, 38.2006016], [27.0557047, 38.1999592], [27.0533211, 38.19765], [27.0500123, 38.1956492], [27.0509851, 38.1937717], [27.0509609, 38.1915013], [27.0498265, 38.1889453], [27.0481491, 38.187051], [27.0459295, 38.1872128], [27.0439143, 38.1884471], [27.040562, 38.1884662], [27.0377075, 38.187466], [27.0278542, 38.1868609], [27.0262003, 38.185449], [27.0269699, 38.1842511], [27.0268786, 38.1822667], [27.0236168, 38.1810696], [27.0209209, 38.1786746]]]]}, "bbox": [26.9758633, 38.1786746, 27.0762858, 38.2563672]}, {"id": "296", "type": "Feature", "properties": {"mahalle_adi": "Çatalca Mahallesi", "_gece_lst_str": "21.2°C"}, "geometry": {"type": "MultiPolygon", "coordinates": [[[[27.0762858, 38.2321444], [27.0770433, 38.2325699], [27.0787682, 38.234714], [27.0790458, 38.236815], [27.080462, 38.2368824], [27.0808911, 38.2370509], [27.0810199, 38.2376408], [27.0805854, 38.2383239], [27.0828776, 38.2408966], [27.0830077, 38.2428414], [27.0832727, 38.2432941], [27.0826002, 38.2433304], [27.0817538, 38.2431582], [27.0810587, 38.243248], [27.0810741, 38.2434625], [27.0798987, 38.243708], [27.0796627, 38.2437206], [27.0792925, 38.2438049], [27.0791799, 38.2438091], [27.0790136, 38.2438386], [27.0788151, 38.2438091], [27.079078, 38.2443315], [27.0788741, 38.2446011], [27.0786595, 38.2448624], [27.0789814, 38.2454353], [27.0791852, 38.2457639], [27.0794213, 38.245924], [27.0813417, 38.247525], [27.0818567, 38.247289], [27.0823073, 38.2469857], [27.0825863, 38.2466065], [27.0829081, 38.2462779], [27.0833802, 38.2459156], [27.0843115, 38.2464636], [27.0838308, 38.2471627], [27.0830691, 38.2477525], [27.0818889, 38.2485698], [27.0824405, 38.2490631], [27.0835583, 38.2486332], [27.0838761, 38.2489786], [27.0846169, 38.2491807], [27.0840429, 38.2494433], [27.0835592, 38.2493483], [27.0828191, 38.2497302], [27.0827589, 38.2500044], [27.0830916, 38.2501948], [27.0830165, 38.2505882], [27.0832288, 38.2511839], [27.0829874, 38.2515893], [27.081869, 38.2515544], [27.0823383, 38.2523168], [27.0823391, 38.2529604], [27.0820822, 38.253032], [27.0808443, 38.2542724], [27.0795161, 38.2559776], [27.0809244, 38.258396], [27.0829491, 38.257751], [27.0839023, 38.2586203], [27.0839933, 38.2588586], [27.0851573, 38.2590008], [27.0865496, 38.2604538], [27.0865352, 38.2610139], [27.0861277, 38.2615148], [27.0866645, 38.2616991], [27.0866632, 38.2618053], [27.0863928, 38.2620569], [27.0864043, 38.262842], [27.085779, 38.2633144], [27.0865139, 38.2635284], [27.0861332, 38.2637218], [27.0861701, 38.2641937], [27.0857465, 38.2768271], [27.0814131, 38.2882543], [27.0806872, 38.2899956], [27.0782196, 38.2949047], [27.0766691, 38.2950897], [27.0737156, 38.2956845], [27.0683962, 38.2963407], [27.0643043, 38.2969256], [27.0591287, 38.2972163], [27.0551419, 38.2983739], [27.0547387, 38.2993941], [27.0542726, 38.3006435], [27.0541984, 38.3008422], [27.0541304, 38.3010246], [27.0537473, 38.3020515], [27.0534273, 38.3023893], [27.0529961, 38.3028447], [27.051816, 38.3036951], [27.0504641, 38.3041834], [27.0411976, 38.3077105], [27.036043, 38.3062932], [27.0297386, 38.3086563], [27.0252061, 38.3138508], [27.0236013, 38.3146346], [27.0206165, 38.315599], [27.0162367, 38.3173128], [27.0154976, 38.3179948], [27.0154667, 38.3180233], [27.0142865, 38.3185284], [27.0127317, 38.3187838], [27.0119903, 38.3190903], [27.0101452, 38.3185957], [27.0095229, 38.3184105], [27.0072893, 38.3172226], [27.0063042, 38.3163398], [27.0055569, 38.3149425], [27.0032895, 38.3129305], [27.0017123, 38.3117519], [27.0006346, 38.3107643], [26.9999164, 38.3078124], [26.9996327, 38.3062873], [26.9993832, 38.3034449], [26.9996328, 38.2975634], [27.0023322, 38.296741], [27.0021961, 38.2955075], [27.0017197, 38.2939701], [27.0018784, 38.2932729], [27.0011526, 38.2917355], [27.0018784, 38.2908238], [27.001901, 38.2893042], [27.0024, 38.2880707], [27.0027402, 38.2863366], [27.0039195, 38.2853891], [27.0042143, 38.2841198], [27.0008576, 38.2823858], [27.0014019, 38.2813668], [27.0000864, 38.2794898], [26.9991793, 38.277273], [26.9948027, 38.2726606], [27.0007667, 38.2661356], [27.0059139, 38.2666182], [27.008272, 38.2654381], [27.0133281, 38.2635606], [27.0145752, 38.2636498], [27.0152554, 38.2633279], [27.0168879, 38.2630774], [27.0179535, 38.2627734], [27.0191098, 38.2625944], [27.0196539, 38.2622725], [27.0220798, 38.2615928], [27.0303321, 38.2555307], [27.0422126, 38.2563672], [27.0486932, 38.2511267], [27.0538375, 38.2485859], [27.0614761, 38.247295], [27.0629935, 38.2457032], [27.0609507, 38.2425757], [27.0598617, 38.2413607], [27.0578902, 38.242041], [27.0579314, 38.2408093], [27.059648, 38.2398992], [27.0613646, 38.240329], [27.0625234, 38.2403711], [27.0653899, 38.2384974], [27.0649052, 38.2377841], [27.0648301, 38.2374638], [27.0648515, 38.2373206], [27.0650017, 38.2371773], [27.0652056, 38.2369582], [27.0655167, 38.236697], [27.06586, 38.236461], [27.0661819, 38.2363346], [27.0665145, 38.2362419], [27.0666754, 38.2361408], [27.067126, 38.2361071], [27.0676517, 38.2359301], [27.0676517, 38.2356352], [27.0691645, 38.2359217], [27.0697224, 38.2354161], [27.0685851, 38.2351042], [27.0678234, 38.2346829], [27.0667183, 38.2338739], [27.0661175, 38.2335705], [27.0666091, 38.2332229], [27.066375, 38.2327783], [27.0671046, 38.2314551], [27.0735955, 38.2324833], [27.075473, 38.2325255], [27.0762858, 38.2321444]]]]}, "bbox": [26.9948027, 38.2314551, 27.0866645, 38.3190903]}, {"id": "298", "type": "Feature", "properties": {"mahalle_adi": "Kuşçular Mahallesi", "_gece_lst_str": "21.5°C"}, "geometry": {"type": "MultiPolygon", "coordinates": [[[[26.7351523, 38.2976699], [26.7340171, 38.2964625], [26.7336738, 38.2958226], [26.7330623, 38.295671], [26.7328691, 38.2949974], [26.7322683, 38.2946943], [26.7319679, 38.2943574], [26.7315709, 38.2936249], [26.7311418, 38.2932038], [26.7306483, 38.2927239], [26.7295968, 38.2923618], [26.7276335, 38.2914355], [26.7274725, 38.2912839], [26.7273974, 38.2910566], [26.7272365, 38.290905], [26.7269361, 38.2908966], [26.7265606, 38.2908208], [26.7257988, 38.2901808], [26.7256057, 38.2898945], [26.725359, 38.2896503], [26.7250478, 38.289524], [26.7247581, 38.2896335], [26.7245221, 38.2897766], [26.7241037, 38.2898524], [26.7238247, 38.2899366], [26.7233419, 38.2901219], [26.7230093, 38.290105], [26.722666, 38.2901977], [26.7224407, 38.2904419], [26.7221081, 38.2905766], [26.7217326, 38.2906861], [26.7213142, 38.2907703], [26.720885, 38.2910566], [26.7209065, 38.290745], [26.7209065, 38.2903829], [26.7207777, 38.2900461], [26.7202949, 38.2894903], [26.7196941, 38.289044], [26.7186963, 38.2886398], [26.717248, 38.2881008], [26.7164433, 38.2878735], [26.7152202, 38.2879745], [26.7143083, 38.2879998], [26.7135572, 38.2883956], [26.7130744, 38.2887914], [26.7128169, 38.2890019], [26.7122805, 38.2891956], [26.7115831, 38.2895829], [26.7105317, 38.2899282], [26.7100274, 38.2902482], [26.709791, 38.2899739], [26.709137, 38.2901134], [26.70874, 38.2897345], [26.7090896, 38.2895432], [26.7093857, 38.28924], [26.7095422, 38.2890255], [26.7102235, 38.2888127], [26.7115197, 38.2879757], [26.7117484, 38.2875114], [26.7120672, 38.2871904], [26.7120914, 38.2867972], [26.7123139, 38.2866198], [26.7122966, 38.2864924], [26.712302, 38.2862566], [26.7123771, 38.2859029], [26.712597, 38.2857681], [26.7127901, 38.2858355], [26.7128438, 38.2859703], [26.712909, 38.2865132], [26.7132483, 38.2867464], [26.713922, 38.286105], [26.7141151, 38.2849344], [26.7142546, 38.2845891], [26.7145121, 38.2844207], [26.7147696, 38.2843112], [26.7149091, 38.284067], [26.7151022, 38.2839491], [26.7153382, 38.2840754], [26.7158961, 38.2840838], [26.7165398, 38.2841596], [26.7168617, 38.2839238], [26.7170226, 38.2826774], [26.7168295, 38.2819531], [26.7167759, 38.2816415], [26.716733, 38.2806899], [26.7167866, 38.2801845], [26.7167222, 38.2798982], [26.7165828, 38.2791486], [26.7166471, 38.2786265], [26.716851, 38.2781801], [26.7171192, 38.2778937], [26.7173982, 38.2776832], [26.7195547, 38.273733], [26.7191899, 38.2731013], [26.7188465, 38.2727644], [26.7187178, 38.2725706], [26.7184818, 38.2723516], [26.7185032, 38.271981], [26.7185676, 38.2716104], [26.718117, 38.2714588], [26.7178166, 38.2711977], [26.7176878, 38.2709703], [26.7176127, 38.2706502], [26.7175805, 38.2703638], [26.7180204, 38.269513], [26.7173016, 38.2685528], [26.7178917, 38.267643], [26.7178273, 38.2671798], [26.7176342, 38.2668091], [26.7161751, 38.2594634], [26.7156064, 38.2587136], [26.7157996, 38.2584609], [26.7157888, 38.2582671], [26.715467, 38.2579807], [26.7150593, 38.2576942], [26.7146623, 38.2575342], [26.7138898, 38.2574836], [26.7136645, 38.2573572], [26.7135143, 38.256995], [26.713289, 38.2565485], [26.7131495, 38.2563463], [26.7131066, 38.255765], [26.7128491, 38.2551668], [26.7128169, 38.2535408], [26.7127955, 38.2529763], [26.7130101, 38.2524286], [26.7134285, 38.2519905], [26.7138898, 38.2513923], [26.7140508, 38.251207], [26.7140293, 38.2510385], [26.7137182, 38.2508278], [26.713568, 38.2507351], [26.7132354, 38.2506762], [26.7130852, 38.2506846], [26.7135894, 38.2489321], [26.7148662, 38.2491511], [26.7150378, 38.248991], [26.71435, 38.2487068], [26.714238, 38.2483669], [26.7146703, 38.2479568], [26.7134278, 38.2468633], [26.7206475, 38.2439846], [26.7209709, 38.2437501], [26.7214639, 38.2438971], [26.7220652, 38.2435226], [26.7222476, 38.2436574], [26.7242466, 38.2393272], [26.7234146, 38.2315844], [26.7230308, 38.2301657], [26.7198218, 38.2287871], [26.7199139, 38.2284119], [26.7203379, 38.2285222], [26.7204934, 38.2284759], [26.7206705, 38.2283031], [26.7206973, 38.2282231], [26.7211191, 38.2273421], [26.7211962, 38.227178], [26.7212766, 38.2271274], [26.72146, 38.2270927], [26.7215073, 38.2270389], [26.7215824, 38.2269335], [26.7215985, 38.2267987], [26.72162, 38.2266554], [26.7217112, 38.2265458], [26.7219257, 38.2264236], [26.7220223, 38.2263267], [26.7220384, 38.2260612], [26.7220116, 38.2258252], [26.7220116, 38.2255134], [26.7220116, 38.2253111], [26.7220759, 38.2250498], [26.7223012, 38.224502], [26.7228484, 38.2240384], [26.7237818, 38.2232714], [26.7242324, 38.222909], [26.724447, 38.2227067], [26.7246079, 38.222437], [26.7245436, 38.2221167], [26.7242646, 38.2218217], [26.7239535, 38.2209198], [26.7238247, 38.2206669], [26.7238784, 38.2204225], [26.7238784, 38.2201527], [26.7237389, 38.2198324], [26.7236853, 38.2196133], [26.7236423, 38.2194447], [26.7236423, 38.219293], [26.7237604, 38.2191328], [26.7239857, 38.2189811], [26.7241359, 38.2189052], [26.7242002, 38.2188041], [26.7242539, 38.2187198], [26.72508, 38.2180202], [26.7252517, 38.2178432], [26.7254019, 38.217624], [26.7254662, 38.2174976], [26.7254126, 38.2171857], [26.7253482, 38.2170677], [26.725359, 38.2169497], [26.7253804, 38.2167473], [26.7254341, 38.2164102], [26.7254555, 38.2163259], [26.725713, 38.2162922], [26.7264211, 38.2163006], [26.7271078, 38.2160899], [26.7279982, 38.2157611], [26.7290497, 38.2152722], [26.7301333, 38.2148844], [26.7301977, 38.2146315], [26.730659, 38.2142101], [26.730895, 38.2140246], [26.7312598, 38.2137801], [26.7315709, 38.2134851], [26.7318177, 38.213072], [26.7318499, 38.2129456], [26.7321946, 38.2127758], [26.7327444, 38.213393], [26.7336511, 38.2130498], [26.7342443, 38.212978], [26.7346977, 38.213276], [26.7347081, 38.2139484], [26.7342369, 38.2148124], [26.7353365, 38.215121], [26.7359272, 38.2163264], [26.7360369, 38.2163792], [26.7361784, 38.2164154], [26.7363625, 38.2164515], [26.7365855, 38.2164432], [26.7371057, 38.2163625], [26.7378501, 38.2147507], [26.7389504, 38.2137349], [26.7396051, 38.2131777], [26.7403434, 38.2129819], [26.74098, 38.213069], [26.7418209, 38.2133917], [26.7423273, 38.2140101], [26.7426415, 38.2156147], [26.7436626, 38.215553], [26.7446838, 38.2128992], [26.7451589, 38.2129172], [26.7468046, 38.2143804], [26.7470402, 38.2161701], [26.746049, 38.2173894], [26.7457321, 38.2177475], [26.7453581, 38.2179394], [26.7450655, 38.2181695], [26.7449194, 38.2185152], [26.745327, 38.2191738], [26.7456203, 38.2194328], [26.7458241, 38.2195769], [26.746288, 38.2195024], [26.746508, 38.2193514], [26.7467237, 38.2193748], [26.7468256, 38.2192961], [26.7469155, 38.2191003], [26.7475426, 38.2187215], [26.7480187, 38.2184874], [26.748316, 38.2184193], [26.7485746, 38.2184558], [26.7490933, 38.2188118], [26.7497894, 38.2199963], [26.7504178, 38.2210454], [26.7503069, 38.2215911], [26.7499845, 38.2219708], [26.750068, 38.2221399], [26.7505895, 38.2224288], [26.7511023, 38.2225924], [26.7517452, 38.2226858], [26.7534486, 38.2226413], [26.7550627, 38.2224627], [26.7547745, 38.2231038], [26.7542517, 38.2238698], [26.7539084, 38.2249403], [26.7537475, 38.225623], [26.7536831, 38.2260865], [26.7535767, 38.2267578], [26.7538655, 38.2274687], [26.7539521, 38.2284124], [26.7541659, 38.2291206], [26.7544234, 38.2298454], [26.754874, 38.230368], [26.7552495, 38.2311939], [26.7551851, 38.2319187], [26.7549813, 38.2322726], [26.7541015, 38.2332924], [26.7537367, 38.2338317], [26.7536509, 38.2341267], [26.7535585, 38.2349838], [26.753299, 38.2356147], [26.7530876, 38.2359385], [26.7529374, 38.2363515], [26.7523473, 38.2373585], [26.7522776, 38.2377419], [26.7519772, 38.2383739], [26.7518163, 38.2388121], [26.7516124, 38.2394442], [26.7515051, 38.2399666], [26.7516177, 38.2406769], [26.7515963, 38.2410663], [26.7513013, 38.241871], [26.7510921, 38.242621], [26.7511135, 38.2432782], [26.7513463, 38.2440272], [26.751709, 38.2454101], [26.7517004, 38.2464324], [26.7517948, 38.2477314], [26.7516929, 38.2481063], [26.7516231, 38.2484349], [26.7515212, 38.249029], [26.7514046, 38.2495866], [26.7512208, 38.2498547], [26.7508453, 38.2505245], [26.7508399, 38.2506762], [26.7509096, 38.2508416], [26.7514461, 38.2513502], [26.7515105, 38.2518389], [26.7514515, 38.2524244], [26.7513174, 38.2527404], [26.7514354, 38.2532922], [26.7516983, 38.254042], [26.7519343, 38.2545812], [26.752181, 38.2552005], [26.7524546, 38.2557018], [26.7526942, 38.256202], [26.7529267, 38.2567127], [26.7530233, 38.2569613], [26.7529857, 38.2571087], [26.7529857, 38.2572351], [26.7531606, 38.2573566], [26.7533076, 38.2573994], [26.7534792, 38.2576268], [26.7536294, 38.2576689], [26.753962, 38.2576268], [26.7539138, 38.2574752], [26.7540103, 38.2574836], [26.7543375, 38.2577785], [26.7547667, 38.2580691], [26.754756, 38.2581618], [26.7545307, 38.2581534], [26.7546326, 38.2583092], [26.7543805, 38.2584398], [26.7542463, 38.2586757], [26.75408, 38.2589242], [26.7539513, 38.259733], [26.7539942, 38.2604827], [26.7547824, 38.2612416], [26.7591413, 38.2595345], [26.7612179, 38.262399], [26.7585794, 38.2649202], [26.7594703, 38.26522], [26.7611884, 38.2667967], [26.7622304, 38.2671206], [26.7740548, 38.2856407], [26.7746928, 38.2847004], [26.7748607, 38.2841883], [26.7755484, 38.2836796], [26.7758405, 38.2836439], [26.7761293, 38.2837553], [26.7764579, 38.2841587], [26.7765623, 38.2842817], [26.776557, 38.2845049], [26.7769325, 38.2849091], [26.7769325, 38.2850039], [26.7768949, 38.2850986], [26.7770237, 38.2852544], [26.7768842, 38.2853134], [26.7766696, 38.2852039], [26.7766213, 38.2853007], [26.7767876, 38.2854818], [26.7766964, 38.2855744], [26.7766803, 38.2857513], [26.776852, 38.2859366], [26.777127, 38.2860529], [26.7805946, 38.2856114], [26.7820287, 38.2859534], [26.7825973, 38.2861976], [26.7831337, 38.2861724], [26.7835092, 38.286046], [26.7838097, 38.2856839], [26.7841959, 38.2852292], [26.7847967, 38.284926], [26.7853761, 38.2850776], [26.7857301, 38.2854397], [26.7860832, 38.2856573], [26.7881245, 38.2856789], [26.7874651, 38.2890774], [26.7849119, 38.2934168], [26.7833122, 38.2974183], [26.782994, 38.2975965], [26.7821965, 38.2987928], [26.7804755, 38.2994642], [26.7804741, 38.2999052], [26.7779177, 38.300103], [26.7775955, 38.3015802], [26.7764604, 38.301864], [26.7764287, 38.3023169], [26.7742041, 38.3027536], [26.7730847, 38.3028348], [26.7711934, 38.3030695], [26.7701503, 38.3029364], [26.7691226, 38.3026841], [26.7685932, 38.3027069], [26.7678854, 38.301764], [26.7674027, 38.3013459], [26.7668742, 38.3011065], [26.76639, 38.3011651], [26.7656499, 38.3008776], [26.764984, 38.3010074], [26.7643644, 38.300875], [26.7638803, 38.3009098], [26.7635033, 38.3005753], [26.76267, 38.3010384], [26.7611825, 38.3009882], [26.7608285, 38.3009166], [26.7604852, 38.3008072], [26.7601365, 38.300664], [26.7597932, 38.3005167], [26.7595035, 38.3003441], [26.759364, 38.3003609], [26.7593372, 38.3004199], [26.759364, 38.3005167], [26.7594284, 38.3006388], [26.759482, 38.3007061], [26.7595679, 38.300824], [26.759659, 38.3009377], [26.7596537, 38.3010345], [26.7596269, 38.3011692], [26.7595732, 38.3012997], [26.7595893, 38.3014344], [26.7596483, 38.3015481], [26.759761, 38.301687], [26.7599595, 38.3018723], [26.7597556, 38.3018765], [26.7592728, 38.3018512], [26.759026, 38.3018217], [26.7588544, 38.3018765], [26.7586774, 38.3018807], [26.7585272, 38.3018344], [26.7582911, 38.3017838], [26.758039, 38.301746], [26.7577493, 38.3017039], [26.7575133, 38.3016618], [26.7574543, 38.3017291], [26.757406, 38.3018765], [26.7574006, 38.3019817], [26.7574167, 38.3021585], [26.757406, 38.3022638], [26.7573684, 38.3023732], [26.7573202, 38.3025079], [26.7572933, 38.3026426], [26.7572933, 38.3035603], [26.7572719, 38.3038298], [26.7571914, 38.3039266], [26.7570949, 38.304036], [26.7570305, 38.3041834], [26.7569661, 38.3044191], [26.7568964, 38.3046338], [26.7568052, 38.3047938], [26.7568105, 38.3049116], [26.7565745, 38.3053789], [26.7559898, 38.3052021], [26.7555177, 38.3049958], [26.75511, 38.3047769], [26.7548794, 38.3046633], [26.7546326, 38.3044696], [26.7541069, 38.3040571], [26.7531681, 38.3042928], [26.7534471, 38.3050884], [26.7538226, 38.3050337], [26.7540425, 38.3054084], [26.7530447, 38.3057578], [26.7534041, 38.3062839], [26.7535919, 38.3064818], [26.7522508, 38.3064229], [26.7512315, 38.3063555], [26.7507327, 38.3063176], [26.7505878, 38.3063303], [26.7504269, 38.3063639], [26.7503035, 38.3063892], [26.7497081, 38.306326], [26.7495042, 38.306305], [26.7492413, 38.3063471], [26.748898, 38.3064439], [26.7486834, 38.3064439], [26.74775, 38.3062208], [26.7468005, 38.3059682], [26.7464036, 38.3058672], [26.7461944, 38.3057788], [26.7459047, 38.305581], [26.7456418, 38.3053915], [26.7452341, 38.3052442], [26.7448747, 38.3051179], [26.7445582, 38.3050758], [26.7443812, 38.3051095], [26.744011, 38.3051768], [26.7434478, 38.3051011], [26.7431742, 38.3050085], [26.7431259, 38.304798], [26.7429864, 38.304558], [26.7428094, 38.3044402], [26.7426699, 38.3042465], [26.742568, 38.3040823], [26.7424178, 38.3039434], [26.7423588, 38.303775], [26.742391, 38.3036193], [26.7423105, 38.303514], [26.7421657, 38.3033541], [26.7419618, 38.3032993], [26.741581, 38.3029963], [26.7412108, 38.3028615], [26.7408943, 38.3026721], [26.7407173, 38.3024953], [26.7405724, 38.3022596], [26.7404437, 38.3020743], [26.7403257, 38.3020112], [26.7402613, 38.3018512], [26.7401218, 38.3016323], [26.7394193, 38.301243], [26.7386198, 38.3013629], [26.7382389, 38.3010892], [26.7377078, 38.3006556], [26.7373806, 38.300382], [26.7372143, 38.3001925], [26.736989, 38.2997589], [26.7368281, 38.2995611], [26.736592, 38.2993674], [26.7363292, 38.2991232], [26.7361414, 38.2987654], [26.7361307, 38.2985423], [26.7358602, 38.2984581], [26.7351523, 38.2976699]]]]}, "bbox": [26.70874, 38.2127758, 26.7881245, 38.3064818]}, {"id": "300", "type": "Feature", "properties": {"mahalle_adi": "Yağcılar Mahallesi", "_gece_lst_str": "21.9°C"}, "geometry": {"type": "MultiPolygon", "coordinates": [[[[26.7093857, 38.28924], [26.7095422, 38.2890255], [26.7102235, 38.2888127], [26.7115197, 38.2879757], [26.7117484, 38.2875114], [26.7120672, 38.2871904], [26.7120914, 38.2867972], [26.7123139, 38.2866198], [26.7122966, 38.2864924], [26.712302, 38.2862566], [26.7123771, 38.2859029], [26.712597, 38.2857681], [26.7127901, 38.2858355], [26.7128438, 38.2859703], [26.712909, 38.2865132], [26.7132483, 38.2867464], [26.713922, 38.286105], [26.7141151, 38.2849344], [26.7142546, 38.2845891], [26.7145121, 38.2844207], [26.7147696, 38.2843112], [26.7149091, 38.284067], [26.7151022, 38.2839491], [26.7153382, 38.2840754], [26.7158961, 38.2840838], [26.7165398, 38.2841596], [26.7168617, 38.2839238], [26.7170226, 38.2826774], [26.7168295, 38.2819531], [26.7167759, 38.2816415], [26.716733, 38.2806899], [26.7167866, 38.2801845], [26.7167222, 38.2798982], [26.7165828, 38.2791486], [26.7166471, 38.2786265], [26.716851, 38.2781801], [26.7171192, 38.2778937], [26.7173982, 38.2776832], [26.7195547, 38.273733], [26.7191899, 38.2731013], [26.7188465, 38.2727644], [26.7187178, 38.2725706], [26.7184818, 38.2723516], [26.7185032, 38.271981], [26.7185676, 38.2716104], [26.718117, 38.2714588], [26.7178166, 38.2711977], [26.7176878, 38.2709703], [26.7176127, 38.2706502], [26.7175805, 38.2703638], [26.7180204, 38.269513], [26.7173016, 38.2685528], [26.7178917, 38.267643], [26.7178273, 38.2671798], [26.7176342, 38.2668091], [26.7161751, 38.2594634], [26.7156064, 38.2587136], [26.7157996, 38.2584609], [26.7157888, 38.2582671], [26.715467, 38.2579807], [26.7150593, 38.2576942], [26.7146623, 38.2575342], [26.7138898, 38.2574836], [26.7136645, 38.2573572], [26.7135143, 38.256995], [26.713289, 38.2565485], [26.7131495, 38.2563463], [26.7131066, 38.255765], [26.7128491, 38.2551668], [26.7128169, 38.2535408], [26.7127955, 38.2529763], [26.7130101, 38.2524286], [26.7134285, 38.2519905], [26.7138898, 38.2513923], [26.7140508, 38.251207], [26.7140293, 38.2510385], [26.7137182, 38.2508278], [26.713568, 38.2507351], [26.7132354, 38.2506762], [26.7130852, 38.2506846], [26.7135894, 38.2489321], [26.7148662, 38.2491511], [26.7150378, 38.248991], [26.71435, 38.2487068], [26.714238, 38.2483669], [26.7146703, 38.2479568], [26.7134278, 38.2468633], [26.7206475, 38.2439846], [26.7209709, 38.2437501], [26.7214639, 38.2438971], [26.7220652, 38.2435226], [26.7222476, 38.2436574], [26.7242466, 38.2393272], [26.7234146, 38.2315844], [26.7230308, 38.2301657], [26.7198218, 38.2287871], [26.7199139, 38.2284119], [26.7203379, 38.2285222], [26.7204934, 38.2284759], [26.7206705, 38.2283031], [26.7206973, 38.2282231], [26.7211191, 38.2273421], [26.7211962, 38.227178], [26.7212766, 38.2271274], [26.72146, 38.2270927], [26.7215073, 38.2270389], [26.7215824, 38.2269335], [26.7215985, 38.2267987], [26.72162, 38.2266554], [26.7217112, 38.2265458], [26.7219257, 38.2264236], [26.7220223, 38.2263267], [26.7220384, 38.2260612], [26.7220116, 38.2258252], [26.7220116, 38.2255134], [26.7220116, 38.2253111], [26.7220759, 38.2250498], [26.7223012, 38.224502], [26.7228484, 38.2240384], [26.7237818, 38.2232714], [26.7242324, 38.222909], [26.724447, 38.2227067], [26.7246079, 38.222437], [26.7245436, 38.2221167], [26.7242646, 38.2218217], [26.7239535, 38.2209198], [26.7238247, 38.2206669], [26.7238784, 38.2204225], [26.7238784, 38.2201527], [26.7237389, 38.2198324], [26.7236853, 38.2196133], [26.7236423, 38.2194447], [26.7236423, 38.219293], [26.7237604, 38.2191328], [26.7239857, 38.2189811], [26.7241359, 38.2189052], [26.7242002, 38.2188041], [26.7242539, 38.2187198], [26.72508, 38.2180202], [26.7252517, 38.2178432], [26.7254019, 38.217624], [26.7254662, 38.2174976], [26.7254126, 38.2171857], [26.7253482, 38.2170677], [26.725359, 38.2169497], [26.7253804, 38.2167473], [26.7254341, 38.2164102], [26.7254555, 38.2163259], [26.725713, 38.2162922], [26.7264211, 38.2163006], [26.7271078, 38.2160899], [26.7279982, 38.2157611], [26.7290497, 38.2152722], [26.7301333, 38.2148844], [26.7301977, 38.2146315], [26.730659, 38.2142101], [26.730895, 38.2140246], [26.7312598, 38.2137801], [26.7315709, 38.2134851], [26.7318177, 38.213072], [26.7318499, 38.2129456], [26.7321946, 38.2127758], [26.7327444, 38.21185], [26.7329522, 38.2104431], [26.7328655, 38.2101771], [26.7338449, 38.2097199], [26.734398, 38.2093669], [26.7347223, 38.2087741], [26.7344047, 38.2081431], [26.7334768, 38.2078718], [26.7326001, 38.2073602], [26.7317233, 38.207468], [26.7310328, 38.2073191], [26.729554, 38.2080094], [26.7282239, 38.2087706], [26.7273246, 38.2087641], [26.7260321, 38.2098504], [26.725518, 38.2090727], [26.7245173, 38.2083344], [26.7232912, 38.2078381], [26.7229544, 38.2077806], [26.7225164, 38.2078201], [26.7222344, 38.207958], [26.7220952, 38.2081275], [26.7219962, 38.2082459], [26.7220311, 38.2083467], [26.7224252, 38.2089329], [26.722157, 38.2093165], [26.7222973, 38.2106312], [26.7223269, 38.2109084], [26.7223662, 38.2112765], [26.7222201, 38.211415], [26.7218838, 38.2115207], [26.721245, 38.2116812], [26.7208929, 38.2117348], [26.7205213, 38.2117598], [26.7202629, 38.2117626], [26.7200166, 38.2117107], [26.7199088, 38.2115293], [26.7184487, 38.2090727], [26.7178601, 38.208895], [26.7175221, 38.2090973], [26.7171734, 38.2094219], [26.7172056, 38.2101848], [26.7168462, 38.2109098], [26.7162883, 38.2113018], [26.7154568, 38.2114451], [26.7149925, 38.2104922], [26.7144376, 38.2101848], [26.7137358, 38.2100602], [26.7123401, 38.2101342], [26.7115086, 38.2104166], [26.7107415, 38.2106232], [26.7104572, 38.2112934], [26.7106718, 38.2121743], [26.7104304, 38.2122544], [26.7092877, 38.2114957], [26.7080378, 38.2110194], [26.7068255, 38.2111796], [26.7059404, 38.2115294], [26.7054576, 38.2113819], [26.7061227, 38.2096621], [26.7059833, 38.2086337], [26.705243, 38.2081236], [26.7041379, 38.207719], [26.7030114, 38.2072384], [26.7015737, 38.2074998], [26.7001039, 38.2087559], [26.6985965, 38.2099699], [26.6977274, 38.2114704], [26.6966385, 38.2114957], [26.6959035, 38.2106948], [26.695131, 38.2105895], [26.6947824, 38.2107117], [26.6942781, 38.2104419], [26.6920459, 38.2112259], [26.6918313, 38.2114113], [26.6916597, 38.2114956], [26.6908872, 38.2115378], [26.6905439, 38.2113861], [26.6899967, 38.211209], [26.6901173, 38.2115499], [26.6892779, 38.2121532], [26.6890726, 38.2121192], [26.6872823, 38.2132996], [26.6869068, 38.2131058], [26.686537, 38.2133963], [26.6861343, 38.2137127], [26.6851258, 38.214581], [26.6847718, 38.2149687], [26.6849863, 38.2150109], [26.684643, 38.215896], [26.6845786, 38.2165788], [26.6846108, 38.2174301], [26.6846537, 38.2181803], [26.6849542, 38.2182225], [26.6846216, 38.2189305], [26.6839886, 38.2188462], [26.6839242, 38.2190401], [26.6835809, 38.2190654], [26.6835487, 38.219175], [26.6837847, 38.219175], [26.6836882, 38.2194278], [26.6838598, 38.2197144], [26.68401, 38.220001], [26.6841495, 38.2203466], [26.6842139, 38.2205573], [26.6842353, 38.2207596], [26.6843319, 38.2209366], [26.6847825, 38.2215772], [26.6847718, 38.2217542], [26.6846216, 38.2219902], [26.6844392, 38.221965], [26.6842353, 38.221906], [26.6840851, 38.2218217], [26.6849649, 38.2238024], [26.6842782, 38.2231028], [26.6843533, 38.2236591], [26.6840744, 38.2244851], [26.6844821, 38.2248517], [26.6849157, 38.2250691], [26.6849005, 38.2248728], [26.6850185, 38.224877], [26.6853243, 38.2250119], [26.6854477, 38.225054], [26.685673, 38.225054], [26.6858661, 38.2250625], [26.686011, 38.2250709], [26.6862148, 38.2251467], [26.6863704, 38.2252352], [26.6865045, 38.225349], [26.6863646, 38.2254126], [26.6866547, 38.225467], [26.6867995, 38.2255429], [26.6868693, 38.2256398], [26.6868478, 38.2257578], [26.6869122, 38.2257747], [26.6872287, 38.2250709], [26.6879582, 38.225328], [26.6882425, 38.225092], [26.6886395, 38.2250751], [26.6886985, 38.2253322], [26.6896212, 38.2252352], [26.6897231, 38.2252521], [26.689766, 38.2253195], [26.689734, 38.2256583], [26.6896319, 38.2257199], [26.6892135, 38.2257704], [26.6888112, 38.2257873], [26.6888702, 38.2259727], [26.690163, 38.2258126], [26.6895461, 38.2267397], [26.6893959, 38.2276373], [26.6897178, 38.2283368], [26.6898733, 38.2283284], [26.6898894, 38.2290321], [26.6900289, 38.2293103], [26.6900289, 38.2296474], [26.6900021, 38.2299592], [26.6900343, 38.2303806], [26.6896963, 38.2303848], [26.6891384, 38.2305534], [26.6881192, 38.231295], [26.6880923, 38.2320493], [26.6877973, 38.2320282], [26.687277, 38.2332586], [26.687175, 38.2334862], [26.687057, 38.2337264], [26.6870195, 38.2338149], [26.6872555, 38.2339244], [26.6873199, 38.2344469], [26.6871321, 38.2343921], [26.687057, 38.2340298], [26.6865098, 38.2341435], [26.6865903, 38.2335115], [26.6859949, 38.2333977], [26.6859466, 38.2332291], [26.6859627, 38.23293], [26.6859358, 38.2326561], [26.6858554, 38.2329089], [26.6857696, 38.2334946], [26.6857374, 38.2336674], [26.6856998, 38.2338612], [26.6856515, 38.234034], [26.6856033, 38.234173], [26.6855979, 38.2343542], [26.6854101, 38.2347208], [26.684525, 38.2345565], [26.6842943, 38.2346913], [26.6839725, 38.2347039], [26.6840583, 38.2346323], [26.6835648, 38.2343837], [26.6835058, 38.2339918], [26.6833073, 38.2339286], [26.6832429, 38.233798], [26.6749695, 38.2346956], [26.6743085, 38.230439], [26.6762727, 38.2219171], [26.6754913, 38.2204646], [26.6758502, 38.2201103], [26.6758966, 38.2198601], [26.6744301, 38.2184259], [26.6736379, 38.2182092], [26.6733236, 38.2175647], [26.6717635, 38.2167917], [26.671196, 38.2170225], [26.6702041, 38.2158934], [26.6710224, 38.2153237], [26.6714045, 38.2160041], [26.672539, 38.2156676], [26.6731095, 38.2156515], [26.6728949, 38.2150614], [26.6739957, 38.2142057], [26.6744533, 38.2132059], [26.674118, 38.2130215], [26.6740429, 38.2129119], [26.6744789, 38.2125445], [26.6749656, 38.212895], [26.6756952, 38.2128107], [26.6763282, 38.2121363], [26.6763335, 38.2112385], [26.6764837, 38.2112533], [26.6766261, 38.2112361], [26.6765024, 38.207914], [26.6764169, 38.2078084], [26.6763804, 38.2077948], [26.6760974, 38.2078248], [26.6760366, 38.2077832], [26.6760569, 38.2077338], [26.6761774, 38.2076931], [26.6761105, 38.2076625], [26.6760277, 38.2076763], [26.6759192, 38.2076846], [26.6758415, 38.2075573], [26.6756738, 38.2074625], [26.6757715, 38.2069223], [26.675672, 38.2068518], [26.6755901, 38.2067397], [26.6757614, 38.2065551], [26.6754043, 38.2052768], [26.6752195, 38.2050144], [26.6748522, 38.2048194], [26.6748069, 38.2048858], [26.6747305, 38.2049949], [26.6746092, 38.2049209], [26.6747176, 38.2047764], [26.6745303, 38.2047125], [26.6744075, 38.2047077], [26.674247, 38.2048742], [26.6741775, 38.2047847], [26.6740301, 38.2047989], [26.6739617, 38.2048355], [26.6739759, 38.2049002], [26.674176, 38.2049452], [26.6742278, 38.205014], [26.6740651, 38.2052473], [26.6726979, 38.2063602], [26.6722908, 38.2063008], [26.6721545, 38.2063369], [26.6712198, 38.207571], [26.6711176, 38.2076268], [26.6709983, 38.2077805], [26.6709527, 38.2078108], [26.6707603, 38.2078502], [26.6704485, 38.2078972], [26.6700267, 38.2079209], [26.6694281, 38.2079296], [26.6694011, 38.2079078], [26.6693734, 38.2079326], [26.6687239, 38.2079057], [26.6684537, 38.2078553], [26.6683462, 38.2078213], [26.6681114, 38.207747], [26.6677387, 38.207446], [26.66782, 38.2074037], [26.6677797, 38.2073427], [26.6677122, 38.2073461], [26.6676816, 38.2073129], [26.6675812, 38.2073725], [26.6675562, 38.2073379], [26.667464, 38.2072239], [26.6672001, 38.2066076], [26.6672415, 38.2064056], [26.6670456, 38.2061195], [26.6670374, 38.2066322], [26.6667976, 38.207082], [26.6666437, 38.2078016], [26.6663289, 38.2079647], [26.6662286, 38.2081279], [26.666053, 38.2089131], [26.6659449, 38.2089802], [26.6657352, 38.2090721], [26.6655264, 38.2091483], [26.6651276, 38.2092434], [26.6648665, 38.209271], [26.6645636, 38.2092673], [26.6643742, 38.2092328], [26.6642166, 38.2091594], [26.6641656, 38.209149], [26.6638685, 38.2092415], [26.6638164, 38.2092304], [26.6637774, 38.2092585], [26.6635502, 38.2093063], [26.6633555, 38.209285], [26.6633037, 38.2092793], [26.6632275, 38.2093386], [26.6631648, 38.2093874], [26.6629339, 38.2094318], [26.662622, 38.2094284], [26.6623481, 38.2094448], [26.6622299, 38.2094052], [26.6621281, 38.2093222], [26.6619363, 38.2087523], [26.6616646, 38.2089133], [26.661486, 38.2090496], [26.6614506, 38.2092044], [26.661602, 38.2097158], [26.6616439, 38.2097191], [26.6616317, 38.2097991], [26.6615878, 38.2098549], [26.6614835, 38.209926], [26.661435, 38.2100811], [26.6612413, 38.2101683], [26.6610136, 38.2102355], [26.6603636, 38.2103408], [26.660278, 38.2103544], [26.6597575, 38.2104369], [26.6592684, 38.210022], [26.6586417, 38.2096783], [26.65839, 38.2090429], [26.6584251, 38.2085481], [26.6582992, 38.2081967], [26.658138, 38.2081775], [26.6578481, 38.2083607], [26.6575257, 38.2082042], [26.6574388, 38.2079757], [26.6570719, 38.2076198], [26.6568659, 38.2077023], [26.6566908, 38.2076114], [26.6567398, 38.2074784], [26.6565916, 38.2073163], [26.6563198, 38.2073698], [26.6562446, 38.2075447], [26.6565231, 38.2079275], [26.65621, 38.2082909], [26.6555469, 38.2084222], [26.6546918, 38.2084459], [26.6541906, 38.2087258], [26.6542098, 38.2089801], [26.6545144, 38.2098866], [26.6543769, 38.21002], [26.6542129, 38.2101046], [26.6540077, 38.2101891], [26.6537456, 38.2102586], [26.6534445, 38.2102915], [26.6530521, 38.2102602], [26.6527803, 38.2102044], [26.6519331, 38.2098046], [26.6515088, 38.2098777], [26.6509805, 38.2095591], [26.6506128, 38.2093374], [26.6503567, 38.2090758], [26.6503785, 38.2090286], [26.6506373, 38.2084692], [26.6512364, 38.2078288], [26.651559, 38.2069966], [26.6515567, 38.2063337], [26.6510352, 38.2053633], [26.6506755, 38.2053668], [26.6504073, 38.2052488], [26.6504392, 38.2051036], [26.6505389, 38.2044706], [26.6499584, 38.2037798], [26.6495868, 38.20346], [26.6488969, 38.2033], [26.6481745, 38.2028079], [26.646837, 38.202317], [26.6461601, 38.202244], [26.6452637, 38.2022478], [26.6451559, 38.2025853], [26.6449505, 38.2025395], [26.6448209, 38.2027884], [26.6448864, 38.2029607], [26.6446272, 38.2032924], [26.6444665, 38.2037386], [26.644331, 38.2037757], [26.6440492, 38.2032122], [26.6438486, 38.202933], [26.6433879, 38.2026539], [26.6433977, 38.202982], [26.6430173, 38.2027734], [26.641753, 38.2033019], [26.6412858, 38.2039584], [26.6409419, 38.2039563], [26.6404266, 38.2041653], [26.6397387, 38.2044614], [26.6391248, 38.2049705], [26.6380081, 38.2057025], [26.6374252, 38.2063591], [26.637183, 38.2067164], [26.6371851, 38.2070306], [26.6367929, 38.2072674], [26.6365731, 38.2074014], [26.636377, 38.2077492], [26.6362419, 38.207894], [26.6358604, 38.2079421], [26.6357502, 38.2077021], [26.6356524, 38.2073073], [26.6357836, 38.2068641], [26.6362845, 38.2062854], [26.6367565, 38.2051182], [26.6381268, 38.2034564], [26.6388736, 38.2019476], [26.6390128, 38.201232], [26.6389469, 38.2009322], [26.6390288, 38.2004776], [26.638864, 38.2003163], [26.6383049, 38.2001939], [26.6371866, 38.1996002], [26.6360806, 38.1984836], [26.6356385, 38.1982643], [26.6351348, 38.1984517], [26.6341838, 38.1989047], [26.6336589, 38.1992958], [26.6336024, 38.1994351], [26.6337631, 38.1998104], [26.6338312, 38.2000562], [26.633665, 38.2002148], [26.6329115, 38.2004628], [26.6322759, 38.2004415], [26.6318621, 38.200275], [26.6291824, 38.2003714], [26.6314289, 38.2041327], [26.632556, 38.2142725], [26.6259803, 38.2196149], [26.6266286, 38.2257667], [26.640677, 38.2398978], [26.6408591, 38.2400809], [26.6465425, 38.245797], [26.6470619, 38.2462097], [26.6486334, 38.2493787], [26.6476878, 38.2574205], [26.6475405, 38.2691474], [26.6539314, 38.2747082], [26.6596824, 38.2766558], [26.6611548, 38.2770176], [26.6615653, 38.2775147], [26.6632819, 38.2774305], [26.6633463, 38.2780285], [26.6636038, 38.2781211], [26.6639149, 38.2779948], [26.6641509, 38.2778095], [26.6652453, 38.2779442], [26.6656418, 38.2777276], [26.6742687, 38.2756961], [26.6747448, 38.2757331], [26.6750153, 38.2760914], [26.6749189, 38.2773783], [26.6748028, 38.2779679], [26.6754775, 38.279239], [26.6737669, 38.2813974], [26.6744077, 38.2815321], [26.6748261, 38.2820879], [26.6758262, 38.2824221], [26.6761201, 38.2826374], [26.6748854, 38.2848865], [26.6749041, 38.2857804], [26.6745169, 38.2861369], [26.6749656, 38.2869555], [26.6746923, 38.287496], [26.6765715, 38.288252], [26.6760247, 38.2887868], [26.6766083, 38.2901828], [26.6752922, 38.2902865], [26.6748853, 38.2899814], [26.6746558, 38.2905886], [26.6756291, 38.2910382], [26.676787, 38.2907911], [26.6767337, 38.2920506], [26.6799733, 38.2929712], [26.6813722, 38.2946733], [26.6834832, 38.2943573], [26.685226, 38.2952558], [26.6867192, 38.2961536], [26.687314, 38.2949932], [26.6895179, 38.2941589], [26.6940522, 38.2947428], [26.6979373, 38.2932334], [26.7020739, 38.2912417], [26.7066588, 38.2904846], [26.7083883, 38.2890766], [26.7093857, 38.28924]]]]}, "bbox": [26.6259803, 38.1982643, 26.7347223, 38.2961536]}, {"id": "303", "type": "Feature", "properties": {"mahalle_adi": "Gülbahçe Mahallesi", "_gece_lst_str": "21.8°C"}, "geometry": {"type": "MultiPolygon", "coordinates": [[[[26.6702766, 38.3104279], [26.6695843, 38.3115381], [26.6661071, 38.3127975], [26.662956, 38.3122165], [26.6592124, 38.3121878], [26.6565297, 38.3133241], [26.6500815, 38.3189541], [26.6463627, 38.3137586], [26.6445894, 38.3098204], [26.642114, 38.3102955], [26.6416732, 38.3105827], [26.6412946, 38.3108293], [26.6403832, 38.3116131], [26.6384071, 38.3120361], [26.6364559, 38.3120301], [26.6350502, 38.311829], [26.6340769, 38.3113612], [26.6331726, 38.3107148], [26.6308813, 38.310654], [26.6297931, 38.3104897], [26.6294217, 38.310245], [26.6289576, 38.3097183], [26.6285498, 38.3095919], [26.6270305, 38.3094262], [26.6267138, 38.3092464], [26.6265316, 38.3093889], [26.6259777, 38.3088643], [26.6255057, 38.3086034], [26.6249478, 38.3083929], [26.6244864, 38.3082329], [26.6240895, 38.3081066], [26.6229308, 38.3079804], [26.6206562, 38.3078625], [26.618886, 38.3075089], [26.6168797, 38.3069869], [26.6136932, 38.3065913], [26.6111417, 38.3064964], [26.611678, 38.3080356], [26.6097428, 38.3092806], [26.60895, 38.3090455], [26.6089936, 38.3093853], [26.6086693, 38.3106178], [26.6078714, 38.3113123], [26.6072761, 38.3123293], [26.6057275, 38.3133788], [26.6037298, 38.317734], [26.5996215, 38.3179703], [26.5989608, 38.3184508], [26.5990157, 38.3208464], [26.5992826, 38.3218127], [26.5989466, 38.3251366], [26.5994198, 38.325746], [26.6028581, 38.3277778], [26.604036, 38.328193], [26.6053059, 38.328376], [26.6080066, 38.3283493], [26.6089144, 38.3283523], [26.6093903, 38.3284791], [26.6097515, 38.3288199], [26.6098607, 38.3296247], [26.6100162, 38.3302509], [26.6104885, 38.331057], [26.6117533, 38.3322053], [26.6141737, 38.3337149], [26.6128553, 38.334086], [26.6093075, 38.3354328], [26.6076207, 38.3367858], [26.6072987, 38.3375713], [26.607473, 38.3389306], [26.6074237, 38.3396455], [26.6070114, 38.3403413], [26.6068038, 38.3409484], [26.606028, 38.3416966], [26.6058418, 38.3425541], [26.6052, 38.343696], [26.6033274, 38.3457634], [26.5999535, 38.3483798], [26.6003573, 38.3486234], [26.6007435, 38.3488338], [26.601752, 38.3491956], [26.6024923, 38.349347], [26.6031468, 38.3496331], [26.6039193, 38.3498855], [26.6058075, 38.3503399], [26.6063332, 38.3503651], [26.6069019, 38.3504997], [26.6071916, 38.3506259], [26.6073954, 38.3508699], [26.6075671, 38.3511897], [26.6078889, 38.3514926], [26.6085756, 38.3519721], [26.6088867, 38.3521572], [26.6096914, 38.3526789], [26.6101849, 38.352906], [26.6110325, 38.3534445], [26.6115045, 38.3536633], [26.6120732, 38.35384], [26.6122877, 38.3540419], [26.613028, 38.3543195], [26.6134786, 38.3545887], [26.6137683, 38.3548411], [26.614337, 38.3549421], [26.6146374, 38.3552871], [26.615088, 38.3555983], [26.6154098, 38.3557919], [26.6156888, 38.3560863], [26.6160643, 38.3563976], [26.6162789, 38.3567257], [26.6165149, 38.3569781], [26.6166651, 38.3570538], [26.6175663, 38.3578951], [26.6180599, 38.3581728], [26.6183925, 38.3584672], [26.6187251, 38.3586944], [26.6189504, 38.3588037], [26.6192186, 38.3588458], [26.6196155, 38.3589468], [26.6205275, 38.3591403], [26.6210961, 38.3594263], [26.6215575, 38.3597207], [26.6220617, 38.3599142], [26.622684, 38.3602087], [26.623081, 38.3603938], [26.6233599, 38.3606125], [26.6238105, 38.3608649], [26.6242611, 38.3610668], [26.6245401, 38.361235], [26.624937, 38.3615211], [26.6257632, 38.3621352], [26.6260636, 38.3623875], [26.626246, 38.3626231], [26.6264713, 38.3629175], [26.6268906, 38.3632705], [26.6258884, 38.363893], [26.6271314, 38.3650232], [26.6279517, 38.3644537], [26.6280377, 38.3648019], [26.6283166, 38.365172], [26.6285741, 38.3656683], [26.6287351, 38.3659291], [26.6288423, 38.3664002], [26.6287565, 38.3669133], [26.628778, 38.3673844], [26.6289389, 38.3681246], [26.6290998, 38.3689406], [26.6290784, 38.3694958], [26.6291857, 38.3698743], [26.6293895, 38.3702107], [26.6295183, 38.370665], [26.6296893, 38.37102], [26.6278947, 38.3711573], [26.6320694, 38.3763368], [26.6317689, 38.3773727], [26.6278654, 38.3790959], [26.626227, 38.3775161], [26.623691, 38.3760778], [26.6208266, 38.3810204], [26.6187228, 38.3838077], [26.6279587, 38.3866332], [26.6280137, 38.3861276], [26.6283834, 38.3852707], [26.6288475, 38.3845308], [26.628989, 38.3838773], [26.629461, 38.383458], [26.6297677, 38.3833532], [26.6297284, 38.3832546], [26.6295082, 38.3833162], [26.6292171, 38.3835259], [26.6289104, 38.3834025], [26.6286901, 38.3832546], [26.6283677, 38.3832484], [26.628116, 38.3831621], [26.6282025, 38.3831066], [26.6286115, 38.3831621], [26.6287373, 38.3831189], [26.6290756, 38.3832299], [26.6294059, 38.3831868], [26.6294924, 38.3830943], [26.6290598, 38.38204], [26.6294846, 38.3812754], [26.6302396, 38.3805479], [26.634133, 38.3795737], [26.6349353, 38.3793949], [26.6357926, 38.3795305], [26.6360915, 38.3794812], [26.6365949, 38.3792099], [26.6370354, 38.3790989], [26.6372084, 38.3788831], [26.6376961, 38.3786796], [26.6381601, 38.3786735], [26.6383489, 38.3788831], [26.6389545, 38.3790619], [26.6397883, 38.3788399], [26.6403231, 38.3783467], [26.640449, 38.3779212], [26.6408344, 38.3776129], [26.641031, 38.3767805], [26.6414479, 38.3761269], [26.6425176, 38.375276], [26.6428086, 38.3748813], [26.6429344, 38.3741475], [26.6433041, 38.3736234], [26.6433198, 38.3732288], [26.6435165, 38.3727971], [26.6443109, 38.3720756], [26.6441693, 38.3715145], [26.6442244, 38.3710767], [26.6444446, 38.3705772], [26.6446412, 38.3701825], [26.6447277, 38.369498], [26.6451132, 38.3685668], [26.6451053, 38.3683263], [26.6449716, 38.3681968], [26.6449322, 38.3680242], [26.6447356, 38.3678207], [26.6445783, 38.3673211], [26.6447277, 38.3665626], [26.6446806, 38.3659706], [26.6449401, 38.3650024], [26.6449716, 38.3644782], [26.6448143, 38.3634791], [26.6448693, 38.3630165], [26.6449087, 38.3625787], [26.6447749, 38.3621963], [26.6448615, 38.3612589], [26.6446176, 38.3594148], [26.6446741, 38.3587052], [26.6447475, 38.3583822], [26.6449182, 38.3579953], [26.6449385, 38.3578625], [26.6450189, 38.3577293], [26.6450121, 38.3577069], [26.6449936, 38.3576457], [26.6447551, 38.3574046], [26.6446394, 38.3572817], [26.6445268, 38.3570253], [26.6445088, 38.3569133], [26.6444577, 38.3564098], [26.644358, 38.3559942], [26.6443902, 38.3559183], [26.6442096, 38.3556239], [26.6442055, 38.355493], [26.6441812, 38.3553684], [26.6441642, 38.354664], [26.6440736, 38.3544384], [26.6440786, 38.3542175], [26.6440851, 38.3539259], [26.6438453, 38.353759], [26.6437604, 38.3535271], [26.6436659, 38.3531236], [26.6435794, 38.3521121], [26.6433041, 38.3513472], [26.642881, 38.3508194], [26.6425135, 38.3506304], [26.6420522, 38.3503819], [26.6417074, 38.3500395], [26.6411097, 38.3490588], [26.6406849, 38.348627], [26.6405512, 38.3482383], [26.6406692, 38.3477572], [26.6412512, 38.3469861], [26.6412119, 38.346431], [26.6416288, 38.3456907], [26.6417153, 38.3454008], [26.6415658, 38.3448209], [26.6416838, 38.3445248], [26.6416917, 38.3442719], [26.641833, 38.3439726], [26.6420705, 38.3434694], [26.642063, 38.3434597], [26.6420706, 38.343441], [26.642068, 38.3434037], [26.6421453, 38.3433332], [26.6422356, 38.3432631], [26.6422045, 38.3432142], [26.6422281, 38.3431601], [26.6423706, 38.3430584], [26.6423648, 38.3430125], [26.6424397, 38.342933], [26.6424468, 38.3426618], [26.6428558, 38.3420696], [26.6431232, 38.3415329], [26.6434515, 38.3412815], [26.6434457, 38.3411319], [26.6436187, 38.3409468], [26.6435165, 38.3408666], [26.6435322, 38.3404595], [26.6437367, 38.3398549], [26.6442794, 38.3395094], [26.6447042, 38.3393367], [26.6450631, 38.3390488], [26.6452328, 38.3389764], [26.6459417, 38.338731], [26.6470544, 38.3385649], [26.6477092, 38.3385847], [26.6489806, 38.3384559], [26.649664, 38.3381808], [26.6500841, 38.3381522], [26.6503732, 38.3381345], [26.6511931, 38.3380843], [26.6515628, 38.3379547], [26.6517044, 38.3377943], [26.6522864, 38.3374612], [26.6524595, 38.3372514], [26.6529314, 38.3368257], [26.6532539, 38.3361718], [26.6532617, 38.3358633], [26.6535685, 38.3355055], [26.6541977, 38.3350119], [26.654475, 38.3349167], [26.6544787, 38.3348602], [26.6542724, 38.3348188], [26.6541772, 38.334722], [26.6540967, 38.3346767], [26.654094, 38.3345947], [26.6540793, 38.3345495], [26.6540894, 38.3345035], [26.6541741, 38.3344443], [26.6540745, 38.3343755], [26.653935, 38.3344913], [26.6537685, 38.3345789], [26.6535835, 38.3345838], [26.6533561, 38.3345368], [26.6531516, 38.3344134], [26.6529471, 38.3335435], [26.6527505, 38.333235], [26.6526168, 38.332291], [26.6527583, 38.3321985], [26.6529628, 38.3327661], [26.6532775, 38.3330561], [26.6535142, 38.3331045], [26.653708, 38.3328246], [26.6541348, 38.3324946], [26.6541172, 38.3323543], [26.6540089, 38.3322293], [26.6542056, 38.3318283], [26.6542109, 38.3314283], [26.6540089, 38.3310385], [26.6528377, 38.3307045], [26.6526729, 38.3306592], [26.6524011, 38.3305844], [26.6521684, 38.330366], [26.6521522, 38.3303175], [26.651728, 38.3290456], [26.6517437, 38.3286199], [26.6521999, 38.3277129], [26.6525617, 38.3272131], [26.6530651, 38.3263863], [26.6530651, 38.324893], [26.6534751, 38.3243621], [26.6539027, 38.3242333], [26.6536157, 38.3251337], [26.6534584, 38.3256952], [26.6534269, 38.3262443], [26.6532617, 38.3267256], [26.6525067, 38.3278363], [26.6521884, 38.3283774], [26.6521739, 38.3290219], [26.6528169, 38.3296471], [26.6532303, 38.3301562], [26.6537525, 38.3303756], [26.6549528, 38.3304894], [26.6554011, 38.3303784], [26.6560461, 38.3302796], [26.6565967, 38.3299588], [26.6566439, 38.3296503], [26.6572888, 38.3288914], [26.657336, 38.3285397], [26.6575169, 38.3282373], [26.6574383, 38.3280337], [26.6575641, 38.3277869], [26.6574619, 38.3275524], [26.6575405, 38.327355], [26.6579102, 38.326812], [26.6580911, 38.3265035], [26.6591372, 38.3258247], [26.660844, 38.3251398], [26.661544, 38.3247449], [26.6621575, 38.324603], [26.6626924, 38.3244241], [26.6630935, 38.3241217], [26.6643048, 38.3237144], [26.6645014, 38.3234923], [26.6650127, 38.323301], [26.6654453, 38.3228012], [26.6655161, 38.3221656], [26.665697, 38.3217522], [26.665634, 38.3213572], [26.6657992, 38.3209006], [26.665752, 38.3205427], [26.6659959, 38.3199379], [26.6659723, 38.3195985], [26.6663419, 38.3185001], [26.6669397, 38.3174819], [26.6669104, 38.3171969], [26.6669004, 38.3170993], [26.6670655, 38.3169882], [26.6674746, 38.3165192], [26.6677813, 38.3161119], [26.6681117, 38.3158589], [26.6684892, 38.3154022], [26.6691578, 38.3151121], [26.6694881, 38.3148221], [26.6697162, 38.3145505], [26.6700072, 38.3143592], [26.6704084, 38.3139149], [26.6704791, 38.313557], [26.6712971, 38.3130139], [26.6722489, 38.3125757], [26.6735923, 38.3110279], [26.6737425, 38.3104302], [26.6717684, 38.3109016], [26.6702766, 38.3104279]]]]}, "bbox": [26.5989466, 38.3064964, 26.6737425, 38.3866332]}, {"id": "304", "type": "Feature", "properties": {"mahalle_adi": "Kadıovacık Mahallesi", "_gece_lst_str": "21.2°C"}, "geometry": {"type": "MultiPolygon", "coordinates": [[[[26.5106316, 38.3241874], [26.5105134, 38.3248841], [26.508394, 38.326216], [26.5062117, 38.3265078], [26.5021562, 38.3259018], [26.5014267, 38.3260196], [26.5003323, 38.3263395], [26.4999676, 38.326794], [26.4994311, 38.327198], [26.4991522, 38.327703], [26.4992165, 38.3291843], [26.4982939, 38.3300427], [26.496942, 38.3313893], [26.495955, 38.3319279], [26.4943242, 38.332719], [26.4935732, 38.3331735], [26.4929938, 38.3378526], [26.4933586, 38.3385426], [26.4937234, 38.3392158], [26.4944529, 38.3400237], [26.4955258, 38.341185], [26.4969206, 38.3424977], [26.4976287, 38.3433055], [26.4986801, 38.3441806], [26.4993882, 38.3448538], [26.5001607, 38.345325], [26.502285, 38.3466713], [26.5037441, 38.3474623], [26.5053534, 38.3483037], [26.5062547, 38.3488253], [26.5071773, 38.3494143], [26.5082717, 38.3499023], [26.5119409, 38.3509793], [26.5131426, 38.350912], [26.5145373, 38.3760986], [26.5216827, 38.38096], [26.5286779, 38.405514], [26.5307379, 38.4069096], [26.5327549, 38.4092804], [26.5334201, 38.4100034], [26.5337205, 38.4108441], [26.5338278, 38.4113149], [26.5340638, 38.4120547], [26.5344391, 38.4139553], [26.5359521, 38.4137192], [26.537025, 38.4134502], [26.5383124, 38.4130635], [26.5389347, 38.4127777], [26.5397072, 38.4126263], [26.5411234, 38.4123405], [26.5424323, 38.4122564], [26.5432691, 38.4126095], [26.5444493, 38.4135847], [26.5450501, 38.4146607], [26.5452647, 38.4152155], [26.5512171, 38.4147257], [26.5535951, 38.411912], [26.5598059, 38.4118164], [26.5718363, 38.4008967], [26.5793916, 38.3776845], [26.5772091, 38.3755017], [26.5764511, 38.3756777], [26.5759341, 38.3734711], [26.5748113, 38.3713218], [26.5776454, 38.3655519], [26.5598469, 38.3363598], [26.530457, 38.3219266], [26.5260256, 38.3229098], [26.5266698, 38.3250577], [26.5203883, 38.3243707], [26.5106316, 38.3241874]]]]}, "bbox": [26.4929938, 38.3219266, 26.5793916, 38.4152155]}, {"id": "306", "type": "Feature", "properties": {"mahalle_adi": "Zeytinler Mahallesi", "_gece_lst_str": "21.2°C"}, "geometry": {"type": "MultiPolygon", "coordinates": [[[[26.6034427, 38.1046577], [26.6044609, 38.1032557], [26.6058184, 38.1061933], [26.6083637, 38.1063935], [26.6109939, 38.1075285], [26.6120121, 38.1097316], [26.6128605, 38.1111335], [26.6136241, 38.1105327], [26.6143877, 38.1134699], [26.6131978, 38.118482], [26.6123507, 38.1191992], [26.6121703, 38.1201979], [26.6116727, 38.1210129], [26.6110375, 38.1238335], [26.6107113, 38.124005], [26.6103359, 38.1240408], [26.6100533, 38.1240736], [26.6104, 38.1242168], [26.6110143, 38.124728], [26.610887, 38.1262538], [26.6105749, 38.1267035], [26.6101384, 38.1268569], [26.6097758, 38.1267389], [26.6105024, 38.1275476], [26.6103012, 38.1284055], [26.6104328, 38.1292829], [26.6105628, 38.1301082], [26.6110871, 38.1305845], [26.6112485, 38.1310912], [26.6115425, 38.1326213], [26.6116178, 38.133402], [26.611736, 38.1335583], [26.6127908, 38.134189], [26.6128585, 38.1343388], [26.6128255, 38.1346749], [26.6128783, 38.1350151], [26.6128122, 38.1352991], [26.6125987, 38.1353187], [26.6124925, 38.1354057], [26.6121904, 38.1354569], [26.6119528, 38.1355841], [26.6115064, 38.1356286], [26.611185, 38.1355062], [26.6107187, 38.1352741], [26.6106277, 38.1351475], [26.6103114, 38.1351137], [26.6101453, 38.1350462], [26.6099363, 38.1350209], [26.609886, 38.1351051], [26.6098161, 38.1350801], [26.6097893, 38.1350196], [26.6094617, 38.1349527], [26.609139, 38.1347491], [26.6090765, 38.134795], [26.6089566, 38.1346842], [26.6090339, 38.1346289], [26.6088775, 38.1344763], [26.608786, 38.134458], [26.6085081, 38.1347557], [26.6082301, 38.1350871], [26.6081248, 38.1351929], [26.6076302, 38.1348687], [26.6073715, 38.1348821], [26.6070688, 38.1348414], [26.6070213, 38.1349625], [26.6070551, 38.1351708], [26.6071227, 38.1354019], [26.607129, 38.135611], [26.6069701, 38.135759], [26.6066691, 38.1358559], [26.6064969, 38.1360879], [26.6062417, 38.1361502], [26.6059864, 38.1363306], [26.605948, 38.1366916], [26.6050947, 38.1372474], [26.6049607, 38.1374358], [26.6050564, 38.1376259], [26.6050473, 38.137753], [26.6048557, 38.1378613], [26.6047274, 38.1377619], [26.6046423, 38.1375065], [26.6045083, 38.1376412], [26.6043706, 38.1376739], [26.6041601, 38.1380335], [26.6039848, 38.1386368], [26.6037711, 38.1390216], [26.6037375, 38.1394378], [26.6039152, 38.1395727], [26.6038736, 38.1399351], [26.6035881, 38.1399778], [26.6033884, 38.140287], [26.6033618, 38.1405694], [26.6036278, 38.1409798], [26.6031881, 38.141245], [26.6029845, 38.141448], [26.6029152, 38.1415623], [26.6028969, 38.1417153], [26.6033175, 38.1419835], [26.6033197, 38.1423485], [26.603081, 38.1424616], [26.6029524, 38.1427386], [26.6028984, 38.1430596], [26.6026955, 38.1431441], [26.6024072, 38.1431093], [26.6023524, 38.1431332], [26.6023014, 38.1432949], [26.6024142, 38.1433833], [26.6025931, 38.1433618], [26.602596, 38.1434217], [26.6025083, 38.1434239], [26.6025012, 38.1435311], [26.6024216, 38.1435179], [26.6023557, 38.1442187], [26.6020657, 38.1443685], [26.6019998, 38.144533], [26.6017285, 38.1446609], [26.6018307, 38.1450384], [26.6018544, 38.145366], [26.6015581, 38.1454416], [26.6013716, 38.1458165], [26.6014279, 38.1460592], [26.601634, 38.1466621], [26.6014992, 38.1469418], [26.6014038, 38.147111], [26.6014775, 38.147225], [26.6017292, 38.1472379], [26.6019996, 38.1470158], [26.6019755, 38.1462129], [26.6020942, 38.1459437], [26.6024651, 38.1458801], [26.6027776, 38.1455228], [26.6027725, 38.1450038], [26.6031598, 38.1444996], [26.6034536, 38.1439659], [26.6039984, 38.1437376], [26.6043175, 38.1434765], [26.6044677, 38.143324], [26.6043564, 38.1428776], [26.6046349, 38.1427925], [26.6049143, 38.1423019], [26.6049509, 38.1418553], [26.6052956, 38.1416604], [26.6054162, 38.141436], [26.6058629, 38.1407817], [26.6062629, 38.140355], [26.6062201, 38.1399948], [26.6064602, 38.1398073], [26.6067017, 38.1396255], [26.6068691, 38.1394978], [26.6070369, 38.1394854], [26.6072607, 38.1397668], [26.6079512, 38.1410072], [26.6078978, 38.1412808], [26.6077684, 38.1414471], [26.6076384, 38.1415889], [26.607648, 38.1418288], [26.6077836, 38.1419708], [26.6079379, 38.1419512], [26.6081197, 38.1417961], [26.6084696, 38.1414501], [26.6085929, 38.141511], [26.6089778, 38.1412928], [26.609167, 38.1409152], [26.6091881, 38.1406111], [26.6093679, 38.1403114], [26.6093048, 38.1398794], [26.6093387, 38.1388958], [26.6091297, 38.1387496], [26.6091787, 38.1386483], [26.6096316, 38.138456], [26.6104113, 38.1381463], [26.6106351, 38.1381512], [26.6108192, 38.1383349], [26.6109907, 38.13857], [26.6113566, 38.1387316], [26.6120028, 38.1386875], [26.6123371, 38.1384166], [26.612606, 38.1384322], [26.6127644, 38.1385782], [26.6131657, 38.1387536], [26.6138188, 38.1387959], [26.6143794, 38.1382957], [26.6146785, 38.1379204], [26.6144922, 38.1378016], [26.6152577, 38.1375457], [26.6158833, 38.1373149], [26.6159066, 38.1371481], [26.6160303, 38.1371087], [26.6165089, 38.137231], [26.6169979, 38.137421], [26.6168307, 38.137586], [26.6168871, 38.1377273], [26.6170648, 38.1377906], [26.6174479, 38.1377657], [26.6177111, 38.1377578], [26.6181004, 38.1380034], [26.6183589, 38.1379992], [26.6185024, 38.1381818], [26.6186178, 38.1385886], [26.6184717, 38.1388851], [26.6182728, 38.1394047], [26.6181206, 38.1394468], [26.6181099, 38.1395928], [26.6183981, 38.1397093], [26.6189585, 38.1392878], [26.6197992, 38.1390132], [26.6205745, 38.1384493], [26.6231003, 38.1382491], [26.6235526, 38.1383869], [26.6241652, 38.1430605], [26.6231942, 38.1441633], [26.6233813, 38.1442377], [26.6248237, 38.1444379], [26.6263455, 38.1463981], [26.6263604, 38.1471663], [26.6261326, 38.1479786], [26.6257889, 38.1485748], [26.6265884, 38.1491451], [26.6267359, 38.1505614], [26.6266789, 38.1512696], [26.6271076, 38.1527122], [26.6270502, 38.1529815], [26.626816, 38.1533806], [26.6272917, 38.1536621], [26.6279241, 38.1555228], [26.6280148, 38.1562083], [26.6285538, 38.1578339], [26.6279533, 38.1581045], [26.6286231, 38.1584632], [26.629066, 38.1589162], [26.6289913, 38.1594781], [26.6288232, 38.1599059], [26.629066, 38.1600694], [26.6291034, 38.1608113], [26.6284309, 38.1611937], [26.6289591, 38.1612042], [26.6296741, 38.1609798], [26.6303195, 38.1606924], [26.6305643, 38.1607934], [26.6309376, 38.1614342], [26.6311427, 38.1621484], [26.6313389, 38.1633369], [26.6315724, 38.1641142], [26.6325057, 38.1652887], [26.633084, 38.1671975], [26.6330393, 38.1676713], [26.6324715, 38.168101], [26.6321204, 38.1682555], [26.6311855, 38.168157], [26.6306132, 38.1682105], [26.630508, 38.1684403], [26.6308205, 38.1686356], [26.6308477, 38.1697897], [26.6327462, 38.1734113], [26.6327474, 38.1745808], [26.6324309, 38.1752363], [26.631759, 38.1757477], [26.6318343, 38.1765233], [26.6316113, 38.1771935], [26.6307594, 38.1776071], [26.630169, 38.1777271], [26.6300517, 38.178212], [26.6306816, 38.1789025], [26.6309326, 38.1794612], [26.6307629, 38.1825291], [26.6306803, 38.1840948], [26.6295182, 38.1856191], [26.629066, 38.1861303], [26.6283077, 38.1860784], [26.6282574, 38.1864455], [26.6286805, 38.1869814], [26.6291162, 38.187132], [26.6294773, 38.1874293], [26.6290533, 38.1876055], [26.6289721, 38.1879139], [26.6294919, 38.1882883], [26.6300117, 38.1888977], [26.6298622, 38.1895811], [26.6295633, 38.1899522], [26.6299743, 38.1907544], [26.6304226, 38.1907638], [26.6307962, 38.1918958], [26.6307919, 38.1959717], [26.6310843, 38.1967444], [26.6312412, 38.1977593], [26.6314317, 38.1987237], [26.6314805, 38.1995962], [26.6318621, 38.200275], [26.6291824, 38.2003714], [26.6314289, 38.2041327], [26.632556, 38.2142725], [26.6259803, 38.2196149], [26.6266286, 38.2257667], [26.640677, 38.2398978], [26.6408591, 38.2400809], [26.6465425, 38.245797], [26.6470619, 38.2462097], [26.6486334, 38.2493787], [26.6476878, 38.2574205], [26.6475405, 38.2691474], [26.6539314, 38.2747082], [26.6596824, 38.2766558], [26.6611548, 38.2770176], [26.6615653, 38.2775147], [26.6632819, 38.2774305], [26.6633463, 38.2780285], [26.6636038, 38.2781211], [26.6639149, 38.2779948], [26.6641509, 38.2778095], [26.6652453, 38.2779442], [26.6656418, 38.2777276], [26.6742687, 38.2756961], [26.6747448, 38.2757331], [26.6750153, 38.2760914], [26.6749189, 38.2773783], [26.6748028, 38.2779679], [26.6754775, 38.279239], [26.6737669, 38.2813974], [26.6744077, 38.2815321], [26.6748261, 38.2820879], [26.6758262, 38.2824221], [26.6761201, 38.2826374], [26.6748854, 38.2848865], [26.6749041, 38.2857804], [26.6745169, 38.2861369], [26.6749656, 38.2869555], [26.6746923, 38.287496], [26.6765715, 38.288252], [26.6760247, 38.2887868], [26.6766083, 38.2901828], [26.6752922, 38.2902865], [26.6748853, 38.2899814], [26.6746558, 38.2905886], [26.6756291, 38.2910382], [26.676787, 38.2907911], [26.6767337, 38.2920506], [26.6759097, 38.2937109], [26.6756558, 38.2946934], [26.6758765, 38.2960884], [26.6759852, 38.2971435], [26.6763438, 38.2981277], [26.6764971, 38.2993616], [26.6763349, 38.3001299], [26.6758762, 38.301237], [26.6754833, 38.3028627], [26.673184, 38.3046618], [26.6702833, 38.3089442], [26.6702766, 38.3104279], [26.6695843, 38.3115381], [26.6661071, 38.3127975], [26.662956, 38.3122165], [26.6592124, 38.3121878], [26.6565297, 38.3133241], [26.6500815, 38.3189541], [26.6463627, 38.3137586], [26.6445894, 38.3098204], [26.642114, 38.3102955], [26.6416732, 38.3105827], [26.6414165, 38.3101524], [26.6412234, 38.3094621], [26.6409337, 38.3090495], [26.6406011, 38.3086539], [26.6401398, 38.3081656], [26.6399252, 38.3077194], [26.6397214, 38.3070964], [26.6387021, 38.3051684], [26.6380477, 38.3034762], [26.6374791, 38.3023227], [26.6366529, 38.3006809], [26.6355479, 38.298517], [26.6339064, 38.2968162], [26.6321146, 38.2956373], [26.6304731, 38.294248], [26.6277909, 38.291806], [26.6240895, 38.2885135], [26.6230273, 38.2875198], [26.6194868, 38.2843954], [26.6155171, 38.2809341], [26.614691, 38.2802098], [26.6141438, 38.2796961], [26.6128027, 38.2787612], [26.6110325, 38.2778011], [26.6098416, 38.2772536], [26.6084146, 38.2766304], [26.606183, 38.2759734], [26.6045737, 38.2756534], [26.6028785, 38.2754007], [26.6020739, 38.2753249], [26.599499, 38.2751817], [26.5969777, 38.2750385], [26.5951753, 38.2750638], [26.5930536, 38.2753271], [26.5923026, 38.2776148], [26.5912574, 38.2779687], [26.5900096, 38.2780538], [26.5880528, 38.2792089], [26.5873682, 38.2799573], [26.5862013, 38.2817588], [26.5851982, 38.282667], [26.5846264, 38.2835051], [26.583943, 38.284039], [26.5835766, 38.2846455], [26.5826646, 38.2854825], [26.5816405, 38.2860867], [26.5806856, 38.2864944], [26.5788647, 38.2875963], [26.5767685, 38.2892334], [26.5765393, 38.2899956], [26.5758741, 38.2901808], [26.5752196, 38.2902734], [26.5750801, 38.2908966], [26.5754235, 38.2909387], [26.5759385, 38.2909555], [26.5762174, 38.2910987], [26.5763354, 38.2919576], [26.5757315, 38.2920363], [26.5759063, 38.2929596], [26.5762486, 38.2936832], [26.5754878, 38.2936417], [26.5744901, 38.2934228], [26.5733528, 38.2931786], [26.5723872, 38.2929807], [26.569705, 38.2924123], [26.5641367, 38.291225], [26.5592519, 38.2902415], [26.5585792, 38.2890903], [26.558311, 38.2885219], [26.558252, 38.2879366], [26.5582412, 38.2872798], [26.5582842, 38.2870355], [26.5581661, 38.2869008], [26.5580428, 38.2868292], [26.5577102, 38.2868334], [26.5574259, 38.2868882], [26.5573829, 38.2867703], [26.5574956, 38.286745], [26.557501, 38.2865261], [26.5576243, 38.2862313], [26.557796, 38.2858902], [26.5576887, 38.2857639], [26.5576512, 38.2856334], [26.5573829, 38.2855071], [26.557281, 38.2847955], [26.557104, 38.284707], [26.5571576, 38.283827], [26.557045, 38.2835449], [26.5569431, 38.2835743], [26.5564603, 38.2829469], [26.5570762, 38.2824748], [26.5566277, 38.2816507], [26.5564252, 38.2813818], [26.5563615, 38.2806665], [26.5536117, 38.2807572], [26.5528684, 38.2807426], [26.5518972, 38.2800954], [26.5456343, 38.2770143], [26.5452731, 38.2767448], [26.5444802, 38.2766166], [26.5441422, 38.2762577], [26.5439406, 38.2758636], [26.5373721, 38.2745865], [26.5372168, 38.2740496], [26.5364511, 38.2732064], [26.535995, 38.2722842], [26.535716, 38.2722], [26.5352976, 38.2722421], [26.5352869, 38.2724443], [26.5349123, 38.2726997], [26.5349102, 38.2730394], [26.535225, 38.2734518], [26.5347933, 38.2735752], [26.5342713, 38.2736447], [26.5340691, 38.2733578], [26.5333658, 38.2734087], [26.5332314, 38.27314], [26.5327871, 38.2729833], [26.5320645, 38.2712225], [26.5323609, 38.2674338], [26.5328085, 38.267264], [26.5320748, 38.2660919], [26.5326902, 38.2655938], [26.5331015, 38.2650949], [26.5331257, 38.2648626], [26.5328088, 38.2647719], [26.5321478, 38.2653056], [26.5317786, 38.2652592], [26.5312314, 38.2647116], [26.5311026, 38.2647453], [26.5286334, 38.254762], [26.5286599, 38.2541722], [26.5288878, 38.2539765], [26.5291042, 38.2520645], [26.5293542, 38.2519761], [26.5293553, 38.2517974], [26.5296951, 38.2518345], [26.5301043, 38.2516573], [26.5300603, 38.2514605], [26.530219, 38.2514612], [26.5301772, 38.2509068], [26.5305397, 38.250944], [26.5306341, 38.2503544], [26.5310875, 38.2503563], [26.5311772, 38.2505175], [26.5322882, 38.2504862], [26.5321767, 38.2501997], [26.5319507, 38.2500915], [26.5321349, 38.2496454], [26.5322938, 38.2496102], [26.5321629, 38.2488053], [26.5368775, 38.2489133], [26.5430275, 38.2478648], [26.5505483, 38.2450514], [26.557332, 38.2403398], [26.5595894, 38.2381137], [26.5603935, 38.236329], [26.5604932, 38.2310556], [26.5589268, 38.2239883], [26.5799712, 38.2057236], [26.5829149, 38.2020336], [26.5848851, 38.1981791], [26.5840472, 38.1981225], [26.5830982, 38.1976901], [26.5809417, 38.1945181], [26.5809072, 38.192623], [26.5814813, 38.1912664], [26.5823482, 38.1901969], [26.5815048, 38.1871548], [26.5819685, 38.1852972], [26.5817009, 38.1845633], [26.5823661, 38.1830818], [26.5828663, 38.1827439], [26.5826124, 38.1796145], [26.5794594, 38.1765284], [26.5769295, 38.1753931], [26.5750747, 38.1750109], [26.5726581, 38.1738938], [26.5721409, 38.1732662], [26.5719658, 38.1722287], [26.5721281, 38.1715857], [26.5713012, 38.1697056], [26.5712173, 38.1685611], [26.571538, 38.1679366], [26.5720953, 38.165561], [26.5730081, 38.1643665], [26.5734346, 38.1611144], [26.5737566, 38.1602575], [26.5739262, 38.1583452], [26.5737929, 38.1578978], [26.5745731, 38.1561129], [26.5752089, 38.1557934], [26.5828879, 38.1471683], [26.588919, 38.1374286], [26.5892866, 38.1364466], [26.5894278, 38.1354996], [26.5898668, 38.1338922], [26.5910342, 38.1315543], [26.5917392, 38.1309489], [26.5923317, 38.130218], [26.5930427, 38.1285221], [26.5935562, 38.1257172], [26.5944925, 38.1242008], [26.5960749, 38.1203984], [26.5961063, 38.1188074], [26.5959082, 38.1178056], [26.5958341, 38.1148198], [26.5974928, 38.1135741], [26.5991085, 38.1118991], [26.6001799, 38.1104547], [26.6011688, 38.1075083], [26.6034427, 38.1046577]]]]}, "bbox": [26.5286334, 38.1032557, 26.676787, 38.3189541]}, {"id": "311", "type": "Feature", "properties": {"mahalle_adi": "Kemalpaşa Organize Sanayi Bölgesi", "_gece_lst_str": "21.3°C"}, "geometry": {"type": "MultiPolygon", "coordinates": [[[[27.3420846, 38.4607132], [27.3420954, 38.4609148], [27.3424709, 38.4609904], [27.3427069, 38.4611416], [27.3430824, 38.4611668], [27.3436403, 38.4609736], [27.34393, 38.4610072], [27.3442519, 38.4611416], [27.3443913, 38.4615449], [27.3469663, 38.4616877], [27.3471808, 38.46136], [27.3478844, 38.4611831], [27.3481035, 38.4607468], [27.3498523, 38.4606376], [27.3504209, 38.4608896], [27.3506677, 38.4612004], [27.3505874, 38.4606566], [27.3508501, 38.4605619], [27.3509467, 38.4606712], [27.3513543, 38.4603099], [27.3522663, 38.4595706], [27.3530112, 38.4588438], [27.3533606, 38.4592094], [27.3544228, 38.4579156], [27.3543048, 38.4575627], [27.3560536, 38.4559832], [27.3560107, 38.4557816], [27.355088, 38.4554959], [27.3552167, 38.4552523], [27.3554957, 38.4553279], [27.355957, 38.4552355], [27.3559463, 38.4551094], [27.3561072, 38.4551178], [27.3561394, 38.455017], [27.3564291, 38.4550422], [27.3563969, 38.4549162], [27.3568368, 38.4548994], [27.3569977, 38.4547986], [27.3571587, 38.4546305], [27.3571265, 38.4540424], [27.3570728, 38.4535131], [27.3570835, 38.4531602], [27.3574483, 38.4532862], [27.357974, 38.4530762], [27.358017, 38.4533619], [27.3583603, 38.45374], [27.3588538, 38.4541012], [27.3593044, 38.4543953], [27.3597443, 38.4544961], [27.3602056, 38.4543281], [27.3610747, 38.4537147], [27.361654, 38.4533283], [27.362051, 38.4529754], [27.3626196, 38.4523116], [27.3628986, 38.4519335], [27.3631024, 38.4513874], [27.3636174, 38.4514294], [27.3642504, 38.4488751], [27.3646366, 38.4501859], [27.3653769, 38.4504716], [27.3662782, 38.450522], [27.366997, 38.4504127], [27.366904, 38.4501847], [27.3674154, 38.450001], [27.3674369, 38.4503119], [27.3678875, 38.4504463], [27.3691213, 38.4505136], [27.3695183, 38.4504968], [27.3698187, 38.4504463], [27.370044, 38.45048], [27.3705268, 38.4503707], [27.3712242, 38.4503035], [27.3717499, 38.4503371], [27.3723292, 38.4503119], [27.3730159, 38.4502195], [27.3736811, 38.4497153], [27.3741424, 38.4503035], [27.3744106, 38.4507572], [27.3747325, 38.4512782], [27.3749792, 38.4519755], [27.3751616, 38.4527401], [27.3763418, 38.4541516], [27.3768246, 38.4547398], [27.3778453, 38.4559061], [27.3787987, 38.4554455], [27.3787773, 38.4548826], [27.379142, 38.4547566], [27.3795712, 38.4541264], [27.3796677, 38.4538744], [27.3800111, 38.4535803], [27.3804724, 38.4533199], [27.381377, 38.4530881], [27.3817491, 38.4543701], [27.3823607, 38.4555295], [27.38235, 38.4558656], [27.3829652, 38.4568012], [27.3846062, 38.4575645], [27.3849356, 38.4573359], [27.3857188, 38.4567141], [27.3863035, 38.4563193], [27.3872209, 38.4563025], [27.3874354, 38.4562185], [27.3875427, 38.456105], [27.3875804, 38.4555519], [27.3876017, 38.4552397], [27.3880094, 38.4547566], [27.3894578, 38.4538702], [27.3902142, 38.4536055], [27.3907077, 38.4534501], [27.3917431, 38.4534291], [27.392301, 38.4533157], [27.3925799, 38.453072], [27.3928535, 38.4528998], [27.3930573, 38.4525721], [27.3931056, 38.4523662], [27.3932477, 38.4521756], [27.3936784, 38.4519418], [27.3945224, 38.4524752], [27.3951387, 38.4524292], [27.3966134, 38.4513515], [27.3967481, 38.451253], [27.3972738, 38.4508581], [27.3977244, 38.450774], [27.3979826, 38.4508389], [27.3996663, 38.4505892], [27.3997193, 38.4506051], [27.40031, 38.4507824], [27.401104, 38.4515386], [27.401737, 38.4520007], [27.4023592, 38.4522024], [27.4033999, 38.4519923], [27.4037325, 38.4516311], [27.4044514, 38.4505808], [27.4049533, 38.450113], [27.4059749, 38.4491608], [27.4059491, 38.4487481], [27.4071765, 38.4486104], [27.4077666, 38.4486482], [27.4082226, 38.4487953], [27.4084597, 38.4489236], [27.4085873, 38.4489927], [27.4088073, 38.4490516], [27.4091238, 38.4490347], [27.4094081, 38.4488583], [27.409907, 38.4484634], [27.4103469, 38.4481441], [27.4107277, 38.4479718], [27.411012, 38.447955], [27.4114895, 38.4480223], [27.4118382, 38.4480937], [27.4122727, 38.4482365], [27.4129057, 38.4482785], [27.4130881, 38.4482239], [27.4132812, 38.4481483], [27.4133328, 38.4480803], [27.4133992, 38.4479928], [27.4133054, 38.4471993], [27.4140322, 38.447161], [27.4150568, 38.4470812], [27.4176317, 38.4467745], [27.4186563, 38.4466484], [27.4207324, 38.4465224], [27.4218965, 38.4464468], [27.4235916, 38.4463123], [27.4248415, 38.4461947], [27.4252841, 38.4461443], [27.4266359, 38.4460035], [27.4283311, 38.445888], [27.428956, 38.4458586], [27.4290472, 38.4460308], [27.4290687, 38.4461905], [27.4289346, 38.4464468], [27.4287307, 38.4467703], [27.4286342, 38.447056], [27.4285805, 38.4483962], [27.4286824, 38.4491104], [27.4287039, 38.4504379], [27.4286932, 38.4514336], [27.4285805, 38.4524587], [27.4285108, 38.452925], [27.4285001, 38.4534963], [27.428602, 38.4538282], [27.4287951, 38.4545633], [27.4290955, 38.4556556], [27.4293744, 38.4565293], [27.4295783, 38.4574451], [27.4297714, 38.4588313], [27.42975, 38.4598562], [27.4299967, 38.4606207], [27.4300182, 38.4613516], [27.4301034, 38.4622747], [27.4272858, 38.4625531], [27.421429, 38.4641296], [27.4207931, 38.464257], [27.4208392, 38.4643641], [27.4171194, 38.4659326], [27.413558, 38.4673932], [27.4134896, 38.4673577], [27.4133778, 38.4673875], [27.4133402, 38.4674715], [27.4120608, 38.4680003], [27.4101995, 38.4685789], [27.4101323, 38.4685383], [27.4099928, 38.4685761], [27.4098426, 38.4687189], [27.4078739, 38.4692649], [27.4047196, 38.4698361], [27.4030995, 38.4700797], [27.3998058, 38.4702981], [27.3979985, 38.4702656], [27.3979872, 38.4701679], [27.3978907, 38.4701679], [27.3978692, 38.4702351], [27.3932447, 38.4700135], [27.3931987, 38.4699064], [27.3928122, 38.4699256], [27.3927659, 38.4697649], [27.3924932, 38.4698015], [27.3920917, 38.4694917], [27.3917591, 38.4693741], [27.3908304, 38.4692708], [27.3907406, 38.4694856], [27.390423, 38.4696118], [27.3861889, 38.468732], [27.3858249, 38.4686796], [27.3845739, 38.4686122], [27.3845494, 38.4684669], [27.3844367, 38.4684627], [27.3843348, 38.4685509], [27.3805702, 38.4682678], [27.3791313, 38.4683241], [27.3749553, 38.4685361], [27.3747593, 38.4682275], [27.3747325, 38.4680553], [27.3752636, 38.4678411], [27.3748237, 38.4666105], [27.3745823, 38.4660182], [27.3745125, 38.4656276], [27.3745555, 38.4655394], [27.3747271, 38.4654218], [27.3753279, 38.4651362], [27.3754889, 38.465006], [27.3756123, 38.4648338], [27.375682, 38.4647245], [27.3758858, 38.4646867], [27.3761111, 38.4646405], [27.376433, 38.4646363], [27.3766261, 38.4645019], [27.3768139, 38.4644305], [27.3770285, 38.4644641], [27.3774952, 38.4639181], [27.3774898, 38.463246], [27.3773128, 38.4630612], [27.37683, 38.4618809], [27.3752475, 38.4620531], [27.3754781, 38.4613264], [27.3757342, 38.4609004], [27.373006, 38.4609092], [27.3723944, 38.461358], [27.3704212, 38.4622938], [27.3696716, 38.4624213], [27.3656452, 38.4626874], [27.3657954, 38.4637459], [27.3663103, 38.46551], [27.3664069, 38.4658208], [27.3666904, 38.4663814], [27.3667627, 38.4671856], [27.3674071, 38.4687031], [27.3671359, 38.4690257], [27.3648401, 38.4691937], [27.3531336, 38.4699447], [27.351951, 38.4699125], [27.3513973, 38.4689205], [27.3508394, 38.4685845], [27.3493373, 38.4690885], [27.3491021, 38.4685445], [27.3484361, 38.4686769], [27.3479962, 38.4676353], [27.3456895, 38.4683073], [27.3430687, 38.4668998], [27.3427488, 38.4665611], [27.3415892, 38.4665645], [27.3402956, 38.4670867], [27.3395204, 38.4660392], [27.3391878, 38.4657536], [27.3388874, 38.4655688], [27.3381579, 38.4654428], [27.3367846, 38.4654932], [27.3366344, 38.4649304], [27.3368275, 38.4649724], [27.3371868, 38.4635562], [27.3365026, 38.4630933], [27.3344078, 38.4624379], [27.3341811, 38.4625816], [27.3337591, 38.4624774], [27.3337483, 38.4623513], [27.3334587, 38.4623261], [27.3332655, 38.4624858], [27.3327613, 38.4623177], [27.3327398, 38.4620573], [27.332418, 38.4622673], [27.332021, 38.4621581], [27.331903, 38.4623093], [27.3317206, 38.4622169], [27.3316763, 38.4617485], [27.331506, 38.4620825], [27.3312592, 38.4621749], [27.3308623, 38.4620657], [27.3305404, 38.4619649], [27.3303902, 38.4618809], [27.3301542, 38.4616457], [27.3300469, 38.4614272], [27.3299932, 38.4609652], [27.3294461, 38.4603603], [27.3290706, 38.4598731], [27.3286199, 38.4591001], [27.3282015, 38.4587641], [27.3277084, 38.4591318], [27.3259752, 38.457939], [27.3260866, 38.4574381], [27.3265879, 38.457687], [27.3283426, 38.4586117], [27.3299932, 38.4597302], [27.3298859, 38.4598394], [27.3305781, 38.4602321], [27.3315783, 38.4602114], [27.3318498, 38.4599067], [27.3320639, 38.4598899], [27.3320639, 38.4594698], [27.3322463, 38.4590917], [27.3322999, 38.4587389], [27.3321153, 38.458315], [27.3326342, 38.4574555], [27.3325252, 38.4570838], [27.3326647, 38.456983], [27.3329968, 38.4572042], [27.3334749, 38.4573458], [27.3344499, 38.4567889], [27.334837, 38.4569129], [27.3352951, 38.4576445], [27.3348695, 38.4590222], [27.335963, 38.4595017], [27.3361429, 38.4590722], [27.3360054, 38.4588402], [27.3367323, 38.458713], [27.3369026, 38.4585709], [27.3373532, 38.4587725], [27.3378575, 38.4595202], [27.3373532, 38.4597218], [27.3370957, 38.459621], [27.3364263, 38.4613596], [27.3384797, 38.4616121], [27.3384368, 38.4613768], [27.3386514, 38.4611164], [27.3382974, 38.4602847], [27.3390269, 38.4601167], [27.3399818, 38.4602679], [27.340368, 38.4609232], [27.3403036, 38.4611164], [27.3412263, 38.4612088], [27.3411298, 38.4606376], [27.3415375, 38.4605787], [27.3420846, 38.4607132]]]]}, "bbox": [27.3259752, 38.4458586, 27.4301034, 38.4702981]}, {"id": "313", "type": "Feature", "properties": {"mahalle_adi": "İstiklal Mahallesi", "_gece_lst_str": "21.2°C"}, "geometry": {"type": "MultiPolygon", "coordinates": [[[[27.3636618, 38.4925103], [27.3653739, 38.4929731], [27.3681811, 38.4903544], [27.3684043, 38.4895314], [27.3683116, 38.489192], [27.3683543, 38.4886377], [27.3680774, 38.487852], [27.3678707, 38.4874594], [27.3690058, 38.4870447], [27.368662, 38.4865274], [27.3688203, 38.486366], [27.3695719, 38.4868945], [27.3698938, 38.4871632], [27.3705375, 38.4877091], [27.3710632, 38.4880282], [27.3714602, 38.4883809], [27.3717194, 38.4884305], [27.3722386, 38.487678], [27.3731513, 38.4882471], [27.3740625, 38.4885124], [27.374356, 38.4881003], [27.37456, 38.4879566], [27.3738529, 38.4875656], [27.3779023, 38.4877492], [27.3828682, 38.4849087], [27.3836749, 38.4826357], [27.3854557, 38.4796445], [27.3857895, 38.4740124], [27.3870345, 38.4729357], [27.3859461, 38.4692568], [27.3861889, 38.468732], [27.3858249, 38.4686796], [27.3845739, 38.4686122], [27.3845494, 38.4684669], [27.3844367, 38.4684627], [27.3843348, 38.4685509], [27.3805702, 38.4682678], [27.3791313, 38.4683241], [27.3749553, 38.4685361], [27.3747593, 38.4682275], [27.3747325, 38.4680553], [27.3752636, 38.4678411], [27.3748237, 38.4666105], [27.3745823, 38.4660182], [27.3745125, 38.4656276], [27.3745555, 38.4655394], [27.3747271, 38.4654218], [27.3753279, 38.4651362], [27.3754889, 38.465006], [27.3756123, 38.4648338], [27.375682, 38.4647245], [27.3758858, 38.4646867], [27.3761111, 38.4646405], [27.376433, 38.4646363], [27.3766261, 38.4645019], [27.3768139, 38.4644305], [27.3770285, 38.4644641], [27.3774952, 38.4639181], [27.3774898, 38.463246], [27.3773128, 38.4630612], [27.37683, 38.4618809], [27.3752475, 38.4620531], [27.3754781, 38.4613264], [27.3757342, 38.4609004], [27.373006, 38.4609092], [27.3723944, 38.461358], [27.3704212, 38.4622938], [27.3696716, 38.4624213], [27.3656452, 38.4626874], [27.3657954, 38.4637459], [27.3663103, 38.46551], [27.3664069, 38.4658208], [27.3666904, 38.4663814], [27.3667627, 38.4671856], [27.3674071, 38.4687031], [27.3671359, 38.4690257], [27.366482, 38.4703149], [27.365613, 38.4712557], [27.3660636, 38.4717009], [27.3657343, 38.4723918], [27.3652375, 38.473784], [27.3645869, 38.4748444], [27.3641109, 38.4750187], [27.3637676, 38.4752875], [27.3635101, 38.4756151], [27.3636174, 38.4761694], [27.3635852, 38.4766146], [27.3631883, 38.4770682], [27.3617399, 38.4776477], [27.3610639, 38.4778493], [27.3601305, 38.4779921], [27.3593473, 38.4776645], [27.3588002, 38.4776645], [27.3581457, 38.4777989], [27.3577058, 38.4779165], [27.3561127, 38.4782032], [27.3562038, 38.4785464], [27.3564076, 38.478832], [27.3568797, 38.4790755], [27.3572552, 38.4792855], [27.3575127, 38.4795375], [27.3576951, 38.479865], [27.3577273, 38.4800078], [27.358489, 38.480159], [27.3583066, 38.4805369], [27.3584032, 38.4809821], [27.3586929, 38.4820235], [27.3593581, 38.4832413], [27.3605168, 38.4849881], [27.3609459, 38.4856012], [27.3611927, 38.486315], [27.361418, 38.4870037], [27.3619544, 38.488087], [27.3620939, 38.4884985], [27.3622763, 38.4893551], [27.3623407, 38.4897833], [27.3629737, 38.4906735], [27.363317, 38.4914209], [27.3636295, 38.4921052], [27.3636618, 38.4925103]]]]}, "bbox": [27.3561127, 38.4609004, 27.3870345, 38.4929731]}], "bbox": [26.4501149, 38.1032557, 27.4301034, 38.600915]}