{"type": "FeatureCollection", "features": [{"id": "31", "type": "Feature", "properties": {"mahalle_adi": "Süzbeyli Mahallesi", "_gece_lst_str": "21.1°C"}, "geometry": {"type": "MultiPolygon", "coordinates": [[[[26.8427753, 38.5892689], [26.8476725, 38.5891938], [26.846466, 38.5858809], [26.846981, 38.5843377], [26.8477535, 38.5833313], [26.8486976, 38.582023], [26.8503713, 38.5800436], [26.851015, 38.5778965], [26.851015, 38.5759171], [26.8511867, 38.5745415], [26.848998, 38.571958], [26.8478822, 38.5705488], [26.8476677, 38.5686698], [26.8482685, 38.5655157], [26.8492126, 38.5612204], [26.8539333, 38.5612204], [26.854105, 38.5616231], [26.854062, 38.5622943], [26.8545341, 38.5622943], [26.8550062, 38.5617909], [26.8555641, 38.5614218], [26.8568086, 38.5616567], [26.857624, 38.5625963], [26.8589973, 38.5629318], [26.8599844, 38.5637036], [26.8611002, 38.5646768], [26.8617868, 38.5653143], [26.862173, 38.5660525], [26.8630743, 38.5664216], [26.8644476, 38.5663545], [26.86625, 38.5660525], [26.8692541, 38.5647439], [26.8705415, 38.5638379], [26.8826866, 38.5790372], [26.8842744, 38.5769571], [26.8849182, 38.576219], [26.8859481, 38.5753467], [26.8868279, 38.5743066], [26.880455, 38.5683846], [26.8810773, 38.5681161], [26.8850899, 38.5668746], [26.8849826, 38.5665223], [26.885519, 38.5663042], [26.8849611, 38.5658176], [26.8848109, 38.5651633], [26.8855619, 38.5645257], [26.8914199, 38.5639889], [26.890111, 38.5536361], [26.8947244, 38.5533005], [26.896441, 38.553141], [26.8991125, 38.553032], [26.8997347, 38.5548946], [26.900078, 38.5544331], [26.9005287, 38.5543492], [26.9011831, 38.5544919], [26.9016552, 38.5548191], [26.9021809, 38.5550372], [26.9028246, 38.5549701], [26.9037795, 38.5547771], [26.9040477, 38.5545925], [26.9042623, 38.5542989], [26.904434, 38.5539968], [26.9048524, 38.5545338], [26.9051742, 38.5547603], [26.9062579, 38.5546764], [26.9065475, 38.5544415], [26.90732, 38.5539968], [26.9074273, 38.553678], [26.9072664, 38.553183], [26.9070518, 38.5527803], [26.9069445, 38.5523188], [26.9070089, 38.5515972], [26.9070732, 38.5510602], [26.907202, 38.551119], [26.9082856, 38.5516559], [26.9091225, 38.5518573], [26.9100344, 38.5519916], [26.9104636, 38.5521258], [26.9114613, 38.5528222], [26.9124699, 38.5527635], [26.9132101, 38.5527803], [26.9139612, 38.5529481], [26.9150233, 38.5534515], [26.9155812, 38.553678], [26.9165468, 38.5538039], [26.9173515, 38.5537116], [26.9171691, 38.5535354], [26.9173407, 38.5534766], [26.9171905, 38.553032], [26.9167828, 38.5516895], [26.9168687, 38.5513958], [26.9169867, 38.5511441], [26.9165039, 38.5507833], [26.9161713, 38.5503051], [26.9159675, 38.5497932], [26.915828, 38.5493989], [26.9157851, 38.5490129], [26.9155705, 38.5487528], [26.915195, 38.548543], [26.9148302, 38.5483668], [26.9146371, 38.5481486], [26.9146371, 38.5479892], [26.9148409, 38.5476788], [26.9150448, 38.547427], [26.9152594, 38.5469152], [26.9153452, 38.5465124], [26.9153452, 38.5462187], [26.9154525, 38.5459922], [26.9156027, 38.5457488], [26.9155705, 38.54543], [26.9155061, 38.5448426], [26.9158709, 38.5448594], [26.9161069, 38.5447167], [26.916461, 38.5444901], [26.9167292, 38.5443055], [26.9171047, 38.5442132], [26.9177484, 38.5441209], [26.9180918, 38.5438104], [26.9188428, 38.5440538], [26.9200551, 38.5440286], [26.9203877, 38.5436426], [26.9206238, 38.5431307], [26.9210637, 38.5426944], [26.9222116, 38.5417042], [26.9226301, 38.541293], [26.9230378, 38.5407559], [26.9233382, 38.5401349], [26.9236922, 38.5391783], [26.9243145, 38.5384146], [26.9252264, 38.537802], [26.9259131, 38.5372817], [26.926074, 38.5369124], [26.9259667, 38.5360648], [26.9258487, 38.5351081], [26.9253981, 38.532775], [26.9256985, 38.5326491], [26.926353, 38.5324728], [26.9274795, 38.532221], [26.9280589, 38.5319944], [26.9297647, 38.5314069], [26.9308269, 38.5313902], [26.9335735, 38.5309118], [26.9356549, 38.530425], [26.9364595, 38.5301984], [26.9372857, 38.5284862], [26.9374251, 38.5282428], [26.9375539, 38.5280749], [26.9378436, 38.5279742], [26.9378114, 38.527202], [26.9386482, 38.5270174], [26.9390452, 38.5266061], [26.9390452, 38.5261408], [26.9390452, 38.5256073], [26.9388035, 38.5245263], [26.9383371, 38.524877], [26.9376397, 38.5249861], [26.9369526, 38.5240363], [26.9360196, 38.5236264], [26.9356227, 38.5232151], [26.9354267, 38.5230951], [26.9341528, 38.5230556], [26.9328719, 38.5229298], [26.9319427, 38.5228793], [26.9311595, 38.5226023], [26.9299471, 38.5216203], [26.9288742, 38.5205962], [26.9280696, 38.5200422], [26.9276178, 38.51943], [26.9253015, 38.5192028], [26.9236278, 38.5190936], [26.9213741, 38.5187967], [26.9011826, 38.5317711], [26.9000459, 38.5324728], [26.8992305, 38.53254], [26.8986974, 38.5323378], [26.8983078, 38.5318182], [26.8976939, 38.5310777], [26.8937113, 38.5272209], [26.8909122, 38.5229807], [26.8896685, 38.5161199], [26.8884361, 38.5090016], [26.8871178, 38.5067646], [26.8853175, 38.5062903], [26.8851478, 38.5067008], [26.884832, 38.507159], [26.8844193, 38.5076136], [26.883624, 38.5081551], [26.883125, 38.5084295], [26.8830515, 38.5085295], [26.8823778, 38.5088659], [26.8819453, 38.5090324], [26.8817533, 38.5091764], [26.8815815, 38.5092192], [26.8811935, 38.5092327], [26.8810985, 38.5091954], [26.8810321, 38.5090867], [26.8809697, 38.5091145], [26.8809946, 38.5091825], [26.8806287, 38.5094021], [26.8800645, 38.5096617], [26.8787223, 38.5101908], [26.8781938, 38.5103869], [26.8778238, 38.510612], [26.875824, 38.5115103], [26.8748663, 38.5119366], [26.8721228, 38.5129231], [26.8709136, 38.5132695], [26.869819, 38.5135311], [26.8683874, 38.5140131], [26.8644963, 38.5150429], [26.8625321, 38.5156012], [26.8615411, 38.5157558], [26.8599267, 38.516119], [26.8591892, 38.5163356], [26.8577118, 38.5167904], [26.8568675, 38.5169834], [26.8559897, 38.5171706], [26.8543719, 38.5176321], [26.8526266, 38.5179973], [26.851515, 38.5181779], [26.850481, 38.5184896], [26.8487865, 38.5188164], [26.8475312, 38.5191114], [26.8464258, 38.5194916], [26.845824, 38.5197219], [26.8451212, 38.5199352], [26.8445892, 38.5201287], [26.8442397, 38.5202277], [26.8439072, 38.5203577], [26.8438497, 38.5203445], [26.8437614, 38.520221], [26.8436786, 38.5202528], [26.8433294, 38.520517], [26.8431349, 38.5205333], [26.8428033, 38.5206811], [26.8424628, 38.520777], [26.8422586, 38.520874], [26.8417707, 38.5210064], [26.8416624, 38.5209858], [26.8414832, 38.5210264], [26.8413981, 38.521008], [26.8412337, 38.5208648], [26.8410702, 38.5207957], [26.8410195, 38.5208122], [26.8410459, 38.5208487], [26.8411816, 38.5209112], [26.8412692, 38.5209771], [26.8414752, 38.5215014], [26.8416219, 38.5215422], [26.8416596, 38.5214939], [26.8417457, 38.5215012], [26.8418243, 38.5215289], [26.8418503, 38.5216421], [26.8418018, 38.5216942], [26.8416926, 38.5217061], [26.8416001, 38.5216546], [26.8415614, 38.5216896], [26.8415736, 38.5218515], [26.841683, 38.5220065], [26.841604, 38.522011], [26.8415825, 38.521995], [26.8415384, 38.5220082], [26.841546, 38.522026], [26.8414695, 38.5220979], [26.8414354, 38.5220845], [26.8414107, 38.5220011], [26.8413358, 38.521929], [26.8411529, 38.5218756], [26.840832, 38.5218978], [26.8406952, 38.5218395], [26.8405876, 38.5217571], [26.8404315, 38.5215518], [26.8404507, 38.5214517], [26.8405958, 38.5213523], [26.8405965, 38.5213097], [26.8405294, 38.5213185], [26.8403759, 38.5214144], [26.8403287, 38.5215107], [26.840377, 38.5216057], [26.8406031, 38.5218395], [26.8405543, 38.5220394], [26.8403915, 38.5222082], [26.8400196, 38.5223714], [26.8397772, 38.5224522], [26.8382936, 38.5228479], [26.8372847, 38.5231211], [26.8364965, 38.5232381], [26.8360691, 38.5232976], [26.8355509, 38.5235109], [26.8353965, 38.5235537], [26.8350689, 38.5237146], [26.8346786, 38.5239495], [26.8333003, 38.5251622], [26.8330861, 38.5251849], [26.8328431, 38.5252232], [26.832579, 38.5251773], [26.8324584, 38.5252596], [26.8323094, 38.5254496], [26.8322253, 38.5254355], [26.8321217, 38.5254562], [26.8319921, 38.5254125], [26.831812, 38.5254351], [26.8317209, 38.5256904], [26.8317826, 38.5260014], [26.8311288, 38.5264045], [26.8310127, 38.5264097], [26.8309616, 38.5263642], [26.830754, 38.526412], [26.8301264, 38.5271493], [26.8300316, 38.527175], [26.8299199, 38.5272177], [26.8297257, 38.527123], [26.8294818, 38.527133], [26.829222, 38.5272246], [26.8289746, 38.5273688], [26.8283629, 38.5275717], [26.8282522, 38.5276885], [26.8278042, 38.5279062], [26.8277333, 38.528035], [26.8273687, 38.5282998], [26.8264705, 38.5287602], [26.8262676, 38.5288022], [26.8257391, 38.5290762], [26.8253008, 38.5291776], [26.8252251, 38.5291406], [26.8250743, 38.5291588], [26.8249671, 38.5293478], [26.8247595, 38.5295267], [26.8246541, 38.5300253], [26.8246902, 38.5302254], [26.8246418, 38.5303745], [26.8246978, 38.5304749], [26.8258197, 38.5316878], [26.8259512, 38.5318759], [26.8259498, 38.5319776], [26.8259257, 38.5321046], [26.8259324, 38.5321402], [26.8259219, 38.5322652], [26.8228856, 38.5342786], [26.8197608, 38.5363952], [26.8182707, 38.537525], [26.8178218, 38.539035], [26.8160952, 38.5420752], [26.8155119, 38.5422003], [26.8161556, 38.5429418], [26.8177986, 38.5439531], [26.8178741, 38.5466787], [26.826202, 38.5514902], [26.8262717, 38.5516601], [26.8264273, 38.5519223], [26.8266311, 38.5520797], [26.8267706, 38.5522202], [26.8268645, 38.5523062], [26.8269986, 38.5523565], [26.8271273, 38.5523586], [26.8273392, 38.5522789], [26.8274316, 38.5522843], [26.8282673, 38.5531452], [26.8283509, 38.5533399], [26.8284014, 38.5534536], [26.8284228, 38.5535438], [26.8284309, 38.5537577], [26.8283933, 38.5537808], [26.8284255, 38.5538332], [26.8286052, 38.5542632], [26.8288037, 38.5546156], [26.8290505, 38.5549869], [26.8293294, 38.5553644], [26.829375, 38.5554924], [26.8294743, 38.555614], [26.8295923, 38.5557084], [26.8296513, 38.5557881], [26.8296708, 38.5558554], [26.8295896, 38.5560209], [26.8295118, 38.5560692], [26.8293482, 38.5560839], [26.829261, 38.5563628], [26.8291551, 38.5563586], [26.829088, 38.5563964], [26.8290505, 38.5564488], [26.8289861, 38.5564803], [26.8290022, 38.5565684], [26.8289539, 38.5566439], [26.8291351, 38.5576983], [26.8305796, 38.5588048], [26.8337633, 38.5618937], [26.8342939, 38.5632306], [26.8334685, 38.5654895], [26.8322893, 38.5673795], [26.8329379, 38.5675869], [26.8339402, 38.5657891], [26.8348245, 38.563438], [26.8345887, 38.562055], [26.8368291, 38.5620089], [26.8368291, 38.5612713], [26.8342939, 38.5612713], [26.8306385, 38.5577675], [26.8338222, 38.5564766], [26.8404255, 38.5562922], [26.8412509, 38.5581363], [26.8400718, 38.5599804], [26.8382692, 38.5606919], [26.8382075, 38.5607422], [26.8382183, 38.5609205], [26.8383846, 38.5610778], [26.8387145, 38.5611806], [26.8390471, 38.5611952], [26.8391436, 38.5611659], [26.8391383, 38.5611072], [26.8392348, 38.5610568], [26.8394709, 38.5610442], [26.8395621, 38.5611449], [26.8395942, 38.5611407], [26.8396184, 38.5610589], [26.8400529, 38.5610191], [26.8401441, 38.5611051], [26.8403453, 38.5610904], [26.8404043, 38.5610338], [26.8404633, 38.5610547], [26.8405169, 38.5610338], [26.8405652, 38.5610442], [26.841048, 38.5609708], [26.8411419, 38.5609855], [26.8423274, 38.5607884], [26.8431482, 38.5605346], [26.8440869, 38.5603311], [26.8447334, 38.5602389], [26.8453824, 38.5601592], [26.8460262, 38.560155], [26.8460503, 38.5600732], [26.8460047, 38.559855], [26.8459323, 38.5597187], [26.845817, 38.5596442], [26.8457821, 38.559639], [26.8457311, 38.5596768], [26.8456775, 38.5596789], [26.8457392, 38.5596201], [26.8457526, 38.5595719], [26.8456212, 38.5594817], [26.8456158, 38.559446], [26.8456963, 38.5594188], [26.8457311, 38.5593747], [26.8456963, 38.5593013], [26.8455353, 38.5592028], [26.8456694, 38.559251], [26.8458572, 38.5592363], [26.8456346, 38.5591168], [26.8455809, 38.5590454], [26.8457472, 38.5591], [26.8459082, 38.5591545], [26.8459538, 38.5591524], [26.8459658, 38.5591314], [26.8459108, 38.5590853], [26.8459846, 38.5590297], [26.8461254, 38.559079], [26.8462314, 38.5592059], [26.8462461, 38.5592898], [26.8463051, 38.5593737], [26.8464111, 38.5594628], [26.8463869, 38.5595205], [26.8462743, 38.5595048], [26.846222, 38.5595425], [26.8461201, 38.5596505], [26.8460798, 38.5596107], [26.846061, 38.5596054], [26.8460342, 38.5596474], [26.8460771, 38.5597753], [26.8461764, 38.559855], [26.8462273, 38.5599809], [26.8464124, 38.5599536], [26.8466082, 38.5600281], [26.8466753, 38.5600878], [26.8468496, 38.5602294], [26.8470374, 38.5604947], [26.8470481, 38.5606269], [26.8468603, 38.5614385], [26.8468, 38.561449], [26.8467477, 38.561492], [26.8467316, 38.5615392], [26.8467329, 38.5616168], [26.8467008, 38.5616724], [26.8466203, 38.5617196], [26.8465371, 38.5618758], [26.8466042, 38.5618916], [26.8466444, 38.5618779], [26.8467182, 38.5618014], [26.8467075, 38.5618611], [26.8467289, 38.561879], [26.8467142, 38.5619188], [26.8466444, 38.5619335], [26.8466431, 38.5619513], [26.8467075, 38.5619293], [26.8467383, 38.5619356], [26.846745, 38.562051], [26.8467182, 38.5621841], [26.8466297, 38.5623624], [26.8466538, 38.5620803], [26.8466149, 38.5620436], [26.8464567, 38.5620027], [26.8464272, 38.5620646], [26.8464231, 38.562116], [26.8463883, 38.5621579], [26.8464044, 38.5621831], [26.8463802, 38.5622533], [26.8463574, 38.5622439], [26.8462743, 38.5623079], [26.8462086, 38.5623037], [26.8461683, 38.562375], [26.8460624, 38.5624211], [26.8460704, 38.5624369], [26.8461442, 38.5624683], [26.8460624, 38.5625554], [26.8460007, 38.5625931], [26.8459551, 38.5625931], [26.8459471, 38.5625218], [26.8458961, 38.5624987], [26.8457875, 38.5624977], [26.8457177, 38.5625302], [26.8456332, 38.5625931], [26.8455568, 38.5626004], [26.8454146, 38.562698], [26.8453476, 38.5626938], [26.8452792, 38.5627168], [26.8437272, 38.5627465], [26.8430786, 38.563438], [26.8444346, 38.5650054], [26.8423122, 38.5664345], [26.8416636, 38.568094], [26.8446115, 38.5707215], [26.8446115, 38.5715051], [26.845552, 38.5723691], [26.8469698, 38.5736716], [26.848149, 38.5752387], [26.8476184, 38.576898], [26.8459086, 38.5802627], [26.8441988, 38.5818297], [26.8427249, 38.5822906], [26.8400128, 38.5804931], [26.8400128, 38.5826132], [26.8394232, 38.5836271], [26.8404255, 38.5847793], [26.8401307, 38.5855167], [26.8396001, 38.5860697], [26.8401897, 38.5865766], [26.8401897, 38.5876827], [26.8411353, 38.5892396], [26.8419553, 38.5892542], [26.8427753, 38.5892689]]]]}, "bbox": [26.8155119, 38.5062903, 26.9390452, 38.5892689]}, {"id": "69", "type": "Feature", "properties": {"mahalle_adi": "Çiçekli Mahallesi", "_gece_lst_str": "21.1°C"}, "geometry": {"type": "MultiPolygon", "coordinates": [[[[27.272522, 38.4762985], [27.2686068, 38.4815315], [27.2676142, 38.4819938], [27.2671965, 38.4829533], [27.2690908, 38.48741], [27.267686, 38.4894182], [27.2674865, 38.4910024], [27.2655414, 38.4947941], [27.2656524, 38.4948973], [27.2658133, 38.4950233], [27.2662532, 38.4952668], [27.2665214, 38.4954515], [27.2667146, 38.4956363], [27.2668433, 38.4957874], [27.2670257, 38.4959973], [27.2671652, 38.4962157], [27.2672832, 38.4964508], [27.2674119, 38.4967195], [27.267487, 38.4970134], [27.2674978, 38.4973996], [27.2675192, 38.4977439], [27.2674978, 38.4980042], [27.2674978, 38.4982897], [27.2675407, 38.4985248], [27.2676802, 38.4988103], [27.2679269, 38.4990958], [27.2682917, 38.4994148], [27.2686565, 38.4996331], [27.2690964, 38.4997927], [27.2694611, 38.4998682], [27.2699332, 38.4998934], [27.2703731, 38.4999018], [27.2707057, 38.4999438], [27.2710276, 38.499969], [27.2715425, 38.5001117], [27.271918, 38.5003384], [27.2722399, 38.5006155], [27.2724438, 38.5008254], [27.2726154, 38.5010941], [27.272712, 38.5014552], [27.2727334, 38.5017574], [27.2727442, 38.5019337], [27.2727871, 38.5022612], [27.2729266, 38.5023787], [27.2730875, 38.5024375], [27.2732699, 38.5024795], [27.2735166, 38.5024711], [27.2737205, 38.5025635], [27.2737956, 38.5026432], [27.2738332, 38.5027482], [27.273801, 38.5028447], [27.2737527, 38.5029371], [27.2736347, 38.5030798], [27.273522, 38.5031932], [27.2734147, 38.5033317], [27.273397, 38.5034239], [27.2734952, 38.5035584], [27.2736615, 38.5037137], [27.2738171, 38.5037935], [27.2739404, 38.5037473], [27.2741443, 38.5036424], [27.2771435, 38.5019221], [27.2773124, 38.5032517], [27.2778422, 38.5049665], [27.2779584, 38.5062241], [27.2780335, 38.5076681], [27.2787935, 38.509773], [27.2802355, 38.512022], [27.2826898, 38.514208], [27.2843551, 38.5110946], [27.2888962, 38.5065358], [27.292057, 38.5050263], [27.2930539, 38.5047044], [27.2933972, 38.5046205], [27.2938049, 38.5045869], [27.294395, 38.5045113], [27.294867, 38.5045029], [27.2959506, 38.5046793], [27.2963476, 38.5047212], [27.2970128, 38.5046541], [27.2977102, 38.5043938], [27.2983646, 38.5046709], [27.298944, 38.504906], [27.2990942, 38.5050991], [27.2992659, 38.5053761], [27.2991586, 38.5056196], [27.2992229, 38.5059302], [27.2995555, 38.5061066], [27.2997486, 38.506115], [27.299974, 38.5060142], [27.3001242, 38.5058295], [27.3005211, 38.5056532], [27.300446, 38.5054853], [27.3003602, 38.5051494], [27.2997486, 38.5047968], [27.3000812, 38.5045533], [27.3002314, 38.5042763], [27.3003065, 38.5039656], [27.3001134, 38.5035206], [27.299931, 38.5033443], [27.2997916, 38.5031344], [27.299577, 38.5030085], [27.2995877, 38.5027902], [27.2996628, 38.5025215], [27.2996414, 38.5022192], [27.2994804, 38.5020429], [27.2993624, 38.5018918], [27.2995233, 38.5016063], [27.2992873, 38.5011697], [27.2990727, 38.5006827], [27.298665, 38.5004308], [27.2982037, 38.5002881], [27.2979998, 38.4997927], [27.2977853, 38.4994652], [27.2976994, 38.4990874], [27.2975171, 38.4988439], [27.2973668, 38.4986423], [27.2968948, 38.4984996], [27.297045, 38.4981049], [27.2964563, 38.4927093], [27.2949001, 38.4903893], [27.2934937, 38.4875327], [27.2932577, 38.4874655], [27.2928393, 38.4872388], [27.2926354, 38.4869281], [27.2925067, 38.4867013], [27.2926941, 38.4863942], [27.2896314, 38.4844842], [27.2890305, 38.4849377], [27.2842383, 38.485985], [27.2790779, 38.480706], [27.272522, 38.4762985]]]]}, "bbox": [27.2655414, 38.4762985, 27.3005211, 38.514208]}, {"id": "70", "type": "Feature", "properties": {"mahalle_adi": "Eğridere Mahallesi", "_gece_lst_str": "21.1°C"}, "geometry": {"type": "MultiPolygon", "coordinates": [[[[27.2171152, 38.4879358], [27.2173351, 38.4880072], [27.2174585, 38.4880807], [27.2175926, 38.4881983], [27.2176784, 38.488299], [27.2177455, 38.488404], [27.2178072, 38.4885132], [27.2178823, 38.4887399], [27.2179601, 38.4889961], [27.2180298, 38.4892333], [27.2180808, 38.4893278], [27.2181505, 38.4894159], [27.2182256, 38.4895041], [27.2183007, 38.4895734], [27.2183624, 38.4896322], [27.2184214, 38.4896805], [27.2184911, 38.489735], [27.218526, 38.4897959], [27.218577, 38.4899114], [27.2185877, 38.4900143], [27.2185528, 38.4902074], [27.2184858, 38.4903754], [27.2183195, 38.4906945], [27.2181827, 38.4909149], [27.2179735, 38.4911584], [27.2178823, 38.4913432], [27.2178259, 38.4915741], [27.2176999, 38.4919835], [27.2175953, 38.4923215], [27.2175416, 38.4926259], [27.2174746, 38.4929082], [27.2174156, 38.4930919], [27.2173324, 38.4932441], [27.2172332, 38.4933669], [27.2169784, 38.4937238], [27.2168604, 38.4938477], [27.2167316, 38.4939485], [27.2165814, 38.4940219], [27.21645, 38.4940807], [27.2163159, 38.49415], [27.2162113, 38.4942382], [27.2161147, 38.4944292], [27.2160611, 38.4945635], [27.2160369, 38.4947063], [27.2160664, 38.4948071], [27.2161362, 38.4949141], [27.2162086, 38.4950128], [27.2162998, 38.4951094], [27.2163883, 38.4951933], [27.2165358, 38.4953802], [27.2165841, 38.4954641], [27.2165894, 38.4955565], [27.2166431, 38.495737], [27.2166753, 38.4959302], [27.2154982, 38.4962125], [27.2145811, 38.4969987], [27.2147154, 38.4972546], [27.2148448, 38.4978462], [27.2147675, 38.4986671], [27.21436, 38.4988543], [27.2135623, 38.4990694], [27.2132327, 38.49888], [27.2129469, 38.498833], [27.212054, 38.4981727], [27.2123218, 38.496972], [27.2098473, 38.4918818], [27.2087434, 38.4904569], [27.2059563, 38.4898311], [27.2042189, 38.4894523], [27.204198, 38.4894478], [27.200139, 38.4893078], [27.199552, 38.4890863], [27.1982861, 38.4872094], [27.1980554, 38.4870708], [27.1976597, 38.4867419], [27.1972775, 38.4864242], [27.1962744, 38.4854038], [27.1960276, 38.4851603], [27.1957862, 38.4849419], [27.1960649, 38.490181], [27.1944857, 38.5017674], [27.1886548, 38.5059815], [27.1849584, 38.5123585], [27.1835122, 38.512704], [27.1826923, 38.5123835], [27.1797156, 38.5120878], [27.1787, 38.512], [27.1790707, 38.5130831], [27.1862161, 38.5251961], [27.1856904, 38.526027], [27.1855968, 38.5275247], [27.1856689, 38.5281672], [27.1860338, 38.5290233], [27.1866989, 38.5297704], [27.1869456, 38.5307187], [27.1913899, 38.5274072], [27.1995496, 38.5265236], [27.2104664, 38.5191633], [27.2125386, 38.5171217], [27.2170349, 38.5141579], [27.2209346, 38.5092885], [27.2207737, 38.5079452], [27.2209346, 38.5075254], [27.2221041, 38.5069965], [27.2222328, 38.5062829], [27.2224688, 38.5056448], [27.2248828, 38.5049815], [27.2240886, 38.5045272], [27.2252979, 38.5032497], [27.2269167, 38.5019714], [27.2275794, 38.5005043], [27.2275965, 38.4982315], [27.2288066, 38.4971024], [27.2295969, 38.4963649], [27.228574, 38.4948796], [27.2279465, 38.4945019], [27.2277974, 38.4944098], [27.2276793, 38.4942656], [27.2256922, 38.4922309], [27.2250636, 38.4917009], [27.2248249, 38.4904562], [27.2247448, 38.4903398], [27.2246253, 38.4900437], [27.2246039, 38.4896826], [27.2246468, 38.4894474], [27.2246683, 38.4891619], [27.2246575, 38.4889604], [27.2245717, 38.4887336], [27.2243571, 38.4883893], [27.2241533, 38.4880198], [27.2240996, 38.4877091], [27.2241104, 38.48739], [27.2241425, 38.4872052], [27.2241533, 38.4868273], [27.2241855, 38.4862898], [27.2243464, 38.4861051], [27.2244322, 38.4859203], [27.2243678, 38.4856432], [27.2242927, 38.4853912], [27.2242606, 38.4851897], [27.2243142, 38.4849629], [27.2241645, 38.4847576], [27.2238492, 38.4842493], [27.2236526, 38.4834514], [27.2227354, 38.483229], [27.2223417, 38.4834677], [27.22129, 38.4836566], [27.2203016, 38.48415], [27.2187674, 38.4837956], [27.2184348, 38.4842407], [27.218231, 38.484543], [27.217952, 38.4849293], [27.2177374, 38.485366], [27.2176409, 38.485702], [27.217437, 38.4864242], [27.2171152, 38.4876335], [27.2171152, 38.4879358]]]]}, "bbox": [27.1787, 38.483229, 27.2295969, 38.5307187]}, {"id": "71", "type": "Feature", "properties": {"mahalle_adi": "Çamiçi Mahallesi", "_gece_lst_str": "19.9°C"}, "geometry": {"type": "MultiPolygon", "coordinates": [[[[27.1867994, 38.5343937], [27.1880287, 38.5353796], [27.1886324, 38.5362022], [27.1909523, 38.5356145], [27.1942677, 38.5356567], [27.1989854, 38.5380025], [27.2028482, 38.5411242], [27.2044427, 38.5415802], [27.2052546, 38.5416086], [27.2072001, 38.5427373], [27.20837, 38.5432477], [27.2096068, 38.5432693], [27.2110951, 38.5436659], [27.2129168, 38.5439426], [27.2154663, 38.5439737], [27.2167453, 38.5454432], [27.2171128, 38.5465389], [27.2190478, 38.5490975], [27.2197953, 38.5503713], [27.2217739, 38.5497538], [27.220383, 38.5461742], [27.2232427, 38.5434516], [27.2232083, 38.5421526], [27.2233276, 38.5414731], [27.2229471, 38.5411044], [27.2226714, 38.5402588], [27.2234881, 38.5392034], [27.2235525, 38.539065], [27.2235095, 38.5388803], [27.223472, 38.5386957], [27.2233432, 38.5384859], [27.2232038, 38.5383223], [27.2230804, 38.5381712], [27.2229409, 38.5380286], [27.2227371, 38.5378439], [27.2226191, 38.5376761], [27.2226405, 38.5374201], [27.2223723, 38.536946], [27.2220504, 38.536753], [27.221235, 38.536241], [27.2209561, 38.5361907], [27.2204276, 38.5359251], [27.2194111, 38.5342185], [27.2193038, 38.5339415], [27.2191644, 38.5337653], [27.2190356, 38.5334799], [27.2188961, 38.5333457], [27.2186601, 38.533161], [27.2185099, 38.5329764], [27.2183812, 38.5327498], [27.2182631, 38.5326071], [27.2179627, 38.5324644], [27.2192155, 38.5314821], [27.219, 38.5304695], [27.2192117, 38.5302308], [27.2189033, 38.5285987], [27.2210312, 38.5265977], [27.2209883, 38.5262955], [27.2214067, 38.5260018], [27.2213816, 38.5254001], [27.2218514, 38.5252443], [27.2220011, 38.5246005], [27.2217241, 38.5233139], [27.2211771, 38.5230289], [27.221645, 38.5222534], [27.2224339, 38.5222638], [27.2230697, 38.5218336], [27.222871, 38.5213334], [27.2233251, 38.5210227], [27.2243708, 38.5207109], [27.2247929, 38.5198401], [27.2253842, 38.5197317], [27.2264865, 38.5181088], [27.22682, 38.5180486], [27.2273149, 38.5162481], [27.2284342, 38.5152329], [27.2282513, 38.5149591], [27.2302175, 38.5131796], [27.2309452, 38.5130471], [27.2310727, 38.5102343], [27.2315842, 38.5089343], [27.2312642, 38.5084582], [27.2319584, 38.5073842], [27.232928, 38.5070486], [27.2331377, 38.506214], [27.232543, 38.5052141], [27.2325705, 38.5043441], [27.2329168, 38.5035449], [27.232098, 38.5022528], [27.2319049, 38.5020303], [27.2318566, 38.501707], [27.231819, 38.5016441], [27.2316742, 38.5015643], [27.231524, 38.501409], [27.2314918, 38.5013334], [27.2314864, 38.5011697], [27.2315508, 38.5009933], [27.2315615, 38.5008044], [27.2314167, 38.5006449], [27.2312933, 38.5004392], [27.2312719, 38.5002545], [27.2313094, 38.5000991], [27.2312665, 38.4997087], [27.2309319, 38.4994015], [27.2288066, 38.4971024], [27.2275965, 38.4982315], [27.2275794, 38.5005043], [27.2269167, 38.5019714], [27.2252979, 38.5032497], [27.2240886, 38.5045272], [27.2248828, 38.5049815], [27.2224688, 38.5056448], [27.2222328, 38.5062829], [27.2221041, 38.5069965], [27.2209346, 38.5075254], [27.2207737, 38.5079452], [27.2209346, 38.5092885], [27.2170349, 38.5141579], [27.2125386, 38.5171217], [27.2104664, 38.5191633], [27.1995496, 38.5265236], [27.1913899, 38.5274072], [27.1869456, 38.5307187], [27.1868705, 38.5314825], [27.1866345, 38.5328505], [27.1864736, 38.5337233], [27.1863717, 38.5340338], [27.1866238, 38.5342394], [27.1867994, 38.5343937]]]]}, "bbox": [27.1863717, 38.4971024, 27.2331377, 38.5503713]}, {"id": "72", "type": "Feature", "properties": {"mahalle_adi": "Beşyol Mahallesi", "_gece_lst_str": "19.6°C"}, "geometry": {"type": "MultiPolygon", "coordinates": [[[[27.2811019, 38.5401769], [27.281177, 38.5404958], [27.2812736, 38.5407811], [27.2813594, 38.5409321], [27.2815096, 38.5411], [27.2817778, 38.5411335], [27.2819817, 38.5410161], [27.2820568, 38.5408986], [27.2822285, 38.5407811], [27.2824645, 38.5406888], [27.2827756, 38.5405965], [27.2828078, 38.5410077], [27.2827971, 38.5413769], [27.2828507, 38.5415867], [27.2829258, 38.5417545], [27.2826898, 38.5425182], [27.2824752, 38.5430468], [27.2827756, 38.5431979], [27.2829258, 38.5433909], [27.2830439, 38.5434412], [27.2828507, 38.5438021], [27.2828507, 38.5440454], [27.2829902, 38.5441964], [27.2833764, 38.5445405], [27.2837734, 38.5448342], [27.2840631, 38.5449936], [27.2844493, 38.5453125], [27.2839343, 38.5455978], [27.2837627, 38.5457824], [27.2837385, 38.5459187], [27.283709, 38.5462019], [27.2837412, 38.5464201], [27.2834515, 38.5466383], [27.2835696, 38.5467725], [27.2833121, 38.5470998], [27.2830331, 38.5473599], [27.2827434, 38.54762], [27.2824645, 38.5478046], [27.2820997, 38.5480144], [27.2818529, 38.5481654], [27.2825396, 38.5494408], [27.283076, 38.5493318], [27.2832799, 38.5493737], [27.2838163, 38.5498771], [27.2842669, 38.550691], [27.2847712, 38.5507078], [27.2851145, 38.5507749], [27.2860689, 38.5515077], [27.2873661, 38.5521641], [27.2890066, 38.5547897], [27.2889303, 38.5572659], [27.2903037, 38.5580714], [27.2911812, 38.5576537], [27.2912575, 38.5552372], [27.2921732, 38.5533277], [27.2922495, 38.5502844], [27.2956449, 38.5488523], [27.2973236, 38.5487031], [27.2995364, 38.5475394], [27.3007954, 38.547808], [27.3026266, 38.5477781], [27.3021617, 38.5466293], [27.3018622, 38.5451279], [27.3042011, 38.5437601], [27.3048097, 38.5433071], [27.3053654, 38.5429294], [27.3071119, 38.5427701], [27.3080084, 38.5427376], [27.3088084, 38.5428124], [27.3100549, 38.5428609], [27.3106437, 38.5421562], [27.303729, 38.5362914], [27.3035176, 38.5362996], [27.3017979, 38.5353011], [27.3015726, 38.5341681], [27.3020054, 38.5338962], [27.3012909, 38.5335525], [27.3011649, 38.5334086], [27.3002315, 38.5331484], [27.3002154, 38.5330351], [27.3001242, 38.5329008], [27.2999847, 38.5327749], [27.2998464, 38.5328054], [27.2991153, 38.532116], [27.2993266, 38.5318652], [27.2993543, 38.5312097], [27.2986711, 38.5311042], [27.2982772, 38.5312482], [27.2971541, 38.5311557], [27.2962563, 38.5305144], [27.2974259, 38.5293602], [27.2901807, 38.5272762], [27.289803, 38.5284442], [27.2895563, 38.5285533], [27.2892344, 38.5288387], [27.2891378, 38.528973], [27.2889984, 38.5290905], [27.2888052, 38.529208], [27.2886979, 38.5292919], [27.2885477, 38.5294682], [27.2883546, 38.5296192], [27.28814, 38.5296444], [27.2877967, 38.5295857], [27.2876358, 38.5296276], [27.2873998, 38.5294934], [27.2870028, 38.530811], [27.2857199, 38.5315162], [27.2857706, 38.5328151], [27.2850288, 38.533234], [27.2839266, 38.5346191], [27.2825267, 38.5374469], [27.28181, 38.5395643], [27.2811663, 38.5397825], [27.2811019, 38.5401769]]]]}, "bbox": [27.2811019, 38.5272762, 27.3106437, 38.5580714]}, {"id": "74", "type": "Feature", "properties": {"mahalle_adi": "Karaçam Mahallesi", "_gece_lst_str": "20.6°C"}, "geometry": {"type": "MultiPolygon", "coordinates": [[[[27.2901807, 38.5272762], [27.289803, 38.5284442], [27.2895563, 38.5285533], [27.2892344, 38.5288387], [27.2891378, 38.528973], [27.2889984, 38.5290905], [27.2888052, 38.529208], [27.2886979, 38.5292919], [27.2885477, 38.5294682], [27.2883546, 38.5296192], [27.28814, 38.5296444], [27.2877967, 38.5295857], [27.2876358, 38.5296276], [27.2873998, 38.5294934], [27.2870028, 38.530811], [27.2857199, 38.5315162], [27.2857706, 38.5328151], [27.2850288, 38.533234], [27.2839266, 38.5346191], [27.2825267, 38.5374469], [27.2821819, 38.536245], [27.280562, 38.53523], [27.2777122, 38.5339318], [27.2725701, 38.5343014], [27.2696117, 38.5343797], [27.2644744, 38.5360718], [27.2616537, 38.5360134], [27.2599165, 38.5339257], [27.2580374, 38.530301], [27.2546122, 38.5270372], [27.2534696, 38.5256811], [27.2522147, 38.5247185], [27.2493323, 38.5203271], [27.2558411, 38.5077639], [27.2557014, 38.5068525], [27.2561896, 38.5069629], [27.2563505, 38.506879], [27.2561359, 38.5067362], [27.2556424, 38.5065683], [27.2556424, 38.5058211], [27.2555673, 38.5055188], [27.2552991, 38.505183], [27.2550416, 38.5049647], [27.2536904, 38.5043006], [27.2532843, 38.5052668], [27.2515595, 38.5064682], [27.2485936, 38.5040255], [27.2501387, 38.4960079], [27.2607855, 38.4951689], [27.2613276, 38.4951262], [27.2644059, 38.4948836], [27.2655414, 38.4947941], [27.2656524, 38.4948973], [27.2658133, 38.4950233], [27.2662532, 38.4952668], [27.2665214, 38.4954515], [27.2667146, 38.4956363], [27.2668433, 38.4957874], [27.2670257, 38.4959973], [27.2671652, 38.4962157], [27.2672832, 38.4964508], [27.2674119, 38.4967195], [27.267487, 38.4970134], [27.2674978, 38.4973996], [27.2675192, 38.4977439], [27.2674978, 38.4980042], [27.2674978, 38.4982897], [27.2675407, 38.4985248], [27.2676802, 38.4988103], [27.2679269, 38.4990958], [27.2682917, 38.4994148], [27.2686565, 38.4996331], [27.2690964, 38.4997927], [27.2694611, 38.4998682], [27.2699332, 38.4998934], [27.2703731, 38.4999018], [27.2707057, 38.4999438], [27.2710276, 38.499969], [27.2715425, 38.5001117], [27.271918, 38.5003384], [27.2722399, 38.5006155], [27.2724438, 38.5008254], [27.2726154, 38.5010941], [27.272712, 38.5014552], [27.2727334, 38.5017574], [27.2727442, 38.5019337], [27.2727871, 38.5022612], [27.2729266, 38.5023787], [27.2730875, 38.5024375], [27.2732699, 38.5024795], [27.2735166, 38.5024711], [27.2737205, 38.5025635], [27.2737956, 38.5026432], [27.2738332, 38.5027482], [27.273801, 38.5028447], [27.2737527, 38.5029371], [27.2736347, 38.5030798], [27.273522, 38.5031932], [27.2734147, 38.5033317], [27.273397, 38.5034239], [27.2734952, 38.5035584], [27.2736615, 38.5037137], [27.2738171, 38.5037935], [27.2739404, 38.5037473], [27.2741443, 38.5036424], [27.2771435, 38.5019221], [27.2773124, 38.5032517], [27.2778422, 38.5049665], [27.2779584, 38.5062241], [27.2780335, 38.5076681], [27.2787935, 38.509773], [27.2802355, 38.512022], [27.2826898, 38.514208], [27.2825938, 38.5145097], [27.283119, 38.5143507], [27.2833657, 38.5145606], [27.2833979, 38.5146865], [27.2834086, 38.514888], [27.2834837, 38.5150727], [27.283591, 38.5152322], [27.2837412, 38.5152993], [27.2836983, 38.515484], [27.2835052, 38.5156519], [27.2833121, 38.5158282], [27.2824645, 38.5156603], [27.2865389, 38.5179109], [27.2882407, 38.5201376], [27.2861758, 38.5227383], [27.2889136, 38.5245335], [27.2901807, 38.5272762]]]]}, "bbox": [27.2485936, 38.4947941, 27.2901807, 38.5374469]}, {"id": "75", "type": "Feature", "properties": {"mahalle_adi": "Kayadibi Mahallesi", "_gece_lst_str": "20.4°C"}, "geometry": {"type": "MultiPolygon", "coordinates": [[[[27.2616537, 38.5360134], [27.2599165, 38.5339257], [27.2580374, 38.530301], [27.2546122, 38.5270372], [27.2534696, 38.5256811], [27.2522147, 38.5247185], [27.2493323, 38.5203271], [27.2558411, 38.5077639], [27.2557014, 38.5068525], [27.2561896, 38.5069629], [27.2563505, 38.506879], [27.2561359, 38.5067362], [27.2556424, 38.5065683], [27.2556424, 38.5058211], [27.2555673, 38.5055188], [27.2552991, 38.505183], [27.2550416, 38.5049647], [27.2536904, 38.5043006], [27.2532843, 38.5052668], [27.2515595, 38.5064682], [27.2485936, 38.5040255], [27.2501387, 38.4960079], [27.2481059, 38.4953979], [27.2374296, 38.4926554], [27.2338794, 38.4931918], [27.2314083, 38.494421], [27.2304085, 38.4950615], [27.2308549, 38.4958062], [27.2295969, 38.4963649], [27.2288066, 38.4971024], [27.2309319, 38.4994015], [27.2312665, 38.4997087], [27.2313094, 38.5000991], [27.2312719, 38.5002545], [27.2312933, 38.5004392], [27.2314167, 38.5006449], [27.2315615, 38.5008044], [27.2315508, 38.5009933], [27.2314864, 38.5011697], [27.2314918, 38.5013334], [27.231524, 38.501409], [27.2316742, 38.5015643], [27.231819, 38.5016441], [27.2318566, 38.501707], [27.2319049, 38.5020303], [27.232098, 38.5022528], [27.2329168, 38.5035449], [27.2325705, 38.5043441], [27.232543, 38.5052141], [27.2331377, 38.506214], [27.232928, 38.5070486], [27.2319584, 38.5073842], [27.2312642, 38.5084582], [27.2315842, 38.5089343], [27.2310727, 38.5102343], [27.2309452, 38.5130471], [27.2302175, 38.5131796], [27.2282513, 38.5149591], [27.2284342, 38.5152329], [27.2273149, 38.5162481], [27.22682, 38.5180486], [27.2264865, 38.5181088], [27.2253842, 38.5197317], [27.2247929, 38.5198401], [27.2243708, 38.5207109], [27.2233251, 38.5210227], [27.222871, 38.5213334], [27.2230697, 38.5218336], [27.2224339, 38.5222638], [27.221645, 38.5222534], [27.2211771, 38.5230289], [27.2217241, 38.5233139], [27.2220011, 38.5246005], [27.2218514, 38.5252443], [27.2213816, 38.5254001], [27.2214067, 38.5260018], [27.2209883, 38.5262955], [27.2210312, 38.5265977], [27.2189033, 38.5285987], [27.2192117, 38.5302308], [27.219, 38.5304695], [27.2192155, 38.5314821], [27.2179627, 38.5324644], [27.2182631, 38.5326071], [27.2183812, 38.5327498], [27.2185099, 38.5329764], [27.2186601, 38.533161], [27.2188961, 38.5333457], [27.2190356, 38.5334799], [27.2191644, 38.5337653], [27.2193038, 38.5339415], [27.2194111, 38.5342185], [27.2204276, 38.5359251], [27.2209561, 38.5361907], [27.221235, 38.536241], [27.2220504, 38.536753], [27.2223723, 38.536946], [27.2226405, 38.5374201], [27.2226191, 38.5376761], [27.2227371, 38.5378439], [27.2229409, 38.5380286], [27.2230804, 38.5381712], [27.2232038, 38.5383223], [27.2233432, 38.5384859], [27.223472, 38.5386957], [27.2235095, 38.5388803], [27.2235525, 38.539065], [27.2234881, 38.5392034], [27.2226714, 38.5402588], [27.2229471, 38.5411044], [27.2233276, 38.5414731], [27.2232083, 38.5421526], [27.2232427, 38.5434516], [27.220383, 38.5461742], [27.2232521, 38.5486062], [27.2291442, 38.5474686], [27.2309218, 38.5481266], [27.2342212, 38.5477267], [27.2386586, 38.5404422], [27.2463287, 38.5403369], [27.2489131, 38.537364], [27.2495088, 38.5384889], [27.2511228, 38.5379313], [27.2516873, 38.536643], [27.2501801, 38.5351625], [27.256036, 38.5370805], [27.2616537, 38.5360134]]]]}, "bbox": [27.2179627, 38.4926554, 27.2616537, 38.5486062]}, {"id": "76", "type": "Feature", "properties": {"mahalle_adi": "Kurudere Mahallesi", "_gece_lst_str": "18.8°C"}, "geometry": {"type": "MultiPolygon", "coordinates": [[[[27.2825267, 38.5374469], [27.28181, 38.5395643], [27.2811663, 38.5397825], [27.2811019, 38.5401769], [27.2803296, 38.5402738], [27.2797378, 38.5426134], [27.2769058, 38.5448511], [27.2754836, 38.5443825], [27.274635, 38.5438911], [27.2749942, 38.5449629], [27.2736111, 38.5476046], [27.2755586, 38.5497237], [27.2757912, 38.5505148], [27.2752654, 38.550691], [27.2754264, 38.5512616], [27.2760272, 38.5512868], [27.276274, 38.5520587], [27.2759735, 38.5524782], [27.2755659, 38.5526208], [27.2748594, 38.5526213], [27.275578, 38.5535623], [27.2749459, 38.5542616], [27.2732072, 38.555937], [27.2608431, 38.5672958], [27.249831, 38.5730018], [27.2362774, 38.5715522], [27.2243864, 38.5724396], [27.2243397, 38.5720702], [27.2361036, 38.5625132], [27.2296022, 38.5513953], [27.2217739, 38.5497538], [27.220383, 38.5461742], [27.2232521, 38.5486062], [27.2291442, 38.5474686], [27.2309218, 38.5481266], [27.2342212, 38.5477267], [27.2386586, 38.5404422], [27.2463287, 38.5403369], [27.2489131, 38.537364], [27.2495088, 38.5384889], [27.2511228, 38.5379313], [27.2516873, 38.536643], [27.2501801, 38.5351625], [27.256036, 38.5370805], [27.2616537, 38.5360134], [27.2644744, 38.5360718], [27.2696117, 38.5343797], [27.2725701, 38.5343014], [27.2777122, 38.5339318], [27.280562, 38.53523], [27.2821819, 38.536245], [27.2825267, 38.5374469]]]]}, "bbox": [27.220383, 38.5339318, 27.2825267, 38.5730018]}, {"id": "77", "type": "Feature", "properties": {"mahalle_adi": "Sarnıçköy Mahallesi", "_gece_lst_str": "19.6°C"}, "geometry": {"type": "MultiPolygon", "coordinates": [[[[27.275578, 38.5535623], [27.2781305, 38.5541421], [27.2817072, 38.5566478], [27.2831229, 38.5564147], [27.2831974, 38.5551328], [27.28588, 38.5533263], [27.2861834, 38.5524327], [27.2857256, 38.5519553], [27.2860689, 38.5515077], [27.2851145, 38.5507749], [27.2847712, 38.5507078], [27.2842669, 38.550691], [27.2838163, 38.5498771], [27.2832799, 38.5493737], [27.283076, 38.5493318], [27.2825396, 38.5494408], [27.2818529, 38.5481654], [27.2820997, 38.5480144], [27.2824645, 38.5478046], [27.2827434, 38.54762], [27.2830331, 38.5473599], [27.2833121, 38.5470998], [27.2835696, 38.5467725], [27.2834515, 38.5466383], [27.2837412, 38.5464201], [27.283709, 38.5462019], [27.2837385, 38.5459187], [27.2837627, 38.5457824], [27.2839343, 38.5455978], [27.2844493, 38.5453125], [27.2840631, 38.5449936], [27.2837734, 38.5448342], [27.2833764, 38.5445405], [27.2829902, 38.5441964], [27.2828507, 38.5440454], [27.2828507, 38.5438021], [27.2830439, 38.5434412], [27.2829258, 38.5433909], [27.2827756, 38.5431979], [27.2824752, 38.5430468], [27.2826898, 38.5425182], [27.2829258, 38.5417545], [27.2828507, 38.5415867], [27.2827971, 38.5413769], [27.2828078, 38.5410077], [27.2827756, 38.5405965], [27.2824645, 38.5406888], [27.2822285, 38.5407811], [27.2820568, 38.5408986], [27.2819817, 38.5410161], [27.2817778, 38.5411335], [27.2815096, 38.5411], [27.2813594, 38.5409321], [27.2812736, 38.5407811], [27.281177, 38.5404958], [27.2811019, 38.5401769], [27.2803296, 38.5402738], [27.2797378, 38.5426134], [27.2769058, 38.5448511], [27.2754836, 38.5443825], [27.274635, 38.5438911], [27.2749942, 38.5449629], [27.2736111, 38.5476046], [27.2755586, 38.5497237], [27.2757912, 38.5505148], [27.2752654, 38.550691], [27.2754264, 38.5512616], [27.2760272, 38.5512868], [27.276274, 38.5520587], [27.2759735, 38.5524782], [27.2755659, 38.5526208], [27.2748594, 38.5526213], [27.275578, 38.5535623]]]]}, "bbox": [27.2736111, 38.5401769, 27.2861834, 38.5566478]}, {"id": "104", "type": "Feature", "properties": {"mahalle_adi": "Yakaköy Mahallesi", "_gece_lst_str": "20.2°C"}, "geometry": {"type": "MultiPolygon", "coordinates": [[[[27.3100549, 38.5428609], [27.3108477, 38.5429209], [27.3115963, 38.5429771], [27.3149085, 38.543114], [27.3197365, 38.5422748], [27.3203143, 38.5422982], [27.3207712, 38.5424706], [27.3219788, 38.5426524], [27.3231783, 38.5430339], [27.3275691, 38.5427505], [27.3284912, 38.5427112], [27.3304293, 38.5426767], [27.3313558, 38.5425937], [27.3325681, 38.5424762], [27.3339536, 38.5424949], [27.3348182, 38.5421369], [27.3374927, 38.5404203], [27.3406792, 38.5384817], [27.3470548, 38.5348878], [27.3474167, 38.5347959], [27.3497082, 38.5341529], [27.3501956, 38.5340254], [27.3503754, 38.5339925], [27.3521268, 38.5338492], [27.3520732, 38.5340674], [27.3529315, 38.5341849], [27.3527813, 38.5346046], [27.3535802, 38.5348111], [27.3540473, 38.5349318], [27.3543799, 38.5342436], [27.3541868, 38.5340674], [27.3539431, 38.5337904], [27.3537683, 38.5334799], [27.3536611, 38.5332953], [27.353602, 38.5331694], [27.3535591, 38.5328043], [27.353543, 38.5324644], [27.3536128, 38.532221], [27.3536825, 38.5320196], [27.3538434, 38.5318643], [27.3540258, 38.5316503], [27.3539615, 38.5315538], [27.3537898, 38.5310209], [27.3536235, 38.5306012], [27.3534304, 38.5303746], [27.3534411, 38.530169], [27.3530602, 38.5304292], [27.3530441, 38.5302319], [27.3531032, 38.5297325], [27.3528939, 38.5298123], [27.3528242, 38.5295185], [27.3529154, 38.5294975], [27.3531622, 38.5295437], [27.3532963, 38.5295395], [27.3533231, 38.52938], [27.3531622, 38.5292541], [27.3530066, 38.529166], [27.352792, 38.5288303], [27.3526794, 38.5287925], [27.3525453, 38.5286666], [27.3524702, 38.5284778], [27.3524862, 38.5283351], [27.3524809, 38.5281924], [27.3524058, 38.5279994], [27.3522878, 38.5277182], [27.3521966, 38.5273153], [27.3521215, 38.5269964], [27.351923, 38.5266648], [27.3519713, 38.5264634], [27.3519123, 38.5263962], [27.3517406, 38.5260647], [27.3514241, 38.5259178], [27.3512953, 38.5254436], [27.3512685, 38.5252296], [27.3513275, 38.525154], [27.3513222, 38.5250533], [27.35129, 38.5249442], [27.3511934, 38.5248015], [27.3511398, 38.5244657], [27.3507804, 38.5246336], [27.3502815, 38.5242559], [27.3503566, 38.5241636], [27.3503512, 38.5240377], [27.3502976, 38.523895], [27.3501742, 38.5236641], [27.3501044, 38.5235005], [27.3500884, 38.5231983], [27.3500776, 38.5229549], [27.3501205, 38.5227996], [27.3501795, 38.5224932], [27.3501956, 38.522233], [27.3505336, 38.5221659], [27.350716, 38.5221575], [27.3507857, 38.5221407], [27.3509198, 38.5221617], [27.3510647, 38.5220945], [27.3511237, 38.5220064], [27.3511237, 38.5218301], [27.3505068, 38.5213894], [27.3502815, 38.5209068], [27.3499489, 38.5207725], [27.3501259, 38.5203737], [27.3502278, 38.5201723], [27.3503727, 38.5200128], [27.3505443, 38.5198953], [27.3509628, 38.5196392], [27.3512471, 38.5192573], [27.3520303, 38.51791], [27.3520034, 38.5176036], [27.3521537, 38.5170202], [27.3525077, 38.5169447], [27.3525989, 38.5165333], [27.3528027, 38.5162269], [27.3527813, 38.5160464], [27.3526418, 38.5155554], [27.3526955, 38.5154588], [27.3526633, 38.5153413], [27.3525882, 38.5152615], [27.3525238, 38.5150937], [27.3525399, 38.5149971], [27.352556, 38.5149132], [27.352438, 38.5148292], [27.3523629, 38.5146571], [27.3522985, 38.5143675], [27.3521805, 38.5141366], [27.3523092, 38.5140191], [27.3520732, 38.513633], [27.3518559, 38.5136267], [27.3517996, 38.5135847], [27.3517621, 38.5134567], [27.3517379, 38.5133496], [27.3517352, 38.5131544], [27.3515958, 38.5130789], [27.3514241, 38.5130117], [27.3509198, 38.5129236], [27.3509091, 38.5128187], [27.3509681, 38.512592], [27.3510593, 38.5123611], [27.3510915, 38.5121722], [27.3511612, 38.51187], [27.3512953, 38.5116979], [27.3514026, 38.5116895], [27.351011, 38.510531], [27.3509252, 38.5102204], [27.3509145, 38.5100189], [27.350952, 38.509746], [27.3510003, 38.509448], [27.3511505, 38.5080334], [27.3505551, 38.5071308], [27.3504156, 38.5064508], [27.3499757, 38.5063626], [27.3500508, 38.505246], [27.3499972, 38.504885], [27.3498738, 38.5045995], [27.3496377, 38.5044694], [27.3494875, 38.504398], [27.3494339, 38.5042259], [27.3493883, 38.5039257], [27.3492783, 38.5038648], [27.3491201, 38.5037515], [27.3489189, 38.503678], [27.3488143, 38.5035332], [27.3488894, 38.50321], [27.3487821, 38.503105], [27.3486266, 38.5030273], [27.3486373, 38.5028825], [27.3487097, 38.5027524], [27.3486695, 38.5026012], [27.3485059, 38.5024963], [27.348479, 38.5023535], [27.3480767, 38.5021856], [27.3479533, 38.5020135], [27.3479319, 38.5018918], [27.3479801, 38.5016818], [27.3481464, 38.5012201], [27.3481196, 38.5011109], [27.3480338, 38.5009975], [27.3480123, 38.5008422], [27.348007, 38.5007331], [27.3478836, 38.5005861], [27.3476744, 38.5004392], [27.3474973, 38.5000446], [27.3471808, 38.4998053], [27.3473149, 38.4995869], [27.3472238, 38.4994274], [27.3469233, 38.4994232], [27.3468697, 38.4993434], [27.3468214, 38.4991881], [27.3468482, 38.4990957], [27.3466176, 38.4988984], [27.3463762, 38.4988019], [27.3459738, 38.4986759], [27.3456895, 38.4985122], [27.3455393, 38.4983568], [27.3454642, 38.4982015], [27.3453784, 38.4979454], [27.3446488, 38.4974752], [27.3448044, 38.4971687], [27.3448205, 38.4971267], [27.344799, 38.4969504], [27.3446703, 38.496795], [27.3445362, 38.4967111], [27.3442197, 38.4964508], [27.3440319, 38.496329], [27.3439676, 38.4961317], [27.3438764, 38.4961779], [27.3436886, 38.4963752], [27.3433828, 38.4967363], [27.3431683, 38.4966607], [27.3428035, 38.4965305], [27.3425674, 38.4964214], [27.3422778, 38.4964004], [27.342149, 38.4959512], [27.3418862, 38.4959764], [27.3418218, 38.4957118], [27.3414355, 38.495779], [27.3372567, 38.4937805], [27.3369241, 38.4940072], [27.3366558, 38.4942634], [27.3361623, 38.4939317], [27.3357975, 38.493621], [27.3355883, 38.4933942], [27.3354596, 38.4932515], [27.3353308, 38.4930584], [27.3352021, 38.4930416], [27.3351484, 38.4931213], [27.3351914, 38.4932305], [27.3350948, 38.4933733], [27.3350143, 38.493432], [27.3348749, 38.493411], [27.3347408, 38.4934866], [27.3346388, 38.493495], [27.3345047, 38.4936336], [27.334435, 38.4937763], [27.3341614, 38.4938855], [27.3337913, 38.4939527], [27.3333836, 38.4939695], [27.3333353, 38.4937553], [27.3331904, 38.4927393], [27.3332173, 38.4925167], [27.3332065, 38.4921221], [27.3331422, 38.4919709], [27.3320907, 38.491127], [27.3320156, 38.4906357], [27.3318762, 38.4906399], [27.3318386, 38.4903124], [27.3318601, 38.4900101], [27.3316026, 38.4897078], [27.3318279, 38.4894558], [27.3297679, 38.4876839], [27.3291349, 38.4879946], [27.3285985, 38.4879946], [27.3278904, 38.4871548], [27.3228714, 38.4810364], [27.3217794, 38.466435], [27.3187949, 38.4650846], [27.3177716, 38.4650516], [27.3137726, 38.4642803], [27.3102545, 38.4657019], [27.3071714, 38.4678552], [27.3039499, 38.4695797], [27.3011846, 38.4717141], [27.2952181, 38.4751079], [27.2930449, 38.4775446], [27.2917235, 38.4812424], [27.2917128, 38.4815868], [27.2917664, 38.4819479], [27.2919273, 38.4821831], [27.2923028, 38.4825022], [27.2925603, 38.4826954], [27.2933413, 38.4833536], [27.2926941, 38.4863942], [27.2925067, 38.4867013], [27.2926354, 38.4869281], [27.2928393, 38.4872388], [27.2932577, 38.4874655], [27.2934937, 38.4875327], [27.2949001, 38.4903893], [27.2964563, 38.4927093], [27.297045, 38.4981049], [27.2968948, 38.4984996], [27.2973668, 38.4986423], [27.2975171, 38.4988439], [27.2976994, 38.4990874], [27.2977853, 38.4994652], [27.2979998, 38.4997927], [27.2982037, 38.5002881], [27.298665, 38.5004308], [27.2990727, 38.5006827], [27.2992873, 38.5011697], [27.2995233, 38.5016063], [27.2993624, 38.5018918], [27.2994804, 38.5020429], [27.2996414, 38.5022192], [27.2996628, 38.5025215], [27.2995877, 38.5027902], [27.299577, 38.5030085], [27.2997916, 38.5031344], [27.299931, 38.5033443], [27.3001134, 38.5035206], [27.3003065, 38.5039656], [27.3002314, 38.5042763], [27.3000812, 38.5045533], [27.2997486, 38.5047968], [27.3003602, 38.5051494], [27.300446, 38.5054853], [27.3005211, 38.5056532], [27.3001242, 38.5058295], [27.299974, 38.5060142], [27.2997486, 38.506115], [27.2995555, 38.5061066], [27.2992229, 38.5059302], [27.2991586, 38.5056196], [27.2992659, 38.5053761], [27.2990942, 38.5050991], [27.298944, 38.504906], [27.2983646, 38.5046709], [27.2977102, 38.5043938], [27.2970128, 38.5046541], [27.2963476, 38.5047212], [27.2959506, 38.5046793], [27.294867, 38.5045029], [27.294395, 38.5045113], [27.2938049, 38.5045869], [27.2933972, 38.5046205], [27.2930539, 38.5047044], [27.292057, 38.5050263], [27.2888962, 38.5065358], [27.2843551, 38.5110946], [27.2826898, 38.514208], [27.2825938, 38.5145097], [27.283119, 38.5143507], [27.2833657, 38.5145606], [27.2833979, 38.5146865], [27.2834086, 38.514888], [27.2834837, 38.5150727], [27.283591, 38.5152322], [27.2837412, 38.5152993], [27.2836983, 38.515484], [27.2835052, 38.5156519], [27.2833121, 38.5158282], [27.2824645, 38.5156603], [27.2865389, 38.5179109], [27.2882407, 38.5201376], [27.2861758, 38.5227383], [27.2889136, 38.5245335], [27.2901807, 38.5272762], [27.2974259, 38.5293602], [27.2962563, 38.5305144], [27.2971541, 38.5311557], [27.2982772, 38.5312482], [27.2986711, 38.5311042], [27.2993543, 38.5312097], [27.2993266, 38.5318652], [27.2991153, 38.532116], [27.2998464, 38.5328054], [27.2999847, 38.5327749], [27.3001242, 38.5329008], [27.3002154, 38.5330351], [27.3002315, 38.5331484], [27.3011649, 38.5334086], [27.3012909, 38.5335525], [27.3020054, 38.5338962], [27.3015726, 38.5341681], [27.3017979, 38.5353011], [27.3035176, 38.5362996], [27.303729, 38.5362914], [27.3106437, 38.5421562], [27.3100549, 38.5428609]]]]}, "bbox": [27.2824645, 38.4642803, 27.3543799, 38.543114]}, {"id": "112", "type": "Feature", "properties": {"mahalle_adi": "Yamanlar Mahallesi", "_gece_lst_str": "20.9°C"}, "geometry": {"type": "MultiPolygon", "coordinates": [[[[27.0982933, 38.5462355], [27.0932293, 38.5499611], [27.0926499, 38.5502799], [27.1026645, 38.5552684], [27.1021128, 38.5580827], [27.1039, 38.5565], [27.1168, 38.5539], [27.1184206, 38.5546764], [27.1227, 38.5528], [27.1292, 38.5517], [27.1389, 38.5577], [27.1434, 38.557], [27.1478, 38.557], [27.1485579, 38.5567152], [27.1497756, 38.5553141], [27.1504247, 38.5547226], [27.1512079, 38.5543492], [27.1522754, 38.554022], [27.1564007, 38.5527383], [27.1571892, 38.5529942], [27.1605796, 38.5517734], [27.1615379, 38.551454], [27.1612501, 38.5502296], [27.1611857, 38.548887], [27.1611106, 38.5483416], [27.1607458, 38.548048], [27.1605313, 38.5477962], [27.160542, 38.547469], [27.1607137, 38.5469907], [27.1608746, 38.546546], [27.1611106, 38.5459586], [27.1611571, 38.5454965], [27.161572, 38.5446244], [27.1619797, 38.5437853], [27.1622801, 38.5433321], [27.1620011, 38.5426273], [27.1616792, 38.5420063], [27.1614647, 38.5414692], [27.1609282, 38.5401769], [27.1600914, 38.5397573], [27.1599197, 38.5392874], [27.1596837, 38.5390524], [27.1592545, 38.5388174], [27.1584391, 38.5386664], [27.1580529, 38.538465], [27.1578383, 38.537995], [27.1578169, 38.5373236], [27.1579349, 38.5369292], [27.1582568, 38.5363669], [27.1585464, 38.5361319], [27.1586323, 38.5354438], [27.1584177, 38.5351752], [27.1582138, 38.5348395], [27.1583211, 38.5345374], [27.1583426, 38.5341765], [27.1580851, 38.5340926], [27.1578812, 38.5338492], [27.1577954, 38.5334296], [27.1579027, 38.5328757], [27.1576786, 38.5328847], [27.1573743, 38.5331946], [27.1569478, 38.5333121], [27.1567547, 38.5332282], [27.1564436, 38.5332282], [27.1562827, 38.5333624], [27.155993, 38.533203], [27.1558857, 38.5330939], [27.1556818, 38.5330687], [27.1553063, 38.5332114], [27.154845, 38.5330603], [27.1541262, 38.532775], [27.1540296, 38.5324728], [27.153933, 38.5321455], [27.1538365, 38.531835], [27.1536112, 38.5316084], [27.1536863, 38.5314573], [27.1539545, 38.5312307], [27.1539116, 38.5311468], [27.1538257, 38.5310628], [27.1540511, 38.5307355], [27.1541583, 38.5304585], [27.1540618, 38.5302487], [27.1538687, 38.5301228], [27.1536112, 38.5302319], [27.153461, 38.530148], [27.1532357, 38.5301732], [27.1531713, 38.5302823], [27.1530318, 38.5303075], [27.1527851, 38.5302571], [27.1524632, 38.5300557], [27.1520448, 38.5300053], [27.151519, 38.5300725], [27.151047, 38.5299382], [27.1506715, 38.5298375], [27.1503174, 38.5296738], [27.1502584, 38.5294892], [27.1502155, 38.5292793], [27.1502101, 38.5290695], [27.1502316, 38.528931], [27.150296, 38.528738], [27.1504193, 38.5284904], [27.150477, 38.5283239], [27.1503389, 38.528247], [27.150178, 38.5283183], [27.1500653, 38.5283813], [27.1498239, 38.5284904], [27.1496147, 38.5285323], [27.1495503, 38.5285281], [27.1492714, 38.5284694], [27.1490192, 38.5283393], [27.1489602, 38.5282134], [27.1488744, 38.5280539], [27.1487671, 38.527907], [27.148574, 38.5277895], [27.1484131, 38.5276133], [27.1483487, 38.527521], [27.1482682, 38.5271978], [27.1480966, 38.5269754], [27.1481341, 38.5267656], [27.1479356, 38.5265725], [27.1475977, 38.5263417], [27.1471471, 38.526178], [27.1468091, 38.5259556], [27.1464765, 38.5257164], [27.1462351, 38.5254814], [27.146278, 38.5252505], [27.1462351, 38.5250995], [27.146337, 38.5249778], [27.1465731, 38.5249736], [27.146675, 38.5248644], [27.1466803, 38.5247217], [27.1466267, 38.5245958], [27.1464926, 38.5244951], [27.1464229, 38.5243524], [27.146498, 38.5242013], [27.1465355, 38.5241384], [27.1465087, 38.5240712], [27.1464121, 38.5239537], [27.1462405, 38.5238908], [27.1460527, 38.5238068], [27.1459617, 38.5236937], [27.1460152, 38.5235844], [27.1462566, 38.5234627], [27.1463263, 38.5233662], [27.1463048, 38.5231899], [27.1462512, 38.523064], [27.1461225, 38.5229549], [27.1460259, 38.5228709], [27.1458542, 38.5228206], [27.1456397, 38.5227912], [27.1453822, 38.522724], [27.1452534, 38.5226233], [27.1451837, 38.5225646], [27.145012, 38.5226023], [27.1447223, 38.5226107], [27.1445292, 38.5225016], [27.1443254, 38.5223379], [27.1438211, 38.5221617], [27.143687, 38.5220064], [27.143687, 38.5218847], [27.143746, 38.5217504], [27.1438318, 38.5215741], [27.1439069, 38.5214356], [27.1439284, 38.5213684], [27.1439284, 38.5212425], [27.1439177, 38.5211586], [27.1438855, 38.5210914], [27.1437514, 38.5210662], [27.143687, 38.5210117], [27.1433383, 38.520785], [27.143172, 38.5206549], [27.1430218, 38.5205542], [27.1427214, 38.5204073], [27.1426785, 38.5202478], [27.142716, 38.519996], [27.1425605, 38.5199121], [27.1423191, 38.5197484], [27.1421635, 38.5196434], [27.1418256, 38.5195595], [27.14145, 38.5194084], [27.1411657, 38.5192363], [27.1409512, 38.5190852], [27.1408385, 38.5189257], [27.1408546, 38.5187621], [27.1407527, 38.5186152], [27.1406186, 38.5185102], [27.1405059, 38.5184892], [27.1401411, 38.5185816], [27.1399158, 38.5186445], [27.1397763, 38.5186068], [27.1397388, 38.5184095], [27.139771, 38.5182248], [27.139771, 38.5180359], [27.1396047, 38.5177757], [27.1393847, 38.5175868], [27.1391863, 38.5173308], [27.1386874, 38.5171503], [27.1386337, 38.5172133], [27.1384835, 38.5173224], [27.1382689, 38.5174315], [27.1380544, 38.5174148], [27.1378022, 38.5172553], [27.1372336, 38.5171377], [27.136901, 38.5170916], [27.1366167, 38.5170622], [27.1364289, 38.5170412], [27.1363002, 38.517079], [27.1360803, 38.5171293], [27.1359301, 38.5171335], [27.1357852, 38.5169992], [27.1357208, 38.5167054], [27.135694, 38.5164956], [27.1356457, 38.5162605], [27.1356672, 38.51608], [27.1356618, 38.5159163], [27.1356726, 38.5156771], [27.1355492, 38.515547], [27.1353239, 38.5155805], [27.1350449, 38.5156099], [27.1347392, 38.5155428], [27.1345997, 38.5154966], [27.1341759, 38.515186], [27.1341008, 38.5150349], [27.1339613, 38.5149048], [27.1338111, 38.5147579], [27.1336234, 38.5146529], [27.1335751, 38.5144598], [27.1336502, 38.5142794], [27.1335858, 38.5140485], [27.1335214, 38.5138764], [27.1334839, 38.5137169], [27.1334678, 38.5134609], [27.1335375, 38.5133014], [27.133559, 38.5131251], [27.1334463, 38.5129698], [27.1331084, 38.5127347], [27.1326953, 38.512571], [27.1322822, 38.5123947], [27.1319497, 38.5122604], [27.1316171, 38.5120001], [27.1312415, 38.5118322], [27.131027, 38.5117147], [27.1306944, 38.5117819], [27.1303618, 38.5117567], [27.1300828, 38.5117147], [27.1300614, 38.5115048], [27.1297502, 38.5113453], [27.1294069, 38.511488], [27.1289992, 38.5118238], [27.1287954, 38.5121093], [27.128495, 38.5121848], [27.1281302, 38.5121177], [27.1278083, 38.512168], [27.1272826, 38.5121429], [27.1271002, 38.5123024], [27.126832, 38.5124283], [27.1264565, 38.5124115], [27.1262205, 38.5124619], [27.124697, 38.5137295], [27.1243215, 38.5136288], [27.1221542, 38.5130915], [27.1154395, 38.523102], [27.118364, 38.5265098], [27.1189356, 38.5275545], [27.117691, 38.528696], [27.1166181, 38.5317091], [27.1159076, 38.5336253], [27.1147513, 38.5367026], [27.1126592, 38.5364341], [27.1105885, 38.537609], [27.1108568, 38.5413014], [27.1039798, 38.539572], [27.1033581, 38.5406547], [27.1007609, 38.5405461], [27.0994949, 38.5416539], [27.1004819, 38.5454132], [27.0982933, 38.5462355]]]]}, "bbox": [27.0926499, 38.5113453, 27.1622801, 38.5580827]}, {"id": "113", "type": "Feature", "properties": {"mahalle_adi": "Sancaklı Mahallesi", "_gece_lst_str": "20.7°C"}, "geometry": {"type": "MultiPolygon", "coordinates": [[[[27.1867994, 38.5343937], [27.1866131, 38.5349402], [27.1860874, 38.5352591], [27.1851969, 38.5354354], [27.1842849, 38.535385], [27.1835339, 38.5352843], [27.1822894, 38.5355193], [27.1817207, 38.5358046], [27.1810019, 38.5359305], [27.1804654, 38.5361068], [27.1799934, 38.5363669], [27.179693, 38.5365515], [27.1793926, 38.537139], [27.1790814, 38.5375838], [27.1789205, 38.5381293], [27.1787488, 38.5384482], [27.1783304, 38.5388258], [27.1777403, 38.5391615], [27.1768069, 38.5399755], [27.1744358, 38.5418217], [27.1738136, 38.541914], [27.1729982, 38.5418804], [27.1725955, 38.5417863], [27.1721721, 38.5416454], [27.1718716, 38.5414189], [27.1715069, 38.5419559], [27.1709704, 38.5419224], [27.1706379, 38.5425349], [27.1703857, 38.5431559], [27.1700692, 38.5439783], [27.1698976, 38.5441587], [27.1697366, 38.544272], [27.1694845, 38.544402], [27.1692324, 38.5446789], [27.1692699, 38.5452705], [27.1690607, 38.5454677], [27.1690392, 38.5458663], [27.1688515, 38.5461768], [27.1685135, 38.5465753], [27.1682024, 38.5469571], [27.1680871, 38.5472026], [27.1680254, 38.5473431], [27.1679503, 38.5475529], [27.1678644, 38.5477039], [27.1676767, 38.5478004], [27.1674889, 38.5478676], [27.1673441, 38.5480228], [27.1672368, 38.5481486], [27.1670598, 38.5483249], [27.1667862, 38.5484213], [27.1664214, 38.5486227], [27.1662, 38.5489], [27.1652573, 38.5488157], [27.1648979, 38.5488073], [27.164576, 38.5488954], [27.1643186, 38.5489626], [27.1641147, 38.5491094], [27.1639001, 38.5492772], [27.163884, 38.5494912], [27.163825, 38.5497555], [27.1635354, 38.550175], [27.1630686, 38.5502212], [27.1629131, 38.5502841], [27.1626878, 38.5503722], [27.1624088, 38.5505316], [27.1622747, 38.5507875], [27.1623, 38.5513], [27.162, 38.5513], [27.1615379, 38.551454], [27.1612501, 38.5502296], [27.1611857, 38.548887], [27.1611106, 38.5483416], [27.1607458, 38.548048], [27.1605313, 38.5477962], [27.160542, 38.547469], [27.1607137, 38.5469907], [27.1608746, 38.546546], [27.1611106, 38.5459586], [27.1611571, 38.5454965], [27.161572, 38.5446244], [27.1619797, 38.5437853], [27.1622801, 38.5433321], [27.1620011, 38.5426273], [27.1616792, 38.5420063], [27.1614647, 38.5414692], [27.1609282, 38.5401769], [27.1600914, 38.5397573], [27.1599197, 38.5392874], [27.1596837, 38.5390524], [27.1592545, 38.5388174], [27.1584391, 38.5386664], [27.1580529, 38.538465], [27.1578383, 38.537995], [27.1578169, 38.5373236], [27.1579349, 38.5369292], [27.1582568, 38.5363669], [27.1585464, 38.5361319], [27.1586323, 38.5354438], [27.1584177, 38.5351752], [27.1582138, 38.5348395], [27.1583211, 38.5345374], [27.1583426, 38.5341765], [27.1580851, 38.5340926], [27.1578812, 38.5338492], [27.1577954, 38.5334296], [27.1579027, 38.5328757], [27.1576786, 38.5328847], [27.1573743, 38.5331946], [27.1569478, 38.5333121], [27.1567547, 38.5332282], [27.1564436, 38.5332282], [27.1562827, 38.5333624], [27.155993, 38.533203], [27.1558857, 38.5330939], [27.1556818, 38.5330687], [27.1553063, 38.5332114], [27.154845, 38.5330603], [27.1541262, 38.532775], [27.1540296, 38.5324728], [27.153933, 38.5321455], [27.1538365, 38.531835], [27.1536112, 38.5316084], [27.1536863, 38.5314573], [27.1539545, 38.5312307], [27.1539116, 38.5311468], [27.1538257, 38.5310628], [27.1540511, 38.5307355], [27.1541583, 38.5304585], [27.1540618, 38.5302487], [27.1538687, 38.5301228], [27.1536112, 38.5302319], [27.153461, 38.530148], [27.1532357, 38.5301732], [27.1531713, 38.5302823], [27.1530318, 38.5303075], [27.1527851, 38.5302571], [27.1524632, 38.5300557], [27.1520448, 38.5300053], [27.151519, 38.5300725], [27.151047, 38.5299382], [27.1506715, 38.5298375], [27.1503174, 38.5296738], [27.1502584, 38.5294892], [27.1502155, 38.5292793], [27.1502101, 38.5290695], [27.1502316, 38.528931], [27.150296, 38.528738], [27.1504193, 38.5284904], [27.150477, 38.5283239], [27.1503389, 38.528247], [27.150178, 38.5283183], [27.1500653, 38.5283813], [27.1498239, 38.5284904], [27.1496147, 38.5285323], [27.1495503, 38.5285281], [27.1492714, 38.5284694], [27.1490192, 38.5283393], [27.1489602, 38.5282134], [27.1488744, 38.5280539], [27.1487671, 38.527907], [27.148574, 38.5277895], [27.1484131, 38.5276133], [27.1483487, 38.527521], [27.1482682, 38.5271978], [27.1480966, 38.5269754], [27.1481341, 38.5267656], [27.1479356, 38.5265725], [27.1475977, 38.5263417], [27.1471471, 38.526178], [27.1468091, 38.5259556], [27.1464765, 38.5257164], [27.1462351, 38.5254814], [27.146278, 38.5252505], [27.1462351, 38.5250995], [27.146337, 38.5249778], [27.1465731, 38.5249736], [27.146675, 38.5248644], [27.1466803, 38.5247217], [27.1466267, 38.5245958], [27.1464926, 38.5244951], [27.1464229, 38.5243524], [27.146498, 38.5242013], [27.1465355, 38.5241384], [27.1465087, 38.5240712], [27.1464121, 38.5239537], [27.1462405, 38.5238908], [27.1460527, 38.5238068], [27.1459617, 38.5236937], [27.1460152, 38.5235844], [27.1462566, 38.5234627], [27.1463263, 38.5233662], [27.1463048, 38.5231899], [27.1462512, 38.523064], [27.1461225, 38.5229549], [27.1460259, 38.5228709], [27.1458542, 38.5228206], [27.1456397, 38.5227912], [27.1453822, 38.522724], [27.1452534, 38.5226233], [27.1451837, 38.5225646], [27.145012, 38.5226023], [27.1447223, 38.5226107], [27.1445292, 38.5225016], [27.1443254, 38.5223379], [27.1438211, 38.5221617], [27.143687, 38.5220064], [27.143687, 38.5218847], [27.143746, 38.5217504], [27.1438318, 38.5215741], [27.1439069, 38.5214356], [27.1439284, 38.5213684], [27.1439284, 38.5212425], [27.1439177, 38.5211586], [27.1438855, 38.5210914], [27.1437514, 38.5210662], [27.143687, 38.5210117], [27.1433383, 38.520785], [27.143172, 38.5206549], [27.1430218, 38.5205542], [27.1427214, 38.5204073], [27.1426785, 38.5202478], [27.142716, 38.519996], [27.1425605, 38.5199121], [27.1423191, 38.5197484], [27.1421635, 38.5196434], [27.1418256, 38.5195595], [27.14145, 38.5194084], [27.1411657, 38.5192363], [27.1409512, 38.5190852], [27.1408385, 38.5189257], [27.1408546, 38.5187621], [27.1407527, 38.5186152], [27.1406186, 38.5185102], [27.1405059, 38.5184892], [27.1401411, 38.5185816], [27.1399158, 38.5186445], [27.1397763, 38.5186068], [27.1397388, 38.5184095], [27.139771, 38.5182248], [27.139771, 38.5180359], [27.1396047, 38.5177757], [27.1393847, 38.5175868], [27.1391863, 38.5173308], [27.1386874, 38.5171503], [27.1386337, 38.5172133], [27.1384835, 38.5173224], [27.1382689, 38.5174315], [27.1380544, 38.5174148], [27.1378022, 38.5172553], [27.1372336, 38.5171377], [27.136901, 38.5170916], [27.1366167, 38.5170622], [27.1364289, 38.5170412], [27.1363002, 38.517079], [27.1360803, 38.5171293], [27.1359301, 38.5171335], [27.1357852, 38.5169992], [27.1357208, 38.5167054], [27.135694, 38.5164956], [27.1356457, 38.5162605], [27.1356672, 38.51608], [27.1356618, 38.5159163], [27.1356726, 38.5156771], [27.1355492, 38.515547], [27.1353239, 38.5155805], [27.1350449, 38.5156099], [27.1347392, 38.5155428], [27.1345997, 38.5154966], [27.1341759, 38.515186], [27.1341008, 38.5150349], [27.1339613, 38.5149048], [27.1338111, 38.5147579], [27.1336234, 38.5146529], [27.1335751, 38.5144598], [27.1336502, 38.5142794], [27.1335858, 38.5140485], [27.1335214, 38.5138764], [27.1334839, 38.5137169], [27.1334678, 38.5134609], [27.1335375, 38.5133014], [27.133559, 38.5131251], [27.1334463, 38.5129698], [27.1331084, 38.5127347], [27.1326953, 38.512571], [27.1322822, 38.5123947], [27.1390823, 38.5089055], [27.1409672, 38.5050865], [27.1414769, 38.5037053], [27.1425337, 38.5012452], [27.1415735, 38.4999774], [27.1428394, 38.4997423], [27.142936, 38.4998766], [27.1430433, 38.5001033], [27.143172, 38.5002461], [27.1434724, 38.5003132], [27.1440196, 38.5003363], [27.1444595, 38.5005022], [27.1446821, 38.5006953], [27.1450013, 38.5009682], [27.1452668, 38.5010731], [27.145645, 38.5012662], [27.1460393, 38.50143], [27.14616, 38.501579], [27.1463853, 38.5018456], [27.1458891, 38.5022612], [27.1458676, 38.5024018], [27.1458515, 38.5027587], [27.1459481, 38.5029203], [27.1462217, 38.5030882], [27.1464309, 38.503275], [27.1468574, 38.5036109], [27.1470371, 38.5037998], [27.1471444, 38.5039971], [27.1471256, 38.5041524], [27.1472838, 38.5042532], [27.1477264, 38.5045071], [27.1479624, 38.5046415], [27.1482119, 38.5047527], [27.1483836, 38.5048829], [27.1485901, 38.5052229], [27.148928, 38.5056616], [27.1496817, 38.5048913], [27.1503872, 38.5051641], [27.1504113, 38.5053614], [27.1508914, 38.5056322], [27.1510872, 38.5059155], [27.1510148, 38.505989], [27.1509504, 38.5060604], [27.1507037, 38.5062997], [27.1508861, 38.5067278], [27.1512079, 38.5069797], [27.151503, 38.5073071], [27.1522057, 38.5078906], [27.1524256, 38.508239], [27.1527797, 38.5085329], [27.1532303, 38.5087092], [27.1533483, 38.5090576], [27.1536112, 38.5093011], [27.1539545, 38.5093766], [27.1542174, 38.5095235], [27.1544909, 38.5097754], [27.1546948, 38.510128], [27.1548396, 38.5107702], [27.1554726, 38.5112614], [27.1555906, 38.5116056], [27.1556765, 38.511954], [27.1557087, 38.5122604], [27.1556604, 38.5124954], [27.1555155, 38.5127347], [27.15536, 38.512911], [27.1553814, 38.513167], [27.1553546, 38.5133727], [27.1554244, 38.5134483], [27.1562022, 38.5139226], [27.1565831, 38.5140107], [27.1573502, 38.5139981], [27.1580154, 38.5139604], [27.1586001, 38.513868], [27.1589273, 38.5140821], [27.1594477, 38.5141828], [27.1600807, 38.51425], [27.1607727, 38.5142584], [27.1615237, 38.5145648], [27.1618616, 38.5150139], [27.1628487, 38.5150559], [27.1632779, 38.5155931], [27.1634495, 38.5160632], [27.1640611, 38.5165669], [27.1640718, 38.517398], [27.1642434, 38.5179268], [27.1644366, 38.5184641], [27.1648872, 38.5187495], [27.1652627, 38.5190181], [27.1653271, 38.5197736], [27.1658635, 38.5201513], [27.166475, 38.5201597], [27.1668398, 38.5204283], [27.1673548, 38.5208228], [27.1680951, 38.5208564], [27.1687388, 38.5210998], [27.1698546, 38.5219224], [27.17067, 38.5217797], [27.1711421, 38.5220483], [27.1716142, 38.5220399], [27.1724939, 38.521998], [27.1732664, 38.5222162], [27.1740818, 38.5227534], [27.1763348, 38.5241972], [27.1776867, 38.525238], [27.1784377, 38.5255066], [27.1802401, 38.5258591], [27.1838236, 38.5263963], [27.1844673, 38.5258927], [27.1862161, 38.5251961], [27.1856904, 38.526027], [27.1855968, 38.5275247], [27.1856689, 38.5281672], [27.1860338, 38.5290233], [27.1866989, 38.5297704], [27.1869456, 38.5307187], [27.1868705, 38.5314825], [27.1866345, 38.5328505], [27.1864736, 38.5337233], [27.1863717, 38.5340338], [27.1866238, 38.5342394], [27.1867994, 38.5343937]]]]}, "bbox": [27.1322822, 38.4997423, 27.1869456, 38.551454]}, {"id": "156", "type": "Feature", "properties": {"mahalle_adi": "Kaynaklar Merkez Mahallesi", "_gece_lst_str": "20.6°C"}, "geometry": {"type": "MultiPolygon", "coordinates": [[[[27.3408722, 38.3753249], [27.3408687, 38.374654], [27.3408067, 38.3739121], [27.3466873, 38.3767547], [27.3452496, 38.3791769], [27.3439024, 38.3802401], [27.342997, 38.3802275], [27.3419666, 38.3808254], [27.3406362, 38.3821711], [27.3393488, 38.3859387], [27.3393043, 38.3860211], [27.3380398, 38.3883607], [27.3381042, 38.3891344], [27.3377609, 38.3895716], [27.3368167, 38.3890334], [27.3350143, 38.3913881], [27.3369562, 38.3932632], [27.3347354, 38.3937089], [27.3336116, 38.393774], [27.3325789, 38.3941294], [27.3322356, 38.3944909], [27.3316777, 38.3951468], [27.3313022, 38.3954915], [27.3309159, 38.3958699], [27.330519, 38.396181], [27.3302507, 38.396551], [27.3299611, 38.3970051], [27.3297465, 38.3973498], [27.3294997, 38.3975853], [27.3291242, 38.3977618], [27.3286521, 38.397972], [27.3279977, 38.3983252], [27.3278689, 38.3985354], [27.32759, 38.3987877], [27.3273432, 38.3992249], [27.3271501, 38.3996369], [27.326839, 38.4000489], [27.3263776, 38.4003348], [27.3260343, 38.4005113], [27.3257875, 38.4006543], [27.3256481, 38.4008308], [27.3254871, 38.4011167], [27.3251974, 38.4014782], [27.324661, 38.4018818], [27.3242855, 38.4021088], [27.3239314, 38.4023779], [27.3235989, 38.4028067], [27.323159, 38.403412], [27.322998, 38.403782], [27.3229444, 38.4043537], [27.3230195, 38.40469], [27.3232019, 38.4049675], [27.3235023, 38.4051945], [27.3235881, 38.4054635], [27.3234379, 38.4060941], [27.3232233, 38.406464], [27.323041, 38.4066069], [27.3226869, 38.4066069], [27.322365, 38.4065733], [27.3219788, 38.4066994], [27.3215711, 38.4068507], [27.3210883, 38.4075485], [27.3207557, 38.407868], [27.3204446, 38.4082884], [27.3200905, 38.4087928], [27.319715, 38.4091963], [27.3194253, 38.4094485], [27.3193502, 38.4097512], [27.3191142, 38.4099193], [27.318052, 38.4102052], [27.3174727, 38.4106087], [27.3171401, 38.4108609], [27.3167109, 38.4110038], [27.3163783, 38.4111383], [27.316196, 38.4115419], [27.3160994, 38.4119874], [27.3158204, 38.4123237], [27.3156166, 38.4126936], [27.3156702, 38.4132652], [27.31552, 38.4135426], [27.314769, 38.4141899], [27.3144472, 38.414501], [27.3141682, 38.4146607], [27.3139965, 38.4147868], [27.3136854, 38.4149717], [27.3134494, 38.4150642], [27.3129988, 38.4151062], [27.3124194, 38.4151651], [27.3119366, 38.4152828], [27.3112285, 38.4156947], [27.3104775, 38.4159973], [27.3098552, 38.4161907], [27.309308, 38.4162747], [27.3089325, 38.4162327], [27.3086643, 38.4158628], [27.3018027, 38.4168899], [27.3018225, 38.4149856], [27.3013326, 38.4134279], [27.3010095, 38.4124006], [27.3006177, 38.411483], [27.3001657, 38.4106169], [27.2993054, 38.4089283], [27.2983861, 38.4083388], [27.2972488, 38.4078008], [27.2946047, 38.4071407], [27.2882829, 38.4065093], [27.2837305, 38.4063547], [27.2795892, 38.4056148], [27.2743749, 38.4039838], [27.2711777, 38.4030757], [27.2665214, 38.4019155], [27.2646346, 38.4010849], [27.2632599, 38.3992081], [27.2626038, 38.3977367], [27.2620044, 38.3961637], [27.2619354, 38.3918572], [27.2616131, 38.3912105], [27.2608766, 38.3873603], [27.260437, 38.38532], [27.2574279, 38.3803811], [27.2583675, 38.3808043], [27.2590005, 38.3808632], [27.2600124, 38.3804117], [27.2625094, 38.3800844], [27.2650785, 38.3808652], [27.2671213, 38.3805387], [27.2686236, 38.381447], [27.2710338, 38.382228], [27.2742321, 38.3811659], [27.2773445, 38.3814446], [27.2854909, 38.3797089], [27.287743, 38.3788783], [27.2871208, 38.3786597], [27.286874, 38.3782812], [27.2866916, 38.3773812], [27.286638, 38.3768177], [27.286756, 38.3763215], [27.2869598, 38.3757664], [27.2871744, 38.3752869], [27.2875499, 38.3749673], [27.2879791, 38.3746898], [27.2892987, 38.3742776], [27.2892558, 38.3740505], [27.2888374, 38.3738318], [27.2884297, 38.3737477], [27.2885262, 38.37363], [27.2887837, 38.3732599], [27.2885799, 38.3727972], [27.2883013, 38.3725692], [27.2879785, 38.3713186], [27.2868418, 38.3707995], [27.2863966, 38.3707406], [27.286123, 38.3706944], [27.2858494, 38.3706818], [27.2855865, 38.3707491], [27.285372, 38.3708752], [27.2852003, 38.3710182], [27.2850286, 38.371157], [27.284798, 38.3711823], [27.2846049, 38.3712369], [27.2840738, 38.3712537], [27.283591, 38.3712369], [27.2831028, 38.3711065], [27.2824966, 38.3708206], [27.2818797, 38.3704084], [27.2810858, 38.3696892], [27.2807317, 38.3694453], [27.2803294, 38.3693401], [27.2799861, 38.3692728], [27.2797018, 38.3691424], [27.2795087, 38.3689658], [27.2791707, 38.3686588], [27.2788864, 38.3684485], [27.2786396, 38.3683854], [27.2782158, 38.3682886], [27.2780495, 38.3681625], [27.2778403, 38.3679396], [27.277674, 38.3676662], [27.2775667, 38.367397], [27.2774541, 38.3671446], [27.2772824, 38.3669133], [27.2771948, 38.3668154], [27.2771054, 38.3667156], [27.277076, 38.3666957], [27.2768694, 38.3665558], [27.2765475, 38.366417], [27.2762686, 38.3663371], [27.2762095, 38.3662025], [27.2764724, 38.36611], [27.2768533, 38.3660385], [27.2772288, 38.3660469], [27.2774487, 38.3659754], [27.2775882, 38.3657735], [27.2777223, 38.3655253], [27.2778725, 38.3650879], [27.2780227, 38.3648397], [27.2782909, 38.3646505], [27.2784787, 38.3645201], [27.2786182, 38.3643644], [27.2784143, 38.3642172], [27.2783017, 38.3640069], [27.278189, 38.3638134], [27.2781837, 38.3636157], [27.2782212, 38.3634307], [27.2781085, 38.3633381], [27.2779047, 38.3632498], [27.2776955, 38.3631867], [27.2774648, 38.3631615], [27.2770732, 38.3630816], [27.2769606, 38.3630016], [27.2768855, 38.3629217], [27.2767728, 38.3629259], [27.2766119, 38.3630185], [27.2764456, 38.3631194], [27.27629, 38.3631278], [27.2761452, 38.3630353], [27.2759628, 38.3628923], [27.2759681, 38.3626988], [27.2760111, 38.3623455], [27.2760969, 38.3621057], [27.2761827, 38.3619669], [27.2763168, 38.3618659], [27.2764349, 38.3618113], [27.27651, 38.3617019], [27.2754907, 38.361664], [27.2754961, 38.3612224], [27.2755926, 38.3610205], [27.2756302, 38.3607891], [27.2755819, 38.3605199], [27.2754961, 38.3601834], [27.2754746, 38.3599605], [27.2754424, 38.3597249], [27.2753942, 38.359523], [27.2753083, 38.3593674], [27.2751688, 38.3592832], [27.2750616, 38.3591024], [27.2750669, 38.3589215], [27.2749811, 38.3588037], [27.2748953, 38.3585177], [27.2748094, 38.3583284], [27.2746592, 38.358198], [27.2745037, 38.3580255], [27.274391, 38.3577689], [27.2742784, 38.3574829], [27.2741013, 38.3572683], [27.2736185, 38.3567131], [27.273361, 38.3564439], [27.2731572, 38.3562419], [27.2728568, 38.3560316], [27.2725778, 38.3558633], [27.2722989, 38.3556783], [27.2721111, 38.3555605], [27.2719234, 38.3554974], [27.2717624, 38.3553712], [27.2711509, 38.3549295], [27.2707968, 38.3546308], [27.2706198, 38.3545593], [27.2703999, 38.3544709], [27.2703033, 38.3543616], [27.2702068, 38.3542059], [27.270137, 38.354004], [27.2700297, 38.353739], [27.270019, 38.3535791], [27.2700458, 38.3533225], [27.2701263, 38.3531122], [27.2701263, 38.3529397], [27.2700566, 38.3528009], [27.2698849, 38.3526158], [27.2697293, 38.3524559], [27.2695577, 38.3523087], [27.2693377, 38.3521404], [27.2691231, 38.35201], [27.2688281, 38.3519216], [27.2684097, 38.3518122], [27.2681522, 38.3517365], [27.2678464, 38.3516061], [27.2675621, 38.351522], [27.2673583, 38.3514042], [27.2670042, 38.3512107], [27.2668057, 38.3510508], [27.2667253, 38.3508867], [27.2666341, 38.3506722], [27.2665321, 38.3505081], [27.2663658, 38.3502851], [27.2662317, 38.3501169], [27.2659206, 38.3497929], [27.2657865, 38.3496373], [27.2656899, 38.3495111], [27.2655934, 38.3493428], [27.2655742, 38.3492743], [27.2655451, 38.3491703], [27.2655397, 38.3490315], [27.2655934, 38.3488421], [27.2655987, 38.3487159], [27.2654753, 38.3485729], [27.2653037, 38.3484761], [27.2650301, 38.3484004], [27.2648316, 38.3483457], [27.2646868, 38.3482742], [27.2645741, 38.3481269], [27.2645956, 38.3479166], [27.2646546, 38.3476642], [27.264719, 38.3474328], [27.2647511, 38.3472729], [27.2646814, 38.3471383], [27.2645258, 38.3469363], [27.2644668, 38.3467386], [27.264381, 38.3465157], [27.264314, 38.346299], [27.2642308, 38.3459771], [27.2638446, 38.3452787], [27.2636193, 38.3448916], [27.26341, 38.3446182], [27.2631633, 38.3443363], [27.2625337, 38.3437926], [27.2618738, 38.3431954], [27.2617927, 38.3431288], [27.261394, 38.342717], [27.2612482, 38.3425397], [27.260583, 38.3420727], [27.2599868, 38.341684], [27.2597569, 38.3415342], [27.2593277, 38.3413154], [27.2589683, 38.3410082], [27.2582924, 38.3404697], [27.2576594, 38.3399101], [27.2578204, 38.3397881], [27.2581422, 38.3394346], [27.2584212, 38.3391569], [27.2586787, 38.3390475], [27.2589254, 38.3388456], [27.2591722, 38.3385931], [27.2594082, 38.3380293], [27.2597623, 38.3371709], [27.2601914, 38.3362284], [27.2603094, 38.3359338], [27.2605133, 38.3357571], [27.2619188, 38.3349408], [27.2631633, 38.334318], [27.2636247, 38.3339982], [27.2638392, 38.3337794], [27.2642791, 38.3328705], [27.2648477, 38.3313136], [27.2651267, 38.3307244], [27.26547, 38.3302531], [27.265867, 38.3300175], [27.2663927, 38.3295798], [27.2668862, 38.3291842], [27.2671437, 38.3289486], [27.2675621, 38.3287718], [27.2680128, 38.3286456], [27.2710494, 38.3296767], [27.2722506, 38.3292449], [27.2788759, 38.3288718], [27.2821685, 38.3293645], [27.2819602, 38.3300595], [27.2820246, 38.3302489], [27.2821158, 38.3304256], [27.2824109, 38.3306066], [27.2825825, 38.3306655], [27.2827274, 38.3307749], [27.2827434, 38.3309054], [27.2827381, 38.3310358], [27.282663, 38.331263], [27.2825611, 38.3314692], [27.2824484, 38.3315913], [27.2822607, 38.331747], [27.2830861, 38.3318769], [27.2834185, 38.331745], [27.2837977, 38.3320063], [27.2844475, 38.3317902], [27.2850557, 38.3325515], [27.2858736, 38.3327759], [27.2863597, 38.3332634], [27.2865404, 38.3330484], [27.2884476, 38.3332463], [27.2972594, 38.3383728], [27.2977866, 38.3384946], [27.3091494, 38.341119], [27.3276114, 38.3513658], [27.3400965, 38.3738668], [27.3408722, 38.3753249]]]]}, "bbox": [27.2574279, 38.3286456, 27.3466873, 38.4168899]}, {"id": "157", "type": "Feature", "properties": {"mahalle_adi": "Yıldızlar Mahallesi", "_gece_lst_str": "20.2°C"}, "geometry": {"type": "MultiPolygon", "coordinates": [[[[27.2248024, 38.3047998], [27.2250759, 38.3053115], [27.2253871, 38.305842], [27.2259664, 38.3067512], [27.22646, 38.3074416], [27.2271466, 38.3083087], [27.2276509, 38.3088896], [27.2282624, 38.3097735], [27.2289061, 38.3106154], [27.2295713, 38.3114572], [27.2300756, 38.3121139], [27.2304082, 38.3126611], [27.2307944, 38.3132503], [27.2316313, 38.3148835], [27.2320604, 38.3157842], [27.2325754, 38.316828], [27.2328758, 38.3174341], [27.2334659, 38.3185957], [27.2338843, 38.3194795], [27.2346568, 38.3209863], [27.235086, 38.3218785], [27.2354936, 38.3226865], [27.2358048, 38.3233599], [27.2362554, 38.3244289], [27.2364592, 38.3249928], [27.2366416, 38.3256325], [27.2367704, 38.3263563], [27.2368348, 38.3271811], [27.236942, 38.3281069], [27.2369635, 38.3286203], [27.2368991, 38.3293778], [27.236824, 38.330068], [27.2365773, 38.3309432], [27.2363734, 38.3318606], [27.2360623, 38.3331651], [27.2357404, 38.3344864], [27.2354078, 38.3357487], [27.2353593, 38.3359436], [27.2371993, 38.3349172], [27.2388485, 38.3326078], [27.2391839, 38.3310876], [27.240835, 38.329368], [27.2421593, 38.3317786], [27.2433875, 38.3325627], [27.2447204, 38.3347136], [27.2450745, 38.3345537], [27.2457338, 38.335132], [27.2469798, 38.3344501], [27.2472276, 38.3338954], [27.2484863, 38.333224], [27.2493017, 38.3337794], [27.2497685, 38.3340685], [27.2499132, 38.3341581], [27.2514689, 38.3350923], [27.2522092, 38.3355804], [27.2523701, 38.335673], [27.2527027, 38.335673], [27.2530353, 38.3356477], [27.253325, 38.3356814], [27.2536361, 38.3359423], [27.25384, 38.3362789], [27.2539365, 38.3366155], [27.2540009, 38.3370615], [27.2540438, 38.3375075], [27.2542477, 38.3378862], [27.2544622, 38.3382228], [27.2544408, 38.3386941], [27.2545373, 38.339443], [27.2548807, 38.3397292], [27.2554171, 38.3401078], [27.2558033, 38.340335], [27.2563398, 38.3403771], [27.2566831, 38.3403014], [27.2572625, 38.3401078], [27.2575414, 38.3400069], [27.2576594, 38.3399101], [27.2578204, 38.3397881], [27.2581422, 38.3394346], [27.2584212, 38.3391569], [27.2586787, 38.3390475], [27.2589254, 38.3388456], [27.2591722, 38.3385931], [27.2594082, 38.3380293], [27.2597623, 38.3371709], [27.2601914, 38.3362284], [27.2603094, 38.3359338], [27.2605133, 38.3357571], [27.2619188, 38.3349408], [27.2631633, 38.334318], [27.2636247, 38.3339982], [27.2638392, 38.3337794], [27.2642791, 38.3328705], [27.2648477, 38.3313136], [27.2651267, 38.3307244], [27.26547, 38.3302531], [27.265867, 38.3300175], [27.2663927, 38.3295798], [27.2668862, 38.3291842], [27.2671437, 38.3289486], [27.2675621, 38.3287718], [27.2680128, 38.3286456], [27.2657563, 38.3276016], [27.2537154, 38.3186612], [27.2513187, 38.3164576], [27.2509432, 38.3163313], [27.2505462, 38.3162303], [27.2503531, 38.3160704], [27.2502458, 38.3158431], [27.2498488, 38.315338], [27.2495055, 38.3150013], [27.2491407, 38.3147151], [27.2488403, 38.3145046], [27.2485261, 38.3140387], [27.2470733, 38.3111886], [27.2462014, 38.3109973], [27.245191, 38.3100985], [27.2443438, 38.3091349], [27.2443676, 38.3081266], [27.2433815, 38.3063481], [27.2424267, 38.3057709], [27.2413387, 38.306052], [27.2410378, 38.3056236], [27.2401648, 38.3050676], [27.2397126, 38.3048861], [27.237984, 38.3041925], [27.2368903, 38.3027574], [27.2353905, 38.3019667], [27.2347113, 38.3024185], [27.2313335, 38.3017388], [27.2283392, 38.3018305], [27.2278238, 38.3024107], [27.2283736, 38.3041258], [27.227447, 38.3048485], [27.2253187, 38.3048348], [27.2248024, 38.3047998]]]]}, "bbox": [27.2248024, 38.3017388, 27.2680128, 38.3403771]}, {"id": "158", "type": "Feature", "properties": {"mahalle_adi": "Kırklar Mahallesi", "_gece_lst_str": "20.6°C"}, "geometry": {"type": "MultiPolygon", "coordinates": [[[[27.3408067, 38.3739121], [27.3403699, 38.3724338], [27.3424386, 38.3721958], [27.3456573, 38.3722295], [27.3491764, 38.3726416], [27.3501313, 38.3727174], [27.3519614, 38.3729656], [27.3554206, 38.3709678], [27.3563647, 38.3707996], [27.3594408, 38.3708794], [27.3629951, 38.3697566], [27.3646688, 38.3682088], [27.3669004, 38.3658871], [27.3683488, 38.363641], [27.3696685, 38.3620679], [27.3674583, 38.3613781], [27.3659992, 38.3599647], [27.3641538, 38.3591571], [27.3626518, 38.3581476], [27.3606777, 38.3559938], [27.3581779, 38.3541933], [27.3572838, 38.3533583], [27.3566407, 38.3522524], [27.3559285, 38.3502838], [27.3523307, 38.3487244], [27.3508501, 38.3474118], [27.3500991, 38.3463011], [27.3491335, 38.3449884], [27.3487801, 38.3439335], [27.3485326, 38.342868], [27.348082, 38.3415132], [27.3474662, 38.3402836], [27.350657, 38.3388287], [27.3510754, 38.3385258], [27.3515904, 38.3380377], [27.352041, 38.3376674], [27.3525667, 38.3374907], [27.3529315, 38.3372382], [27.3538112, 38.3356814], [27.3532963, 38.3352438], [27.3525238, 38.3346378], [27.3518801, 38.3344527], [27.350893, 38.3339478], [27.3500561, 38.3334765], [27.3494553, 38.3330052], [27.3490584, 38.3324076], [27.3484898, 38.3320037], [27.3483393, 38.3317369], [27.3482108, 38.3313388], [27.3484039, 38.3309601], [27.3485219, 38.3308338], [27.3487472, 38.3306319], [27.3487043, 38.3304719], [27.348479, 38.3300848], [27.3483288, 38.3297566], [27.3478353, 38.3295882], [27.3476957, 38.3292516], [27.3477495, 38.3288223], [27.3480499, 38.3285194], [27.3482644, 38.3284268], [27.3483825, 38.3280817], [27.3483074, 38.3278124], [27.3483073, 38.3273958], [27.3482966, 38.3270759], [27.3477334, 38.3265036], [27.347669, 38.3264278], [27.3475939, 38.3262848], [27.3475349, 38.326188], [27.3475832, 38.3261248], [27.3476529, 38.3260323], [27.3478246, 38.3258513], [27.3478514, 38.3258008], [27.3479372, 38.325725], [27.3479533, 38.325603], [27.3478085, 38.325422], [27.3477012, 38.3252116], [27.3474705, 38.3250601], [27.3472345, 38.3248076], [27.3471165, 38.3246561], [27.3469555, 38.3244289], [27.3469019, 38.3241679], [27.3469382, 38.323951], [27.3486614, 38.3197489], [27.3439661, 38.3174994], [27.343009, 38.3166322], [27.3428659, 38.3151548], [27.3430827, 38.3130089], [27.3399364, 38.3130062], [27.3366229, 38.3128131], [27.3359682, 38.3118973], [27.3352414, 38.3117325], [27.3349392, 38.3115078], [27.3347729, 38.3112678], [27.3346817, 38.3110153], [27.3346817, 38.3104975], [27.3347964, 38.3103394], [27.3349304, 38.3098862], [27.3353982, 38.3096584], [27.3359711, 38.3092515], [27.3368628, 38.309094], [27.336148, 38.308238], [27.3343961, 38.3088151], [27.334227, 38.3082316], [27.3344976, 38.3078614], [27.3343458, 38.3077426], [27.3345905, 38.3068985], [27.3347036, 38.3066094], [27.3345063, 38.306455], [27.3345511, 38.3063476], [27.334258, 38.3060356], [27.3339122, 38.305539], [27.3332816, 38.304276], [27.3331261, 38.3041455], [27.3329276, 38.3040445], [27.3326915, 38.3040234], [27.332375, 38.3040276], [27.3318547, 38.3040529], [27.3321314, 38.303089], [27.3309639, 38.3024487], [27.3305232, 38.3019852], [27.3299897, 38.301069], [27.3297325, 38.301034], [27.329402, 38.3015235], [27.3290491, 38.3013881], [27.3285842, 38.3012755], [27.3284332, 38.3013356], [27.3279903, 38.3003834], [27.3282319, 38.3002873], [27.3282152, 38.2999418], [27.3284565, 38.2997981], [27.3281516, 38.2992507], [27.327885, 38.2994516], [27.3272617, 38.2997895], [27.3269716, 38.2991706], [27.3273632, 38.2988239], [27.3271823, 38.2982476], [27.3269945, 38.2981423], [27.3267156, 38.2979108], [27.3264956, 38.2977339], [27.326442, 38.2976034], [27.3255032, 38.2969593], [27.3256105, 38.2967909], [27.3257661, 38.2965425], [27.325809, 38.2963657], [27.3258036, 38.2962352], [27.32575, 38.2960668], [27.3256427, 38.2958899], [27.3256856, 38.29573], [27.3257017, 38.2955531], [27.325632, 38.2954605], [27.3254389, 38.29533], [27.3253584, 38.2952205], [27.3253691, 38.2950732], [27.3254399, 38.2948486], [27.3251809, 38.2944084], [27.3249361, 38.2937834], [27.3245752, 38.2939196], [27.3241649, 38.2937855], [27.322843, 38.2923769], [27.3225214, 38.291466], [27.3219894, 38.2891256], [27.3212002, 38.2891635], [27.3209596, 38.287444], [27.3205304, 38.2874903], [27.320069, 38.2875787], [27.3198545, 38.2876082], [27.3195487, 38.2876713], [27.3187172, 38.287924], [27.3179769, 38.2882861], [27.3170221, 38.2889092], [27.3151962, 38.2895146], [27.3097327, 38.2919722], [27.3083045, 38.2929394], [27.3064756, 38.2924292], [27.3044908, 38.2917302], [27.3039007, 38.2915955], [27.3032033, 38.2914524], [27.3026669, 38.2912924], [27.302941, 38.2915023], [27.302836, 38.2917051], [27.3030647, 38.2921574], [27.3012752, 38.2945933], [27.3005372, 38.2985801], [27.3003602, 38.298597], [27.299931, 38.2987233], [27.2996467, 38.2987022], [27.2994375, 38.2986391], [27.2990674, 38.2987149], [27.2984934, 38.2987275], [27.2980696, 38.2988075], [27.2977531, 38.2988959], [27.2975814, 38.2986896], [27.2972274, 38.2987107], [27.2970263, 38.2984179], [27.2967079, 38.2982399], [27.2965425, 38.2984668], [27.2951437, 38.2984941], [27.2948267, 38.2986379], [27.2940756, 38.2980141], [27.2930082, 38.2977129], [27.2872313, 38.2996758], [27.2870981, 38.300409], [27.2873761, 38.3018743], [27.2867664, 38.3025908], [27.2869943, 38.3028405], [27.2885964, 38.3063941], [27.2888042, 38.3073053], [27.2900062, 38.3071951], [27.2903271, 38.3080166], [27.2897172, 38.3086796], [27.2904729, 38.3104475], [27.2923297, 38.3139238], [27.2926247, 38.3141132], [27.2928661, 38.3143489], [27.2931182, 38.3147572], [27.2933972, 38.315136], [27.2935903, 38.3157126], [27.2938532, 38.3163271], [27.2938585, 38.3168196], [27.293939, 38.3173288], [27.2939873, 38.317594], [27.2939604, 38.317956], [27.2940463, 38.3183053], [27.2940248, 38.3184863], [27.2939658, 38.3186715], [27.2939712, 38.3188819], [27.2941643, 38.3191302], [27.2941214, 38.3197994], [27.2957522, 38.3201235], [27.295602, 38.3203592], [27.2954893, 38.3207001], [27.2956932, 38.3210957], [27.295838, 38.3214702], [27.2959399, 38.3216723], [27.2961652, 38.3218911], [27.2963422, 38.3220468], [27.2966694, 38.322195], [27.296707, 38.3234188], [27.2967929, 38.3237639], [27.2968841, 38.32413], [27.2969109, 38.3242942], [27.2968841, 38.3245425], [27.296825, 38.3246729], [27.2965246, 38.3248076], [27.2961867, 38.324997], [27.296015, 38.3251948], [27.2957897, 38.3252663], [27.295543, 38.3254094], [27.295543, 38.3256198], [27.2955483, 38.3258892], [27.2955805, 38.3261669], [27.2956878, 38.326289], [27.2958648, 38.3264152], [27.2960043, 38.326533], [27.2961599, 38.3267266], [27.2964549, 38.326815], [27.2969913, 38.3269539], [27.2974688, 38.3270086], [27.2977745, 38.3270044], [27.2979623, 38.3269581], [27.2981501, 38.3270086], [27.2982573, 38.3271348], [27.2964978, 38.3283216], [27.2965246, 38.3288602], [27.2965515, 38.3291211], [27.2965407, 38.3293357], [27.2965676, 38.3294956], [27.2965729, 38.3297439], [27.2966266, 38.3299838], [27.2967499, 38.3300974], [27.2969699, 38.3302531], [27.2971094, 38.3303751], [27.2970986, 38.3304846], [27.2969592, 38.3306487], [27.2966212, 38.3308338], [27.296353, 38.3310737], [27.2963583, 38.331343], [27.2964388, 38.3314356], [27.2965515, 38.3315324], [27.2965246, 38.3316207], [27.2963798, 38.3316881], [27.2962081, 38.3318269], [27.2959882, 38.3320037], [27.2960204, 38.3322477], [27.2962081, 38.3324076], [27.2963744, 38.3325591], [27.2965461, 38.3326433], [27.2967231, 38.3327022], [27.2967446, 38.3328453], [27.2968197, 38.3330178], [27.2969699, 38.3332029], [27.2972166, 38.3334386], [27.2974634, 38.3334554], [27.2977477, 38.3335227], [27.2979087, 38.3335396], [27.2979945, 38.3335817], [27.2979784, 38.3336574], [27.2978282, 38.3337373], [27.2975492, 38.333893], [27.2971791, 38.3340193], [27.2966802, 38.3341623], [27.2964227, 38.3342086], [27.2963798, 38.3343096], [27.296589, 38.3345158], [27.296927, 38.3347304], [27.2971576, 38.3348861], [27.2972488, 38.3349997], [27.2971845, 38.3350797], [27.297045, 38.3350797], [27.2968626, 38.3350965], [27.2966212, 38.3351344], [27.2963583, 38.3351722], [27.2961706, 38.3352438], [27.2960687, 38.3354163], [27.2960579, 38.3354794], [27.2960204, 38.3355678], [27.2959453, 38.3356645], [27.2957468, 38.3356898], [27.2954839, 38.3356603], [27.2953176, 38.335673], [27.2952318, 38.3357529], [27.295205, 38.3359212], [27.2952157, 38.3360979], [27.2953337, 38.3362452], [27.2955751, 38.3364514], [27.2957951, 38.3365987], [27.2959292, 38.3367628], [27.2960794, 38.3369016], [27.2962403, 38.3370531], [27.2964388, 38.3371541], [27.2965568, 38.3372088], [27.2966105, 38.3373392], [27.2966856, 38.3374907], [27.2968572, 38.3376296], [27.2970289, 38.3377684], [27.2972381, 38.3379199], [27.2973561, 38.3380209], [27.2974956, 38.3381176], [27.2976083, 38.3381471], [27.2978336, 38.3381976], [27.2979891, 38.3382397], [27.298075, 38.3383028], [27.298032, 38.3383953], [27.2977866, 38.3384946], [27.3091494, 38.341119], [27.3276114, 38.3513658], [27.3400965, 38.3738668], [27.3408722, 38.3753249], [27.3408687, 38.374654], [27.3408067, 38.3739121]]]]}, "bbox": [27.2867664, 38.287444, 27.3696685, 38.3753249]}, {"id": "160", "type": "Feature", "properties": {"mahalle_adi": "Belenbaşı Mahallesi", "_gece_lst_str": "20.6°C"}, "geometry": {"type": "MultiPolygon", "coordinates": [[[[27.2397126, 38.3048861], [27.2398657, 38.3045412], [27.2399354, 38.3042128], [27.2400749, 38.3039055], [27.2400641, 38.3035435], [27.2400588, 38.3033204], [27.2400534, 38.3030594], [27.24015, 38.3028321], [27.2402197, 38.3025795], [27.2404772, 38.3023732], [27.2409332, 38.3022722], [27.2415125, 38.3022175], [27.2416413, 38.3020827], [27.2417968, 38.3017881], [27.2419363, 38.3016744], [27.2422045, 38.301586], [27.2426283, 38.3015313], [27.243903, 38.3016015], [27.2460325, 38.3007211], [27.2469854, 38.3007549], [27.2475741, 38.300414], [27.2475099, 38.2997884], [27.2475099, 38.2994432], [27.2473597, 38.2988538], [27.2477475, 38.2980539], [27.2492863, 38.2969601], [27.2489476, 38.2962857], [27.2489652, 38.295906], [27.2490994, 38.2953695], [27.249436, 38.2942961], [27.2491627, 38.2939749], [27.2491389, 38.2936353], [27.249725, 38.2925793], [27.2503398, 38.2932573], [27.2503184, 38.2936328], [27.2512733, 38.2942743], [27.251544, 38.2945343], [27.2527993, 38.2941217], [27.2535074, 38.2941301], [27.2544837, 38.2943406], [27.2556102, 38.2944838], [27.2559214, 38.2946858], [27.2562432, 38.294829], [27.2565865, 38.2948627], [27.2577989, 38.2950142], [27.2582388, 38.2951069], [27.2584212, 38.2953089], [27.2587216, 38.2954942], [27.2593331, 38.2957552], [27.2599983, 38.2957721], [27.2602558, 38.2957636], [27.2605455, 38.2959489], [27.2608137, 38.2960247], [27.2610497, 38.2960331], [27.2615325, 38.2959994], [27.2616827, 38.2959994], [27.2620046, 38.296092], [27.2624123, 38.2961931], [27.2626912, 38.2962436], [27.2628522, 38.2967993], [27.2630131, 38.2972372], [27.2632921, 38.2977003], [27.2635603, 38.2980118], [27.2638714, 38.2982728], [27.264322, 38.2983149], [27.2645152, 38.2984328], [27.2647512, 38.2984833], [27.2651696, 38.2984244], [27.2653842, 38.2983486], [27.2654593, 38.2981802], [27.2655773, 38.2979444], [27.2657061, 38.2977087], [27.2657168, 38.2974898], [27.2658026, 38.2973719], [27.2658563, 38.2971277], [27.2660065, 38.2968246], [27.266221, 38.2969509], [27.2663927, 38.2969425], [27.2665322, 38.2968246], [27.2666824, 38.2966057], [27.2668219, 38.2965467], [27.2673905, 38.2963194], [27.2677016, 38.2963362], [27.2678089, 38.2962183], [27.268635, 38.29573], [27.2689569, 38.2955447], [27.2702122, 38.2954605], [27.2703409, 38.2957468], [27.2704589, 38.2960247], [27.2708022, 38.2963699], [27.271049, 38.2961678], [27.271446, 38.2963699], [27.271918, 38.2967572], [27.272315, 38.2969761], [27.2731841, 38.2976161], [27.273699, 38.2979276], [27.274729, 38.2982644], [27.2751474, 38.298517], [27.2760379, 38.2991653], [27.2766709, 38.2995695], [27.2771001, 38.2997042], [27.2776472, 38.2998979], [27.2784519, 38.3001925], [27.2785699, 38.3003862], [27.2786558, 38.3006219], [27.2788918, 38.3008156], [27.2792566, 38.3010429], [27.279675, 38.3013966], [27.279793, 38.3016576], [27.2799539, 38.3018091], [27.2801041, 38.301868], [27.2803724, 38.301927], [27.2806084, 38.3020533], [27.2813272, 38.3021627], [27.282958, 38.30287], [27.283722, 38.3029421], [27.2867547, 38.3010934], [27.2873761, 38.3018743], [27.2867664, 38.3025908], [27.2869943, 38.3028405], [27.2885964, 38.3063941], [27.2888042, 38.3073053], [27.2900062, 38.3071951], [27.2903271, 38.3080166], [27.2897172, 38.3086796], [27.2904729, 38.3104475], [27.2923297, 38.3139238], [27.2926247, 38.3141132], [27.2928661, 38.3143489], [27.2931182, 38.3147572], [27.2933972, 38.315136], [27.2935903, 38.3157126], [27.2938532, 38.3163271], [27.2938585, 38.3168196], [27.293939, 38.3173288], [27.2939873, 38.317594], [27.2939604, 38.317956], [27.2940463, 38.3183053], [27.2940248, 38.3184863], [27.2939658, 38.3186715], [27.2939712, 38.3188819], [27.2941643, 38.3191302], [27.2941214, 38.3197994], [27.2957522, 38.3201235], [27.295602, 38.3203592], [27.2954893, 38.3207001], [27.2956932, 38.3210957], [27.295838, 38.3214702], [27.2959399, 38.3216723], [27.2961652, 38.3218911], [27.2963422, 38.3220468], [27.2966694, 38.322195], [27.296707, 38.3234188], [27.2967929, 38.3237639], [27.2968841, 38.32413], [27.2969109, 38.3242942], [27.2968841, 38.3245425], [27.296825, 38.3246729], [27.2965246, 38.3248076], [27.2961867, 38.324997], [27.296015, 38.3251948], [27.2957897, 38.3252663], [27.295543, 38.3254094], [27.295543, 38.3256198], [27.2955483, 38.3258892], [27.2955805, 38.3261669], [27.2956878, 38.326289], [27.2958648, 38.3264152], [27.2960043, 38.326533], [27.2961599, 38.3267266], [27.2964549, 38.326815], [27.2969913, 38.3269539], [27.2974688, 38.3270086], [27.2977745, 38.3270044], [27.2979623, 38.3269581], [27.2981501, 38.3270086], [27.2982573, 38.3271348], [27.2964978, 38.3283216], [27.2965246, 38.3288602], [27.2965515, 38.3291211], [27.2965407, 38.3293357], [27.2965676, 38.3294956], [27.2965729, 38.3297439], [27.2966266, 38.3299838], [27.2967499, 38.3300974], [27.2969699, 38.3302531], [27.2971094, 38.3303751], [27.2970986, 38.3304846], [27.2969592, 38.3306487], [27.2966212, 38.3308338], [27.296353, 38.3310737], [27.2963583, 38.331343], [27.2964388, 38.3314356], [27.2965515, 38.3315324], [27.2965246, 38.3316207], [27.2963798, 38.3316881], [27.2962081, 38.3318269], [27.2959882, 38.3320037], [27.2960204, 38.3322477], [27.2962081, 38.3324076], [27.2963744, 38.3325591], [27.2965461, 38.3326433], [27.2967231, 38.3327022], [27.2967446, 38.3328453], [27.2968197, 38.3330178], [27.2969699, 38.3332029], [27.2972166, 38.3334386], [27.2974634, 38.3334554], [27.2977477, 38.3335227], [27.2979087, 38.3335396], [27.2979945, 38.3335817], [27.2979784, 38.3336574], [27.2978282, 38.3337373], [27.2975492, 38.333893], [27.2971791, 38.3340193], [27.2966802, 38.3341623], [27.2964227, 38.3342086], [27.2963798, 38.3343096], [27.296589, 38.3345158], [27.296927, 38.3347304], [27.2971576, 38.3348861], [27.2972488, 38.3349997], [27.2971845, 38.3350797], [27.297045, 38.3350797], [27.2968626, 38.3350965], [27.2966212, 38.3351344], [27.2963583, 38.3351722], [27.2961706, 38.3352438], [27.2960687, 38.3354163], [27.2960579, 38.3354794], [27.2960204, 38.3355678], [27.2959453, 38.3356645], [27.2957468, 38.3356898], [27.2954839, 38.3356603], [27.2953176, 38.335673], [27.2952318, 38.3357529], [27.295205, 38.3359212], [27.2952157, 38.3360979], [27.2953337, 38.3362452], [27.2955751, 38.3364514], [27.2957951, 38.3365987], [27.2959292, 38.3367628], [27.2960794, 38.3369016], [27.2962403, 38.3370531], [27.2964388, 38.3371541], [27.2965568, 38.3372088], [27.2966105, 38.3373392], [27.2966856, 38.3374907], [27.2968572, 38.3376296], [27.2970289, 38.3377684], [27.2972381, 38.3379199], [27.2973561, 38.3380209], [27.2974956, 38.3381176], [27.2976083, 38.3381471], [27.2978336, 38.3381976], [27.2979891, 38.3382397], [27.298075, 38.3383028], [27.298032, 38.3383953], [27.2977866, 38.3384946], [27.2972594, 38.3383728], [27.2884476, 38.3332463], [27.2865404, 38.3330484], [27.2863597, 38.3332634], [27.2858736, 38.3327759], [27.2850557, 38.3325515], [27.2844475, 38.3317902], [27.2837977, 38.3320063], [27.2834185, 38.331745], [27.2830861, 38.3318769], [27.2822607, 38.331747], [27.2824484, 38.3315913], [27.2825611, 38.3314692], [27.282663, 38.331263], [27.2827381, 38.3310358], [27.2827434, 38.3309054], [27.2827274, 38.3307749], [27.2825825, 38.3306655], [27.2824109, 38.3306066], [27.2821158, 38.3304256], [27.2820246, 38.3302489], [27.2819602, 38.3300595], [27.2821685, 38.3293645], [27.2788759, 38.3288718], [27.2722506, 38.3292449], [27.2710494, 38.3296767], [27.2680128, 38.3286456], [27.2657563, 38.3276016], [27.2537154, 38.3186612], [27.2513187, 38.3164576], [27.2509432, 38.3163313], [27.2505462, 38.3162303], [27.2503531, 38.3160704], [27.2502458, 38.3158431], [27.2498488, 38.315338], [27.2495055, 38.3150013], [27.2491407, 38.3147151], [27.2488403, 38.3145046], [27.2485261, 38.3140387], [27.2470733, 38.3111886], [27.2462014, 38.3109973], [27.245191, 38.3100985], [27.2443438, 38.3091349], [27.2443676, 38.3081266], [27.2433815, 38.3063481], [27.2424267, 38.3057709], [27.2413387, 38.306052], [27.2410378, 38.3056236], [27.2401648, 38.3050676], [27.2397126, 38.3048861]]]]}, "bbox": [27.2397126, 38.2925793, 27.2982573, 38.3384946]}, {"id": "161", "type": "Feature", "properties": {"mahalle_adi": "Karacaağaç Mahallesi", "_gece_lst_str": "20.5°C"}, "geometry": {"type": "MultiPolygon", "coordinates": [[[[27.2397126, 38.3048861], [27.2398657, 38.3045412], [27.2399354, 38.3042128], [27.2400749, 38.3039055], [27.2400641, 38.3035435], [27.2400588, 38.3033204], [27.2400534, 38.3030594], [27.24015, 38.3028321], [27.2402197, 38.3025795], [27.2404772, 38.3023732], [27.2409332, 38.3022722], [27.2415125, 38.3022175], [27.2416413, 38.3020827], [27.2417968, 38.3017881], [27.2419363, 38.3016744], [27.2422045, 38.301586], [27.2426283, 38.3015313], [27.243903, 38.3016015], [27.2460325, 38.3007211], [27.2469854, 38.3007549], [27.2475741, 38.300414], [27.2475099, 38.2997884], [27.2475099, 38.2994432], [27.2473597, 38.2988538], [27.2477475, 38.2980539], [27.2492863, 38.2969601], [27.2489476, 38.2962857], [27.2489652, 38.295906], [27.2490994, 38.2953695], [27.249436, 38.2942961], [27.2491627, 38.2939749], [27.2491389, 38.2936353], [27.249725, 38.2925793], [27.2503398, 38.2932573], [27.2503184, 38.2936328], [27.2512733, 38.2942743], [27.251544, 38.2945343], [27.2527993, 38.2941217], [27.2535074, 38.2941301], [27.2544837, 38.2943406], [27.2556102, 38.2944838], [27.2559214, 38.2946858], [27.2562432, 38.294829], [27.2565865, 38.2948627], [27.2577989, 38.2950142], [27.2582388, 38.2951069], [27.2584212, 38.2953089], [27.2587216, 38.2954942], [27.2593331, 38.2957552], [27.2599983, 38.2957721], [27.2602558, 38.2957636], [27.2605455, 38.2959489], [27.2608137, 38.2960247], [27.2610497, 38.2960331], [27.2615325, 38.2959994], [27.2616827, 38.2959994], [27.2620046, 38.296092], [27.2624123, 38.2961931], [27.2626912, 38.2962436], [27.2628522, 38.2967993], [27.2630131, 38.2972372], [27.2632921, 38.2977003], [27.2635603, 38.2980118], [27.2638714, 38.2982728], [27.264322, 38.2983149], [27.2645152, 38.2984328], [27.2647512, 38.2984833], [27.2651696, 38.2984244], [27.2653842, 38.2983486], [27.2654593, 38.2981802], [27.2655773, 38.2979444], [27.2657061, 38.2977087], [27.2657168, 38.2974898], [27.2658026, 38.2973719], [27.2658563, 38.2971277], [27.2660065, 38.2968246], [27.266221, 38.2969509], [27.2663927, 38.2969425], [27.2665322, 38.2968246], [27.2666824, 38.2966057], [27.2668219, 38.2965467], [27.2673905, 38.2963194], [27.2677016, 38.2963362], [27.2678089, 38.2962183], [27.268635, 38.29573], [27.2689569, 38.2955447], [27.2702122, 38.2954605], [27.2703409, 38.2957468], [27.2704589, 38.2960247], [27.2708022, 38.2963699], [27.271049, 38.2961678], [27.271446, 38.2963699], [27.271918, 38.2967572], [27.272315, 38.2969761], [27.2731841, 38.2976161], [27.273699, 38.2979276], [27.274729, 38.2982644], [27.2751474, 38.298517], [27.2760379, 38.2991653], [27.2766709, 38.2995695], [27.2771001, 38.2997042], [27.2776472, 38.2998979], [27.2784519, 38.3001925], [27.2785699, 38.3003862], [27.2786558, 38.3006219], [27.2788918, 38.3008156], [27.2792566, 38.3010429], [27.279675, 38.3013966], [27.279793, 38.3016576], [27.2799539, 38.3018091], [27.2801041, 38.301868], [27.2803724, 38.301927], [27.2806084, 38.3020533], [27.2813272, 38.3021627], [27.282958, 38.30287], [27.283722, 38.3029421], [27.2867547, 38.3010934], [27.2873761, 38.3018743], [27.2870981, 38.300409], [27.2872313, 38.2996758], [27.2930082, 38.2977129], [27.2940756, 38.2980141], [27.2948267, 38.2986379], [27.2951437, 38.2984941], [27.2965425, 38.2984668], [27.2967079, 38.2982399], [27.2970263, 38.2984179], [27.2972274, 38.2987107], [27.2975814, 38.2986896], [27.2977531, 38.2988959], [27.2980696, 38.2988075], [27.2984934, 38.2987275], [27.2990674, 38.2987149], [27.2994375, 38.2986391], [27.2996467, 38.2987022], [27.299931, 38.2987233], [27.3003602, 38.298597], [27.3005372, 38.2985801], [27.3012752, 38.2945933], [27.3030647, 38.2921574], [27.302836, 38.2917051], [27.302941, 38.2915023], [27.3026669, 38.2912924], [27.3020768, 38.2911324], [27.3015672, 38.2909092], [27.3008537, 38.2907282], [27.3004889, 38.290684], [27.3001671, 38.2908545], [27.3001248, 38.2905304], [27.2998774, 38.289684], [27.2996467, 38.2896545], [27.2996253, 38.2895661], [27.2990715, 38.2895797], [27.2987616, 38.2895282], [27.2983003, 38.2904587], [27.2977316, 38.290345], [27.2977006, 38.2897539], [27.29757, 38.2893843], [27.2968304, 38.2896334], [27.2963905, 38.2898566], [27.2961169, 38.289945], [27.2956181, 38.2900713], [27.2948509, 38.290185], [27.2949636, 38.2901134], [27.2948724, 38.289305], [27.2949402, 38.2890008], [27.2950441, 38.2886482], [27.2950065, 38.2883619], [27.2948831, 38.2883029], [27.2945988, 38.2883156], [27.2943306, 38.2883156], [27.294039, 38.2881931], [27.2936522, 38.28795], [27.2934186, 38.2882819], [27.292687, 38.2878594], [27.2921419, 38.2876713], [27.2921365, 38.2875156], [27.2913963, 38.2870692], [27.2908857, 38.2874096], [27.2906506, 38.2876545], [27.290613, 38.2879871], [27.2904897, 38.2881766], [27.2902751, 38.2883956], [27.2898996, 38.2886566], [27.2892344, 38.288505], [27.288934, 38.2883619], [27.288588, 38.2881239], [27.2894224, 38.2870323], [27.2892719, 38.2869532], [27.2893348, 38.2866895], [27.2884887, 38.286265], [27.288537, 38.286126], [27.2884995, 38.2859618], [27.2883493, 38.2857781], [27.2881787, 38.2857206], [27.2869277, 38.2859534], [27.2867951, 38.2852414], [27.2851038, 38.2851828], [27.2848356, 38.2854439], [27.2841972, 38.2852923], [27.284224, 38.285086], [27.2840337, 38.2850565], [27.2828856, 38.2849765], [27.2831028, 38.2842373], [27.2832949, 38.283343], [27.2827537, 38.2831768], [27.2822285, 38.2828753], [27.2815204, 38.2829132], [27.2811554, 38.2829481], [27.2811341, 38.2837933], [27.2806728, 38.2837554], [27.2805869, 38.2841007], [27.2801363, 38.2840417], [27.2800913, 38.2841101], [27.2795463, 38.2840038], [27.2792244, 38.2838522], [27.2790152, 38.283728], [27.2787255, 38.2836712], [27.2785485, 38.2835743], [27.2783071, 38.2833301], [27.2781676, 38.2832669], [27.2778833, 38.2832501], [27.2776419, 38.2831785], [27.2771484, 38.2828627], [27.2774863, 38.2822605], [27.2776687, 38.2818774], [27.2779959, 38.281191], [27.2776151, 38.2809931], [27.277379, 38.2809088], [27.2770196, 38.280892], [27.2766656, 38.2808836], [27.2763975, 38.2808044], [27.2753275, 38.2817633], [27.2742569, 38.2822774], [27.274179, 38.2822013], [27.2740585, 38.2820837], [27.2735113, 38.2813636], [27.273227, 38.2809004], [27.2730607, 38.2805509], [27.2729373, 38.2803109], [27.2726301, 38.2800425], [27.2724169, 38.2798603], [27.271108, 38.2806983], [27.2705448, 38.2804246], [27.2701424, 38.2801719], [27.270121, 38.2799656], [27.2702444, 38.2798434], [27.2704214, 38.2796666], [27.2704697, 38.2794687], [27.270166, 38.2790444], [27.2698049, 38.2789499], [27.2695738, 38.2787022], [27.2695416, 38.2782643], [27.2689944, 38.2780285], [27.2687477, 38.2778095], [27.2684902, 38.2776579], [27.2680771, 38.2775021], [27.2679645, 38.2773673], [27.2680128, 38.277161], [27.268199, 38.2768253], [27.2681308, 38.276664], [27.2676802, 38.276344], [27.2673261, 38.2762682], [27.2668765, 38.2759359], [27.2666019, 38.2755017], [27.2663947, 38.2750423], [27.2662049, 38.2749795], [27.2659796, 38.2750469], [27.2656256, 38.2751396], [27.2654186, 38.2751429], [27.2649229, 38.2746805], [27.2646761, 38.2745416], [27.2644722, 38.2745247], [27.2641418, 38.2746498], [27.2639573, 38.2745331], [27.2637534, 38.2745753], [27.2631955, 38.2748448], [27.2626305, 38.2750879], [27.2623811, 38.2753038], [27.261778, 38.275739], [27.2587323, 38.2751311], [27.2580698, 38.2743889], [27.2574024, 38.2734709], [27.2548792, 38.2736722], [27.2560072, 38.2751059], [27.2544837, 38.2755775], [27.2544837, 38.2758555], [27.2525411, 38.2745833], [27.2530951, 38.273943], [27.2506535, 38.2732445], [27.2503638, 38.2740446], [27.2491998, 38.2738548], [27.2489691, 38.2738172], [27.2477245, 38.2733455], [27.2468285, 38.2732192], [27.2458784, 38.27283], [27.2442055, 38.2720989], [27.243669, 38.2720653], [27.2427892, 38.2720989], [27.2414304, 38.2717431], [27.2405791, 38.2714083], [27.2398759, 38.2713323], [27.2386587, 38.2711387], [27.2377538, 38.2711165], [27.2367918, 38.2711808], [27.2358353, 38.2713323], [27.2352469, 38.2712819], [27.2343564, 38.2711303], [27.2321677, 38.2719894], [27.2301292, 38.2718126], [27.2288867, 38.2720376], [27.2285092, 38.2722084], [27.2276509, 38.272638], [27.2261274, 38.2734803], [27.2250027, 38.2739572], [27.2235203, 38.2745331], [27.2201985, 38.2755181], [27.2170991, 38.2764493], [27.2159618, 38.2768199], [27.2150424, 38.2772323], [27.2144008, 38.2775568], [27.2137943, 38.277879], [27.2139823, 38.2789044], [27.2151196, 38.279157], [27.2151947, 38.2792244], [27.2147387, 38.2793129], [27.2128129, 38.2797676], [27.211917, 38.2799235], [27.2105873, 38.2803156], [27.209762, 38.2806616], [27.2090256, 38.2810183], [27.2090578, 38.2817931], [27.2084248, 38.2817173], [27.2087094, 38.2828222], [27.2094011, 38.2828795], [27.2103023, 38.2829806], [27.2109675, 38.2831911], [27.2115469, 38.2835112], [27.2121262, 38.2837301], [27.2125769, 38.2838396], [27.2135633, 38.2838749], [27.2145784, 38.2840382], [27.2153893, 38.2846045], [27.2164929, 38.2858018], [27.2177374, 38.2872587], [27.2184777, 38.288025], [27.218703, 38.2887408], [27.2188381, 38.2896343], [27.2189723, 38.2902464], [27.2194004, 38.2910313], [27.2195184, 38.2912755], [27.2195506, 38.2915955], [27.2195184, 38.2922776], [27.2196793, 38.2927576], [27.2198939, 38.2933975], [27.2201085, 38.2941469], [27.2202694, 38.2952416], [27.2203767, 38.2957721], [27.2205915, 38.2962834], [27.2207415, 38.2967656], [27.2210419, 38.2972372], [27.2212565, 38.2975403], [27.2215976, 38.2978459], [27.225459, 38.3026857], [27.227447, 38.3048485], [27.2283736, 38.3041258], [27.2278238, 38.3024107], [27.2283392, 38.3018305], [27.2313335, 38.3017388], [27.2347113, 38.3024185], [27.2353905, 38.3019667], [27.2368903, 38.3027574], [27.237984, 38.3041925], [27.2397126, 38.3048861]]]]}, "bbox": [27.2084248, 38.2711165, 27.3030647, 38.3048861]}, {"id": "172", "type": "Feature", "properties": {"mahalle_adi": "Tırazlı Mahallesi", "_gece_lst_str": "21.0°C"}, "geometry": {"type": "MultiPolygon", "coordinates": [[[[27.0875326, 38.3090395], [27.0876825, 38.3088349], [27.0878649, 38.3086833], [27.0883906, 38.3084855], [27.0890933, 38.3082876], [27.0900053, 38.3079846], [27.0904452, 38.3077699], [27.0907548, 38.3075695], [27.090928, 38.3073784], [27.0911211, 38.3071006], [27.0913839, 38.3068143], [27.09162, 38.3067049], [27.0921349, 38.3064102], [27.0923237, 38.3060698], [27.0924246, 38.3057409], [27.0924783, 38.3052779], [27.0923602, 38.3047685], [27.0924139, 38.3042718], [27.0923602, 38.303935], [27.09243, 38.303674], [27.0925748, 38.3034425], [27.0927572, 38.3032152], [27.0929181, 38.3030847], [27.0932085, 38.302849], [27.0936155, 38.3026595], [27.0940125, 38.3024995], [27.0931864, 38.3019943], [27.0934009, 38.3012534], [27.0932893, 38.3009015], [27.0923495, 38.3001757], [27.0921671, 38.3000073], [27.0921135, 38.2998221], [27.0920763, 38.2993662], [27.0915556, 38.2991317], [27.088927, 38.2979697], [27.0892703, 38.297254], [27.0884335, 38.2963783], [27.0878444, 38.2954671], [27.0872962, 38.2948206], [27.0868778, 38.294109], [27.086851, 38.2941554], [27.0858642, 38.2935272], [27.085644, 38.2929681], [27.0859766, 38.2922186], [27.0860088, 38.2918397], [27.0865096, 38.2912178], [27.0866847, 38.2910145], [27.0867305, 38.2905373], [27.0862944, 38.2904689], [27.085998, 38.2902566], [27.085601, 38.2900461], [27.0852041, 38.2899787], [27.0846567, 38.2899573], [27.0840132, 38.290105], [27.0833051, 38.2903239], [27.0826153, 38.2914626], [27.0817203, 38.2891589], [27.0814131, 38.2882543], [27.0806872, 38.2899956], [27.0782196, 38.2949047], [27.0766691, 38.2950897], [27.0737156, 38.2956845], [27.0683962, 38.2963407], [27.0643043, 38.2969256], [27.0591287, 38.2972163], [27.0551419, 38.2983739], [27.0547387, 38.2993941], [27.0542726, 38.3006435], [27.0541984, 38.3008422], [27.0541304, 38.3010246], [27.0537473, 38.3020515], [27.0534273, 38.3023893], [27.0529961, 38.3028447], [27.051816, 38.3036951], [27.0504641, 38.3041834], [27.0411976, 38.3077105], [27.036043, 38.3062932], [27.0297386, 38.3086563], [27.0252061, 38.3138508], [27.0236013, 38.3146346], [27.0206165, 38.315599], [27.0162367, 38.3173128], [27.0154976, 38.3179948], [27.0154667, 38.3180233], [27.0142865, 38.3185284], [27.0127317, 38.3187838], [27.0120013, 38.3191934], [27.0116901, 38.319387], [27.0113039, 38.3194964], [27.0111322, 38.319488], [27.0102095, 38.3194038], [27.0101559, 38.3195048], [27.0098555, 38.3197994], [27.0094049, 38.3199509], [27.0088577, 38.3202455], [27.0084822, 38.3205401], [27.0082086, 38.320839], [27.0081711, 38.3210999], [27.0080423, 38.3212556], [27.0078653, 38.3213229], [27.0076615, 38.3213229], [27.0074415, 38.3214534], [27.0069909, 38.321727], [27.006669, 38.3218953], [27.00661, 38.3220973], [27.0066422, 38.3223583], [27.0068353, 38.3225434], [27.0070606, 38.3228086], [27.0071518, 38.3230653], [27.0071572, 38.3232968], [27.0071465, 38.3233851], [27.0071572, 38.3235535], [27.0071787, 38.323726], [27.0071518, 38.3238817], [27.0071036, 38.323987], [27.0069426, 38.3241048], [27.0067012, 38.3242353], [27.00661, 38.3243699], [27.0065349, 38.3245172], [27.0063257, 38.3246645], [27.006036, 38.3248539], [27.0058697, 38.3249633], [27.0057142, 38.3251653], [27.005623, 38.3253379], [27.0054728, 38.3254725], [27.005285, 38.3255483], [27.0051241, 38.3255357], [27.004872, 38.3254641], [27.0046252, 38.325523], [27.0044964, 38.3256535], [27.0042604, 38.3258597], [27.0037991, 38.3261122], [27.0036328, 38.3262763], [27.0035523, 38.3264994], [27.0035309, 38.3268276], [27.0035094, 38.3273116], [27.0034879, 38.3275557], [27.0033967, 38.3277029], [27.0030373, 38.3279891], [27.0026725, 38.3283089], [27.0021683, 38.3287045], [27.0019698, 38.3289696], [27.0017713, 38.3293021], [27.0014173, 38.3296008], [27.0012242, 38.3297902], [27.0011598, 38.3300385], [27.0009613, 38.3305308], [27.0008916, 38.3306865], [27.0008057, 38.3308465], [27.0007575, 38.3310232], [27.0008218, 38.331343], [27.0006877, 38.3316039], [27.0007253, 38.331747], [27.0008326, 38.3319448], [27.0010418, 38.3320962], [27.0011759, 38.3323361], [27.0015031, 38.3328579], [27.0018303, 38.3333586], [27.0020395, 38.3336826], [27.0021468, 38.3338678], [27.0021306, 38.3340207], [27.0035944, 38.3347633], [27.0041154, 38.3354074], [27.0045125, 38.3359338], [27.0046085, 38.3363765], [27.0046028, 38.3372057], [27.0046842, 38.3375833], [27.0050168, 38.3378526], [27.0052616, 38.337992], [27.0054567, 38.3382313], [27.005918, 38.3385174], [27.0060643, 38.3390209], [27.0056498, 38.3397797], [27.0051563, 38.3403014], [27.005564, 38.3409578], [27.0057571, 38.3423546], [27.006551, 38.3428679], [27.007345, 38.3433223], [27.0080531, 38.3438525], [27.0086283, 38.3443906], [27.0087581, 38.3445115], [27.0086217, 38.345081], [27.00845, 38.3455101], [27.0086431, 38.3463011], [27.0090656, 38.34707], [27.0092868, 38.3479503], [27.0099842, 38.348716], [27.0106172, 38.3491198], [27.0108097, 38.3493872], [27.0108104, 38.3498266], [27.0116472, 38.3505334], [27.0121086, 38.3508952], [27.0129347, 38.3511728], [27.0134604, 38.3518712], [27.0141041, 38.352376], [27.0145762, 38.3529313], [27.0148981, 38.3534277], [27.0153379, 38.3538063], [27.0156276, 38.3540671], [27.0159005, 38.3543395], [27.0161532, 38.3551465], [27.0159602, 38.3556236], [27.0156169, 38.3561284], [27.0147371, 38.356751], [27.0148443, 38.3585186], [27.0149302, 38.3596114], [27.01478, 38.360419], [27.0151448, 38.3610584], [27.0159538, 38.3621115], [27.0166254, 38.362825], [27.0173764, 38.363397], [27.0183163, 38.3637827], [27.0205008, 38.364286], [27.0217967, 38.3651973], [27.022436, 38.3655405], [27.0226443, 38.3668881], [27.022655, 38.3675863], [27.0229125, 38.3683265], [27.023685, 38.3691845], [27.0245325, 38.3696976], [27.0247867, 38.3699385], [27.0258093, 38.3719603], [27.0266868, 38.3743297], [27.0256112, 38.3762123], [27.0329117, 38.3772089], [27.0334589, 38.3774359], [27.0339631, 38.3777304], [27.0343709, 38.3786723], [27.0344353, 38.3792274], [27.0343709, 38.3795806], [27.0342421, 38.3798582], [27.0347142, 38.3800432], [27.0349441, 38.3799264], [27.0352935, 38.3797489], [27.0357227, 38.3796227], [27.0362699, 38.3796395], [27.0367097, 38.3797236], [27.0375788, 38.38006], [27.0371604, 38.379076], [27.037214, 38.3786387], [27.0374071, 38.3784536], [27.0378256, 38.3781508], [27.0381904, 38.3780583], [27.0383084, 38.3778312], [27.0377827, 38.3776462], [27.0377827, 38.3767126], [27.0390179, 38.3761112], [27.0374221, 38.3754769], [27.0378792, 38.3745426], [27.0380904, 38.373671], [27.0386302, 38.3726753], [27.0389487, 38.3710651], [27.0395636, 38.3699248], [27.0414734, 38.3695715], [27.042396, 38.3693864], [27.0434047, 38.3689678], [27.0447011, 38.3679532], [27.0460224, 38.3677377], [27.0476478, 38.3671194], [27.0497345, 38.3672288], [27.0501767, 38.3671757], [27.0502484, 38.3671671], [27.0507162, 38.367111], [27.0520681, 38.3676494], [27.0537685, 38.3664507], [27.054525, 38.3665096], [27.0554239, 38.366436], [27.0559197, 38.3666484], [27.0558714, 38.3670143], [27.0578885, 38.3686125], [27.0593369, 38.3681172], [27.0643579, 38.3664003], [27.0670187, 38.3660133], [27.067372, 38.3635648], [27.0693537, 38.3611521], [27.0696604, 38.3608733], [27.0696473, 38.3613612], [27.0719496, 38.3599669], [27.0725721, 38.3597473], [27.0734031, 38.3591886], [27.0739603, 38.3588037], [27.0745396, 38.3578278], [27.0749688, 38.3571043], [27.0752907, 38.3558087], [27.0753121, 38.3550515], [27.0750761, 38.3541933], [27.0741856, 38.3519638], [27.0759741, 38.3482107], [27.0697812, 38.3457453], [27.072199, 38.3428878], [27.0738637, 38.3438525], [27.0749117, 38.3441079], [27.0762884, 38.3447697], [27.076688, 38.3449848], [27.076267, 38.3443237], [27.0758593, 38.3438861], [27.0755267, 38.3436926], [27.0749044, 38.3436337], [27.0745611, 38.343457], [27.0744431, 38.3431288], [27.0743251, 38.3427585], [27.073971, 38.3425902], [27.0735848, 38.3425229], [27.0735848, 38.3419928], [27.0734882, 38.341673], [27.0729732, 38.3413617], [27.072351, 38.3409325], [27.072072, 38.34084], [27.0717609, 38.3406801], [27.071718, 38.3404613], [27.0717609, 38.3400237], [27.0720506, 38.339502], [27.0725012, 38.3389466], [27.0727265, 38.3384837], [27.0726085, 38.3381555], [27.0722544, 38.3378946], [27.0722115, 38.3377179], [27.0721793, 38.3373224], [27.0720613, 38.3364219], [27.0718467, 38.3357487], [27.0717072, 38.3352101], [27.0712674, 38.3347977], [27.0711708, 38.3343349], [27.0716858, 38.3341413], [27.0721793, 38.3339141], [27.0723939, 38.3336111], [27.0725226, 38.3332576], [27.0722544, 38.3322393], [27.0719111, 38.3317764], [27.0714283, 38.3315324], [27.0709348, 38.3312462], [27.0706558, 38.3308675], [27.07057, 38.3304888], [27.0705914, 38.3300006], [27.0702481, 38.32926], [27.070291, 38.328856], [27.0703661, 38.3283594], [27.0702267, 38.3279891], [27.0701086, 38.3272737], [27.0699906, 38.326937], [27.0699799, 38.3267603], [27.0703018, 38.326129], [27.0703876, 38.3255315], [27.0707846, 38.3250012], [27.0709669, 38.3247571], [27.0705914, 38.3245299], [27.0704305, 38.3241511], [27.0703018, 38.3237471], [27.0722759, 38.3237639], [27.0731664, 38.3235367], [27.073617, 38.3233515], [27.0741427, 38.3228296], [27.0745182, 38.3223919], [27.0750546, 38.3221478], [27.0758593, 38.3219879], [27.0771038, 38.3215165], [27.0777261, 38.321163], [27.078166, 38.3207337], [27.0785093, 38.3204812], [27.0794338, 38.3190452], [27.0785737, 38.3189408], [27.0779836, 38.3184863], [27.0776354, 38.3174901], [27.0774759, 38.3166585], [27.0774579, 38.3161293], [27.0778602, 38.315721], [27.0787624, 38.3146354], [27.0792043, 38.3142393], [27.0796358, 38.3137386], [27.0802045, 38.3128715], [27.0807532, 38.31256], [27.0813739, 38.312459], [27.0817172, 38.3122991], [27.0821249, 38.3120381], [27.0824039, 38.3119623], [27.0831764, 38.3120802], [27.083509, 38.312055], [27.0837664, 38.3119455], [27.0839167, 38.3117687], [27.0840132, 38.3115162], [27.0841312, 38.3113731], [27.0842922, 38.3112805], [27.0847106, 38.3112299], [27.0851934, 38.3111794], [27.0858371, 38.3109437], [27.0864701, 38.3106154], [27.0867705, 38.3104554], [27.0869636, 38.310245], [27.0872264, 38.3098805], [27.0875326, 38.3090395]]]]}, "bbox": [27.0006877, 38.2882543, 27.0940125, 38.38006]}, {"id": "173", "type": "Feature", "properties": {"mahalle_adi": "Kavacık Mahallesi", "_gece_lst_str": "19.7°C"}, "geometry": {"type": "MultiPolygon", "coordinates": [[[[26.9534562, 38.3539156], [26.9466305, 38.3540334], [26.9456675, 38.3546319], [26.9445275, 38.3532579], [26.9431114, 38.3523087], [26.9430363, 38.3514505], [26.941942, 38.3505923], [26.9425857, 38.3499865], [26.9418669, 38.3492545], [26.9418668, 38.3486015], [26.941384, 38.3467632], [26.9412178, 38.3461202], [26.9411159, 38.3457373], [26.9405204, 38.3450052], [26.9397761, 38.343936], [26.9409871, 38.3443321], [26.9417166, 38.3443826], [26.9422853, 38.3442732], [26.9439028, 38.3438929], [26.9453967, 38.3432045], [26.9459865, 38.3428414], [26.9463944, 38.3425902], [26.9466948, 38.3423799], [26.9472399, 38.3420807], [26.948123, 38.3419779], [26.9481754, 38.3419718], [26.9492376, 38.3413028], [26.9496238, 38.3409746], [26.9498902, 38.34066], [26.9496345, 38.340335], [26.9499564, 38.3401331], [26.9501039, 38.3399554], [26.9502952, 38.3397249], [26.9505572, 38.3394094], [26.9508631, 38.3391265], [26.9520861, 38.3379956], [26.9525313, 38.3378778], [26.9523972, 38.3376885], [26.9521383, 38.3373681], [26.9517055, 38.3366879], [26.9513833, 38.3366492], [26.9509005, 38.336586], [26.9503846, 38.336244], [26.9499618, 38.3362158], [26.949774, 38.3361569], [26.9496729, 38.3360449], [26.9493234, 38.335673], [26.9488621, 38.3352985], [26.9486529, 38.3352396], [26.948508, 38.3352059], [26.9481325, 38.3349492], [26.9479662, 38.3349113], [26.9475907, 38.3349324], [26.9474781, 38.3348735], [26.9471401, 38.3338552], [26.9472796, 38.3336111], [26.9473064, 38.3333923], [26.9472205, 38.3332703], [26.9469309, 38.3330683], [26.9467431, 38.3329463], [26.9466251, 38.3328368], [26.9466144, 38.3326222], [26.9466144, 38.3323782], [26.9464251, 38.3320246], [26.9461225, 38.3314191], [26.9457078, 38.3314777], [26.9453269, 38.3315913], [26.9448173, 38.3318185], [26.9448012, 38.331646], [26.9447154, 38.3315702], [26.9441736, 38.3314692], [26.9444364, 38.3302573], [26.9442111, 38.3297776], [26.9439239, 38.3295252], [26.9437987, 38.3293695], [26.9438702, 38.3290049], [26.9434446, 38.3288994], [26.9434239, 38.3264657], [26.9432402, 38.3248497], [26.9434011, 38.3226613], [26.9433636, 38.3221423], [26.9430685, 38.3214071], [26.9426935, 38.3209041], [26.9427198, 38.3202645], [26.9426411, 38.3202089], [26.9425321, 38.3201319], [26.9424311, 38.320047], [26.9423067, 38.3199425], [26.9422277, 38.319761], [26.9421565, 38.3195974], [26.9421565, 38.3191428], [26.9416201, 38.3187136], [26.9414914, 38.3184779], [26.9415041, 38.3183081], [26.9415128, 38.3181917], [26.9415449, 38.3181344], [26.9416308, 38.3179812], [26.9416157, 38.317916], [26.9416094, 38.3178465], [26.9414592, 38.3177624], [26.9409957, 38.317726], [26.9409227, 38.3177203], [26.9402468, 38.3173415], [26.9400215, 38.3165081], [26.939882, 38.3160451], [26.9399702, 38.315654], [26.94, 38.3151444], [26.9399035, 38.314572], [26.9397425, 38.3141006], [26.9391202, 38.3128716], [26.9393326, 38.3105437], [26.9393134, 38.3095547], [26.9393133, 38.3091842], [26.9398284, 38.3085613], [26.941431, 38.3014026], [26.9479138, 38.2962733], [26.9480038, 38.2968751], [26.9479823, 38.297355], [26.9481003, 38.2976834], [26.9483256, 38.2980792], [26.948508, 38.2988875], [26.9485617, 38.2999484], [26.9488513, 38.3011019], [26.9492144, 38.3018138], [26.9493878, 38.3024574], [26.9495487, 38.302971], [26.9494092, 38.3034425], [26.9492376, 38.3043433], [26.9492912, 38.305783], [26.9490766, 38.3061871], [26.9487548, 38.3065828], [26.947639, 38.3068101], [26.9487462, 38.3071489], [26.9496024, 38.3072816], [26.9504177, 38.3073069], [26.9509327, 38.3071974], [26.9514048, 38.3070711], [26.9518983, 38.3068438], [26.9521773, 38.3064734], [26.9524348, 38.3060019], [26.9531114, 38.3050105], [26.9541949, 38.3039642], [26.9577737, 38.3018422], [26.9593012, 38.3014134], [26.9607496, 38.3013376], [26.9622714, 38.3016514], [26.9636855, 38.3029722], [26.9673049, 38.3042002], [26.9683027, 38.3044949], [26.9687855, 38.3043012], [26.9698584, 38.3039055], [26.9703519, 38.3030973], [26.970706, 38.302811], [26.9711566, 38.3026342], [26.9715321, 38.3027016], [26.971811, 38.3023816], [26.9723435, 38.3018474], [26.9724977, 38.3015818], [26.9725621, 38.3013545], [26.9724333, 38.3012282], [26.9718861, 38.3013376], [26.9713068, 38.3012282], [26.9710171, 38.3008661], [26.9709635, 38.3002094], [26.9710708, 38.2999736], [26.9715643, 38.2997042], [26.9720221, 38.2992489], [26.9729234, 38.299245], [26.9742894, 38.2989885], [26.9757003, 38.2988279], [26.9760167, 38.2986938], [26.9763708, 38.2986601], [26.9767327, 38.2985006], [26.977272, 38.2985086], [26.977722, 38.2985968], [26.9779587, 38.2988454], [26.9794392, 38.2995863], [26.9802546, 38.3003104], [26.9812863, 38.3010393], [26.9825661, 38.3017634], [26.9840623, 38.3020372], [26.9847554, 38.302028], [26.9849861, 38.3019564], [26.9851953, 38.301948], [26.9853884, 38.3020364], [26.9855064, 38.3021585], [26.9851684, 38.3027689], [26.9849069, 38.3035111], [26.9845395, 38.3047585], [26.9847822, 38.3057409], [26.9865716, 38.3069489], [26.9873464, 38.3072732], [26.989063, 38.3072058], [26.9903612, 38.3072479], [26.9912302, 38.30729], [26.9922924, 38.3075594], [26.993022, 38.3077783], [26.9933224, 38.3076773], [26.9941592, 38.3075763], [26.9948244, 38.3076352], [26.9951463, 38.3076015], [26.9955325, 38.3074163], [26.9961762, 38.3072142], [26.9969448, 38.3071262], [26.9982132, 38.3071207], [26.9999164, 38.3078124], [27.0006346, 38.3107643], [27.0017123, 38.3117519], [27.0032895, 38.3129305], [27.0055569, 38.3149425], [27.0063042, 38.3163398], [27.0072893, 38.3172226], [27.0095229, 38.3184105], [27.0101452, 38.3185957], [27.0119903, 38.3190903], [27.0127317, 38.3187838], [27.0120013, 38.3191934], [27.0116901, 38.319387], [27.0113039, 38.3194964], [27.0111322, 38.319488], [27.0102095, 38.3194038], [27.0101559, 38.3195048], [27.0098555, 38.3197994], [27.0094049, 38.3199509], [27.0088577, 38.3202455], [27.0084822, 38.3205401], [27.0082086, 38.320839], [27.0081711, 38.3210999], [27.0080423, 38.3212556], [27.0078653, 38.3213229], [27.0076615, 38.3213229], [27.0074415, 38.3214534], [27.0069909, 38.321727], [27.006669, 38.3218953], [27.00661, 38.3220973], [27.0066422, 38.3223583], [27.0068353, 38.3225434], [27.0070606, 38.3228086], [27.0071518, 38.3230653], [27.0071572, 38.3232968], [27.0071465, 38.3233851], [27.0071572, 38.3235535], [27.0071787, 38.323726], [27.0071518, 38.3238817], [27.0071036, 38.323987], [27.0069426, 38.3241048], [27.0067012, 38.3242353], [27.00661, 38.3243699], [27.0065349, 38.3245172], [27.0063257, 38.3246645], [27.006036, 38.3248539], [27.0058697, 38.3249633], [27.0057142, 38.3251653], [27.005623, 38.3253379], [27.0054728, 38.3254725], [27.005285, 38.3255483], [27.0051241, 38.3255357], [27.004872, 38.3254641], [27.0046252, 38.325523], [27.0044964, 38.3256535], [27.0042604, 38.3258597], [27.0037991, 38.3261122], [27.0036328, 38.3262763], [27.0035523, 38.3264994], [27.0035309, 38.3268276], [27.0035094, 38.3273116], [27.0034879, 38.3275557], [27.0033967, 38.3277029], [27.0030373, 38.3279891], [27.0026725, 38.3283089], [27.0021683, 38.3287045], [27.0019698, 38.3289696], [27.0017713, 38.3293021], [27.0014173, 38.3296008], [27.0012242, 38.3297902], [27.0011598, 38.3300385], [27.0009613, 38.3305308], [27.0008916, 38.3306865], [27.0008057, 38.3308465], [27.0007575, 38.3310232], [27.0008218, 38.331343], [27.0006877, 38.3316039], [27.0007253, 38.331747], [27.0008326, 38.3319448], [27.0010418, 38.3320962], [27.0011759, 38.3323361], [27.0015031, 38.3328579], [27.0018303, 38.3333586], [27.0020395, 38.3336826], [27.0021468, 38.3338678], [27.0021306, 38.3340207], [27.0010686, 38.3344274], [26.9990194, 38.3329715], [26.9984186, 38.3329126], [26.9977856, 38.3327779], [26.9970667, 38.3326601], [26.9964123, 38.3326685], [26.9957042, 38.3324665], [26.9949317, 38.3323992], [26.993655, 38.3324329], [26.9931178, 38.3326139], [26.9920353, 38.3333955], [26.9785214, 38.3438734], [26.9666578, 38.3547744], [26.9598021, 38.3545328], [26.9534562, 38.3539156]]]]}, "bbox": [26.9391202, 38.2962733, 27.0127317, 38.3547744]}, {"id": "200", "type": "Feature", "properties": {"mahalle_adi": "Hürriyet Mahallesi", "_gece_lst_str": "21.0°C"}, "geometry": {"type": "MultiPolygon", "coordinates": [[[[27.1737063, 38.2993674], [27.1736044, 38.2996537], [27.17332, 38.3004704], [27.1730518, 38.3004115], [27.1730357, 38.3011145], [27.1730196, 38.3019522], [27.1735668, 38.3020406], [27.1742696, 38.3021375], [27.1750796, 38.3022427], [27.1768874, 38.3024953], [27.1774346, 38.3025669], [27.1779978, 38.3026721], [27.1776277, 38.3043475], [27.1779764, 38.3044444], [27.178604, 38.3050169], [27.1788669, 38.3048906], [27.1792209, 38.3048401], [27.1799076, 38.3048401], [27.1802294, 38.3048443], [27.1805406, 38.304819], [27.1808356, 38.3048106], [27.181077, 38.3047727], [27.1813077, 38.3047264], [27.1819138, 38.3047685], [27.1821499, 38.3047853], [27.182343, 38.3048906], [27.1826273, 38.3050211], [27.1829224, 38.3051642], [27.1830994, 38.3053073], [27.1833944, 38.3055431], [27.1836358, 38.3056188], [27.1843868, 38.3059893], [27.1846336, 38.306044], [27.185052, 38.3060819], [27.1854758, 38.3061408], [27.1858835, 38.3061871], [27.1861464, 38.3062376], [27.1864146, 38.3063892], [27.1866238, 38.3065449], [27.1867472, 38.3067007], [27.1868491, 38.306928], [27.1869457, 38.3073363], [27.1870583, 38.3077951], [27.1871871, 38.3080267], [27.1874607, 38.3082329], [27.1877342, 38.3086118], [27.1879864, 38.3088685], [27.1882278, 38.3090958], [27.1884745, 38.3092768], [27.1885711, 38.3095504], [27.1886355, 38.3096978], [27.1888339, 38.3098704], [27.1889305, 38.310064], [27.1889466, 38.3105102], [27.1889466, 38.3108174], [27.1890432, 38.3110868], [27.1892041, 38.3114657], [27.1893382, 38.3118192], [27.1895099, 38.312076], [27.1897137, 38.3122822], [27.1898371, 38.3126526], [27.1899605, 38.3130062], [27.1899283, 38.3132083], [27.1898371, 38.3133345], [27.189703, 38.313444], [27.189542, 38.313545], [27.1894133, 38.3135997], [27.1893275, 38.3136502], [27.1892095, 38.3137302], [27.1891397, 38.3138228], [27.1891397, 38.3139448], [27.1891558, 38.3141511], [27.1891451, 38.3144457], [27.1902683, 38.3143974], [27.1931354, 38.313657], [27.1941876, 38.3134355], [27.1948314, 38.313183], [27.1952431, 38.3171492], [27.1969342, 38.3177708], [27.1979642, 38.3179896], [27.19908, 38.3177203], [27.1999597, 38.3176024], [27.2009897, 38.3177034], [27.2021484, 38.3178718], [27.2015691, 38.3146225], [27.2015262, 38.3143279], [27.2020239, 38.3141343], [27.2043984, 38.3122104], [27.2048505, 38.3120997], [27.2054851, 38.3120465], [27.2062039, 38.3121055], [27.2066116, 38.3121981], [27.2072554, 38.3125853], [27.2083604, 38.3127958], [27.2090793, 38.312981], [27.209959, 38.3133261], [27.2111285, 38.3110279], [27.2113001, 38.3104555], [27.211622, 38.3092937], [27.2118258, 38.3082414], [27.2118688, 38.3063555], [27.2118688, 38.3050927], [27.2128289, 38.3052482], [27.2135854, 38.3053284], [27.2143793, 38.3051769], [27.2154736, 38.3047896], [27.2172117, 38.3044696], [27.2188854, 38.3042171], [27.2197437, 38.3040992], [27.2208445, 38.3037322], [27.2219109, 38.3038298], [27.2231018, 38.304377], [27.2242606, 38.3047222], [27.2248024, 38.3047998], [27.2253187, 38.3048348], [27.227447, 38.3048485], [27.225459, 38.3026857], [27.2215976, 38.2978459], [27.2212565, 38.2975403], [27.2210419, 38.2972372], [27.2207415, 38.2967656], [27.2205915, 38.2962834], [27.2203767, 38.2957721], [27.2202694, 38.2952416], [27.2201085, 38.2941469], [27.2198939, 38.2933975], [27.2196793, 38.2927576], [27.2195184, 38.2922776], [27.2195506, 38.2915955], [27.2195184, 38.2912755], [27.2194004, 38.2910313], [27.2189723, 38.2902464], [27.2188381, 38.2896343], [27.218703, 38.2887408], [27.2184777, 38.288025], [27.2177374, 38.2872587], [27.2164929, 38.2858018], [27.2153893, 38.2846045], [27.212301, 38.2847357], [27.2067189, 38.2849344], [27.205546, 38.2850292], [27.1991214, 38.2846158], [27.1909265, 38.2846259], [27.1870208, 38.284547], [27.1787795, 38.293053], [27.1790122, 38.2954481], [27.177193, 38.2966004], [27.176435, 38.2970805], [27.1764743, 38.2976666], [27.1760452, 38.2977466], [27.1753693, 38.2978645], [27.1746451, 38.2979865], [27.1742321, 38.2986925], [27.1737877, 38.299384], [27.1737063, 38.2993674]]]]}, "bbox": [27.1730196, 38.284547, 27.227447, 38.3179896]}, {"id": "201", "type": "Feature", "properties": {"mahalle_adi": "Payamlı Mahallesi", "_gece_lst_str": "20.6°C"}, "geometry": {"type": "MultiPolygon", "coordinates": [[[[26.9397761, 38.343936], [26.9389164, 38.3436421], [26.9380045, 38.3432129], [26.9371462, 38.3429268], [26.9368672, 38.3427838], [26.9366634, 38.3425145], [26.9364595, 38.3423546], [26.9360948, 38.3421358], [26.9348502, 38.341774], [26.9344854, 38.3415552], [26.9343889, 38.3413196], [26.9340348, 38.3411681], [26.93367, 38.3411261], [26.9330156, 38.3410083], [26.932683, 38.3407726], [26.932522, 38.3404949], [26.9324899, 38.3401836], [26.9323504, 38.3399227], [26.9321144, 38.3397123], [26.9317818, 38.339401], [26.9315565, 38.3391149], [26.9312453, 38.3387698], [26.9310307, 38.338652], [26.9308913, 38.3385931], [26.9306338, 38.338408], [26.9305909, 38.3382313], [26.9303119, 38.3380209], [26.9303012, 38.3377516], [26.9303226, 38.3374486], [26.9302261, 38.337011], [26.930151, 38.3369353], [26.9296253, 38.3365818], [26.9294321, 38.3362368], [26.9292176, 38.3360432], [26.9289172, 38.3358833], [26.9282734, 38.3357739], [26.9265997, 38.3357487], [26.9260847, 38.3358665], [26.9257736, 38.3360853], [26.9252908, 38.3363715], [26.9248831, 38.3369521], [26.9244647, 38.3373897], [26.9240141, 38.337861], [26.9234669, 38.3376169], [26.922909, 38.3373981], [26.9219896, 38.3373455], [26.9204092, 38.3372551], [26.9196582, 38.3372551], [26.9191003, 38.3378189], [26.9187462, 38.3381892], [26.9182849, 38.3382986], [26.9179308, 38.3384248], [26.9172764, 38.3387109], [26.9165146, 38.339056], [26.9138431, 38.3390644], [26.913296, 38.3390475], [26.9130063, 38.3387278], [26.9128132, 38.3384753], [26.9122445, 38.3386184], [26.9116974, 38.3388203], [26.9110966, 38.3390812], [26.9105708, 38.3391653], [26.9102275, 38.3393757], [26.9096267, 38.3395945], [26.9090688, 38.3396787], [26.908592, 38.3396824], [26.9084573, 38.3393505], [26.9083393, 38.3390307], [26.9082963, 38.3387278], [26.9082212, 38.3384669], [26.908071, 38.3382481], [26.9079745, 38.3381555], [26.9078672, 38.3379872], [26.907717, 38.3377516], [26.9075346, 38.3374486], [26.9072664, 38.3370784], [26.9070732, 38.3368006], [26.9068694, 38.3366155], [26.9068158, 38.3364977], [26.9065231, 38.3364272], [26.9056462, 38.3358663], [26.9051483, 38.3347814], [26.904729, 38.3334975], [26.9046271, 38.3335017], [26.9044447, 38.3333418], [26.9043481, 38.3332324], [26.9042194, 38.3330935], [26.9040799, 38.3329126], [26.9039297, 38.3327611], [26.9038331, 38.3326685], [26.9036508, 38.3326054], [26.9035166, 38.3325297], [26.903463, 38.3323866], [26.9032323, 38.3318522], [26.9032162, 38.3317091], [26.9030446, 38.3315955], [26.9029427, 38.3314314], [26.9029587, 38.3310526], [26.9029963, 38.3309264], [26.9029695, 38.3308086], [26.9028354, 38.330716], [26.9026744, 38.3305435], [26.9024912, 38.3303338], [26.9020736, 38.3304551], [26.9009685, 38.3303836], [26.9007057, 38.3304634], [26.9004645, 38.3298435], [26.9001648, 38.3276742], [26.900062, 38.3277703], [26.8999171, 38.3274673], [26.8998152, 38.3273284], [26.8996489, 38.326996], [26.8994397, 38.3267182], [26.8992573, 38.3265878], [26.8990534, 38.3264194], [26.8989032, 38.3262848], [26.8987745, 38.3261459], [26.8985867, 38.3259355], [26.8984365, 38.3257166], [26.898458, 38.3255441], [26.8985599, 38.3254641], [26.8987423, 38.3253337], [26.8989193, 38.3251737], [26.8989837, 38.3250054], [26.8989193, 38.3247319], [26.8988281, 38.3244036], [26.8986779, 38.3239617], [26.8986994, 38.3237429], [26.8989086, 38.3234861], [26.898796, 38.3233978], [26.8987369, 38.3233052], [26.8986994, 38.3231831], [26.8986779, 38.3230106], [26.8986672, 38.3228675], [26.8987691, 38.3226402], [26.8988228, 38.3223709], [26.8989515, 38.321929], [26.8988067, 38.3218743], [26.8986672, 38.3218322], [26.898635, 38.3215965], [26.8985438, 38.3213903], [26.8979591, 38.3210536], [26.8975031, 38.3208726], [26.8963242, 38.3200103], [26.8962796, 38.3194263], [26.8993399, 38.3161515], [26.9002956, 38.3141978], [26.9007192, 38.3141743], [26.9016861, 38.3150451], [26.9025372, 38.3120425], [26.9067488, 38.3070166], [26.9068413, 38.3055865], [26.9061042, 38.3024753], [26.9061508, 38.3015577], [26.9095145, 38.3022305], [26.9106419, 38.3034384], [26.9115686, 38.3045538], [26.9125771, 38.3057494], [26.9134354, 38.3067596], [26.9139612, 38.3073153], [26.914165, 38.3078036], [26.9145106, 38.3080135], [26.9145244, 38.3076983], [26.9146693, 38.3070543], [26.9147068, 38.3067217], [26.9148141, 38.3064313], [26.9149321, 38.3063387], [26.9151252, 38.3062587], [26.9152887, 38.3062406], [26.9154739, 38.3062924], [26.9160748, 38.3067349], [26.9166326, 38.3070964], [26.9171047, 38.3071216], [26.917963, 38.3066081], [26.9185209, 38.3061871], [26.9197011, 38.304377], [26.9216811, 38.3045188], [26.9222328, 38.3043221], [26.9224584, 38.303855], [26.9225442, 38.303072], [26.9228554, 38.3022385], [26.9232416, 38.3017249], [26.923636, 38.3013425], [26.9240623, 38.3012523], [26.924764, 38.301368], [26.9251894, 38.3015626], [26.9255376, 38.3018428], [26.9257299, 38.3021693], [26.9256341, 38.3025416], [26.9253015, 38.3029626], [26.9253123, 38.3033835], [26.9254303, 38.3039645], [26.9257092, 38.3040487], [26.9277263, 38.3033162], [26.9279876, 38.3039615], [26.9282484, 38.3044585], [26.9285095, 38.3048401], [26.9289279, 38.3052189], [26.9294107, 38.3056483], [26.9298077, 38.3057999], [26.9307012, 38.3059505], [26.9321055, 38.3061273], [26.9331165, 38.3063651], [26.9332302, 38.3065197], [26.9332677, 38.3067933], [26.9331872, 38.3070122], [26.9332999, 38.3074163], [26.9333988, 38.3078235], [26.9335467, 38.3082329], [26.9336808, 38.3084602], [26.9339061, 38.3086202], [26.9341582, 38.3087128], [26.9344425, 38.3086286], [26.9347536, 38.3083929], [26.9348073, 38.3080056], [26.9353545, 38.3076436], [26.9361111, 38.3073839], [26.9367385, 38.3078625], [26.9369423, 38.3083171], [26.93735, 38.3088559], [26.9382083, 38.3088812], [26.9389057, 38.3089738], [26.9393133, 38.3091842], [26.9393134, 38.3095547], [26.9393326, 38.3105437], [26.9391202, 38.3128716], [26.9397425, 38.3141006], [26.9399035, 38.314572], [26.94, 38.3151444], [26.9399702, 38.315654], [26.939882, 38.3160451], [26.9400215, 38.3165081], [26.9402468, 38.3173415], [26.9409227, 38.3177203], [26.9409957, 38.317726], [26.9414592, 38.3177624], [26.9416094, 38.3178465], [26.9416157, 38.317916], [26.9416308, 38.3179812], [26.9415449, 38.3181344], [26.9415128, 38.3181917], [26.9415041, 38.3183081], [26.9414914, 38.3184779], [26.9416201, 38.3187136], [26.9421565, 38.3191428], [26.9421565, 38.3195974], [26.9422277, 38.319761], [26.9423067, 38.3199425], [26.9424311, 38.320047], [26.9425321, 38.3201319], [26.9426411, 38.3202089], [26.9427198, 38.3202645], [26.9426935, 38.3209041], [26.9430685, 38.3214071], [26.9433636, 38.3221423], [26.9434011, 38.3226613], [26.9432402, 38.3248497], [26.9434239, 38.3264657], [26.9434446, 38.3288994], [26.9438702, 38.3290049], [26.9437987, 38.3293695], [26.9439239, 38.3295252], [26.9442111, 38.3297776], [26.9444364, 38.3302573], [26.9441736, 38.3314692], [26.9447154, 38.3315702], [26.9448012, 38.331646], [26.9448173, 38.3318185], [26.9453269, 38.3315913], [26.9457078, 38.3314777], [26.9461225, 38.3314191], [26.9464251, 38.3320246], [26.9466144, 38.3323782], [26.9466144, 38.3326222], [26.9466251, 38.3328368], [26.9467431, 38.3329463], [26.9469309, 38.3330683], [26.9472205, 38.3332703], [26.9473064, 38.3333923], [26.9472796, 38.3336111], [26.9471401, 38.3338552], [26.9474781, 38.3348735], [26.9475907, 38.3349324], [26.9479662, 38.3349113], [26.9481325, 38.3349492], [26.948508, 38.3352059], [26.9486529, 38.3352396], [26.9488621, 38.3352985], [26.9493234, 38.335673], [26.9496729, 38.3360449], [26.949774, 38.3361569], [26.9499618, 38.3362158], [26.9503846, 38.336244], [26.9509005, 38.336586], [26.9513833, 38.3366492], [26.9517055, 38.3366879], [26.9521383, 38.3373681], [26.9523972, 38.3376885], [26.9525313, 38.3378778], [26.9520861, 38.3379956], [26.9508631, 38.3391265], [26.9505572, 38.3394094], [26.9502952, 38.3397249], [26.9501039, 38.3399554], [26.9499564, 38.3401331], [26.9496345, 38.340335], [26.9498902, 38.34066], [26.9496238, 38.3409746], [26.9492376, 38.3413028], [26.9481754, 38.3419718], [26.948123, 38.3419779], [26.9472399, 38.3420807], [26.9466948, 38.3423799], [26.9463944, 38.3425902], [26.9459865, 38.3428414], [26.9453967, 38.3432045], [26.9439028, 38.3438929], [26.9422853, 38.3442732], [26.9417166, 38.3443826], [26.9409871, 38.3443321], [26.9397761, 38.343936]]]]}, "bbox": [26.8962796, 38.3012523, 26.9525313, 38.3443826]}, {"id": "210", "type": "Feature", "properties": {"mahalle_adi": "Tuzçullu Mahallesi", "_gece_lst_str": "20.2°C"}, "geometry": {"type": "MultiPolygon", "coordinates": [[[[26.9621082, 38.5148256], [26.9603115, 38.5152319], [26.9581765, 38.5160042], [26.9579834, 38.5162476], [26.957919, 38.5164826], [26.9593352, 38.5196305], [26.9579708, 38.5199834], [26.9582731, 38.52094], [26.9555265, 38.5208477], [26.9542158, 38.5216203], [26.9529408, 38.5216786], [26.9517267, 38.5218385], [26.949538, 38.5221826], [26.9478214, 38.5224261], [26.9471393, 38.5234778], [26.9467807, 38.5237523], [26.945976, 38.5247847], [26.9456112, 38.5252463], [26.9453752, 38.5258003], [26.9453645, 38.5263879], [26.9447422, 38.5264886], [26.9451392, 38.5246588], [26.9449031, 38.5235257], [26.9445598, 38.5234753], [26.9444847, 38.5250113], [26.9443667, 38.5260521], [26.9413475, 38.5266717], [26.9390452, 38.5266061], [26.9386482, 38.5270174], [26.9378114, 38.527202], [26.9378436, 38.5279742], [26.9375539, 38.5280749], [26.9374251, 38.5282428], [26.9372857, 38.5284862], [26.9364595, 38.5301984], [26.9356549, 38.530425], [26.9335735, 38.5309118], [26.9308269, 38.5313902], [26.9297647, 38.5314069], [26.9280589, 38.5319944], [26.9274795, 38.532221], [26.926353, 38.5324728], [26.9256985, 38.5326491], [26.9253981, 38.532775], [26.9258487, 38.5351081], [26.9259667, 38.5360648], [26.926074, 38.5369124], [26.9259131, 38.5372817], [26.9252264, 38.537802], [26.9243145, 38.5384146], [26.9236922, 38.5391783], [26.9233382, 38.5401349], [26.9230378, 38.5407559], [26.9226301, 38.541293], [26.9222116, 38.5417042], [26.9210637, 38.5426944], [26.9206238, 38.5431307], [26.9203877, 38.5436426], [26.9200551, 38.5440286], [26.9188428, 38.5440538], [26.9180918, 38.5438104], [26.9177484, 38.5441209], [26.9171047, 38.5442132], [26.9167292, 38.5443055], [26.916461, 38.5444901], [26.9161069, 38.5447167], [26.9158709, 38.5448594], [26.9155061, 38.5448426], [26.9155705, 38.54543], [26.9156027, 38.5457488], [26.9154525, 38.5459922], [26.9153452, 38.5462187], [26.9153452, 38.5465124], [26.9152594, 38.5469152], [26.9150448, 38.547427], [26.9148409, 38.5476788], [26.9146371, 38.5479892], [26.9146371, 38.5481486], [26.9148302, 38.5483668], [26.915195, 38.548543], [26.9155705, 38.5487528], [26.9157851, 38.5490129], [26.915828, 38.5493989], [26.9159675, 38.5497932], [26.9161713, 38.5503051], [26.9165039, 38.5507833], [26.9169867, 38.5511441], [26.9168687, 38.5513958], [26.9167828, 38.5516895], [26.9171905, 38.553032], [26.9173407, 38.5534766], [26.9171691, 38.5535354], [26.9173515, 38.5537116], [26.9165468, 38.5538039], [26.9155812, 38.553678], [26.9150233, 38.5534515], [26.9139612, 38.5529481], [26.9132101, 38.5527803], [26.9124699, 38.5527635], [26.9114613, 38.5528222], [26.9104636, 38.5521258], [26.9100344, 38.5519916], [26.9091225, 38.5518573], [26.9082856, 38.5516559], [26.907202, 38.551119], [26.9070732, 38.5510602], [26.9070089, 38.5515972], [26.9069445, 38.5523188], [26.9070518, 38.5527803], [26.9072664, 38.553183], [26.9074273, 38.553678], [26.90732, 38.5539968], [26.9065475, 38.5544415], [26.9062579, 38.5546764], [26.9051742, 38.5547603], [26.9048524, 38.5545338], [26.904434, 38.5539968], [26.9042623, 38.5542989], [26.9040477, 38.5545925], [26.9037795, 38.5547771], [26.9028246, 38.5549701], [26.9021809, 38.5550372], [26.9016552, 38.5548191], [26.9011831, 38.5544919], [26.9005287, 38.5543492], [26.900078, 38.5544331], [26.8997347, 38.5548946], [26.8991125, 38.553032], [26.896441, 38.553141], [26.8947244, 38.5533005], [26.890111, 38.5536361], [26.8914199, 38.5639889], [26.8855619, 38.5645257], [26.8848109, 38.5651633], [26.8849611, 38.5658176], [26.885519, 38.5663042], [26.8849826, 38.5665223], [26.8850899, 38.5668746], [26.8810773, 38.5681161], [26.880455, 38.5683846], [26.8868279, 38.5743066], [26.8875253, 38.5736775], [26.8881154, 38.5734175], [26.8887806, 38.5728555], [26.8892527, 38.5724529], [26.8909585, 38.5712366], [26.8917739, 38.5707752], [26.8927717, 38.5706075], [26.8937051, 38.5700706], [26.8953252, 38.5691227], [26.8958294, 38.5690053], [26.8963551, 38.5693828], [26.8963122, 38.5698022], [26.8962264, 38.5699837], [26.8975997, 38.5703474], [26.8985438, 38.5705236], [26.8998385, 38.5705776], [26.8998206, 38.571203], [26.9000566, 38.5714211], [26.9002497, 38.5719496], [26.9004093, 38.5722585], [26.9015218, 38.5717946], [26.901659, 38.5714014], [26.9027388, 38.5720083], [26.9030499, 38.5721593], [26.9033289, 38.5722432], [26.903801, 38.5722348], [26.9042838, 38.5722012], [26.9047665, 38.572218], [26.9052815, 38.5722767], [26.905877, 38.5723103], [26.9066119, 38.5723941], [26.9075318, 38.5729436], [26.9079637, 38.5729394], [26.9107532, 38.5732287], [26.9127229, 38.5735553], [26.9132496, 38.5748357], [26.9138508, 38.5748147], [26.9139603, 38.5746431], [26.9147528, 38.5745793], [26.9157919, 38.5740009], [26.9168848, 38.5741304], [26.9183063, 38.5732162], [26.9183385, 38.5733588], [26.9196796, 38.5737949], [26.9199371, 38.5740969], [26.9206558, 38.5740472], [26.9212675, 38.5720335], [26.9216859, 38.5709682], [26.9219649, 38.5709598], [26.9224155, 38.5701377], [26.9229734, 38.5691227], [26.9234562, 38.568611], [26.925441, 38.5683091], [26.9265461, 38.5682], [26.9281018, 38.5684349], [26.9297862, 38.568653], [26.930784, 38.5689634], [26.9306981, 38.567336], [26.9337666, 38.5671514], [26.9338524, 38.5666649], [26.9346464, 38.5651465], [26.9348824, 38.5653143], [26.9392168, 38.5654821], [26.9397855, 38.5647858], [26.944313, 38.5646264], [26.9463307, 38.5655167], [26.9464373, 38.5662706], [26.946839, 38.5670045], [26.948272, 38.5665055], [26.948272, 38.5663545], [26.9502139, 38.564509], [26.9502354, 38.5643915], [26.949141, 38.5640392], [26.9479823, 38.5636701], [26.9480467, 38.5629234], [26.9480145, 38.5625375], [26.9478261, 38.5622642], [26.9496667, 38.5616567], [26.9498598, 38.5616147], [26.9499457, 38.5613043], [26.95207, 38.5621349], [26.9536042, 38.5610946], [26.9544303, 38.5614721], [26.9560397, 38.560264], [26.9565976, 38.5604654], [26.9591081, 38.5598194], [26.9607389, 38.5594838], [26.9611144, 38.55966], [26.9626915, 38.5594251], [26.9642365, 38.5591147], [26.9643438, 38.5590392], [26.9642794, 38.5588798], [26.9658887, 38.558519], [26.9658887, 38.5583764], [26.9696867, 38.5582505], [26.9702124, 38.557571], [26.9744663, 38.5566528], [26.9756682, 38.5570392], [26.9762689, 38.5579188], [26.9776896, 38.5576402], [26.9789028, 38.5580156], [26.9786882, 38.5584183], [26.9789028, 38.5587371], [26.9792676, 38.559207], [26.9795251, 38.5595929], [26.979568, 38.5601634], [26.984353, 38.5613379], [26.9844603, 38.5616063], [26.9855118, 38.5615392], [26.9872282, 38.5620108], [26.9878936, 38.5621936], [26.9876361, 38.5614973], [26.9877326, 38.5609939], [26.9875932, 38.5605912], [26.9877434, 38.560306], [26.986928, 38.5601634], [26.9868248, 38.5591273], [26.9863057, 38.5591902], [26.9856834, 38.5591398], [26.9845998, 38.5588378], [26.9837201, 38.5584687], [26.9834411, 38.5581582], [26.9832051, 38.55768], [26.9824326, 38.5569166], [26.9822931, 38.5565222], [26.9823343, 38.5560322], [26.9819246, 38.5557318], [26.9819927, 38.5553812], [26.9818747, 38.5549701], [26.9847715, 38.5542821], [26.9844282, 38.5534766], [26.990093, 38.5518741], [26.989299, 38.5507414], [26.9889772, 38.5503806], [26.9894278, 38.550389], [26.9895244, 38.5500785], [26.989814, 38.54981], [26.9921851, 38.5486689], [26.9927982, 38.5491688], [26.9982684, 38.5472173], [26.9978499, 38.546118], [26.9975603, 38.5444146], [26.9975281, 38.5437853], [26.9959831, 38.5436342], [26.9954145, 38.5434916], [26.9948459, 38.5431727], [26.9941807, 38.5428622], [26.9961333, 38.5414189], [26.9974315, 38.540521], [26.9967341, 38.5393713], [26.9970667, 38.5391783], [26.9960689, 38.5382132], [26.9948888, 38.5395223], [26.9945133, 38.5399503], [26.9942343, 38.5401181], [26.9938481, 38.5401433], [26.9916487, 38.5391279], [26.9914555, 38.5388678], [26.9914877, 38.5351752], [26.9914448, 38.5323385], [26.9915628, 38.5317594], [26.9921744, 38.530853], [26.9927859, 38.5302487], [26.9932056, 38.5294323], [26.9923261, 38.5280732], [26.9928718, 38.5278651], [26.9925177, 38.5271852], [26.9920456, 38.5264634], [26.9913483, 38.5258759], [26.9898224, 38.5243546], [26.9895136, 38.5235844], [26.9880116, 38.5215447], [26.9862539, 38.5198236], [26.9830138, 38.5174564], [26.9821984, 38.5171375], [26.9807286, 38.5168772], [26.9805139, 38.5166086], [26.9804263, 38.5141912], [26.9784307, 38.514846], [26.9775295, 38.5154001], [26.976242, 38.5158534], [26.9740748, 38.516525], [26.9742805, 38.5176681], [26.970706, 38.5179184], [26.9690108, 38.5172133], [26.9700837, 38.5169783], [26.9698477, 38.5155008], [26.9690994, 38.5154625], [26.9692039, 38.5140065], [26.9675493, 38.5139073], [26.9661158, 38.5141909], [26.9632834, 38.5145435], [26.9621082, 38.5148256]]]]}, "bbox": [26.880455, 38.5139073, 26.9982684, 38.5748357]}, {"id": "211", "type": "Feature", "properties": {"mahalle_adi": "29 Ekim Mahallesi", "_gece_lst_str": "20.6°C"}, "geometry": {"type": "MultiPolygon", "coordinates": [[[[26.9982684, 38.5472173], [26.9996363, 38.5479347], [27.0005321, 38.5484025], [27.001715, 38.5490171], [27.0023453, 38.5493255], [27.0043355, 38.5503218], [27.0081818, 38.5522559], [27.0082301, 38.5527425], [27.0082784, 38.5531704], [27.0082891, 38.5534599], [27.0081979, 38.5546555], [27.0080209, 38.557013], [27.0088416, 38.5570802], [27.0095444, 38.5585442], [27.0100379, 38.5594083], [27.0105314, 38.559832], [27.0109284, 38.560155], [27.0115024, 38.5604402], [27.012189, 38.5606583], [27.0126665, 38.5614931], [27.0126826, 38.5615937], [27.0125109, 38.561707], [27.0121783, 38.561879], [27.0115399, 38.5621432], [27.0120066, 38.563217], [27.0122319, 38.5633009], [27.0128328, 38.5644502], [27.0120817, 38.5647187], [27.0116097, 38.5657589], [27.0119905, 38.5660693], [27.0129991, 38.5669459], [27.0132565, 38.5672731], [27.0133638, 38.5677554], [27.0133853, 38.5682629], [27.012307, 38.5683762], [27.0125109, 38.5685859], [27.0126879, 38.5688921], [27.0132565, 38.5689969], [27.0135355, 38.5691605], [27.0137393, 38.5693282], [27.01397, 38.5694667], [27.0142651, 38.5695254], [27.0145225, 38.5695212], [27.0152038, 38.5693618], [27.0154077, 38.5691563], [27.0161855, 38.5697225], [27.0165932, 38.5697561], [27.0179987, 38.5707543], [27.0182723, 38.5709052], [27.0178646, 38.5715637], [27.0177197, 38.571958], [27.0174783, 38.572478], [27.0187765, 38.5731658], [27.0202947, 38.5739627], [27.0208043, 38.5741892], [27.0210618, 38.574273], [27.0214212, 38.5742437], [27.0217431, 38.5742688], [27.0220864, 38.5744198], [27.0225692, 38.5745582], [27.0229661, 38.5746756], [27.0240337, 38.5753718], [27.0248169, 38.5758331], [27.0252675, 38.5759799], [27.0254821, 38.575506], [27.0270324, 38.5734678], [27.0274562, 38.5729142], [27.0276064, 38.5725619], [27.0262867, 38.5722222], [27.0243072, 38.5716308], [27.0234597, 38.5714253], [27.0216894, 38.5706997], [27.0191145, 38.5695589], [27.0192379, 38.5693534], [27.0178163, 38.5675709], [27.0191735, 38.5672269], [27.0219523, 38.5664803], [27.022478, 38.566883], [27.0230761, 38.5665412], [27.02398, 38.5661532], [27.0244521, 38.5659602], [27.0249563, 38.5656666], [27.0251656, 38.5655324], [27.0256269, 38.5663461], [27.0265067, 38.5661322], [27.0268285, 38.5660651], [27.0275634, 38.5676338], [27.0286256, 38.5670633], [27.0287061, 38.5668998], [27.0299077, 38.5668788], [27.0304066, 38.5668075], [27.0319676, 38.5667991], [27.0332926, 38.5668914], [27.0357549, 38.5669627], [27.0358247, 38.5682587], [27.0372623, 38.5680364], [27.0381796, 38.5679022], [27.0385981, 38.5677219], [27.0390648, 38.5676338], [27.0399392, 38.5675247], [27.0405775, 38.5674241], [27.0412481, 38.5671934], [27.0425034, 38.566753], [27.0441341, 38.5661238], [27.045384, 38.5657212], [27.0470631, 38.5650333], [27.0479751, 38.5645593], [27.0487904, 38.5640476], [27.0478678, 38.5632884], [27.0464837, 38.5621894], [27.0453465, 38.5611701], [27.044515, 38.5603144], [27.0439625, 38.5596893], [27.0434689, 38.5590643], [27.0428762, 38.5583596], [27.0418864, 38.5571766], [27.0415941, 38.5568222], [27.0412159, 38.5562265], [27.0408404, 38.5555784], [27.0404488, 38.5549156], [27.0398962, 38.5540094], [27.0394081, 38.5531893], [27.0387, 38.5520293], [27.0379811, 38.5508379], [27.0373535, 38.5497785], [27.0371497, 38.5494723], [27.0385337, 38.5492688], [27.0397353, 38.54908], [27.0407706, 38.5488996], [27.0417201, 38.5487612], [27.0429647, 38.5485766], [27.0437304, 38.5484853], [27.0443206, 38.5483669], [27.0452446, 38.5480815], [27.0462692, 38.5479431], [27.0467573, 38.5478004], [27.0479214, 38.5476704], [27.0484855, 38.5475147], [27.049339, 38.5473186], [27.0512742, 38.5469991], [27.0525134, 38.5469068], [27.0532536, 38.5466634], [27.0528781, 38.5459166], [27.0523738, 38.5454132], [27.0505714, 38.5447419], [27.0488119, 38.5439363], [27.0471167, 38.5426273], [27.0472026, 38.5416538], [27.0469451, 38.5405965], [27.0463013, 38.5396734], [27.0451319, 38.5402902], [27.0446491, 38.5396692], [27.0436084, 38.5396692], [27.0402664, 38.5414314], [27.0399338, 38.5413979], [27.0395315, 38.5414189], [27.0393705, 38.541444], [27.0392525, 38.5420063], [27.0390701, 38.5423419], [27.0386195, 38.542837], [27.0384478, 38.5430468], [27.0382762, 38.5432398], [27.0381367, 38.5435671], [27.0380831, 38.5440706], [27.0375466, 38.5442132], [27.0366883, 38.5444818], [27.0346284, 38.5441545], [27.0344782, 38.5434412], [27.0335233, 38.5393209], [27.0328259, 38.5362326], [27.0325577, 38.5351416], [27.0317638, 38.5324225], [27.0307767, 38.5297367], [27.0306158, 38.5291241], [27.03053, 38.5285533], [27.0305407, 38.5279406], [27.0306802, 38.5274874], [27.0310039, 38.5267501], [27.0303394, 38.526277], [27.0271826, 38.5240293], [27.0268784, 38.5245483], [27.0234323, 38.5214149], [27.0146572, 38.5302806], [27.0090853, 38.5298184], [27.0085593, 38.5354111], [27.0073499, 38.53542], [27.0078411, 38.5297007], [27.0049417, 38.5295052], [27.004406, 38.523623], [27.004137, 38.5218469], [27.0039439, 38.520806], [27.0029568, 38.5201513], [27.001516, 38.5203576], [26.9995451, 38.5208396], [27.0004463, 38.5212593], [27.000575, 38.5219812], [27.000854, 38.5222666], [27.0008612, 38.5229765], [26.9968052, 38.5235063], [26.9970479, 38.5245048], [26.9968521, 38.5249694], [26.995908, 38.5260353], [26.9956612, 38.5258087], [26.995554, 38.5268915], [26.9951785, 38.5276049], [26.9945025, 38.5284274], [26.9937622, 38.5290485], [26.9932056, 38.5294323], [26.9927859, 38.5302487], [26.9921744, 38.530853], [26.9915628, 38.5317594], [26.9914448, 38.5323385], [26.9914877, 38.5351752], [26.9914555, 38.5388678], [26.9916487, 38.5391279], [26.9938481, 38.5401433], [26.9942343, 38.5401181], [26.9945133, 38.5399503], [26.9948888, 38.5395223], [26.9960689, 38.5382132], [26.9970667, 38.5391783], [26.9967341, 38.5393713], [26.9974315, 38.540521], [26.9961333, 38.5414189], [26.9941807, 38.5428622], [26.9948459, 38.5431727], [26.9954145, 38.5434916], [26.9959831, 38.5436342], [26.9975281, 38.5437853], [26.9975603, 38.5444146], [26.9978499, 38.546118], [26.9982684, 38.5472173]]]]}, "bbox": [26.9914448, 38.5201513, 27.0532536, 38.5759799]}, {"id": "215", "type": "Feature", "properties": {"mahalle_adi": "Günerli Mahallesi", "_gece_lst_str": "19.9°C"}, "geometry": {"type": "MultiPolygon", "coordinates": [[[[26.9982684, 38.5472173], [26.9996363, 38.5479347], [27.0005321, 38.5484025], [27.001715, 38.5490171], [27.0023453, 38.5493255], [27.0043355, 38.5503218], [27.0081818, 38.5522559], [27.0082301, 38.5527425], [27.0082784, 38.5531704], [27.0082891, 38.5534599], [27.0081979, 38.5546555], [27.0080209, 38.557013], [27.0088416, 38.5570802], [27.0095444, 38.5585442], [27.0100379, 38.5594083], [27.0105314, 38.559832], [27.0109284, 38.560155], [27.0115024, 38.5604402], [27.012189, 38.5606583], [27.0126665, 38.5614931], [27.0126826, 38.5615937], [27.0125109, 38.561707], [27.0121783, 38.561879], [27.0115399, 38.5621432], [27.0120066, 38.563217], [27.0122319, 38.5633009], [27.0128328, 38.5644502], [27.0120817, 38.5647187], [27.0116097, 38.5657589], [27.0119905, 38.5660693], [27.0129991, 38.5669459], [27.0132565, 38.5672731], [27.0133638, 38.5677554], [27.0133853, 38.5682629], [27.012307, 38.5683762], [27.0125109, 38.5685859], [27.0126879, 38.5688921], [27.0132565, 38.5689969], [27.0135355, 38.5691605], [27.0137393, 38.5693282], [27.01397, 38.5694667], [27.0142651, 38.5695254], [27.0145225, 38.5695212], [27.0152038, 38.5693618], [27.0154077, 38.5691563], [27.0161855, 38.5697225], [27.0165932, 38.5697561], [27.0179987, 38.5707543], [27.0182723, 38.5709052], [27.0178646, 38.5715637], [27.0177197, 38.571958], [27.0174783, 38.572478], [27.0187765, 38.5731658], [27.0202947, 38.5739627], [27.0208043, 38.5741892], [27.0210618, 38.574273], [27.0214212, 38.5742437], [27.0217431, 38.5742688], [27.0220864, 38.5744198], [27.0225692, 38.5745582], [27.0229661, 38.5746756], [27.0240337, 38.5753718], [27.0248169, 38.5758331], [27.0252675, 38.5759799], [27.0254821, 38.575506], [27.0270324, 38.5734678], [27.0274562, 38.5729142], [27.0276064, 38.5725619], [27.0280302, 38.5726667], [27.0303315, 38.5749021], [27.0321232, 38.5752502], [27.0332497, 38.5755731], [27.0339578, 38.5758122], [27.0345265, 38.5761687], [27.0360178, 38.5768229], [27.0375842, 38.5773597], [27.0369887, 38.5778923], [27.0377183, 38.5784249], [27.0380348, 38.5786429], [27.0386624, 38.5788359], [27.039172, 38.5790036], [27.0394832, 38.5791504], [27.0397139, 38.5793936], [27.0401752, 38.5799346], [27.0416665, 38.5818971], [27.0407706, 38.5834865], [27.0418167, 38.583998], [27.0424175, 38.5834277], [27.0433831, 38.5841658], [27.0430022, 38.584669], [27.0424014, 38.5851806], [27.0425838, 38.5853651], [27.0427555, 38.5856334], [27.0427716, 38.5860234], [27.0427823, 38.5870046], [27.0425463, 38.5873736], [27.0422137, 38.587751], [27.0417631, 38.5882961], [27.039274, 38.5911976], [27.0377666, 38.5904219], [27.0370263, 38.5899607], [27.0359641, 38.5892731], [27.0356798, 38.5891179], [27.0350683, 38.5886777], [27.0347249, 38.588338], [27.0344943, 38.5881787], [27.0341617, 38.5879606], [27.0335877, 38.5876126], [27.0332122, 38.5873275], [27.0326221, 38.5869207], [27.032488, 38.5868746], [27.032209, 38.5868788], [27.0320427, 38.5868453], [27.031796, 38.5868201], [27.0310449, 38.5866188], [27.0299077, 38.5863085], [27.0292318, 38.5875665], [27.0284057, 38.5892689], [27.0274508, 38.5892437], [27.02582, 38.5890425], [27.0228803, 38.5889586], [27.0220005, 38.5888076], [27.0213354, 38.5885812], [27.0208526, 38.5883716], [27.019887, 38.5891347], [27.0181918, 38.5881451], [27.0168614, 38.5874323], [27.0164001, 38.5872394], [27.0155203, 38.5868872], [27.0148337, 38.5866943], [27.0130741, 38.5862918], [27.0131171, 38.5836668], [27.0111751, 38.5829791], [27.0103919, 38.5826436], [27.0092332, 38.5821068], [27.0077956, 38.5815449], [27.006154, 38.5810501], [27.0051885, 38.5812178], [27.0044267, 38.5806559], [27.0038152, 38.5805049], [27.0030641, 38.5822913], [27.0009398, 38.5817713], [27.0007682, 38.5821739], [26.9994593, 38.5818552], [27.0004034, 38.5796243], [26.996144, 38.5785088], [26.9960368, 38.5787604], [26.9926252, 38.5779456], [26.9930863, 38.5768732], [26.9914019, 38.5764706], [26.9921315, 38.5760764], [26.9926679, 38.5758751], [26.993773, 38.5753467], [26.9945884, 38.5736691], [26.9911444, 38.5728471], [26.9886124, 38.5720754], [26.9893205, 38.5702216], [26.9872069, 38.569626], [26.9886017, 38.5661867], [26.9887197, 38.5628647], [26.9870675, 38.5624117], [26.9872282, 38.5620108], [26.9878936, 38.5621936], [26.9876361, 38.5614973], [26.9877326, 38.5609939], [26.9875932, 38.5605912], [26.9877434, 38.560306], [26.986928, 38.5601634], [26.9868248, 38.5591273], [26.9863057, 38.5591902], [26.9856834, 38.5591398], [26.9845998, 38.5588378], [26.9837201, 38.5584687], [26.9834411, 38.5581582], [26.9832051, 38.55768], [26.9824326, 38.5569166], [26.9822931, 38.5565222], [26.9823343, 38.5560322], [26.9819246, 38.5557318], [26.9819927, 38.5553812], [26.9818747, 38.5549701], [26.9847715, 38.5542821], [26.9844282, 38.5534766], [26.990093, 38.5518741], [26.989299, 38.5507414], [26.9889772, 38.5503806], [26.9894278, 38.550389], [26.9895244, 38.5500785], [26.989814, 38.54981], [26.9921851, 38.5486689], [26.9927982, 38.5491688], [26.9982684, 38.5472173]]]]}, "bbox": [26.9818747, 38.5472173, 27.0433831, 38.5911976]}, {"id": "218", "type": "Feature", "properties": {"mahalle_adi": "İnönü Mahallesi", "_gece_lst_str": "19.9°C"}, "geometry": {"type": "MultiPolygon", "coordinates": [[[[26.9872282, 38.5620108], [26.9870675, 38.5624117], [26.9887197, 38.5628647], [26.9886017, 38.5661867], [26.9872069, 38.569626], [26.9893205, 38.5702216], [26.9886124, 38.5720754], [26.9911444, 38.5728471], [26.9945884, 38.5736691], [26.993773, 38.5753467], [26.9926679, 38.5758751], [26.9921315, 38.5760764], [26.9914019, 38.5764706], [26.9899106, 38.5772339], [26.9890147, 38.5777078], [26.9885105, 38.5781481], [26.9874376, 38.5789365], [26.9867992, 38.5795026], [26.984117, 38.5788442], [26.9828188, 38.5784836], [26.982262, 38.5800119], [26.9820625, 38.5805594], [26.9788063, 38.5806768], [26.977939, 38.5807321], [26.9777548, 38.5807439], [26.9758344, 38.5811884], [26.9750837, 38.5813935], [26.9744611, 38.5813604], [26.9742323, 38.5815419], [26.9741559, 38.5813383], [26.9739997, 38.5801443], [26.9736028, 38.5787771], [26.9733882, 38.5785088], [26.9719827, 38.5772506], [26.9713926, 38.5766048], [26.9705772, 38.5752964], [26.9690108, 38.5749105], [26.9674873, 38.574424], [26.9674273, 38.5743989], [26.9653709, 38.5735395], [26.9637707, 38.5728706], [26.9619083, 38.5720922], [26.9545483, 38.5689885], [26.948272, 38.5665055], [26.948272, 38.5663545], [26.9502139, 38.564509], [26.9502354, 38.5643915], [26.949141, 38.5640392], [26.9479823, 38.5636701], [26.9480467, 38.5629234], [26.9480145, 38.5625375], [26.9478261, 38.5622642], [26.9496667, 38.5616567], [26.9498598, 38.5616147], [26.9499457, 38.5613043], [26.95207, 38.5621349], [26.9536042, 38.5610946], [26.9544303, 38.5614721], [26.9560397, 38.560264], [26.9565976, 38.5604654], [26.9591081, 38.5598194], [26.9607389, 38.5594838], [26.9611144, 38.55966], [26.9626915, 38.5594251], [26.9642365, 38.5591147], [26.9643438, 38.5590392], [26.9642794, 38.5588798], [26.9658887, 38.558519], [26.9658887, 38.5583764], [26.9696867, 38.5582505], [26.9702124, 38.557571], [26.9744663, 38.5566528], [26.9756682, 38.5570392], [26.9762689, 38.5579188], [26.9776896, 38.5576402], [26.9789028, 38.5580156], [26.9786882, 38.5584183], [26.9789028, 38.5587371], [26.9792676, 38.559207], [26.9795251, 38.5595929], [26.979568, 38.5601634], [26.984353, 38.5613379], [26.9844603, 38.5616063], [26.9855118, 38.5615392], [26.9872282, 38.5620108]]]]}, "bbox": [26.9478261, 38.5566528, 26.9945884, 38.5815419]}, {"id": "219", "type": "Feature", "properties": {"mahalle_adi": "Gazi Mustafa Kemal Mahallesi", "_gece_lst_str": "20.6°C"}, "geometry": {"type": "MultiPolygon", "coordinates": [[[[26.9541943, 38.6075817], [26.953454, 38.6075859], [26.9528049, 38.6076362], [26.9515496, 38.6077326], [26.950525, 38.6078164], [26.9498116, 38.6078877], [26.9493288, 38.6078877], [26.9488782, 38.6077661], [26.9486099, 38.6076194], [26.947993, 38.6067978], [26.9456005, 38.6067559], [26.942693, 38.6066762], [26.9421244, 38.6068565], [26.9411212, 38.6069739], [26.9383478, 38.6074643], [26.9374895, 38.6037418], [26.9359124, 38.5970507], [26.9354188, 38.5949418], [26.9352525, 38.5942752], [26.9351345, 38.5935959], [26.9351399, 38.593118], [26.932404, 38.5939146], [26.9305801, 38.5943926], [26.9281554, 38.5950299], [26.927855, 38.5952143], [26.9274795, 38.5955749], [26.9270503, 38.5960026], [26.9251943, 38.5965811], [26.9243359, 38.5968243], [26.9234133, 38.5972268], [26.9221258, 38.5978473], [26.9210529, 38.5984426], [26.9204414, 38.5988703], [26.9195992, 38.599126], [26.9187033, 38.5994279], [26.9182312, 38.5996123], [26.9174319, 38.5998555], [26.9160533, 38.6002831], [26.9150233, 38.600564], [26.913414, 38.6011761], [26.9129205, 38.6013522], [26.912663, 38.6015282], [26.9121802, 38.6019978], [26.9114828, 38.6027692], [26.9111609, 38.6031297], [26.9106567, 38.6036244], [26.9103348, 38.6040939], [26.9100773, 38.6044083], [26.9099218, 38.6051042], [26.9096053, 38.6061899], [26.9094551, 38.6063744], [26.9086719, 38.6067307], [26.9083393, 38.6068523], [26.9078565, 38.6070912], [26.9074649, 38.6073637], [26.9064939, 38.608026], [26.9058931, 38.6085458], [26.9055712, 38.6084871], [26.9053781, 38.6084452], [26.9052172, 38.6090405], [26.9028032, 38.6084788], [26.9024706, 38.6082189], [26.9024277, 38.607523], [26.9016606, 38.6069361], [26.9017142, 38.6068649], [26.9016, 38.6068], [26.9032323, 38.6048988], [26.9033825, 38.6032052], [26.9037902, 38.5986103], [26.9008183, 38.5985936], [26.9012689, 38.5967321], [26.9021273, 38.5975119], [26.9030714, 38.5979312], [26.9038546, 38.598015], [26.9048738, 38.5974029], [26.9050348, 38.5966063], [26.9053888, 38.5957762], [26.9053996, 38.5950047], [26.9052064, 38.5944848], [26.9050884, 38.5940907], [26.9051099, 38.593336], [26.9052279, 38.5925142], [26.9053996, 38.5908287], [26.9055283, 38.5898643], [26.9057214, 38.5887825], [26.9057536, 38.5881535], [26.9066763, 38.5873149], [26.9074702, 38.5868872], [26.907953, 38.5868704], [26.9078243, 38.5863085], [26.9077384, 38.5859311], [26.9072771, 38.5854112], [26.9066977, 38.585646], [26.9056249, 38.5858053], [26.9050133, 38.5861073], [26.9040906, 38.5862834], [26.9032109, 38.5862331], [26.9026637, 38.586166], [26.9022667, 38.5861995], [26.9017947, 38.5861911], [26.9009793, 38.5862414], [26.9005394, 38.5859815], [26.8996274, 38.586124], [26.8990159, 38.5861073], [26.8988657, 38.585126], [26.89834, 38.5846145], [26.8978572, 38.5842874], [26.8972349, 38.5840274], [26.8970311, 38.5836081], [26.8964517, 38.5830294], [26.8958294, 38.5825933], [26.8950784, 38.581763], [26.8952393, 38.5813772], [26.8953252, 38.5809746], [26.8952501, 38.5805636], [26.8946922, 38.5802617], [26.8943596, 38.5801946], [26.8939519, 38.5798759], [26.8939304, 38.5796494], [26.8937802, 38.5790875], [26.8939626, 38.57767], [26.894424, 38.5766551], [26.8945849, 38.5760345], [26.8948316, 38.5752628], [26.8948638, 38.5746757], [26.8946814, 38.5741724], [26.8945312, 38.573753], [26.8944991, 38.5724612], [26.8944454, 38.5721006], [26.8945956, 38.5717231], [26.895057, 38.5712366], [26.8953788, 38.5708843], [26.8956149, 38.570683], [26.8959474, 38.5703726], [26.8961298, 38.5701881], [26.8962264, 38.5699837], [26.8975997, 38.5703474], [26.8985438, 38.5705236], [26.8998385, 38.5705776], [26.8998206, 38.571203], [26.9000566, 38.5714211], [26.9002497, 38.5719496], [26.9004093, 38.5722585], [26.9015218, 38.5717946], [26.901659, 38.5714014], [26.9027388, 38.5720083], [26.9030499, 38.5721593], [26.9033289, 38.5722432], [26.903801, 38.5722348], [26.9042838, 38.5722012], [26.9047665, 38.572218], [26.9052815, 38.5722767], [26.905877, 38.5723103], [26.9066119, 38.5723941], [26.9075318, 38.5729436], [26.9079637, 38.5729394], [26.9107532, 38.5732287], [26.9127229, 38.5735553], [26.9132496, 38.5748357], [26.9138508, 38.5748147], [26.9139603, 38.5746431], [26.9147528, 38.5745793], [26.9157919, 38.5740009], [26.9168848, 38.5741304], [26.9183063, 38.5732162], [26.9183385, 38.5733588], [26.9196796, 38.5737949], [26.9199371, 38.5740969], [26.9206558, 38.5740472], [26.9212675, 38.5720335], [26.9216859, 38.5709682], [26.9219649, 38.5709598], [26.9224155, 38.5701377], [26.9229734, 38.5691227], [26.9234562, 38.568611], [26.925441, 38.5683091], [26.9265461, 38.5682], [26.9281018, 38.5684349], [26.9297862, 38.568653], [26.930784, 38.5689634], [26.9306981, 38.567336], [26.9337666, 38.5671514], [26.9338524, 38.5666649], [26.9346464, 38.5651465], [26.9348824, 38.5653143], [26.9392168, 38.5654821], [26.9397855, 38.5647858], [26.944313, 38.5646264], [26.9463307, 38.5655167], [26.9464373, 38.5662706], [26.946839, 38.5670045], [26.948272, 38.5665055], [26.9545483, 38.5689885], [26.9619083, 38.5720922], [26.9637707, 38.5728706], [26.9653709, 38.5735395], [26.9674273, 38.5743989], [26.9674873, 38.574424], [26.9690108, 38.5749105], [26.9705772, 38.5752964], [26.9713926, 38.5766048], [26.9719827, 38.5772506], [26.9733882, 38.5785088], [26.9736028, 38.5787771], [26.9739997, 38.5801443], [26.9741559, 38.5813383], [26.9742323, 38.5815419], [26.9741338, 38.5817797], [26.9738817, 38.5821026], [26.973651, 38.58235], [26.9733775, 38.5827358], [26.97312, 38.5833103], [26.9728786, 38.583801], [26.9726479, 38.5841113], [26.9725406, 38.5842622], [26.9724065, 38.5843671], [26.9720578, 38.5855076], [26.9718325, 38.5860569], [26.9714946, 38.586665], [26.9709206, 38.5873862], [26.9706309, 38.5877594], [26.9702178, 38.5881619], [26.9700301, 38.5884261], [26.9696706, 38.5892186], [26.9694507, 38.5896588], [26.9691718, 38.5900362], [26.967777, 38.5917679], [26.9667256, 38.5928999], [26.9657814, 38.594141], [26.9656098, 38.5943674], [26.9645905, 38.5951892], [26.9635606, 38.5961283], [26.9627666, 38.5966147], [26.9620156, 38.5971513], [26.9613504, 38.597688], [26.9608891, 38.5980989], [26.960535, 38.5986103], [26.9602024, 38.5992141], [26.9600093, 38.5995243], [26.9597626, 38.6001532], [26.9595051, 38.6007401], [26.9592905, 38.6012348], [26.9584644, 38.6020816], [26.9574099, 38.6032125], [26.9569087, 38.6037501], [26.9565064, 38.60414], [26.9562113, 38.6043999], [26.955809, 38.6046892], [26.9554228, 38.6049491], [26.9551545, 38.6052174], [26.9549775, 38.6055779], [26.9548863, 38.6058881], [26.9548809, 38.6060893], [26.9541943, 38.6075817]]]]}, "bbox": [26.8937802, 38.5646264, 26.9742323, 38.6090405]}, {"id": "240", "type": "Feature", "properties": {"mahalle_adi": "Kösedere Mahallesi", "_gece_lst_str": "21.0°C"}, "geometry": {"type": "MultiPolygon", "coordinates": [[[[26.5674325, 38.5805638], [26.5670278, 38.580833], [26.5662873, 38.5809609], [26.565719, 38.5808532], [26.5656157, 38.5810282], [26.5653401, 38.581183], [26.5651679, 38.5815734], [26.5652024, 38.5819908], [26.5653401, 38.5820715], [26.5654349, 38.5823139], [26.5656501, 38.5823946], [26.5661582, 38.5823341], [26.5662873, 38.5824081], [26.5661668, 38.5825495], [26.5662528, 38.583124], [26.5659107, 38.5832061], [26.5634966, 38.5844723], [26.5630513, 38.5840357], [26.5627555, 38.5839988], [26.5625209, 38.5838847], [26.5625601, 38.5836763], [26.5622361, 38.5832639], [26.5619859, 38.5832213], [26.5607595, 38.5839079], [26.5600455, 38.5839767], [26.5592438, 38.5847245], [26.5589775, 38.5848188], [26.5587027, 38.585074], [26.5583218, 38.5852871], [26.5578393, 38.5847311], [26.5583955, 38.5844055], [26.5586469, 38.5842694], [26.5591576, 38.5839198], [26.5586431, 38.5836497], [26.5585769, 38.5832919], [26.5587745, 38.5832629], [26.5585852, 38.5831728], [26.5587237, 38.5828754], [26.5586796, 38.5826368], [26.5578519, 38.5826814], [26.5574338, 38.5827811], [26.5568707, 38.5829994], [26.5565291, 38.5829862], [26.5563746, 38.5834325], [26.5562457, 38.5833963], [26.5560853, 38.5835566], [26.555895, 38.5836452], [26.5554945, 38.5833398], [26.5553195, 38.5834047], [26.5545446, 38.5834971], [26.5541272, 38.5834836], [26.5539451, 38.583465], [26.5537557, 38.5834047], [26.5533382, 38.5834031], [26.552958, 38.583503], [26.5528087, 38.5830972], [26.5526884, 38.5829061], [26.552713, 38.5826023], [26.5525159, 38.5825658], [26.5524318, 38.5826548], [26.5520437, 38.5828142], [26.5520424, 38.5830228], [26.5518441, 38.5831769], [26.5511464, 38.5830611], [26.5505999, 38.5830411], [26.550554, 38.5831005], [26.5507041, 38.5833752], [26.5506117, 38.5835893], [26.5487995, 38.5832427], [26.5488354, 38.5847802], [26.546511, 38.5850036], [26.5454163, 38.5852496], [26.5442086, 38.5853522], [26.5424036, 38.5862568], [26.5417894, 38.5861471], [26.5389943, 38.5851709], [26.5370148, 38.584877], [26.5351697, 38.5849233], [26.5342853, 38.5843299], [26.5322127, 38.5843574], [26.5313483, 38.5841931], [26.5304834, 38.5841181], [26.5298229, 38.5841154], [26.5282953, 38.5843774], [26.5269283, 38.5844613], [26.5261072, 38.5846546], [26.5255619, 38.5844558], [26.5241731, 38.5843786], [26.5218775, 38.58369], [26.5210605, 38.5832576], [26.5190607, 38.5826059], [26.5178087, 38.5825292], [26.5147785, 38.5827133], [26.5140482, 38.5829427], [26.5134193, 38.582983], [26.5126234, 38.5828188], [26.5107393, 38.5818993], [26.5104457, 38.5815405], [26.5104033, 38.5810756], [26.5107969, 38.5801298], [26.5111424, 38.5795592], [26.5110539, 38.5791656], [26.5106749, 38.5787184], [26.510396, 38.5785339], [26.5100956, 38.578383], [26.5099025, 38.5780978], [26.5098166, 38.5778126], [26.5097093, 38.5775945], [26.5095591, 38.5773094], [26.5094304, 38.5768061], [26.5094518, 38.5765545], [26.5093231, 38.5762693], [26.5090656, 38.5759003], [26.5086579, 38.5756654], [26.5081429, 38.5752964], [26.5078211, 38.5751118], [26.5071559, 38.5747595], [26.5061259, 38.5733168], [26.5059757, 38.5731155], [26.5059972, 38.5729142], [26.5072095, 38.5719999], [26.5073597, 38.5716812], [26.5074777, 38.571396], [26.5077031, 38.5711275], [26.5078533, 38.5710101], [26.508218, 38.5707081], [26.5078211, 38.5700622], [26.507628, 38.5699112], [26.5075743, 38.5697854], [26.5074456, 38.5695505], [26.5074777, 38.5693996], [26.5075636, 38.5691982], [26.507746, 38.5688795], [26.5081429, 38.5681916], [26.5083146, 38.5664803], [26.5079927, 38.5656247], [26.5078103, 38.5639721], [26.5078854, 38.5627473], [26.5070915, 38.5621349], [26.506834, 38.5619838], [26.5066418, 38.5616703], [26.5057789, 38.5613449], [26.5055406, 38.5606765], [26.5052544, 38.5603655], [26.5050627, 38.5595424], [26.5048971, 38.5593391], [26.5042636, 38.5587644], [26.5040395, 38.558251], [26.5040417, 38.5579292], [26.503049, 38.5566141], [26.5027462, 38.5565055], [26.5024996, 38.5565264], [26.50199, 38.5569585], [26.5010941, 38.5571683], [26.5007293, 38.557034], [26.4999837, 38.5565306], [26.4986104, 38.5564635], [26.4982831, 38.5563041], [26.4980203, 38.5558468], [26.4981222, 38.5553938], [26.4985192, 38.5552973], [26.498884, 38.5549239], [26.4993928, 38.554215], [26.500167, 38.5541826], [26.5011412, 38.5537696], [26.5001636, 38.5524784], [26.500046, 38.5519416], [26.5002151, 38.5516206], [26.5002935, 38.5512634], [26.4999354, 38.5508421], [26.4998187, 38.5497002], [26.4999032, 38.5492395], [26.4999783, 38.5489793], [26.4999139, 38.5487528], [26.5000963, 38.5480731], [26.4996672, 38.5476872], [26.4993238, 38.5470998], [26.4992809, 38.5468061], [26.4994526, 38.5464872], [26.4995062, 38.5461852], [26.4993989, 38.5458915], [26.4990985, 38.5455223], [26.4988089, 38.5452202], [26.4986265, 38.5445741], [26.498208, 38.5441964], [26.4975214, 38.5433741], [26.497736, 38.5429126], [26.4976072, 38.5426944], [26.4971995, 38.5425266], [26.4961052, 38.5406384], [26.4962125, 38.540437], [26.4963627, 38.5402021], [26.4963949, 38.5399251], [26.4963305, 38.5392286], [26.4966524, 38.5387587], [26.4967167, 38.5385321], [26.4967167, 38.5383139], [26.4966845, 38.5381628], [26.4965558, 38.537953], [26.4963519, 38.5377348], [26.4949143, 38.5372229], [26.494689, 38.5370047], [26.4944851, 38.5365683], [26.4943778, 38.5364257], [26.4942276, 38.5362662], [26.4942062, 38.5360984], [26.494292, 38.5358634], [26.4946675, 38.5353682], [26.494925, 38.5350325], [26.4952361, 38.5344367], [26.4954936, 38.5341849], [26.495794, 38.5341094], [26.4959013, 38.5340422], [26.4961052, 38.5338492], [26.4962876, 38.5335387], [26.4963412, 38.5333373], [26.4961052, 38.5313818], [26.4961266, 38.5311719], [26.4962447, 38.5308362], [26.4962554, 38.5306516], [26.4960623, 38.5304334], [26.4950216, 38.5298794], [26.4941418, 38.5293339], [26.4944422, 38.5289478], [26.4946461, 38.5287967], [26.4960837, 38.5278231], [26.4969098, 38.5263711], [26.4971995, 38.5259346], [26.4974892, 38.5257584], [26.4978433, 38.5255401], [26.4982939, 38.5253639], [26.4990342, 38.5252463], [26.4997101, 38.5249442], [26.5008044, 38.5239369], [26.5013301, 38.5232654], [26.5023386, 38.5227534], [26.5031433, 38.5222078], [26.5036583, 38.5217546], [26.5034008, 38.5210411], [26.5033579, 38.5207809], [26.5033686, 38.5204619], [26.5037763, 38.5185144], [26.5036261, 38.5180359], [26.5037441, 38.5178093], [26.5036368, 38.5163571], [26.5038514, 38.5158534], [26.504184, 38.5145774], [26.5042806, 38.5139562], [26.5043449, 38.5119246], [26.5048706, 38.5110515], [26.5050852, 38.510573], [26.505171, 38.5103631], [26.5052032, 38.5100944], [26.5052032, 38.5095571], [26.5049457, 38.5089527], [26.5049136, 38.5087344], [26.5048814, 38.5081971], [26.5049136, 38.5079704], [26.5051818, 38.5077017], [26.5056431, 38.5073155], [26.5059113, 38.5070217], [26.5062225, 38.5065515], [26.5064371, 38.5052922], [26.5064585, 38.5049983], [26.5066731, 38.504377], [26.5060294, 38.501833], [26.5057933, 38.4991377], [26.505568, 38.4988774], [26.505568, 38.4979202], [26.506362, 38.4966523], [26.5077674, 38.4932011], [26.5076709, 38.4927309], [26.5077245, 38.4916224], [26.5078425, 38.4907155], [26.5080786, 38.49022], [26.5081537, 38.4890359], [26.5080381, 38.4881577], [26.5087491, 38.4886664], [26.5089553, 38.4892937], [26.5095412, 38.4900947], [26.5096772, 38.4907071], [26.5098381, 38.491043], [26.5101278, 38.4914545], [26.5103423, 38.4915972], [26.5106106, 38.4921514], [26.510632, 38.4924621], [26.5105247, 38.4945195], [26.5109968, 38.4967027], [26.511898, 38.4989698], [26.5122843, 38.4990454], [26.5136146, 38.5009682], [26.5142047, 38.5010521], [26.5152776, 38.5014971], [26.5157869, 38.5016448], [26.5161574, 38.5019589], [26.5165329, 38.5024375], [26.5165436, 38.5031008], [26.5167153, 38.5036717], [26.5173315, 38.5042611], [26.5187859, 38.503932], [26.5212589, 38.5036424], [26.5236783, 38.5028531], [26.5235549, 38.5038103], [26.523689, 38.5044526], [26.5239572, 38.5052838], [26.5242362, 38.5056532], [26.5255666, 38.5072736], [26.5258884, 38.5077773], [26.5261137, 38.5084321], [26.5264785, 38.5097166], [26.5265858, 38.5099937], [26.5266073, 38.5106905], [26.5265643, 38.5110683], [26.5263498, 38.5114964], [26.5262854, 38.5118826], [26.526339, 38.5123024], [26.5265429, 38.5125626], [26.5270901, 38.5130999], [26.5273905, 38.5135616], [26.5275299, 38.5139226], [26.5278625, 38.5143507], [26.5280127, 38.5145942], [26.5285277, 38.5156519], [26.5292895, 38.5165417], [26.5301371, 38.5173812], [26.5311134, 38.5180024], [26.5321112, 38.5184305], [26.5334093, 38.5186319], [26.5343642, 38.5189006], [26.5356195, 38.5190097], [26.536569, 38.5182626], [26.5370411, 38.5179982], [26.5376151, 38.5177967], [26.5381622, 38.517717], [26.5389293, 38.5178597], [26.5394443, 38.5177212], [26.5397984, 38.5178093], [26.5399754, 38.5179772], [26.5404689, 38.5183507], [26.5411878, 38.5188166], [26.5416169, 38.5192447], [26.5417993, 38.5197652], [26.5420407, 38.5203695], [26.542545, 38.520571], [26.5439987, 38.5204619], [26.5439504, 38.5205962], [26.5440792, 38.5206885], [26.5441704, 38.5209907], [26.5442991, 38.5212593], [26.544444, 38.521423], [26.5445358, 38.5214762], [26.5445888, 38.5215069], [26.545136, 38.5216916], [26.5457636, 38.5218763], [26.5460211, 38.5219476], [26.5462089, 38.5220399], [26.546402, 38.5221784], [26.5466326, 38.5223631], [26.5468526, 38.5225184], [26.5469599, 38.5227157], [26.5471744, 38.5236516], [26.547271, 38.5240335], [26.5473944, 38.5241384], [26.5476412, 38.5242433], [26.5478986, 38.5243398], [26.5479273, 38.5243517], [26.548081, 38.5244154], [26.5484673, 38.5247889], [26.548757, 38.5250953], [26.5488857, 38.5253093], [26.5489393, 38.5255527], [26.5490842, 38.5260605], [26.5492183, 38.526497], [26.5492988, 38.5266774], [26.5494007, 38.5268537], [26.549685, 38.5272901], [26.5497172, 38.5274832], [26.549744, 38.5278441], [26.5497386, 38.5283729], [26.5498191, 38.528717], [26.549921, 38.5290401], [26.5501088, 38.529464], [26.5503824, 38.5297829], [26.5506828, 38.5300389], [26.5509295, 38.5302823], [26.5510368, 38.5305215], [26.5511227, 38.5309495], [26.5513909, 38.5315244], [26.5515786, 38.5316839], [26.5517342, 38.5317888], [26.5518737, 38.5318182], [26.5520722, 38.5318056], [26.5522385, 38.5318098], [26.5523404, 38.5318937], [26.552335, 38.53207], [26.5522385, 38.5322924], [26.5521258, 38.5324267], [26.551981, 38.5324686], [26.551702, 38.53254], [26.5514499, 38.5326029], [26.5513265, 38.5326407], [26.5511548, 38.5327749], [26.5509832, 38.5330057], [26.5510529, 38.5331232], [26.5511924, 38.5332743], [26.5515143, 38.5333792], [26.5511709, 38.5349696], [26.5512836, 38.5353556], [26.5512729, 38.5358508], [26.5512085, 38.5361445], [26.5512721, 38.5362395], [26.5510422, 38.5365725], [26.5509188, 38.5367026], [26.5508598, 38.5368579], [26.5507847, 38.5370131], [26.5507042, 38.5371222], [26.5505487, 38.5372817], [26.5504253, 38.5374579], [26.5503824, 38.5376425], [26.5501517, 38.5378481], [26.5501893, 38.537995], [26.5501839, 38.5381586], [26.5502322, 38.5383894], [26.5502697, 38.5386118], [26.5504038, 38.5389181], [26.5504736, 38.5391825], [26.5505165, 38.5393923], [26.5507311, 38.5393419], [26.5508652, 38.5393251], [26.5510422, 38.5393251], [26.5512246, 38.5393419], [26.5514713, 38.53943], [26.5517181, 38.5395013], [26.5522706, 38.5395685], [26.552496, 38.5396272], [26.5526676, 38.5397489], [26.5528125, 38.5398035], [26.5530968, 38.5398496], [26.5533918, 38.5399461], [26.5536171, 38.5400007], [26.5540516, 38.5400049], [26.5543628, 38.5400972], [26.5547919, 38.5402398], [26.5549421, 38.5403028], [26.5552962, 38.5403573], [26.5556288, 38.5404958], [26.5557522, 38.5406049], [26.5559292, 38.5407349], [26.556251, 38.5407727], [26.5568143, 38.5407811], [26.5570128, 38.5407475], [26.5573829, 38.5406468], [26.5576082, 38.5405965], [26.5578228, 38.5406091], [26.558032, 38.5406972], [26.558665, 38.5408272], [26.5591103, 38.5409951], [26.5593034, 38.5411755], [26.5594214, 38.5413349], [26.5594804, 38.5414482], [26.5594912, 38.5415489], [26.5594697, 38.5416287], [26.5594965, 38.5417713], [26.5595931, 38.5418594], [26.5597326, 38.5419601], [26.5598988, 38.5420314], [26.5600383, 38.542107], [26.5602046, 38.5422538], [26.5603709, 38.5423713], [26.5605265, 38.5424217], [26.5606606, 38.5424678], [26.5606284, 38.5426231], [26.5606123, 38.5427321], [26.5605694, 38.5428622], [26.5605372, 38.5429251], [26.560564, 38.5430552], [26.5606177, 38.5432105], [26.5607142, 38.5433028], [26.5608644, 38.5434286], [26.5608644, 38.5435671], [26.5606981, 38.543609], [26.560505, 38.5435965], [26.5606821, 38.5438985], [26.5608054, 38.5439867], [26.5610307, 38.5441587], [26.5615404, 38.5445195], [26.5619373, 38.5447964], [26.5619963, 38.5449181], [26.5619695, 38.545023], [26.5618569, 38.5451321], [26.5617388, 38.5452118], [26.5616959, 38.5453083], [26.5617388, 38.5454216], [26.5618944, 38.5455978], [26.5620178, 38.5457488], [26.5620768, 38.5459502], [26.5621412, 38.5461558], [26.5622431, 38.5463614], [26.5622806, 38.546525], [26.5614438, 38.5467935], [26.5613311, 38.5466131], [26.5604675, 38.5475655], [26.5602797, 38.5478256], [26.5601402, 38.5478592], [26.5599096, 38.5478382], [26.5596896, 38.5478382], [26.559577, 38.547834], [26.5594107, 38.5478801], [26.5593088, 38.5479431], [26.5591317, 38.5482116], [26.5591639, 38.5483794], [26.5592444, 38.5485346], [26.5593195, 38.5486227], [26.5592551, 38.5488786], [26.5591317, 38.5490842], [26.5590191, 38.5492227], [26.5590084, 38.5493234], [26.5590191, 38.549445], [26.559121, 38.5495583], [26.5591907, 38.5496674], [26.5592283, 38.5498226], [26.5592551, 38.5499359], [26.5592819, 38.5500198], [26.5593731, 38.5501247], [26.5595233, 38.5502212], [26.5596414, 38.5502967], [26.5597379, 38.5504435], [26.5597433, 38.5505274], [26.5603816, 38.5506029], [26.5608108, 38.5507582], [26.5610415, 38.550905], [26.5612131, 38.5510518], [26.5612829, 38.5511441], [26.561299, 38.5512532], [26.5613902, 38.5513287], [26.5615404, 38.5514042], [26.5615618, 38.5515007], [26.5616584, 38.5516559], [26.5617335, 38.5518573], [26.5618193, 38.5519958], [26.5619105, 38.552109], [26.5614599, 38.5520755], [26.5605748, 38.5532165], [26.560387, 38.5538039], [26.5598613, 38.5546177], [26.5602797, 38.5549617], [26.558885, 38.5557629], [26.5589386, 38.5555196], [26.558767, 38.5554861], [26.5583539, 38.5548736], [26.5578604, 38.5549197], [26.5580535, 38.5552428], [26.5584964, 38.5557638], [26.5589586, 38.5571241], [26.5587768, 38.5570757], [26.557973, 38.5584435], [26.5581232, 38.5585693], [26.5583593, 38.5587204], [26.5585041, 38.5588042], [26.5586543, 38.558863], [26.558783, 38.5588714], [26.558885, 38.5589553], [26.5589225, 38.5590643], [26.5589225, 38.5591734], [26.5589118, 38.5592405], [26.5587562, 38.5594167], [26.5586972, 38.5594838], [26.5587026, 38.5595761], [26.5587348, 38.5596432], [26.558885, 38.5597816], [26.5590405, 38.5598613], [26.5592766, 38.5599117], [26.5594214, 38.5599704], [26.5594804, 38.560092], [26.5595341, 38.5602431], [26.5595394, 38.5603647], [26.5595984, 38.5605031], [26.5595984, 38.5606164], [26.5596306, 38.5607506], [26.5597111, 38.5608471], [26.5597969, 38.5610778], [26.5603173, 38.5615728], [26.5601724, 38.5619251], [26.5593839, 38.5617951], [26.5601081, 38.5624956], [26.5597004, 38.5625627], [26.5597755, 38.5627724], [26.5597916, 38.5629654], [26.5597594, 38.5630744], [26.5597486, 38.5631415], [26.5600115, 38.5631751], [26.5600651, 38.5630996], [26.5601402, 38.5630199], [26.5611219, 38.563066], [26.5612936, 38.5635568], [26.5610951, 38.5637959], [26.5615028, 38.5640392], [26.5617871, 38.5643244], [26.562286, 38.5646138], [26.5635145, 38.5649871], [26.5635842, 38.5648739], [26.5639973, 38.5651004], [26.5645176, 38.5651717], [26.565789, 38.5654737], [26.5661538, 38.5658344], [26.5662932, 38.5660777], [26.5664113, 38.5662161], [26.566481, 38.5662958], [26.5668029, 38.5663964], [26.566878, 38.5665852], [26.5668887, 38.5666565], [26.5672642, 38.5670675], [26.5684658, 38.5675499], [26.5692293, 38.5681208], [26.5689164, 38.568239], [26.5687574, 38.5684445], [26.5687328, 38.5685339], [26.5685413, 38.5685588], [26.5685552, 38.5683609], [26.5681731, 38.5683791], [26.5675961, 38.5682848], [26.5672001, 38.5685609], [26.566843, 38.5688728], [26.566791, 38.5690627], [26.5665548, 38.5696884], [26.5665119, 38.5698942], [26.5665577, 38.5702764], [26.5667863, 38.5703215], [26.5668538, 38.570429], [26.5668457, 38.5706008], [26.5669003, 38.5707562], [26.5670537, 38.5708364], [26.5670341, 38.571072], [26.5673379, 38.571217], [26.5675579, 38.5713219], [26.5672658, 38.571747], [26.5671398, 38.5720684], [26.5668642, 38.5721357], [26.5666662, 38.5722703], [26.5668987, 38.5723915], [26.5662529, 38.5728089], [26.5657104, 38.5729166], [26.5654176, 38.5730849], [26.5652885, 38.5736437], [26.5654262, 38.5740139], [26.5655898, 38.5741553], [26.5658137, 38.5741687], [26.5658482, 38.5743842], [26.5661409, 38.5744582], [26.5663304, 38.5743505], [26.5667351, 38.5744582], [26.5668298, 38.5749496], [26.5670709, 38.5750439], [26.5669503, 38.575367], [26.5665629, 38.5752256], [26.5662443, 38.5753334], [26.5662443, 38.5757373], [26.5663304, 38.5759796], [26.5662529, 38.5764441], [26.5659429, 38.5766528], [26.5661151, 38.5769422], [26.5663993, 38.5771105], [26.566494, 38.5773932], [26.5664509, 38.5775683], [26.5661754, 38.577649], [26.5661323, 38.5778039], [26.5665629, 38.5783222], [26.5666748, 38.5785713], [26.5662529, 38.5788136], [26.5662529, 38.5792579], [26.5664337, 38.5793723], [26.5661323, 38.5797627], [26.5662098, 38.5799916], [26.566537, 38.5801868], [26.5668901, 38.5801128], [26.5672689, 38.5802743], [26.5674325, 38.5805638]]]]}, "bbox": [26.4941418, 38.4881577, 26.5692293, 38.5862568]}, {"id": "243", "type": "Feature", "properties": {"mahalle_adi": "Eğlenhoca Mahallesi", "_gece_lst_str": "21.0°C"}, "geometry": {"type": "MultiPolygon", "coordinates": [[[[26.461297, 38.4634913], [26.461615, 38.4632962], [26.4623284, 38.4638211], [26.4623714, 38.4640566], [26.4624831, 38.4641239], [26.4625777, 38.4642518], [26.4629215, 38.4643191], [26.4635317, 38.4641643], [26.4645202, 38.4636528], [26.4649499, 38.4633365], [26.4649843, 38.4630875], [26.464778, 38.4629058], [26.4647264, 38.4625626], [26.4647866, 38.4621319], [26.4653711, 38.4615867], [26.4657406, 38.4613243], [26.4657922, 38.4616338], [26.4662048, 38.4617348], [26.4665486, 38.461681], [26.4666431, 38.4617483], [26.4672877, 38.4617415], [26.4677175, 38.46123], [26.4679324, 38.4608733], [26.4680355, 38.4609878], [26.4682332, 38.4609003], [26.4683363, 38.4605907], [26.4685426, 38.4598638], [26.468938, 38.4593321], [26.4690153, 38.4589687], [26.469213, 38.4588408], [26.4693677, 38.4585514], [26.4700639, 38.4581004], [26.4705624, 38.4578043], [26.4708375, 38.4578851], [26.470932, 38.4582351], [26.4708461, 38.458511], [26.470975, 38.4586456], [26.4716454, 38.4588677], [26.4719634, 38.4589619], [26.472058, 38.4591437], [26.4723588, 38.4592581], [26.4725909, 38.4595206], [26.4728866, 38.4595674], [26.4733129, 38.459635], [26.4742325, 38.4595609], [26.4746623, 38.4594533], [26.4757023, 38.4590831], [26.4770173, 38.458262], [26.4775588, 38.4577235], [26.4779628, 38.4569697], [26.4785128, 38.4565794], [26.4790199, 38.4563572], [26.4792213, 38.4560658], [26.4796735, 38.4559705], [26.4801659, 38.4571153], [26.4801331, 38.4578826], [26.4819905, 38.4595389], [26.4856052, 38.4594989], [26.4870785, 38.4601311], [26.4889485, 38.4604074], [26.4902647, 38.4607468], [26.4908254, 38.4607731], [26.4919489, 38.4604919], [26.4933085, 38.4611414], [26.4940321, 38.4617165], [26.4947641, 38.4621413], [26.4956331, 38.4627378], [26.4960524, 38.4632507], [26.4971688, 38.4640182], [26.4977252, 38.4641155], [26.4981866, 38.4641911], [26.4986062, 38.4643819], [26.4989376, 38.4646279], [26.499238, 38.465006], [26.4994023, 38.465446], [26.5001586, 38.4656637], [26.5008194, 38.4665603], [26.5011155, 38.4668121], [26.5025562, 38.4674973], [26.5030146, 38.4675261], [26.5036368, 38.4673161], [26.5041304, 38.4671733], [26.5045893, 38.4672199], [26.5057805, 38.4681426], [26.5069134, 38.4687313], [26.5073524, 38.4688285], [26.5127016, 38.4690892], [26.5132627, 38.4690677], [26.5141257, 38.4692143], [26.5150523, 38.4691557], [26.5159106, 38.4692145], [26.5163612, 38.4691893], [26.5166724, 38.4691053], [26.516871, 38.4689873], [26.5172946, 38.4685593], [26.5175629, 38.4681561], [26.5176976, 38.467787], [26.5183782, 38.4679041], [26.5191078, 38.4678957], [26.5196013, 38.4678033], [26.5200482, 38.4676179], [26.521147, 38.4665141], [26.5213501, 38.4665265], [26.5215647, 38.4666945], [26.5220088, 38.4668394], [26.5223372, 38.4667701], [26.5227127, 38.4665601], [26.5230435, 38.4662477], [26.5243864, 38.4652328], [26.5258562, 38.4643675], [26.5267789, 38.4640231], [26.5275478, 38.4635726], [26.5281737, 38.4644767], [26.5283594, 38.4646365], [26.5287745, 38.4648128], [26.5298272, 38.4650119], [26.5306894, 38.4653014], [26.5313816, 38.465678], [26.5317893, 38.4660644], [26.5321433, 38.4662408], [26.5325928, 38.4663101], [26.5333209, 38.4662295], [26.5342142, 38.466388], [26.5348256, 38.4663584], [26.5359199, 38.4662828], [26.5372074, 38.4659972], [26.5381944, 38.465846], [26.5389017, 38.4658226], [26.539042, 38.4655772], [26.5390209, 38.4653102], [26.5388596, 38.4650396], [26.5388811, 38.4648548], [26.5391493, 38.4645943], [26.5401363, 38.4642415], [26.5416491, 38.4638803], [26.5432744, 38.4634735], [26.5417759, 38.4646499], [26.5415096, 38.4648716], [26.5412092, 38.465594], [26.5411019, 38.4665097], [26.5412199, 38.4676269], [26.5409732, 38.4693321], [26.5409088, 38.4695337], [26.5407156, 38.4697941], [26.5406706, 38.4725826], [26.5419847, 38.4719013], [26.5434575, 38.4720143], [26.5446826, 38.471733], [26.5450024, 38.4715019], [26.5455033, 38.4713966], [26.5459123, 38.4714518], [26.5465307, 38.4717177], [26.5467775, 38.4717597], [26.5469921, 38.4717513], [26.5471744, 38.4717513], [26.547389, 38.4716673], [26.5478718, 38.4719697], [26.5483761, 38.4721965], [26.5491351, 38.4724296], [26.5493524, 38.4724401], [26.5497958, 38.4722355], [26.5512053, 38.4722945], [26.5520882, 38.4725241], [26.552968, 38.4728601], [26.5537512, 38.4732716], [26.5545773, 38.47391], [26.5558541, 38.4753799], [26.5562296, 38.4753505], [26.55653, 38.4753883], [26.5570879, 38.4754219], [26.5582305, 38.4753547], [26.5587723, 38.4753715], [26.5592229, 38.4754135], [26.5593088, 38.4756067], [26.5593731, 38.4758503], [26.5595502, 38.4763248], [26.5596521, 38.476434], [26.5597701, 38.4766608], [26.55999, 38.4768624], [26.5603065, 38.4771479], [26.5605104, 38.4773705], [26.560564, 38.4775217], [26.5606767, 38.4777443], [26.5607296, 38.4778484], [26.5609074, 38.4778913], [26.5613526, 38.4780802], [26.5616798, 38.4781726], [26.5620232, 38.4783154], [26.562506, 38.4786598], [26.5629351, 38.4791175], [26.5632087, 38.4796004], [26.5631336, 38.4796844], [26.5630907, 38.479844], [26.5628332, 38.480096], [26.5628493, 38.4803857], [26.5616208, 38.4811248], [26.5602475, 38.4823395], [26.5606713, 38.4824182], [26.561256, 38.4826282], [26.5614009, 38.4827038], [26.5614331, 38.4827919], [26.5614009, 38.4828927], [26.5611273, 38.4830481], [26.5609932, 38.4831489], [26.5607786, 38.4833672], [26.5606499, 38.4836108], [26.5604047, 38.4839132], [26.5598416, 38.4842567], [26.5594902, 38.4847083], [26.5592337, 38.4848159], [26.5582143, 38.4850848], [26.5577584, 38.485282], [26.5572542, 38.4857355], [26.5568439, 38.486033], [26.5566137, 38.4864731], [26.5560958, 38.4868644], [26.5558657, 38.4873045], [26.5547404, 38.4878246], [26.5540624, 38.4883788], [26.5537462, 38.4892271], [26.5538884, 38.4895315], [26.5541906, 38.4897055], [26.5544026, 38.489748], [26.5548413, 38.4899046], [26.5559616, 38.4901949], [26.5567177, 38.4906357], [26.5570664, 38.4908918], [26.5576029, 38.4913789], [26.5577266, 38.4916912], [26.5581479, 38.4922291], [26.5582308, 38.4923069], [26.5595297, 38.4943973], [26.5598772, 38.4958585], [26.560578, 38.4978216], [26.56088, 38.4980372], [26.5614747, 38.4987426], [26.5618298, 38.4989584], [26.5619353, 38.499072], [26.5611719, 38.4999153], [26.5611181, 38.5012856], [26.5611729, 38.5022511], [26.5612317, 38.5025612], [26.561397, 38.5028121], [26.561548, 38.5029199], [26.561883, 38.5039401], [26.5622459, 38.5041322], [26.5623879, 38.5041314], [26.5625643, 38.5041453], [26.5627072, 38.5043365], [26.5627888, 38.5046288], [26.5628173, 38.5049387], [26.5626181, 38.5052776], [26.5624857, 38.5058432], [26.5630269, 38.5066437], [26.56406, 38.5076069], [26.5646638, 38.5080859], [26.5661904, 38.5089615], [26.5667317, 38.5097441], [26.5675965, 38.5097056], [26.5686017, 38.5102873], [26.5699871, 38.5106857], [26.5688316, 38.5111581], [26.5691806, 38.5111236], [26.5699916, 38.511216], [26.5711322, 38.5106958], [26.5710661, 38.5116073], [26.5701549, 38.5118125], [26.56999, 38.5127533], [26.5693805, 38.5132278], [26.569386, 38.5135615], [26.5692474, 38.5139245], [26.5692771, 38.5140318], [26.5690722, 38.5153241], [26.569085, 38.5157175], [26.5691291, 38.515956], [26.5708735, 38.5172375], [26.5720063, 38.517952], [26.5722156, 38.5180401], [26.5729533, 38.5182403], [26.5735976, 38.5183022], [26.5736849, 38.5189341], [26.573706, 38.5192083], [26.5736516, 38.5194345], [26.5738249, 38.5200254], [26.5739127, 38.5201684], [26.5744433, 38.521517], [26.5748788, 38.5222754], [26.5752404, 38.5226819], [26.5765106, 38.5246886], [26.5766351, 38.5254339], [26.5769053, 38.5259294], [26.5776073, 38.5265278], [26.5781861, 38.5271558], [26.5784558, 38.5280027], [26.5786824, 38.5281763], [26.5799298, 38.5288958], [26.5810048, 38.5292691], [26.5819185, 38.5299874], [26.5821354, 38.5305245], [26.5822095, 38.5308346], [26.5819771, 38.5316561], [26.5820971, 38.5319068], [26.582649, 38.5322186], [26.5828676, 38.5324577], [26.5829176, 38.5330061], [26.583022, 38.5333163], [26.583072, 38.5338468], [26.5834414, 38.5342653], [26.5837668, 38.5344035], [26.5840386, 38.5346249], [26.5842337, 38.534995], [26.5843673, 38.5355139], [26.5860556, 38.5374386], [26.5862898, 38.5376063], [26.5866309, 38.5376671], [26.5869344, 38.5376622], [26.5871307, 38.5378178], [26.587401, 38.5383074], [26.5874727, 38.5390405], [26.5875687, 38.5395116], [26.5882747, 38.5407595], [26.5884328, 38.5409745], [26.5889391, 38.5413279], [26.589348, 38.5414723], [26.5898323, 38.5416161], [26.5905297, 38.5418888], [26.591329, 38.5424091], [26.5917301, 38.5428452], [26.5922203, 38.5433832], [26.5926975, 38.5435219], [26.5928955, 38.5433855], [26.5933279, 38.5434049], [26.5936855, 38.5434373], [26.5933827, 38.543699], [26.593297, 38.5439167], [26.5932359, 38.5440704], [26.5932227, 38.5442064], [26.5932255, 38.5443906], [26.5935219, 38.5445465], [26.593465, 38.5446549], [26.5935569, 38.5447784], [26.5935194, 38.5448305], [26.5933438, 38.544904], [26.593124, 38.5450412], [26.5929711, 38.5451865], [26.5927556, 38.5453279], [26.5924098, 38.5456883], [26.5922173, 38.5457733], [26.5920986, 38.545914], [26.592016, 38.5458529], [26.5918743, 38.5460491], [26.5915504, 38.5460644], [26.5914612, 38.546175], [26.5912347, 38.546604], [26.5911046, 38.5467983], [26.5907933, 38.54697], [26.5903931, 38.5469933], [26.5898741, 38.5470238], [26.5896078, 38.546875], [26.5892225, 38.5469985], [26.5890354, 38.5468604], [26.5885755, 38.546952], [26.5876481, 38.5474382], [26.5875621, 38.54749], [26.5874862, 38.547687], [26.5875441, 38.5478014], [26.5875069, 38.5479099], [26.5873894, 38.547974], [26.5872432, 38.5479838], [26.5871893, 38.5479362], [26.5864919, 38.5479823], [26.5859847, 38.5483477], [26.5856805, 38.5483413], [26.5852277, 38.5485532], [26.5850697, 38.548792], [26.5845956, 38.5490561], [26.5843139, 38.549018], [26.5841751, 38.5495186], [26.5836503, 38.5500097], [26.5828675, 38.5501577], [26.582532, 38.5504672], [26.5825837, 38.5507296], [26.5814654, 38.551436], [26.5810803, 38.551609], [26.5806709, 38.5519892], [26.5802438, 38.5520549], [26.5798653, 38.5527411], [26.5790766, 38.5525663], [26.5788299, 38.5524992], [26.5786207, 38.5524656], [26.5782988, 38.5523314], [26.577875, 38.5520755], [26.5777892, 38.5519748], [26.5776068, 38.5518112], [26.5773815, 38.5516098], [26.5772474, 38.5515133], [26.5768665, 38.5513749], [26.5767699, 38.5512448], [26.576727, 38.5510812], [26.5767002, 38.550754], [26.5765715, 38.5506155], [26.5761799, 38.5502589], [26.5762013, 38.5500743], [26.5762281, 38.5498688], [26.5762174, 38.5497261], [26.5760457, 38.5494534], [26.5759653, 38.5491807], [26.5759706, 38.5489332], [26.5759921, 38.5488157], [26.5760457, 38.5486857], [26.5760243, 38.5485556], [26.575917, 38.548392], [26.5757346, 38.5482619], [26.5754825, 38.5482032], [26.5751553, 38.5480396], [26.574946, 38.5478717], [26.5747637, 38.5476913], [26.574533, 38.5475193], [26.5743667, 38.5474144], [26.574136, 38.5473767], [26.5739483, 38.5474228], [26.5735566, 38.5476383], [26.5726158, 38.547617], [26.5720179, 38.5473646], [26.5714037, 38.5473028], [26.570712, 38.5462336], [26.5697033, 38.5461584], [26.5684915, 38.5457905], [26.5680541, 38.545342], [26.5675839, 38.5452985], [26.5673277, 38.5450115], [26.5672686, 38.5447491], [26.5670228, 38.5446831], [26.5668511, 38.5446622], [26.5667546, 38.544658], [26.5666205, 38.5446747], [26.5665132, 38.5447377], [26.5661379, 38.5447747], [26.5654054, 38.544194], [26.5651797, 38.5438774], [26.5646645, 38.5437623], [26.5634957, 38.5429755], [26.5633321, 38.5429545], [26.5630048, 38.5430049], [26.5629002, 38.5429818], [26.562809, 38.5429398], [26.5627071, 38.5428622], [26.5623799, 38.5425203], [26.5623021, 38.5425077], [26.5621036, 38.5425475], [26.5617523, 38.5425245], [26.5616503, 38.5424762], [26.5614894, 38.5423881], [26.5613338, 38.5423168], [26.5611246, 38.5423105], [26.5610442, 38.5423293], [26.5608805, 38.5423776], [26.5608215, 38.5424091], [26.5607491, 38.5424363], [26.5606606, 38.5424678], [26.5605265, 38.5424217], [26.5603709, 38.5423713], [26.5602046, 38.5422538], [26.5600383, 38.542107], [26.5598988, 38.5420314], [26.5597326, 38.5419601], [26.5595931, 38.5418594], [26.5594965, 38.5417713], [26.5594697, 38.5416287], [26.5594912, 38.5415489], [26.5594804, 38.5414482], [26.5594214, 38.5413349], [26.5593034, 38.5411755], [26.5591103, 38.5409951], [26.558665, 38.5408272], [26.558032, 38.5406972], [26.5578228, 38.5406091], [26.5576082, 38.5405965], [26.5573829, 38.5406468], [26.5570128, 38.5407475], [26.5568143, 38.5407811], [26.556251, 38.5407727], [26.5559292, 38.5407349], [26.5557522, 38.5406049], [26.5556288, 38.5404958], [26.5552962, 38.5403573], [26.5549421, 38.5403028], [26.5547919, 38.5402398], [26.5543628, 38.5400972], [26.5540516, 38.5400049], [26.5536171, 38.5400007], [26.5533918, 38.5399461], [26.5530968, 38.5398496], [26.5528125, 38.5398035], [26.5526676, 38.5397489], [26.552496, 38.5396272], [26.5522706, 38.5395685], [26.5517181, 38.5395013], [26.5514713, 38.53943], [26.5512246, 38.5393419], [26.5510422, 38.5393251], [26.5508652, 38.5393251], [26.5507311, 38.5393419], [26.5505165, 38.5393923], [26.5504736, 38.5391825], [26.5504038, 38.5389181], [26.5502697, 38.5386118], [26.5502322, 38.5383894], [26.5501839, 38.5381586], [26.5501893, 38.537995], [26.5501517, 38.5378481], [26.5503824, 38.5376425], [26.5504253, 38.5374579], [26.5505487, 38.5372817], [26.5507042, 38.5371222], [26.5507847, 38.5370131], [26.5508598, 38.5368579], [26.5509188, 38.5367026], [26.5510422, 38.5365725], [26.5512721, 38.5362395], [26.5512085, 38.5361445], [26.5512729, 38.5358508], [26.5512836, 38.5353556], [26.5511709, 38.5349696], [26.5515143, 38.5333792], [26.5511924, 38.5332743], [26.5510529, 38.5331232], [26.5509832, 38.5330057], [26.5511548, 38.5327749], [26.5513265, 38.5326407], [26.5514499, 38.5326029], [26.551702, 38.53254], [26.551981, 38.5324686], [26.5521258, 38.5324267], [26.5522385, 38.5322924], [26.552335, 38.53207], [26.5523404, 38.5318937], [26.5522385, 38.5318098], [26.5520722, 38.5318056], [26.5518737, 38.5318182], [26.5517342, 38.5317888], [26.5515786, 38.5316839], [26.5513909, 38.5315244], [26.5511227, 38.5309495], [26.5510368, 38.5305215], [26.5509295, 38.5302823], [26.5506828, 38.5300389], [26.5503824, 38.5297829], [26.5501088, 38.529464], [26.549921, 38.5290401], [26.5498191, 38.528717], [26.5497386, 38.5283729], [26.549744, 38.5278441], [26.5497172, 38.5274832], [26.549685, 38.5272901], [26.5494007, 38.5268537], [26.5492988, 38.5266774], [26.5492183, 38.526497], [26.5490842, 38.5260605], [26.5489393, 38.5255527], [26.5488857, 38.5253093], [26.548757, 38.5250953], [26.5484673, 38.5247889], [26.548081, 38.5244154], [26.5479273, 38.5243517], [26.5478986, 38.5243398], [26.5476412, 38.5242433], [26.5473944, 38.5241384], [26.547271, 38.5240335], [26.5471744, 38.5236516], [26.5469599, 38.5227157], [26.5468526, 38.5225184], [26.5466326, 38.5223631], [26.546402, 38.5221784], [26.5462089, 38.5220399], [26.5460211, 38.5219476], [26.5457636, 38.5218763], [26.545136, 38.5216916], [26.5445888, 38.5215069], [26.5445358, 38.5214762], [26.544444, 38.521423], [26.5442991, 38.5212593], [26.5441704, 38.5209907], [26.5440792, 38.5206885], [26.5439504, 38.5205962], [26.5439987, 38.5204619], [26.542545, 38.520571], [26.5420407, 38.5203695], [26.5417993, 38.5197652], [26.5416169, 38.5192447], [26.5411878, 38.5188166], [26.5404689, 38.5183507], [26.5399754, 38.5179772], [26.5397984, 38.5178093], [26.5394443, 38.5177212], [26.5389293, 38.5178597], [26.5381622, 38.517717], [26.5376151, 38.5177967], [26.5370411, 38.5179982], [26.536569, 38.5182626], [26.5356195, 38.5190097], [26.5343642, 38.5189006], [26.5334093, 38.5186319], [26.5321112, 38.5184305], [26.5311134, 38.5180024], [26.5301371, 38.5173812], [26.5292895, 38.5165417], [26.5285277, 38.5156519], [26.5280127, 38.5145942], [26.5278625, 38.5143507], [26.5275299, 38.5139226], [26.5273905, 38.5135616], [26.5270901, 38.5130999], [26.5265429, 38.5125626], [26.526339, 38.5123024], [26.5262854, 38.5118826], [26.5263498, 38.5114964], [26.5265643, 38.5110683], [26.5266073, 38.5106905], [26.5265858, 38.5099937], [26.5264785, 38.5097166], [26.5261137, 38.5084321], [26.5258884, 38.5077773], [26.5255666, 38.5072736], [26.5242362, 38.5056532], [26.5239572, 38.5052838], [26.523689, 38.5044526], [26.5235549, 38.5038103], [26.5236783, 38.5028531], [26.5212589, 38.5036424], [26.5187859, 38.503932], [26.5173315, 38.5042611], [26.5167153, 38.5036717], [26.5165436, 38.5031008], [26.5165329, 38.5024375], [26.5161574, 38.5019589], [26.5157869, 38.5016448], [26.5152776, 38.5014971], [26.5142047, 38.5010521], [26.5136146, 38.5009682], [26.5122843, 38.4990454], [26.511898, 38.4989698], [26.5109968, 38.4967027], [26.5105247, 38.4945195], [26.510632, 38.4924621], [26.5106106, 38.4921514], [26.5103423, 38.4915972], [26.5101278, 38.4914545], [26.5098381, 38.491043], [26.5096772, 38.4907071], [26.5095412, 38.4900947], [26.5089553, 38.4892937], [26.5087491, 38.4886664], [26.5080381, 38.4881577], [26.5061572, 38.4873699], [26.5044074, 38.4871659], [26.5028965, 38.4872556], [26.5025854, 38.4872052], [26.5019417, 38.4853996], [26.5018129, 38.4853744], [26.5014803, 38.4854164], [26.5011907, 38.4853072], [26.5006864, 38.4848201], [26.4999981, 38.4845253], [26.499043, 38.4845093], [26.4985138, 38.4845934], [26.4972961, 38.4853744], [26.4981455, 38.4827536], [26.4996922, 38.4805316], [26.5002506, 38.4787106], [26.5006055, 38.4778064], [26.5007156, 38.4772349], [26.4997959, 38.476959], [26.4996028, 38.477001], [26.497702, 38.4767453], [26.4963287, 38.4758456], [26.4951939, 38.4755189], [26.4944245, 38.4749912], [26.4936239, 38.4745707], [26.4932116, 38.4749979], [26.4927862, 38.4751272], [26.4920699, 38.4756723], [26.4911966, 38.4769675], [26.4912688, 38.4774922], [26.4913407, 38.4780407], [26.4912776, 38.4805431], [26.4905066, 38.4823869], [26.4903536, 38.4825889], [26.4901099, 38.4827427], [26.4880377, 38.4820425], [26.4868105, 38.4819179], [26.4859932, 38.4817117], [26.4858271, 38.4816276], [26.4852665, 38.4815775], [26.4847674, 38.4813965], [26.48401, 38.4813097], [26.4831594, 38.4815205], [26.4819583, 38.4819919], [26.480933, 38.4833102], [26.4808245, 38.4836434], [26.4808797, 38.4844064], [26.4810734, 38.4848839], [26.481146, 38.4853252], [26.4808917, 38.4852065], [26.4798081, 38.4840307], [26.4793146, 38.4837284], [26.4785421, 38.4833504], [26.4777374, 38.4830649], [26.4773404, 38.4829641], [26.4767504, 38.4825862], [26.47623, 38.4823678], [26.4753234, 38.4821159], [26.474272, 38.4819143], [26.4730275, 38.4817547], [26.4720619, 38.4814188], [26.4717829, 38.4812466], [26.4715737, 38.4810492], [26.4715361, 38.4807469], [26.4714235, 38.4803815], [26.4713124, 38.480264], [26.4711231, 38.4802682], [26.4708227, 38.4803311], [26.4704901, 38.4804067], [26.4702326, 38.4803941], [26.4700556, 38.4804109], [26.4695592, 38.480548], [26.4689866, 38.4811056], [26.468811, 38.4805201], [26.4686447, 38.4802682], [26.4684892, 38.4800414], [26.4684302, 38.4798566], [26.4684302, 38.4796424], [26.4684516, 38.4795711], [26.4685053, 38.4792897], [26.468516, 38.4791301], [26.4684623, 38.4789915], [26.4683819, 38.4789075], [26.4682585, 38.4788991], [26.4680493, 38.4788991], [26.4678776, 38.4789579], [26.4676201, 38.4789999], [26.4674538, 38.4789915], [26.4673305, 38.4789411], [26.4667833, 38.478454], [26.4663702, 38.4780047], [26.4661986, 38.4778745], [26.4656514, 38.4775175], [26.4638811, 38.4765432], [26.4633715, 38.4762324], [26.4628833, 38.4749977], [26.4623576, 38.4743678], [26.4621504, 38.4737511], [26.4618267, 38.4734517], [26.4611399, 38.4731708], [26.4604811, 38.4729747], [26.4603159, 38.4727654], [26.4602762, 38.4725451], [26.4602323, 38.4717759], [26.4604652, 38.4710381], [26.4610839, 38.4673465], [26.4614022, 38.4653041], [26.461297, 38.4634913]]]]}, "bbox": [26.4602323, 38.4559705, 26.5936855, 38.5527411]}, {"id": "246", "type": "Feature", "properties": {"mahalle_adi": "Gölcükler Mahallesi", "_gece_lst_str": "20.9°C"}, "geometry": {"type": "MultiPolygon", "coordinates": [[[[27.139669, 38.2557503], [27.1399595, 38.2559324], [27.1408143, 38.2566943], [27.1395115, 38.2570611], [27.1392064, 38.2571018], [27.1386958, 38.2571283], [27.1379034, 38.257118], [27.1377982, 38.2572929], [27.1378672, 38.2585895], [27.1382769, 38.2585754], [27.1383199, 38.2588062], [27.1386592, 38.2595181], [27.1387115, 38.2603185], [27.1388134, 38.2607101], [27.1359149, 38.2606931], [27.1358917, 38.2609961], [27.1358257, 38.2611607], [27.135694, 38.2615041], [27.1359676, 38.2627783], [27.1366382, 38.2631722], [27.1367588, 38.2633258], [27.1368689, 38.2637281], [27.1371396, 38.2645135], [27.1382201, 38.2638713], [27.1394277, 38.263229], [27.1400499, 38.2629384], [27.14145, 38.2622013], [27.1421689, 38.261957], [27.1427214, 38.261818], [27.1430379, 38.2617464], [27.143333, 38.2617169], [27.1435529, 38.2616748], [27.1437299, 38.2616326], [27.1439177, 38.2615105], [27.1440464, 38.2613588], [27.1445936, 38.2618559], [27.144894, 38.262256], [27.1450335, 38.2626941], [27.1450496, 38.2628626], [27.1450871, 38.2629931], [27.145189, 38.2631237], [27.1453232, 38.2632753], [27.1455002, 38.2634228], [27.1456826, 38.2635954], [27.1458006, 38.2638776], [27.1459508, 38.2642651], [27.1460956, 38.2646358], [27.1461761, 38.2651033], [27.146219, 38.2655077], [27.1462029, 38.2657983], [27.1462136, 38.2661352], [27.1462029, 38.2662826], [27.1462083, 38.2664132], [27.1462512, 38.266548], [27.1463692, 38.2667333], [27.1465301, 38.2669228], [27.1466267, 38.267066], [27.1466428, 38.2671798], [27.1465677, 38.2673524], [27.1464068, 38.267643], [27.1462619, 38.2679673], [27.1462566, 38.2681021], [27.1462405, 38.2682369], [27.1461546, 38.2685612], [27.1461117, 38.2690624], [27.1461493, 38.2693109], [27.1461815, 38.2696225], [27.1461171, 38.2700985], [27.1458864, 38.2707007], [27.1457362, 38.2709155], [27.1456128, 38.2710292], [27.1455109, 38.2711556], [27.1453339, 38.2715683], [27.1452534, 38.2718168], [27.1451408, 38.2719431], [27.1449262, 38.2721453], [27.1448672, 38.272259], [27.1448135, 38.2724274], [27.1447974, 38.2725327], [27.1448028, 38.2727012], [27.145291, 38.2727812], [27.1454519, 38.2727643], [27.1457148, 38.2727938], [27.1459025, 38.2727643], [27.1460634, 38.2726759], [27.146219, 38.272638], [27.1463478, 38.2725917], [27.1465301, 38.2725201], [27.1467555, 38.2724822], [27.1469271, 38.2725748], [27.1470773, 38.2726043], [27.14719, 38.2725748], [27.1472812, 38.2725243], [27.1473241, 38.2724485], [27.147367, 38.2723179], [27.1474206, 38.2722126], [27.1475333, 38.2720905], [27.1476352, 38.27204], [27.147764, 38.2719894], [27.1482789, 38.2718505], [27.1483916, 38.271741], [27.1485257, 38.2716188], [27.1486598, 38.271522], [27.1488529, 38.2714209], [27.1490782, 38.2713282], [27.1492499, 38.2712651], [27.1494377, 38.271185], [27.1496791, 38.271185], [27.1502262, 38.2708313], [27.1506339, 38.2706923], [27.1509719, 38.2705701], [27.1511489, 38.2704691], [27.1511328, 38.2703469], [27.1511167, 38.2702374], [27.1512294, 38.2701279], [27.1513957, 38.2700605], [27.1515942, 38.2700648], [27.1517014, 38.2700479], [27.1518141, 38.2699384], [27.1518838, 38.2698121], [27.1520555, 38.2697405], [27.1522915, 38.2697068], [27.1526509, 38.2696731], [27.1526885, 38.2696225], [27.1526724, 38.2694751], [27.1526992, 38.2694246], [27.1528923, 38.2693951], [27.1530694, 38.2695172], [27.1538579, 38.2694499], [27.1538311, 38.2693404], [27.1540832, 38.2692814], [27.1542335, 38.2692435], [27.1544802, 38.269193], [27.1546787, 38.2692814], [27.1547645, 38.2693572], [27.1549469, 38.2693951], [27.1552098, 38.2694035], [27.1553707, 38.2693783], [27.1556765, 38.2692856], [27.1557516, 38.2691593], [27.1557516, 38.2690371], [27.1557838, 38.2689108], [27.1558803, 38.2688434], [27.1560037, 38.2688055], [27.1561432, 38.2688055], [27.1562773, 38.2687423], [27.1563631, 38.2686791], [27.1565348, 38.2686286], [27.1567225, 38.268578], [27.1568513, 38.2684643], [27.1569478, 38.268359], [27.1570498, 38.2682959], [27.1572536, 38.2682706], [27.1574038, 38.2682748], [27.1575379, 38.2683296], [27.1576506, 38.2683717], [27.1577686, 38.2683843], [27.1580851, 38.268338], [27.1583211, 38.2682748], [27.1584499, 38.2682453], [27.158525, 38.2681653], [27.1586162, 38.2681063], [27.1586913, 38.2681316], [27.1586966, 38.2679926], [27.1587342, 38.2678241], [27.1588361, 38.2677399], [27.1593457, 38.2675588], [27.1598017, 38.2674872], [27.160247, 38.2674535], [27.1606225, 38.2673566], [27.1609604, 38.267264], [27.1611214, 38.2671755], [27.1611428, 38.2672977], [27.1612018, 38.2673819], [27.1623337, 38.2678663], [27.1630204, 38.267921], [27.1629077, 38.2687802], [27.1624571, 38.2707639], [27.1621996, 38.2716694], [27.1615237, 38.2735645], [27.1626395, 38.2727728], [27.1631223, 38.2724527], [27.1637928, 38.2721453], [27.164323, 38.2719347], [27.164387, 38.2719101], [27.1652297, 38.2716403], [27.1655384, 38.2715582], [27.1657199, 38.2715099], [27.1661451, 38.2714104], [27.1661532, 38.2709787], [27.1662068, 38.2707176], [27.1661746, 38.2705407], [27.1661317, 38.2703806], [27.1661103, 38.2702206], [27.1661639, 38.2700521], [27.1662283, 38.2693951], [27.1663463, 38.2683843], [27.1663785, 38.2680221], [27.1666789, 38.2674662], [27.1670222, 38.2665396], [27.1669686, 38.2657056], [27.1668613, 38.2647453], [27.1668613, 38.2642483], [27.1668076, 38.2640882], [27.1665394, 38.2638777], [27.1666145, 38.2636165], [27.1667433, 38.2628247], [27.1668398, 38.2625972], [27.1669686, 38.2623866], [27.1671617, 38.262176], [27.1673012, 38.2621002], [27.1674514, 38.2620581], [27.1676874, 38.2620328], [27.1679449, 38.2620412], [27.1683204, 38.2619148], [27.1685457, 38.2618138], [27.1686423, 38.2616621], [27.1686852, 38.2614852], [27.1685886, 38.2611145], [27.1690714, 38.2610556], [27.1709812, 38.2608618], [27.1712172, 38.2610472], [27.1713781, 38.2611651], [27.1715712, 38.2612156], [27.1714318, 38.2584946], [27.1718824, 38.2584693], [27.1730411, 38.2586546], [27.1731698, 38.2581155], [27.1738028, 38.2568096], [27.17538, 38.2575005], [27.1765172, 38.2581323], [27.1771288, 38.2584946], [27.1776008, 38.259059], [27.1779227, 38.2593454], [27.1786523, 38.2594802], [27.1790385, 38.259396], [27.1792745, 38.2592528], [27.1793818, 38.2589916], [27.1794355, 38.2584861], [27.1791565, 38.2578122], [27.1789849, 38.2575005], [27.1785128, 38.2572814], [27.1780193, 38.2569192], [27.1796179, 38.2565316], [27.1811092, 38.2561778], [27.1816563, 38.2560345], [27.1810768, 38.2554465], [27.1815149, 38.2553385], [27.1815169, 38.2542737], [27.182064, 38.2541558], [27.1828252, 38.2534892], [27.1832485, 38.2535362], [27.1841223, 38.2524384], [27.1853471, 38.2512322], [27.1860444, 38.2511985], [27.1861517, 38.2503728], [27.1864428, 38.2496936], [27.1884529, 38.2496904], [27.1891628, 38.2495104], [27.189949, 38.2496522], [27.1901429, 38.2486508], [27.1898317, 38.2486287], [27.1891987, 38.2481822], [27.1888125, 38.2473986], [27.1886301, 38.2470784], [27.1888447, 38.246952], [27.1888125, 38.2468256], [27.1884048, 38.2462611], [27.1884692, 38.2461431], [27.1878147, 38.2448961], [27.1874177, 38.2445337], [27.1872139, 38.2445337], [27.1862912, 38.2446854], [27.1858621, 38.2434973], [27.186365, 38.2429004], [27.1832521, 38.2429291], [27.183312, 38.2427026], [27.1829318, 38.2417736], [27.1831874, 38.2412369], [27.1844257, 38.2409251], [27.1849387, 38.2406025], [27.1859052, 38.2403626], [27.1860262, 38.2404101], [27.1865394, 38.2401709], [27.1864626, 38.2396943], [27.1871418, 38.2393595], [27.1876195, 38.2370824], [27.187767, 38.2356758], [27.1879925, 38.2352226], [27.1879637, 38.2347765], [27.1879295, 38.2342454], [27.1827942, 38.2350997], [27.1819202, 38.2360307], [27.1811942, 38.2357457], [27.1805891, 38.2354726], [27.1797729, 38.2353785], [27.1790778, 38.2353795], [27.1781252, 38.2351069], [27.1773693, 38.2349292], [27.1760697, 38.2349074], [27.1751365, 38.2364223], [27.1750468, 38.2368039], [27.1749265, 38.2370424], [27.1735813, 38.2368895], [27.172298, 38.23738], [27.1721473, 38.2375232], [27.1712558, 38.2375484], [27.1706381, 38.2383359], [27.1702929, 38.2393613], [27.1697033, 38.2392311], [27.1687953, 38.2386365], [27.1688586, 38.2398997], [27.1663853, 38.2420366], [27.1664939, 38.2432997], [27.1663133, 38.2436218], [27.163585, 38.2433426], [27.1635944, 38.2436237], [27.1636265, 38.2445674], [27.1635514, 38.2448455], [27.1635407, 38.2450435], [27.1635836, 38.2455491], [27.163589, 38.2460968], [27.1635783, 38.2466866], [27.1634978, 38.2486835], [27.1634602, 38.2503054], [27.1634656, 38.2506214], [27.16353, 38.250891], [27.1624732, 38.2511859], [27.1617275, 38.2514218], [27.1605796, 38.2516366], [27.1598017, 38.2517588], [27.1592063, 38.2518178], [27.1589112, 38.2518726], [27.1585733, 38.2518978], [27.1579993, 38.2518641], [27.1577311, 38.2518178], [27.1569103, 38.2517335], [27.1566367, 38.251742], [27.1563309, 38.2517883], [27.1559662, 38.2519568], [27.1557569, 38.2520032], [27.1554244, 38.25194], [27.15514, 38.2518515], [27.1548021, 38.2518304], [27.1543997, 38.2518641], [27.1542066, 38.2519063], [27.1536756, 38.2520537], [27.1533322, 38.252138], [27.1530747, 38.2521337], [27.1526241, 38.2520621], [27.1521306, 38.2520579], [27.1515834, 38.252079], [27.1511006, 38.2521127], [27.150768, 38.2520916], [27.1501243, 38.2520663], [27.1497059, 38.2520242], [27.1490514, 38.2520663], [27.1482307, 38.2521674], [27.1481863, 38.2540729], [27.1481717, 38.2546992], [27.148236, 38.2560893], [27.1484184, 38.2563378], [27.148, 38.2561356], [27.1473885, 38.2560008], [27.1468466, 38.2559166], [27.1453392, 38.2558955], [27.1449906, 38.2558029], [27.1443093, 38.2555838], [27.1440464, 38.255508], [27.1426034, 38.2554869], [27.1421742, 38.2555164], [27.1416807, 38.2556386], [27.1410391, 38.2557745], [27.1408385, 38.2558155], [27.1405274, 38.2558492], [27.1400768, 38.2558366], [27.139669, 38.2557503]]]]}, "bbox": [27.135694, 38.2342454, 27.1901429, 38.2735645]}, {"id": "258", "type": "Feature", "properties": {"mahalle_adi": "Yeşilköy Mahallesi", "_gece_lst_str": "20.2°C"}, "geometry": {"type": "MultiPolygon", "coordinates": [[[[27.2458784, 38.27283], [27.2442055, 38.2720989], [27.243669, 38.2720653], [27.2427892, 38.2720989], [27.2414304, 38.2717431], [27.2405791, 38.2714083], [27.2398759, 38.2713323], [27.2386587, 38.2711387], [27.2377538, 38.2711165], [27.2367918, 38.2711808], [27.2358353, 38.2713323], [27.2352469, 38.2712819], [27.2343564, 38.2711303], [27.2321677, 38.2719894], [27.2301292, 38.2718126], [27.2288867, 38.2720376], [27.239333, 38.2649416], [27.2418022, 38.263726], [27.2423172, 38.2632037], [27.2433118, 38.2626775], [27.2437233, 38.2624598], [27.2441411, 38.2622097], [27.2454929, 38.261738], [27.2455251, 38.2615442], [27.2519772, 38.25721], [27.2523701, 38.2572182], [27.2526866, 38.257193], [27.2531372, 38.2570792], [27.25384, 38.2568644], [27.2515671, 38.258352], [27.2515064, 38.2587431], [27.2514689, 38.2591854], [27.2515064, 38.2592949], [27.2515923, 38.2593539], [27.2521375, 38.2593877], [27.2522628, 38.2594507], [27.2523701, 38.2595645], [27.2525247, 38.2599053], [27.2526705, 38.2603564], [27.2526812, 38.2605543], [27.2526705, 38.2609082], [27.2527349, 38.2612535], [27.2525579, 38.2618559], [27.2521448, 38.2627488], [27.251941, 38.2634859], [27.2520268, 38.2638566], [27.2519731, 38.2643789], [27.2519463, 38.2648422], [27.2518659, 38.2651328], [27.2516084, 38.2654066], [27.2513348, 38.2657941], [27.2508573, 38.2660931], [27.2506374, 38.2662026], [27.2504497, 38.26635], [27.2503746, 38.2665396], [27.2499915, 38.2683129], [27.2480128, 38.2665651], [27.2476512, 38.2669235], [27.2478366, 38.2681029], [27.2477976, 38.2699801], [27.2464907, 38.2700016], [27.24648, 38.271383], [27.2458784, 38.27283]]]]}, "bbox": [27.2288867, 38.2568644, 27.25384, 38.27283]}, {"id": "259", "type": "Feature", "properties": {"mahalle_adi": "Türkmenköy Mahallesi", "_gece_lst_str": "20.2°C"}, "geometry": {"type": "MultiPolygon", "coordinates": [[[[27.2519772, 38.25721], [27.2520754, 38.257144], [27.2521394, 38.2569444], [27.2521233, 38.2567675], [27.2524033, 38.2566066], [27.2523594, 38.2564726], [27.2515762, 38.2556807], [27.2512221, 38.2554954], [27.251029, 38.2551162], [27.2510183, 38.2548888], [27.2511148, 38.2545686], [27.2510826, 38.2541558], [27.2508037, 38.2539115], [27.2504926, 38.253229], [27.2501975, 38.2531911], [27.2500098, 38.2530774], [27.2498596, 38.2527656], [27.2497833, 38.2521845], [27.2494197, 38.2515861], [27.2493124, 38.2512238], [27.2493714, 38.2510469], [27.2494733, 38.2509205], [27.2494948, 38.250773], [27.2494411, 38.2506088], [27.2490549, 38.2501622], [27.2487008, 38.2497578], [27.2485077, 38.2494123], [27.2485614, 38.2492522], [27.2483897, 38.2489152], [27.2477245, 38.2479715], [27.2471022, 38.2476008], [27.2459864, 38.2472301], [27.2452027, 38.2469734], [27.2437763, 38.246101], [27.2428322, 38.2453427], [27.2416305, 38.2445169], [27.2406435, 38.2434046], [27.2380227, 38.2414247], [27.2387709, 38.2395341], [27.2374892, 38.2391577], [27.2362296, 38.2388147], [27.237231, 38.237678], [27.2424975, 38.231443], [27.2446504, 38.2289993], [27.2459248, 38.2302635], [27.2480357, 38.2307135], [27.2494512, 38.2333932], [27.2498382, 38.2338929], [27.2515118, 38.2373711], [27.254312, 38.2403711], [27.254945, 38.240725], [27.2556317, 38.2410621], [27.2562969, 38.241357], [27.2589147, 38.2437417], [27.2611141, 38.2459493], [27.2630131, 38.2476177], [27.2643864, 38.249109], [27.2647351, 38.2494207], [27.265014, 38.2495513], [27.263748, 38.2503897], [27.2613394, 38.2519905], [27.2594458, 38.2532332], [27.2580109, 38.2541494], [27.2572356, 38.2546444], [27.2548324, 38.2562199], [27.25384, 38.2568644], [27.2531372, 38.2570792], [27.2526866, 38.257193], [27.2523701, 38.2572182], [27.2519772, 38.25721]]]]}, "bbox": [27.2362296, 38.2289993, 27.265014, 38.2572182]}, {"id": "260", "type": "Feature", "properties": {"mahalle_adi": "Kazım Karabekir Mahallesi", "_gece_lst_str": "20.8°C"}, "geometry": {"type": "MultiPolygon", "coordinates": [[[[27.2068012, 38.2063853], [27.2065824, 38.2052521], [27.2079744, 38.2018939], [27.2271067, 38.1999168], [27.2307837, 38.1974836], [27.2309715, 38.1969103], [27.2312021, 38.1970916], [27.2314811, 38.1975427], [27.2318244, 38.1979516], [27.2324628, 38.1982383], [27.2329026, 38.1979347], [27.2330636, 38.1981539], [27.2352254, 38.1971717], [27.2350699, 38.1969145], [27.2351932, 38.196885], [27.2354186, 38.1969356], [27.235778, 38.1963707], [27.2361857, 38.196573], [27.2367167, 38.1960671], [27.2374999, 38.1956287], [27.2379506, 38.195148], [27.2387659, 38.1940688], [27.2398887, 38.1945282], [27.240137, 38.1942417], [27.2422934, 38.195578], [27.2422037, 38.1958642], [27.2441328, 38.196915], [27.2498102, 38.2010327], [27.2530138, 38.2019733], [27.255916, 38.2028207], [27.2587752, 38.2036511], [27.2613931, 38.2044352], [27.2633484, 38.2049958], [27.2647968, 38.2054195], [27.2658241, 38.205704], [27.2679859, 38.2063489], [27.2702336, 38.2069897], [27.2716606, 38.2074112], [27.273522, 38.2079592], [27.2753352, 38.2084945], [27.2778404, 38.2092237], [27.2797018, 38.2097675], [27.2822499, 38.2104714], [27.2844654, 38.2111332], [27.2866219, 38.2117064], [27.2873354, 38.2118326], [27.2833228, 38.2136368], [27.2802222, 38.215171], [27.2773576, 38.2164523], [27.274493, 38.2178684], [27.2702122, 38.2197229], [27.2663391, 38.2216447], [27.2607493, 38.2241817], [27.2567797, 38.2258589], [27.2565973, 38.2260359], [27.2566295, 38.2262635], [27.2578514, 38.2275087], [27.258625, 38.2281514], [27.2588181, 38.2283705], [27.2588289, 38.2286402], [27.2587216, 38.2288172], [27.258389, 38.2289184], [27.2579706, 38.2290195], [27.2569728, 38.2290448], [27.2557711, 38.2290869], [27.2549987, 38.2291712], [27.2541618, 38.2294409], [27.2532928, 38.229778], [27.2528207, 38.229837], [27.2524881, 38.2298202], [27.2521233, 38.2297612], [27.251898, 38.2297527], [27.2513723, 38.2295589], [27.2508466, 38.2294493], [27.2504711, 38.2294493], [27.2502243, 38.2295505], [27.2500634, 38.2296769], [27.2499776, 38.2299634], [27.249763, 38.2303258], [27.2495806, 38.2305955], [27.2489369, 38.2311602], [27.2484541, 38.2310506], [27.2480357, 38.2307135], [27.2459248, 38.2302635], [27.2446504, 38.2289993], [27.2427294, 38.2290916], [27.2415505, 38.2290736], [27.2418022, 38.2284295], [27.2420382, 38.2278901], [27.2423708, 38.2264489], [27.2420758, 38.2262677], [27.2416949, 38.2259517], [27.2415823, 38.2257536], [27.2415715, 38.2256272], [27.2415608, 38.2253785], [27.2415984, 38.225113], [27.2416679, 38.2248951], [27.2418719, 38.2246495], [27.2421967, 38.2243727], [27.2432399, 38.2234737], [27.2437656, 38.2229174], [27.2440016, 38.2225803], [27.2440982, 38.2224032], [27.2440123, 38.2221251], [27.2438836, 38.2218469], [27.2435531, 38.2210594], [27.2437227, 38.2209724], [27.243956, 38.2209029], [27.2444469, 38.2207744], [27.2448959, 38.2206902], [27.2453534, 38.2206669], [27.2463727, 38.2204478], [27.2469199, 38.2203213], [27.2473436, 38.2205278], [27.247569, 38.2169581], [27.246201, 38.2144209], [27.2463404, 38.2131564], [27.2457397, 38.2126927], [27.2452891, 38.2115884], [27.2444791, 38.2114156], [27.243728, 38.2114029], [27.243461, 38.2114348], [27.2434483, 38.211324], [27.242859, 38.2113861], [27.2420543, 38.2115167], [27.2417217, 38.2115041], [27.2410673, 38.2108845], [27.2399032, 38.2112765], [27.2392648, 38.2108339], [27.2391361, 38.2107328], [27.2388303, 38.2096916], [27.238546, 38.210425], [27.2374248, 38.2105683], [27.2373497, 38.2099572], [27.2353327, 38.2102143], [27.235086, 38.2098686], [27.2347641, 38.2093544], [27.2347426, 38.2091015], [27.2347587, 38.208975], [27.2344905, 38.208975], [27.2345066, 38.2087896], [27.2343779, 38.2084439], [27.2342089, 38.2082455], [27.2340238, 38.2082795], [27.2337019, 38.2080561], [27.2335464, 38.2079971], [27.2330314, 38.207799], [27.2327042, 38.2076599], [27.2325379, 38.2076346], [27.2324279, 38.2076536], [27.232334, 38.2076894], [27.231988, 38.2075629], [27.2317761, 38.2080182], [27.2318888, 38.2082458], [27.2318351, 38.2085029], [27.231701, 38.2087938], [27.2312772, 38.209013], [27.2309232, 38.209582], [27.2306442, 38.2088275], [27.2297107, 38.2088444], [27.2293514, 38.2088739], [27.2285682, 38.2090088], [27.227667, 38.2091731], [27.2274148, 38.209034], [27.2270098, 38.2085493], [27.2268623, 38.2084039], [27.2268596, 38.2083449], [27.2267926, 38.2083638], [27.2264439, 38.208132], [27.2258516, 38.2078383], [27.225712, 38.2077817], [27.2258162, 38.2064838], [27.2252526, 38.206325], [27.22521, 38.2060624], [27.2247058, 38.2056534], [27.2244644, 38.2049958], [27.2245288, 38.2044057], [27.2246575, 38.2039335], [27.2241104, 38.2042033], [27.2238475, 38.2044436], [27.2236329, 38.2046544], [27.2229487, 38.2046292], [27.2225117, 38.2061593], [27.2219431, 38.2085584], [27.2211062, 38.2125832], [27.2200762, 38.212794], [27.2198724, 38.2157358], [27.2206019, 38.2157949], [27.2205806, 38.2174976], [27.2206235, 38.2176999], [27.2155916, 38.2172785], [27.2102809, 38.2183742], [27.2099161, 38.2180033], [27.2094655, 38.2175566], [27.2088432, 38.2169581], [27.2068012, 38.2063853]]]]}, "bbox": [27.2065824, 38.1940688, 27.2873354, 38.2311602]}, {"id": "262", "type": "Feature", "properties": {"mahalle_adi": "Yayla Mahallesi", "_gece_lst_str": "20.7°C"}, "geometry": {"type": "MultiPolygon", "coordinates": [[[[27.1143865, 38.622822], [27.1143973, 38.6208857], [27.1132707, 38.6177171], [27.1135282, 38.6176836], [27.1135604, 38.6174824], [27.1137208, 38.6174693], [27.1137958, 38.6168972], [27.1140542, 38.6169565], [27.1140754, 38.6166944], [27.1143872, 38.616265], [27.1145582, 38.6155879], [27.1149766, 38.615546], [27.1152663, 38.6148586], [27.1163928, 38.6151855], [27.1166074, 38.6146406], [27.117337, 38.6146909], [27.1172941, 38.6150598], [27.1179163, 38.6151184], [27.1179392, 38.6147599], [27.1185771, 38.6147473], [27.1184528, 38.6146071], [27.1188605, 38.6144981], [27.1186137, 38.6139029], [27.1195364, 38.6136011], [27.1200192, 38.6145735], [27.1195113, 38.6147642], [27.119968, 38.6153715], [27.12129, 38.6156562], [27.1224049, 38.6147791], [27.1238644, 38.6155284], [27.1242053, 38.6150096], [27.1256403, 38.6147578], [27.1259111, 38.6132917], [27.1255228, 38.6127201], [27.1258411, 38.6123443], [27.1252472, 38.611469], [27.1249269, 38.6106828], [27.1252434, 38.6092882], [27.1251511, 38.6085911], [27.1255822, 38.6075896], [27.1254452, 38.607411], [27.1258091, 38.6070531], [27.1256713, 38.6064276], [27.1266038, 38.6055506], [27.126375, 38.6049788], [27.1271455, 38.6027078], [27.1260741, 38.602262], [27.1245348, 38.6007114], [27.1242463, 38.6006227], [27.1243064, 38.6003541], [27.1248672, 38.5996861], [27.1250331, 38.5990543], [27.1249551, 38.5978388], [27.1248479, 38.5973265], [27.1251323, 38.5949546], [27.126119, 38.5947629], [27.1268318, 38.5942497], [27.1271038, 38.5934629], [27.1276652, 38.593212], [27.1278926, 38.593033], [27.1288342, 38.5930796], [27.1291833, 38.5930077], [27.1294867, 38.5928167], [27.1299102, 38.5919105], [27.1301073, 38.5917315], [27.1301372, 38.5914932], [27.1299237, 38.5909571], [27.1296346, 38.5906595], [27.1284778, 38.5890758], [27.1280808, 38.5878249], [27.1282468, 38.5872646], [27.1283673, 38.5867043], [27.1287612, 38.5862391], [27.1292312, 38.5858572], [27.129488, 38.5851062], [27.1298514, 38.5845456], [27.1298807, 38.5839378], [27.1301989, 38.5836157], [27.1301681, 38.5833893], [27.1298575, 38.5828784], [27.1295786, 38.5823752], [27.1295464, 38.5819391], [27.1301472, 38.5812597], [27.1302545, 38.5809326], [27.1303618, 38.580312], [27.1304905, 38.5801527], [27.1304798, 38.5799597], [27.1302438, 38.579683], [27.1298575, 38.5793055], [27.1298468, 38.5791714], [27.1299863, 38.5789281], [27.1301579, 38.5786346], [27.1301687, 38.5783913], [27.1301579, 38.5782487], [27.130115, 38.5780978], [27.1301258, 38.577972], [27.1302974, 38.5778378], [27.1304583, 38.5777203], [27.1306622, 38.5775526], [27.1311557, 38.5764622], [27.1311343, 38.576219], [27.1309733, 38.5760093], [27.1307909, 38.5757493], [27.1307588, 38.575548], [27.1307266, 38.5752712], [27.1307051, 38.5750195], [27.1310377, 38.5746757], [27.1314668, 38.5742898], [27.1317673, 38.574055], [27.1319818, 38.5735014], [27.1321106, 38.5728807], [27.1324754, 38.5724445], [27.1330976, 38.5716728], [27.1332693, 38.5712869], [27.1336341, 38.5709849], [27.1341061, 38.5704817], [27.1345138, 38.5699448], [27.1347713, 38.5696764], [27.1351576, 38.569257], [27.1354794, 38.5687537], [27.1356514, 38.5684148], [27.1356726, 38.5682923], [27.1356189, 38.5682], [27.1355438, 38.5681245], [27.1354902, 38.5679232], [27.1354902, 38.5677302], [27.1356039, 38.5674019], [27.1357584, 38.5673528], [27.1359622, 38.5673444], [27.1361232, 38.5673108], [27.136327, 38.5671598], [27.1364665, 38.5669333], [27.1367025, 38.5666649], [27.1368956, 38.5664803], [27.1371639, 38.5663545], [27.1376574, 38.5662874], [27.1379793, 38.5662622], [27.1385157, 38.566279], [27.138859, 38.5662455], [27.1391487, 38.5661448], [27.1394062, 38.5659602], [27.1394384, 38.5657505], [27.1395349, 38.5656415], [27.1395242, 38.5654317], [27.1395779, 38.5653479], [27.1396315, 38.5651801], [27.1394062, 38.5648277], [27.13961, 38.5645677], [27.1396637, 38.5643076], [27.1396208, 38.5641231], [27.1397602, 38.5638714], [27.1401572, 38.5635526], [27.1404683, 38.5630912], [27.1408331, 38.5628815], [27.1410906, 38.5626634], [27.1412301, 38.5622943], [27.1416378, 38.5619755], [27.1430907, 38.5613985], [27.1435459, 38.5613265], [27.1440913, 38.5608253], [27.1444553, 38.560658], [27.1448037, 38.5603], [27.1451068, 38.5600732], [27.1452126, 38.5598467], [27.145546, 38.5596079], [27.1462873, 38.5584272], [27.1475304, 38.5576867], [27.1478, 38.557], [27.1485579, 38.5567152], [27.1651297, 38.5680439], [27.1666389, 38.5688813], [27.168118, 38.5717215], [27.1652747, 38.5763554], [27.1633596, 38.5786999], [27.1603344, 38.5803367], [27.1593235, 38.5832042], [27.158733, 38.5873821], [27.1609392, 38.5894289], [27.1611272, 38.5920325], [27.16224, 38.5939497], [27.1622418, 38.5947243], [27.1621519, 38.5952786], [27.1618497, 38.5959226], [27.1607879, 38.5964782], [27.1592405, 38.5971536], [27.157815, 38.5980613], [27.1561378, 38.5985265], [27.1560895, 38.5986816], [27.1559071, 38.5986942], [27.1557462, 38.598669], [27.1555853, 38.5986439], [27.1552902, 38.598799], [27.1552581, 38.5986397], [27.1551561, 38.59856], [27.1550757, 38.5986145], [27.1549523, 38.5989038], [27.1548633, 38.5989769], [27.1544762, 38.5990668], [27.1545602, 38.5992752], [27.1547699, 38.5993859], [27.1547484, 38.5997968], [27.1546197, 38.5999477], [27.1544253, 38.6000858], [27.1540189, 38.6001112], [27.1538204, 38.6002077], [27.1536487, 38.6002412], [27.1535522, 38.6003083], [27.1535522, 38.6003837], [27.1535833, 38.6004861], [27.1531552, 38.6009832], [27.1530074, 38.6010768], [27.1530533, 38.6013396], [27.153107, 38.6015057], [27.1529406, 38.6018038], [27.1531079, 38.6019168], [27.1528333, 38.6021403], [27.1528548, 38.6024505], [27.1530031, 38.602626], [27.1530194, 38.6031266], [27.1529889, 38.6033645], [27.1526509, 38.6034567], [27.1524793, 38.6037417], [27.1522969, 38.6038382], [27.1523023, 38.6039765], [27.1522218, 38.6041484], [27.1521199, 38.604249], [27.1520662, 38.6044796], [27.1519589, 38.6047563], [27.1518087, 38.6049742], [27.1518677, 38.605209], [27.1518141, 38.6055066], [27.1518034, 38.6059384], [27.1519375, 38.6059007], [27.1521038, 38.6059761], [27.1522701, 38.6061732], [27.1524415, 38.6063569], [27.1523811, 38.6065357], [27.1525408, 38.6066487], [27.1529436, 38.6067972], [27.1529151, 38.6076851], [27.1528318, 38.6077865], [27.1528853, 38.6079473], [27.1532885, 38.6082626], [27.1534798, 38.6089356], [27.1531611, 38.6090672], [27.1529108, 38.6092284], [27.1526778, 38.6093632], [27.1527743, 38.6094094], [27.1528387, 38.6095603], [27.1530488, 38.609836], [27.1526392, 38.6100749], [27.1522597, 38.6101528], [27.1519214, 38.6100717], [27.1516102, 38.6101094], [27.1513903, 38.6102771], [27.1513098, 38.6104699], [27.1513045, 38.610625], [27.1512401, 38.6109142], [27.1510041, 38.6109897], [27.150988, 38.6110987], [27.1504462, 38.6110693], [27.1501189, 38.6113124], [27.1500546, 38.6114759], [27.1500385, 38.611631], [27.149899, 38.6117651], [27.149899, 38.6118867], [27.1497863, 38.6120544], [27.1494998, 38.6122896], [27.1489008, 38.6127789], [27.1485576, 38.6130355], [27.1482636, 38.613321], [27.1481079, 38.6133437], [27.1479346, 38.6134818], [27.14663, 38.6137616], [27.1473748, 38.6152093], [27.1481499, 38.6154074], [27.148436, 38.6159861], [27.1474711, 38.6160817], [27.1464811, 38.6161985], [27.1456778, 38.6163152], [27.1448933, 38.6165488], [27.1441461, 38.6168553], [27.143511, 38.6171472], [27.1431, 38.6173661], [27.1436223, 38.6179171], [27.1434617, 38.6191087], [27.1434832, 38.6200726], [27.1435797, 38.6207851], [27.1438265, 38.6211204], [27.1444273, 38.6218162], [27.1445668, 38.6220928], [27.1442771, 38.6224113], [27.1441698, 38.6226963], [27.1438535, 38.623839], [27.143172, 38.6263005], [27.143116, 38.6268736], [27.1429111, 38.6269453], [27.1428666, 38.6274817], [27.1426843, 38.6274938], [27.1426396, 38.6279586], [27.1430347, 38.6279939], [27.1429789, 38.6284462], [27.1429145, 38.6284714], [27.1429065, 38.6286055], [27.1433061, 38.6286306], [27.1431506, 38.6290455], [27.1430594, 38.6293514], [27.1430379, 38.6299088], [27.1429896, 38.6307134], [27.1430701, 38.6309187], [27.1427965, 38.6323226], [27.1429682, 38.6323854], [27.143172, 38.6328967], [27.1437943, 38.632817], [27.1441483, 38.6338605], [27.1442181, 38.6341831], [27.1442181, 38.6347949], [27.1441698, 38.6355953], [27.1441215, 38.6358844], [27.1440142, 38.6363202], [27.1439016, 38.6367518], [27.1438855, 38.6373007], [27.1439069, 38.6383692], [27.1439391, 38.6387463], [27.1440089, 38.6391402], [27.144084, 38.6396807], [27.1441537, 38.6402296], [27.1441752, 38.6408623], [27.1441656, 38.6411269], [27.1438265, 38.6410593], [27.1412086, 38.6413777], [27.1370029, 38.6411431], [27.1330118, 38.641076], [27.1306944, 38.6407408], [27.1290636, 38.6402213], [27.1280122, 38.6394838], [27.127862, 38.6389307], [27.1277332, 38.6378413], [27.1275401, 38.6370703], [27.1266818, 38.6358635], [27.1249652, 38.6340448], [27.1244502, 38.6336174], [27.1233773, 38.6322094], [27.1226477, 38.6311869], [27.121489, 38.6292257], [27.1198368, 38.6263089], [27.1187639, 38.6251187], [27.1169615, 38.623895], [27.1143865, 38.622822]]]]}, "bbox": [27.1132707, 38.5567152, 27.168118, 38.6413777]}, {"id": "263", "type": "Feature", "properties": {"mahalle_adi": "Karaorman Mahallesi", "_gece_lst_str": "18.9°C"}, "geometry": {"type": "MultiPolygon", "coordinates": [[[[27.2250243, 38.6090096], [27.2320148, 38.6099109], [27.2348067, 38.6093927], [27.2351932, 38.6088812], [27.2355774, 38.6081994], [27.2358696, 38.6069833], [27.2347661, 38.6062585], [27.2353594, 38.6042254], [27.2359653, 38.6037297], [27.235619, 38.5976823], [27.2344049, 38.5932753], [27.2344884, 38.5932573], [27.2352493, 38.5914503], [27.235262, 38.5906637], [27.234858, 38.5901878], [27.2350528, 38.5893949], [27.2361803, 38.5882546], [27.2368227, 38.5873595], [27.2366, 38.5865912], [27.2366215, 38.5862039], [27.2369008, 38.5857207], [27.2366734, 38.5835164], [27.2370806, 38.5826873], [27.2380796, 38.5817319], [27.2390985, 38.5810626], [27.2401855, 38.5803929], [27.2405494, 38.580273], [27.2408786, 38.5788303], [27.2412121, 38.5785423], [27.2416413, 38.5780978], [27.2423279, 38.5770997], [27.2429936, 38.5757036], [27.2449991, 38.5749111], [27.249831, 38.5730018], [27.2362774, 38.5715522], [27.2243864, 38.5724396], [27.2218375, 38.5852406], [27.2212976, 38.5874225], [27.2207937, 38.5914277], [27.2215523, 38.601127], [27.2228114, 38.6055817], [27.2252333, 38.6078294], [27.2250243, 38.6090096]]]]}, "bbox": [27.2207937, 38.5715522, 27.249831, 38.6099109]}, {"id": "264", "type": "Feature", "properties": {"mahalle_adi": "Alaniçi Mahallesi", "_gece_lst_str": "19.7°C"}, "geometry": {"type": "MultiPolygon", "coordinates": [[[[27.2021073, 38.6095568], [27.205851, 38.5961969], [27.2052549, 38.5948215], [27.2079795, 38.5917956], [27.2100383, 38.5870369], [27.2123534, 38.5842977], [27.209571, 38.582962], [27.2081459, 38.5784419], [27.2106174, 38.5747372], [27.2122325, 38.5741622], [27.2137349, 38.5740165], [27.2152843, 38.5743175], [27.2181988, 38.5742227], [27.2200855, 38.5731467], [27.2243864, 38.5724396], [27.2218375, 38.5852406], [27.2212976, 38.5874225], [27.2207937, 38.5914277], [27.2215523, 38.601127], [27.2228114, 38.6055817], [27.2252333, 38.6078294], [27.2250243, 38.6090096], [27.2230828, 38.6098475], [27.219555, 38.6135009], [27.2199517, 38.6140722], [27.2197553, 38.6144301], [27.2185264, 38.6148852], [27.2167505, 38.6153176], [27.216615, 38.6157349], [27.2128658, 38.6114992], [27.2074841, 38.6098047], [27.207166, 38.6101032], [27.2067711, 38.610092], [27.2064213, 38.6099258], [27.2021073, 38.6095568]]]]}, "bbox": [27.2021073, 38.5724396, 27.2252333, 38.6157349]}, {"id": "265", "type": "Feature", "properties": {"mahalle_adi": "Kır Mahallesi", "_gece_lst_str": "19.7°C"}, "geometry": {"type": "MultiPolygon", "coordinates": [[[[27.1867994, 38.5343937], [27.1880287, 38.5353796], [27.1886324, 38.5362022], [27.1909523, 38.5356145], [27.1942677, 38.5356567], [27.1989854, 38.5380025], [27.2028482, 38.5411242], [27.2044427, 38.5415802], [27.2052546, 38.5416086], [27.2072001, 38.5427373], [27.20837, 38.5432477], [27.2096068, 38.5432693], [27.2110951, 38.5436659], [27.2129168, 38.5439426], [27.2154663, 38.5439737], [27.2167453, 38.5454432], [27.2171128, 38.5465389], [27.2190478, 38.5490975], [27.2197953, 38.5503713], [27.2217739, 38.5497538], [27.2296022, 38.5513953], [27.2361036, 38.5625132], [27.2243397, 38.5720702], [27.2243864, 38.5724396], [27.2200855, 38.5731467], [27.2181988, 38.5742227], [27.2152843, 38.5743175], [27.2137349, 38.5740165], [27.2122325, 38.5741622], [27.2106174, 38.5747372], [27.2081459, 38.5784419], [27.209571, 38.582962], [27.2123534, 38.5842977], [27.2100383, 38.5870369], [27.2079795, 38.5917956], [27.2052549, 38.5948215], [27.205851, 38.5961969], [27.2021073, 38.6095568], [27.1972544, 38.6094757], [27.1971086, 38.6061689], [27.1869296, 38.607848], [27.1847034, 38.6103542], [27.1848025, 38.6134645], [27.1849286, 38.6138777], [27.1852183, 38.6143556], [27.1855509, 38.6148837], [27.1858299, 38.6152358], [27.1863341, 38.6157639], [27.1868491, 38.6163843], [27.1869671, 38.6167783], [27.1868491, 38.6171723], [27.1866131, 38.6175914], [27.1861946, 38.6178848], [27.1858513, 38.6180021], [27.1854544, 38.6179099], [27.1850681, 38.6180105], [27.184757, 38.6182117], [27.1838879, 38.6186979], [27.1822433, 38.6195463], [27.1820855, 38.6201901], [27.1813442, 38.6220608], [27.1808624, 38.6229059], [27.178781, 38.6265939], [27.1777081, 38.6290246], [27.1774292, 38.6303991], [27.1764636, 38.6319077], [27.1753692, 38.6327123], [27.1740818, 38.6336342], [27.1729016, 38.6342208], [27.1710348, 38.634422], [27.1696167, 38.6343309], [27.1685886, 38.6339862], [27.1673226, 38.6338186], [27.1663999, 38.6337515], [27.1656918, 38.6334498], [27.1649194, 38.6329972], [27.1627307, 38.6327123], [27.1614861, 38.6328799], [27.1604764, 38.6329695], [27.1599841, 38.6313378], [27.1600056, 38.6310109], [27.1601987, 38.6306505], [27.1606493, 38.6300806], [27.1611857, 38.629452], [27.161572, 38.6289743], [27.161808, 38.6283121], [27.1617758, 38.6279014], [27.1618507, 38.6273989], [27.1621942, 38.6249175], [27.1624088, 38.6234591], [27.1629023, 38.6205756], [27.1621728, 38.6192512], [27.1619748, 38.6190309], [27.1623981, 38.618438], [27.1626878, 38.6179602], [27.1628487, 38.6175914], [27.1645224, 38.6169459], [27.1650052, 38.6167447], [27.166106, 38.6162364], [27.1678054, 38.6157472], [27.1691143, 38.6154118], [27.1698117, 38.6150178], [27.1702731, 38.6145819], [27.171067, 38.6139951], [27.1715176, 38.6137101], [27.1719682, 38.6134837], [27.1723544, 38.6133664], [27.1726549, 38.6132909], [27.1729338, 38.613031], [27.1733415, 38.612461], [27.1737277, 38.6121256], [27.1746182, 38.611631], [27.1741903, 38.6112865], [27.1740984, 38.6109648], [27.1732449, 38.610734], [27.1720648, 38.6102477], [27.1710562, 38.6096776], [27.1704769, 38.6091411], [27.1711313, 38.6087347], [27.1705825, 38.6078775], [27.1699207, 38.6073958], [27.1696918, 38.6069492], [27.1697352, 38.6060196], [27.1753739, 38.601435], [27.1769738, 38.594318], [27.1776679, 38.5894546], [27.1757033, 38.5870801], [27.1747419, 38.5850615], [27.1764779, 38.5778727], [27.1722961, 38.5718369], [27.1666389, 38.5688813], [27.1651297, 38.5680439], [27.1485579, 38.5567152], [27.1497756, 38.5553141], [27.1504247, 38.5547226], [27.1512079, 38.5543492], [27.1522754, 38.554022], [27.1564007, 38.5527383], [27.1571892, 38.5529942], [27.1605796, 38.5517734], [27.1615379, 38.551454], [27.162, 38.5513], [27.1623, 38.5513], [27.1622747, 38.5507875], [27.1624088, 38.5505316], [27.1626878, 38.5503722], [27.1629131, 38.5502841], [27.1630686, 38.5502212], [27.1635354, 38.550175], [27.163825, 38.5497555], [27.163884, 38.5494912], [27.1639001, 38.5492772], [27.1641147, 38.5491094], [27.1643186, 38.5489626], [27.164576, 38.5488954], [27.1648979, 38.5488073], [27.1652573, 38.5488157], [27.1662, 38.5489], [27.1664214, 38.5486227], [27.1667862, 38.5484213], [27.1670598, 38.5483249], [27.1672368, 38.5481486], [27.1673441, 38.5480228], [27.1674889, 38.5478676], [27.1676767, 38.5478004], [27.1678644, 38.5477039], [27.1679503, 38.5475529], [27.1680254, 38.5473431], [27.1680871, 38.5472026], [27.1682024, 38.5469571], [27.1685135, 38.5465753], [27.1688515, 38.5461768], [27.1690392, 38.5458663], [27.1690607, 38.5454677], [27.1692699, 38.5452705], [27.1692324, 38.5446789], [27.1694845, 38.544402], [27.1697366, 38.544272], [27.1698976, 38.5441587], [27.1700692, 38.5439783], [27.1703857, 38.5431559], [27.1706379, 38.5425349], [27.1709704, 38.5419224], [27.1715069, 38.5419559], [27.1718716, 38.5414189], [27.1721721, 38.5416454], [27.1725955, 38.5417863], [27.1729982, 38.5418804], [27.1738136, 38.541914], [27.1744358, 38.5418217], [27.1768069, 38.5399755], [27.1777403, 38.5391615], [27.1783304, 38.5388258], [27.1787488, 38.5384482], [27.1789205, 38.5381293], [27.1790814, 38.5375838], [27.1793926, 38.537139], [27.179693, 38.5365515], [27.1799934, 38.5363669], [27.1804654, 38.5361068], [27.1810019, 38.5359305], [27.1817207, 38.5358046], [27.1822894, 38.5355193], [27.1835339, 38.5352843], [27.1842849, 38.535385], [27.1851969, 38.5354354], [27.1860874, 38.5352591], [27.1866131, 38.5349402], [27.1867994, 38.5343937]]]]}, "bbox": [27.1485579, 38.5343937, 27.2361036, 38.634422]}, {"id": "266", "type": "Feature", "properties": {"mahalle_adi": "Demirci Mahallesi", "_gece_lst_str": "20.7°C"}, "geometry": {"type": "MultiPolygon", "coordinates": [[[[27.2580109, 38.2541494], [27.2580671, 38.2544254], [27.2586143, 38.2550236], [27.2592044, 38.255706], [27.2596872, 38.2563294], [27.2604811, 38.2572814], [27.2611785, 38.2579891], [27.2614896, 38.2584019], [27.2619295, 38.2593539], [27.2622943, 38.2600699], [27.2628415, 38.2608618], [27.262938, 38.2611061], [27.2636568, 38.2614768], [27.2647941, 38.2622013], [27.265749, 38.26301], [27.2660065, 38.2640377], [27.2661996, 38.2644336], [27.2667897, 38.2649559], [27.2673261, 38.2654276], [27.2677767, 38.2656719], [27.2679269, 38.2660004], [27.2683668, 38.2663879], [27.2697553, 38.2677204], [27.2702802, 38.2686309], [27.2701605, 38.268947], [27.2699198, 38.2692574], [27.2704054, 38.2697568], [27.2711905, 38.2694928], [27.2713873, 38.2695758], [27.271841, 38.2696224], [27.2718422, 38.2699442], [27.2721916, 38.2704082], [27.2719057, 38.2707426], [27.2725265, 38.2710152], [27.2738702, 38.2705473], [27.2748239, 38.2709026], [27.2758073, 38.271091], [27.2766388, 38.271101], [27.2770786, 38.2708186], [27.2773576, 38.2706839], [27.2785377, 38.2707934], [27.2783983, 38.2710292], [27.2783232, 38.2712735], [27.2783553, 38.271602], [27.2788489, 38.2722253], [27.279396, 38.2719305], [27.2799432, 38.2727475], [27.2799969, 38.2729075], [27.28019, 38.2731265], [27.2804475, 38.2733371], [27.2808015, 38.273893], [27.281338, 38.2746258], [27.2822606, 38.2743057], [27.2823036, 38.2745668], [27.2830546, 38.2745079], [27.2835588, 38.2745416], [27.2842084, 38.2738598], [27.2849933, 38.2735599], [27.2853529, 38.2727248], [27.2876974, 38.273017], [27.2885907, 38.2734382], [27.2888696, 38.2736319], [27.2890198, 38.273893], [27.2895912, 38.2740373], [27.2899852, 38.2742866], [27.2907559, 38.2741893], [27.2916614, 38.2738057], [27.2945511, 38.2743348], [27.2943409, 38.2746809], [27.2944927, 38.2748474], [27.294855, 38.2747154], [27.2949, 38.274608], [27.2948989, 38.2743339], [27.2948971, 38.2739049], [27.2950908, 38.2731893], [27.2948323, 38.2728205], [27.2941686, 38.2731916], [27.2944655, 38.2718442], [27.2955779, 38.2702801], [27.2956288, 38.269791], [27.2957414, 38.2695509], [27.295956, 38.269412], [27.2966796, 38.2692502], [27.2970825, 38.2694793], [27.2975331, 38.2695762], [27.297914, 38.2696478], [27.298193, 38.2697531], [27.298488, 38.269951], [27.2988474, 38.2703891], [27.2990084, 38.2706417], [27.2992551, 38.2707849], [27.2994804, 38.2708608], [27.3001563, 38.2709703], [27.3004192, 38.2710082], [27.3006453, 38.271106], [27.3009932, 38.2713156], [27.3015404, 38.2716651], [27.3017764, 38.2718968], [27.3022002, 38.2722379], [27.3023611, 38.2723095], [27.3025542, 38.272339], [27.3029619, 38.2723264], [27.3033874, 38.2724173], [27.3045685, 38.2728791], [27.3051738, 38.2730205], [27.3054608, 38.2729721], [27.305824, 38.2730427], [27.3062937, 38.2732917], [27.3065678, 38.2737677], [27.3067815, 38.2742439], [27.3071906, 38.2744692], [27.3077208, 38.27473], [27.3086136, 38.2749065], [27.308954, 38.275308], [27.3091203, 38.2755228], [27.3098499, 38.2758049], [27.3104399, 38.2758681], [27.3108745, 38.2758639], [27.3117923, 38.2758158], [27.3122162, 38.2759457], [27.3128817, 38.2760035], [27.3131116, 38.2767299], [27.3133852, 38.2770867], [27.3137363, 38.2778605], [27.3136747, 38.2779611], [27.3136425, 38.2780748], [27.3136425, 38.2781422], [27.3137227, 38.278218], [27.3137659, 38.2782601], [27.3137712, 38.2783401], [27.3138142, 38.2784327], [27.3138946, 38.2785338], [27.3139812, 38.278563], [27.3140234, 38.278618], [27.3140234, 38.2787022], [27.3139805, 38.2788286], [27.313959, 38.2788791], [27.314018, 38.2789549], [27.3141253, 38.2790139], [27.3141468, 38.2791107], [27.3141682, 38.2793297], [27.314195, 38.2794181], [27.3143077, 38.2794813], [27.3146962, 38.2795622], [27.3149974, 38.2792872], [27.3151786, 38.279251], [27.3152849, 38.2793461], [27.3158906, 38.2795709], [27.3160721, 38.2795823], [27.316196, 38.2796118], [27.3162925, 38.2797213], [27.3164819, 38.2799506], [27.3167002, 38.279995], [27.3168826, 38.2799656], [27.3169577, 38.2799782], [27.3170328, 38.2800329], [27.3170596, 38.2801003], [27.3170221, 38.2802435], [27.3170221, 38.2805425], [27.3170907, 38.2808667], [27.3172747, 38.2814621], [27.3172313, 38.2819151], [27.3173682, 38.2821054], [27.3176415, 38.2823669], [27.3176723, 38.2824979], [27.319235, 38.2837093], [27.3192859, 38.2841596], [27.3195273, 38.2844291], [27.3198867, 38.2846397], [27.3201549, 38.2848207], [27.3203158, 38.2849218], [27.3204968, 38.2850786], [27.3206645, 38.285406], [27.3209166, 38.2860081], [27.3210347, 38.2864587], [27.3211312, 38.2873471], [27.3209596, 38.287444], [27.3205304, 38.2874903], [27.320069, 38.2875787], [27.3198545, 38.2876082], [27.3195487, 38.2876713], [27.3187172, 38.287924], [27.3179769, 38.2882861], [27.3170221, 38.2889092], [27.3151962, 38.2895146], [27.3097327, 38.2919722], [27.3083045, 38.2929394], [27.3064756, 38.2924292], [27.3044908, 38.2917302], [27.3039007, 38.2915955], [27.3032033, 38.2914524], [27.3026669, 38.2912924], [27.3020768, 38.2911324], [27.3015672, 38.2909092], [27.3008537, 38.2907282], [27.3004889, 38.290684], [27.3001671, 38.2908545], [27.3001248, 38.2905304], [27.2998774, 38.289684], [27.2996467, 38.2896545], [27.2996253, 38.2895661], [27.2990715, 38.2895797], [27.2987616, 38.2895282], [27.2983003, 38.2904587], [27.2977316, 38.290345], [27.2977006, 38.2897539], [27.29757, 38.2893843], [27.2968304, 38.2896334], [27.2963905, 38.2898566], [27.2961169, 38.289945], [27.2956181, 38.2900713], [27.2948509, 38.290185], [27.2949636, 38.2901134], [27.2948724, 38.289305], [27.2949402, 38.2890008], [27.2950441, 38.2886482], [27.2950065, 38.2883619], [27.2948831, 38.2883029], [27.2945988, 38.2883156], [27.2943306, 38.2883156], [27.294039, 38.2881931], [27.2936522, 38.28795], [27.2934186, 38.2882819], [27.292687, 38.2878594], [27.2921419, 38.2876713], [27.2921365, 38.2875156], [27.2913963, 38.2870692], [27.2908857, 38.2874096], [27.2906506, 38.2876545], [27.290613, 38.2879871], [27.2904897, 38.2881766], [27.2902751, 38.2883956], [27.2898996, 38.2886566], [27.2892344, 38.288505], [27.288934, 38.2883619], [27.288588, 38.2881239], [27.2894224, 38.2870323], [27.2892719, 38.2869532], [27.2893348, 38.2866895], [27.2884887, 38.286265], [27.288537, 38.286126], [27.2884995, 38.2859618], [27.2883493, 38.2857781], [27.2881787, 38.2857206], [27.2869277, 38.2859534], [27.2867951, 38.2852414], [27.2851038, 38.2851828], [27.2848356, 38.2854439], [27.2841972, 38.2852923], [27.284224, 38.285086], [27.2840337, 38.2850565], [27.2828856, 38.2849765], [27.2831028, 38.2842373], [27.2832949, 38.283343], [27.2827537, 38.2831768], [27.2822285, 38.2828753], [27.2815204, 38.2829132], [27.2811554, 38.2829481], [27.2811341, 38.2837933], [27.2806728, 38.2837554], [27.2805869, 38.2841007], [27.2801363, 38.2840417], [27.2800913, 38.2841101], [27.2795463, 38.2840038], [27.2792244, 38.2838522], [27.2790152, 38.283728], [27.2787255, 38.2836712], [27.2785485, 38.2835743], [27.2783071, 38.2833301], [27.2781676, 38.2832669], [27.2778833, 38.2832501], [27.2776419, 38.2831785], [27.2771484, 38.2828627], [27.2774863, 38.2822605], [27.2776687, 38.2818774], [27.2779959, 38.281191], [27.2776151, 38.2809931], [27.277379, 38.2809088], [27.2770196, 38.280892], [27.2766656, 38.2808836], [27.2763975, 38.2808044], [27.2753275, 38.2817633], [27.2742569, 38.2822774], [27.274179, 38.2822013], [27.2740585, 38.2820837], [27.2735113, 38.2813636], [27.273227, 38.2809004], [27.2730607, 38.2805509], [27.2729373, 38.2803109], [27.2726301, 38.2800425], [27.2724169, 38.2798603], [27.271108, 38.2806983], [27.2705448, 38.2804246], [27.2701424, 38.2801719], [27.270121, 38.2799656], [27.2702444, 38.2798434], [27.2704214, 38.2796666], [27.2704697, 38.2794687], [27.270166, 38.2790444], [27.2698049, 38.2789499], [27.2695738, 38.2787022], [27.2695416, 38.2782643], [27.2689944, 38.2780285], [27.2687477, 38.2778095], [27.2684902, 38.2776579], [27.2680771, 38.2775021], [27.2679645, 38.2773673], [27.2680128, 38.277161], [27.268199, 38.2768253], [27.2681308, 38.276664], [27.2676802, 38.276344], [27.2673261, 38.2762682], [27.2668765, 38.2759359], [27.2666019, 38.2755017], [27.2663947, 38.2750423], [27.2662049, 38.2749795], [27.2659796, 38.2750469], [27.2656256, 38.2751396], [27.2654186, 38.2751429], [27.2649229, 38.2746805], [27.2646761, 38.2745416], [27.2644722, 38.2745247], [27.2641418, 38.2746498], [27.2639573, 38.2745331], [27.2637534, 38.2745753], [27.2631955, 38.2748448], [27.2626305, 38.2750879], [27.2623811, 38.2753038], [27.261778, 38.275739], [27.2587323, 38.2751311], [27.2580698, 38.2743889], [27.2574024, 38.2734709], [27.2548792, 38.2736722], [27.2560072, 38.2751059], [27.2544837, 38.2755775], [27.2544837, 38.2758555], [27.2525411, 38.2745833], [27.2530951, 38.273943], [27.2506535, 38.2732445], [27.2503638, 38.2740446], [27.2491998, 38.2738548], [27.2489691, 38.2738172], [27.2477245, 38.2733455], [27.2468285, 38.2732192], [27.2458784, 38.27283], [27.24648, 38.271383], [27.2464907, 38.2700016], [27.2477976, 38.2699801], [27.2478366, 38.2681029], [27.2476512, 38.2669235], [27.2480128, 38.2665651], [27.2499915, 38.2683129], [27.2503746, 38.2665396], [27.2504497, 38.26635], [27.2506374, 38.2662026], [27.2508573, 38.2660931], [27.2513348, 38.2657941], [27.2516084, 38.2654066], [27.2518659, 38.2651328], [27.2519463, 38.2648422], [27.2519731, 38.2643789], [27.2520268, 38.2638566], [27.251941, 38.2634859], [27.2521448, 38.2627488], [27.2525579, 38.2618559], [27.2527349, 38.2612535], [27.2526705, 38.2609082], [27.2526812, 38.2605543], [27.2526705, 38.2603564], [27.2525247, 38.2599053], [27.2523701, 38.2595645], [27.2522628, 38.2594507], [27.2521375, 38.2593877], [27.2515923, 38.2593539], [27.2515064, 38.2592949], [27.2514689, 38.2591854], [27.2515064, 38.2587431], [27.2515671, 38.258352], [27.25384, 38.2568644], [27.2548324, 38.2562199], [27.2572356, 38.2546444], [27.2580109, 38.2541494]]]]}, "bbox": [27.2458784, 38.2541494, 27.3211312, 38.2929394]}, {"id": "267", "type": "Feature", "properties": {"mahalle_adi": "Yoğurtçular Mahallesi", "_gece_lst_str": "20.8°C"}, "geometry": {"type": "MultiPolygon", "coordinates": [[[[27.265014, 38.2495513], [27.263748, 38.2503897], [27.2613394, 38.2519905], [27.2594458, 38.2532332], [27.2580109, 38.2541494], [27.2580671, 38.2544254], [27.2586143, 38.2550236], [27.2592044, 38.255706], [27.2596872, 38.2563294], [27.2604811, 38.2572814], [27.2611785, 38.2579891], [27.2614896, 38.2584019], [27.2619295, 38.2593539], [27.2622943, 38.2600699], [27.2628415, 38.2608618], [27.262938, 38.2611061], [27.2636568, 38.2614768], [27.2647941, 38.2622013], [27.265749, 38.26301], [27.2660065, 38.2640377], [27.2661996, 38.2644336], [27.2667897, 38.2649559], [27.2673261, 38.2654276], [27.2677767, 38.2656719], [27.2679269, 38.2660004], [27.2683668, 38.2663879], [27.2697553, 38.2677204], [27.2702802, 38.2686309], [27.2701605, 38.268947], [27.2699198, 38.2692574], [27.2704054, 38.2697568], [27.2711905, 38.2694928], [27.2713873, 38.2695758], [27.271841, 38.2696224], [27.2718422, 38.2699442], [27.2721916, 38.2704082], [27.2719057, 38.2707426], [27.2725265, 38.2710152], [27.2738702, 38.2705473], [27.2748239, 38.2709026], [27.2758073, 38.271091], [27.2766388, 38.271101], [27.2770786, 38.2708186], [27.2773576, 38.2706839], [27.2785377, 38.2707934], [27.2783983, 38.2710292], [27.2783232, 38.2712735], [27.2783553, 38.271602], [27.2788489, 38.2722253], [27.279396, 38.2719305], [27.2799432, 38.2727475], [27.2799969, 38.2729075], [27.28019, 38.2731265], [27.2804475, 38.2733371], [27.2808015, 38.273893], [27.281338, 38.2746258], [27.2822606, 38.2743057], [27.2823036, 38.2745668], [27.2830546, 38.2745079], [27.2835588, 38.2745416], [27.2842084, 38.2738598], [27.2849933, 38.2735599], [27.2853529, 38.2727248], [27.2876974, 38.273017], [27.2885907, 38.2734382], [27.2888696, 38.2736319], [27.2890198, 38.273893], [27.2895912, 38.2740373], [27.2899852, 38.2742866], [27.2907559, 38.2741893], [27.2916614, 38.2738057], [27.2945511, 38.2743348], [27.2943409, 38.2746809], [27.2944927, 38.2748474], [27.294855, 38.2747154], [27.2949, 38.274608], [27.2948989, 38.2743339], [27.2948971, 38.2739049], [27.2950908, 38.2731893], [27.2948323, 38.2728205], [27.2941686, 38.2731916], [27.2944655, 38.2718442], [27.2955779, 38.2702801], [27.2956288, 38.269791], [27.2957414, 38.2695509], [27.295956, 38.269412], [27.2966796, 38.2692502], [27.2957575, 38.268418], [27.2954357, 38.2682411], [27.2947597, 38.2679505], [27.2943252, 38.2676346], [27.2938317, 38.2673819], [27.2936386, 38.2671208], [27.2934025, 38.2669186], [27.2930753, 38.2667838], [27.2928671, 38.2666248], [27.2879791, 38.2639113], [27.2874266, 38.2638734], [27.2871423, 38.2637723], [27.2869706, 38.263667], [27.2865575, 38.2634101], [27.2861284, 38.2631995], [27.2854096, 38.2629173], [27.2848946, 38.2627825], [27.2844762, 38.2627151], [27.2839665, 38.2625424], [27.2832799, 38.262235], [27.2825772, 38.2618348], [27.2820407, 38.2614305], [27.2816138, 38.2610508], [27.2805545, 38.2607197], [27.2800397, 38.2604945], [27.2794949, 38.2603408], [27.2795623, 38.2601121], [27.279498, 38.2599773], [27.2794819, 38.2598383], [27.2795194, 38.2596571], [27.2795355, 38.2595392], [27.2794872, 38.2594634], [27.2793961, 38.259337], [27.2792298, 38.2592233], [27.27916, 38.2590801], [27.2790581, 38.2589368], [27.2790313, 38.2587304], [27.2790635, 38.2585325], [27.2790205, 38.2583893], [27.2788811, 38.2582208], [27.2786128, 38.2580565], [27.2783069, 38.2579839], [27.2781569, 38.2574457], [27.2777975, 38.2571972], [27.2773898, 38.2569276], [27.2769499, 38.2567844], [27.2764456, 38.2566453], [27.2761559, 38.256401], [27.2757751, 38.2561988], [27.275539, 38.2560893], [27.2754425, 38.2559629], [27.2753191, 38.2558618], [27.2751743, 38.255786], [27.274965, 38.2556428], [27.2747987, 38.2554532], [27.2747236, 38.2550109], [27.2744554, 38.2546402], [27.2741336, 38.2542274], [27.2738117, 38.2541516], [27.2736667, 38.2539665], [27.2731362, 38.2535506], [27.2728169, 38.2530389], [27.2729218, 38.2528003], [27.272755, 38.2526576], [27.2721751, 38.2511812], [27.2719479, 38.2510267], [27.2720527, 38.2507762], [27.2719073, 38.2504655], [27.2719127, 38.250356], [27.271961, 38.2501369], [27.2718644, 38.2500864], [27.2717518, 38.2499979], [27.2717088, 38.2498715], [27.2717614, 38.2496685], [27.2717145, 38.2492277], [27.2714425, 38.2492402], [27.2714192, 38.2495429], [27.2706252, 38.2494882], [27.2694719, 38.2498294], [27.2693807, 38.2503265], [27.2686726, 38.2502928], [27.2680825, 38.2502212], [27.2676225, 38.249995], [27.2670331, 38.2502455], [27.2657185, 38.25032], [27.2654888, 38.2494803], [27.265014, 38.2495513]]]]}, "bbox": [27.2580109, 38.2492277, 27.2966796, 38.2748474]}, {"id": "271", "type": "Feature", "properties": {"mahalle_adi": "İnönü Mahallesi", "_gece_lst_str": "21.1°C"}, "geometry": {"type": "MultiPolygon", "coordinates": [[[[27.2873354, 38.2118326], [27.2833228, 38.2136368], [27.2802222, 38.215171], [27.2773576, 38.2164523], [27.274493, 38.2178684], [27.2702122, 38.2197229], [27.2663391, 38.2216447], [27.2607493, 38.2241817], [27.2567797, 38.2258589], [27.2565973, 38.2260359], [27.2566295, 38.2262635], [27.2578514, 38.2275087], [27.258625, 38.2281514], [27.2588181, 38.2283705], [27.2588289, 38.2286402], [27.2587216, 38.2288172], [27.258389, 38.2289184], [27.2579706, 38.2290195], [27.2569728, 38.2290448], [27.2557711, 38.2290869], [27.2549987, 38.2291712], [27.2541618, 38.2294409], [27.2532928, 38.229778], [27.2528207, 38.229837], [27.2524881, 38.2298202], [27.2521233, 38.2297612], [27.251898, 38.2297527], [27.2513723, 38.2295589], [27.2508466, 38.2294493], [27.2504711, 38.2294493], [27.2502243, 38.2295505], [27.2500634, 38.2296769], [27.2499776, 38.2299634], [27.249763, 38.2303258], [27.2495806, 38.2305955], [27.2489369, 38.2311602], [27.2484541, 38.2310506], [27.2480357, 38.2307135], [27.2494512, 38.2333932], [27.2498382, 38.2338929], [27.2515118, 38.2373711], [27.254312, 38.2403711], [27.254945, 38.240725], [27.2556317, 38.2410621], [27.2562969, 38.241357], [27.2589147, 38.2437417], [27.2611141, 38.2459493], [27.2630131, 38.2476177], [27.2643864, 38.249109], [27.2647351, 38.2494207], [27.265014, 38.2495513], [27.2659689, 38.2488984], [27.2677767, 38.2475545], [27.2697401, 38.2460546], [27.2706628, 38.2453763], [27.271269, 38.2448329], [27.2717732, 38.2442599], [27.2725242, 38.2433246], [27.273007, 38.2426547], [27.2735649, 38.2419848], [27.2741604, 38.2413739], [27.2759414, 38.2400045], [27.2772717, 38.239027], [27.2779423, 38.2387068], [27.2785002, 38.2385172], [27.2790903, 38.2384077], [27.2798949, 38.2382518], [27.2809893, 38.2380369], [27.2828668, 38.2377082], [27.2837305, 38.2375397], [27.2846639, 38.2373248], [27.286064, 38.2370003], [27.2878665, 38.2365242], [27.2884136, 38.2363641], [27.2888267, 38.2361913], [27.2893363, 38.2359175], [27.2904253, 38.2351674], [27.2920883, 38.2340255], [27.2863698, 38.2260359], [27.28652, 38.2254544], [27.2882581, 38.2201106], [27.2883117, 38.2193941], [27.2878826, 38.2158538], [27.2876124, 38.2118816], [27.2873354, 38.2118326]]]]}, "bbox": [27.2480357, 38.2118326, 27.2920883, 38.2495513]}, {"id": "286", "type": "Feature", "properties": {"mahalle_adi": "Gödence Mahallesi", "_gece_lst_str": "20.9°C"}, "geometry": {"type": "MultiPolygon", "coordinates": [[[[26.8944761, 38.2513397], [26.8989247, 38.253929], [26.9020741, 38.255344], [26.9020698, 38.2585261], [26.9024284, 38.2616906], [26.9054873, 38.2632127], [26.9046004, 38.2652142], [26.9073887, 38.2657527], [26.9083835, 38.2680597], [26.9077004, 38.2703116], [26.9096936, 38.2721903], [26.9118266, 38.2710478], [26.9154085, 38.2719264], [26.916451, 38.2724455], [26.916086, 38.2742866], [26.9169687, 38.2758425], [26.9160583, 38.2787201], [26.9149482, 38.2793508], [26.9153774, 38.2796455], [26.915667, 38.2798645], [26.9157529, 38.2801593], [26.9159031, 38.2804119], [26.9161069, 38.2805804], [26.9164073, 38.2806983], [26.9168687, 38.2808415], [26.9171369, 38.2810267], [26.9174158, 38.2812626], [26.9174588, 38.2815236], [26.9173837, 38.2817594], [26.9175553, 38.2821721], [26.9175661, 38.2824163], [26.917448, 38.282728], [26.9173086, 38.2829974], [26.9173729, 38.2838733], [26.9172307, 38.2847276], [26.9166179, 38.2851026], [26.9146897, 38.285423], [26.9142812, 38.2856015], [26.9137368, 38.2856726], [26.9132158, 38.2851359], [26.9111737, 38.2857422], [26.909286, 38.2899418], [26.9101684, 38.2917123], [26.9099412, 38.2920339], [26.9101225, 38.2921771], [26.9097125, 38.2935175], [26.9109754, 38.2995966], [26.9109893, 38.3028363], [26.9115686, 38.3045538], [26.9125771, 38.3057494], [26.9134354, 38.3067596], [26.9139612, 38.3073153], [26.914165, 38.3078036], [26.9145106, 38.3080135], [26.9145244, 38.3076983], [26.9146693, 38.3070543], [26.9147068, 38.3067217], [26.9148141, 38.3064313], [26.9149321, 38.3063387], [26.9151252, 38.3062587], [26.9152887, 38.3062406], [26.9154739, 38.3062924], [26.9160748, 38.3067349], [26.9166326, 38.3070964], [26.9171047, 38.3071216], [26.917963, 38.3066081], [26.9185209, 38.3061871], [26.9197011, 38.304377], [26.9216811, 38.3045188], [26.9222328, 38.3043221], [26.9224584, 38.303855], [26.9225442, 38.303072], [26.9228554, 38.3022385], [26.9232416, 38.3017249], [26.923636, 38.3013425], [26.9240623, 38.3012523], [26.9268419, 38.3004192], [26.9289411, 38.2973099], [26.9287246, 38.2959798], [26.9299776, 38.2951653], [26.9304962, 38.293664], [26.9294636, 38.2918614], [26.9304717, 38.2907679], [26.931452, 38.2904252], [26.9312085, 38.2887733], [26.9306104, 38.2880864], [26.9303664, 38.2870351], [26.9308293, 38.2868638], [26.930586, 38.2851689], [26.931185, 38.284826], [26.9307234, 38.2837317], [26.9310779, 38.282981], [26.9322488, 38.282381], [26.9328747, 38.2824672], [26.9383745, 38.2798959], [26.9399531, 38.2797037], [26.9412864, 38.2800476], [26.9437635, 38.2793838], [26.9450163, 38.2780972], [26.9454932, 38.2764451], [26.9463944, 38.2763272], [26.9471669, 38.2758555], [26.9492698, 38.2766472], [26.9509246, 38.2747453], [26.952059, 38.2740307], [26.9540773, 38.2740315], [26.955098, 38.2736207], [26.9560746, 38.2712434], [26.9568684, 38.2709577], [26.957708, 38.2700999], [26.9573, 38.2696528], [26.9573684, 38.2690629], [26.9578905, 38.268205], [26.9584349, 38.2678655], [26.9597509, 38.2662213], [26.9595245, 38.2655955], [26.9598879, 38.2645945], [26.960455, 38.2641299], [26.9607502, 38.2633434], [26.9616574, 38.2628432], [26.9626278, 38.2626826], [26.9632674, 38.262647], [26.9641519, 38.2621825], [26.9638118, 38.2620394], [26.96388, 38.2617712], [26.9622253, 38.260859], [26.9620671, 38.2599651], [26.9613871, 38.2595894], [26.9653114, 38.2556398], [26.9546938, 38.2569928], [26.9530163, 38.2566346], [26.9502279, 38.2562402], [26.9478925, 38.2565431], [26.9441754, 38.2550397], [26.9430869, 38.2553431], [26.9419072, 38.2563436], [26.9397988, 38.2562353], [26.938258, 38.2552691], [26.9381006, 38.253678], [26.9348834, 38.2512986], [26.9324571, 38.251905], [26.9295325, 38.2520642], [26.9276267, 38.253529], [26.9262435, 38.2537784], [26.9208273, 38.2517726], [26.9188614, 38.2460149], [26.9160753, 38.2440822], [26.9160973, 38.2447258], [26.9143727, 38.2462619], [26.9127869, 38.2454206], [26.9118567, 38.2460634], [26.9115395, 38.2458844], [26.9111539, 38.2460808], [26.9108142, 38.2457945], [26.9109734, 38.2453656], [26.9114272, 38.2450262], [26.91068, 38.2443821], [26.9102268, 38.2441851], [26.9102724, 38.2439885], [26.9096613, 38.2432193], [26.9085728, 38.2436296], [26.9076892, 38.2432714], [26.9081169, 38.2456315], [26.9040806, 38.2466115], [26.9042386, 38.247148], [26.9038524, 38.2477376], [26.9044416, 38.2478632], [26.9043496, 38.2489], [26.9022866, 38.2489341], [26.8944761, 38.2513397]]]]}, "bbox": [26.8944761, 38.2432193, 26.9653114, 38.3080135]}, {"id": "287", "type": "Feature", "properties": {"mahalle_adi": "Çamtepe Mahallesi", "_gece_lst_str": "20.4°C"}, "geometry": {"type": "MultiPolygon", "coordinates": [[[[26.9240623, 38.3012523], [26.9268419, 38.3004192], [26.9289411, 38.2973099], [26.9287246, 38.2959798], [26.9299776, 38.2951653], [26.9304962, 38.293664], [26.9294636, 38.2918614], [26.9304717, 38.2907679], [26.931452, 38.2904252], [26.9312085, 38.2887733], [26.9306104, 38.2880864], [26.9303664, 38.2870351], [26.9308293, 38.2868638], [26.930586, 38.2851689], [26.931185, 38.284826], [26.9307234, 38.2837317], [26.9310779, 38.282981], [26.9322488, 38.282381], [26.9328747, 38.2824672], [26.9383745, 38.2798959], [26.9399531, 38.2797037], [26.9412864, 38.2800476], [26.9437635, 38.2793838], [26.9450163, 38.2780972], [26.9454932, 38.2764451], [26.9463944, 38.2763272], [26.9471669, 38.2758555], [26.9492698, 38.2766472], [26.9509246, 38.2747453], [26.9516093, 38.2750387], [26.9526427, 38.2760903], [26.9540226, 38.2766051], [26.9547857, 38.2768503], [26.9554916, 38.2772481], [26.95575, 38.2777084], [26.9561255, 38.2785422], [26.9558465, 38.2789381], [26.9558787, 38.2790981], [26.9563491, 38.2794589], [26.9565171, 38.2798985], [26.9564903, 38.2802688], [26.9567799, 38.2806309], [26.9573486, 38.2808667], [26.9580781, 38.2814057], [26.9581854, 38.2817679], [26.9577563, 38.2820542], [26.9571876, 38.2823153], [26.956855, 38.2821553], [26.956222, 38.2819953], [26.9556721, 38.2818942], [26.9555556, 38.2821622], [26.956501, 38.2831069], [26.9570902, 38.283767], [26.9561469, 38.2841849], [26.9554174, 38.2846144], [26.9550633, 38.2851534], [26.9545923, 38.2849701], [26.9542158, 38.2851955], [26.9538402, 38.2852207], [26.9536257, 38.2854818], [26.9527201, 38.2859803], [26.9523704, 38.2863324], [26.9517052, 38.2869219], [26.9509864, 38.2876292], [26.9505787, 38.2880166], [26.9498306, 38.2893038], [26.9484151, 38.2895821], [26.9444677, 38.2904813], [26.9437867, 38.2910602], [26.944521, 38.2919186], [26.9456093, 38.2925842], [26.9457995, 38.2930991], [26.9464524, 38.2935928], [26.9470773, 38.2951377], [26.9479138, 38.2962733], [26.941431, 38.3014026], [26.9398284, 38.3085613], [26.9393133, 38.3091842], [26.9389057, 38.3089738], [26.9382083, 38.3088812], [26.93735, 38.3088559], [26.9369423, 38.3083171], [26.9367385, 38.3078625], [26.9361111, 38.3073839], [26.9353545, 38.3076436], [26.9348073, 38.3080056], [26.9347536, 38.3083929], [26.9344425, 38.3086286], [26.9341582, 38.3087128], [26.9339061, 38.3086202], [26.9336808, 38.3084602], [26.9335467, 38.3082329], [26.9333988, 38.3078235], [26.9332999, 38.3074163], [26.9331872, 38.3070122], [26.9332677, 38.3067933], [26.9332302, 38.3065197], [26.9331165, 38.3063651], [26.9321055, 38.3061273], [26.9307012, 38.3059505], [26.9298077, 38.3057999], [26.9294107, 38.3056483], [26.9289279, 38.3052189], [26.9285095, 38.3048401], [26.9282484, 38.3044585], [26.9279876, 38.3039615], [26.9277263, 38.3033162], [26.9257092, 38.3040487], [26.9254303, 38.3039645], [26.9253123, 38.3033835], [26.9253015, 38.3029626], [26.9256341, 38.3025416], [26.9257299, 38.3021693], [26.9255376, 38.3018428], [26.9251894, 38.3015626], [26.924764, 38.301368], [26.9240623, 38.3012523]]]]}, "bbox": [26.9240623, 38.2747453, 26.9581854, 38.3091842]}, {"id": "288", "type": "Feature", "properties": {"mahalle_adi": "Oğlananası Atatürk Mahallesi", "_gece_lst_str": "20.4°C"}, "geometry": {"type": "MultiPolygon", "coordinates": [[[[27.2043142, 38.2334297], [27.2065838, 38.2345162], [27.2109363, 38.2347945], [27.2129326, 38.2354166], [27.2144084, 38.236272], [27.2140574, 38.2382813], [27.2140252, 38.2385341], [27.2141206, 38.2395409], [27.2141218, 38.2395537], [27.2146368, 38.2407924], [27.215774, 38.2404048], [27.2168577, 38.2402868], [27.2168469, 38.2400256], [27.2169435, 38.2398823], [27.2171473, 38.2396043], [27.2174263, 38.2394863], [27.2185743, 38.239284], [27.2186223, 38.2392767], [27.2193789, 38.2391913], [27.2197652, 38.2396885], [27.2200227, 38.2399076], [27.2203016, 38.2402363], [27.2203231, 38.2404385], [27.2212994, 38.2401267], [27.221986, 38.2398402], [27.2229302, 38.2394104], [27.2241211, 38.2391661], [27.2244429, 38.2403542], [27.2247004, 38.2415255], [27.2247863, 38.2421407], [27.2247755, 38.2425114], [27.2248185, 38.2427558], [27.2250008, 38.2430002], [27.2259664, 38.2433456], [27.2275329, 38.2439439], [27.2277796, 38.2441546], [27.2279513, 38.2444158], [27.2280049, 38.2448202], [27.2280693, 38.2456123], [27.2279942, 38.2464127], [27.2279727, 38.2470952], [27.2280371, 38.247348], [27.2283161, 38.2478367], [27.2293246, 38.2495556], [27.230773, 38.2518473], [27.2319424, 38.2538272], [27.2323608, 38.2544001], [27.2328577, 38.2549344], [27.2330582, 38.2551499], [27.2337878, 38.2557987], [27.2358584, 38.2574415], [27.2391093, 38.2598341], [27.2410083, 38.2612241], [27.2433118, 38.2626775], [27.2423172, 38.2632037], [27.2418022, 38.263726], [27.239333, 38.2649416], [27.2288867, 38.2720376], [27.2285092, 38.2722084], [27.2276509, 38.272638], [27.2261274, 38.2734803], [27.2250027, 38.2739572], [27.2235203, 38.2745331], [27.2201985, 38.2755181], [27.2170991, 38.2764493], [27.2159618, 38.2768199], [27.2150424, 38.2772323], [27.2144008, 38.2775568], [27.2137943, 38.277879], [27.2127056, 38.2784412], [27.2109997, 38.2793002], [27.2102594, 38.2797129], [27.2093904, 38.280134], [27.208811, 38.2804456], [27.2083712, 38.2806393], [27.2078669, 38.2807825], [27.2074163, 38.2808836], [27.2068584, 38.2809678], [27.2061717, 38.2809846], [27.2048843, 38.2810099], [27.2036505, 38.2810267], [27.2027278, 38.2810099], [27.2018158, 38.2809173], [27.2005391, 38.2806478], [27.197181, 38.2797971], [27.1960866, 38.2794939], [27.1945846, 38.2790812], [27.1934152, 38.2789381], [27.1922028, 38.278778], [27.1913445, 38.2782138], [27.1908939, 38.2772368], [27.1913767, 38.2770936], [27.1910763, 38.2764619], [27.1913767, 38.2762513], [27.1915805, 38.2762177], [27.1913659, 38.2757713], [27.1913981, 38.2754007], [27.1911621, 38.2748532], [27.1910226, 38.2746932], [27.1910334, 38.2743057], [27.1911008, 38.2739355], [27.1911144, 38.2737955], [27.1910932, 38.2736248], [27.1910319, 38.273477], [27.1909166, 38.2733525], [27.1907831, 38.273242], [27.1906656, 38.2730811], [27.1897218, 38.2713616], [27.189585, 38.2711134], [27.188555, 38.2701532], [27.1884584, 38.2697068], [27.1882546, 38.2693951], [27.1876216, 38.2680474], [27.187686, 38.2678452], [27.1906726, 38.2638682], [27.1916743, 38.2619573], [27.191087, 38.2617885], [27.1905291, 38.2615358], [27.1900892, 38.2611819], [27.1898317, 38.2609629], [27.1892631, 38.2607186], [27.1885764, 38.2605417], [27.1879649, 38.2604743], [27.1873319, 38.2606091], [27.1869671, 38.2607355], [27.1853578, 38.2613589], [27.1848857, 38.2615526], [27.1846068, 38.2615526], [27.1841884, 38.2613252], [27.1837699, 38.2610219], [27.1831906, 38.2604827], [27.1830082, 38.2601373], [27.1829975, 38.2598678], [27.18333, 38.2586883], [27.1816563, 38.2560345], [27.1810768, 38.2554465], [27.1815149, 38.2553385], [27.1815169, 38.2542737], [27.182064, 38.2541558], [27.1828252, 38.2534892], [27.1832485, 38.2535362], [27.1841223, 38.2524384], [27.1853471, 38.2512322], [27.1860444, 38.2511985], [27.1861517, 38.2503728], [27.1864428, 38.2496936], [27.1884529, 38.2496904], [27.1891628, 38.2495104], [27.189949, 38.2496522], [27.1901429, 38.2486508], [27.1898317, 38.2486287], [27.1891987, 38.2481822], [27.1888125, 38.2473986], [27.1886301, 38.2470784], [27.1888447, 38.246952], [27.1888125, 38.2468256], [27.1884048, 38.2462611], [27.1884692, 38.2461431], [27.1878147, 38.2448961], [27.1874177, 38.2445337], [27.1872139, 38.2445337], [27.1862912, 38.2446854], [27.1858621, 38.2434973], [27.186365, 38.2429004], [27.1832521, 38.2429291], [27.183312, 38.2427026], [27.1829318, 38.2417736], [27.1831874, 38.2412369], [27.1844257, 38.2409251], [27.1849387, 38.2406025], [27.1859052, 38.2403626], [27.1860262, 38.2404101], [27.1865394, 38.2401709], [27.1864626, 38.2396943], [27.1871418, 38.2393595], [27.1876195, 38.2370824], [27.187767, 38.2356758], [27.1879925, 38.2352226], [27.1879637, 38.2347765], [27.1897224, 38.235081], [27.1916068, 38.2362757], [27.1952094, 38.2358407], [27.1997655, 38.2359582], [27.2011039, 38.2363671], [27.2043142, 38.2334297]]]]}, "bbox": [27.1810768, 38.2334297, 27.2433118, 38.2810267]}, {"id": "289", "type": "Feature", "properties": {"mahalle_adi": "Bulgurca Mahallesi", "_gece_lst_str": "20.7°C"}, "geometry": {"type": "MultiPolygon", "coordinates": [[[[27.2206235, 38.2176999], [27.2228126, 38.2189489], [27.2234666, 38.2190907], [27.2269106, 38.219411], [27.225827, 38.2210294], [27.2253334, 38.2219397], [27.2249794, 38.2233978], [27.2255909, 38.2236001], [27.2262883, 38.2235664], [27.2266853, 38.2238024], [27.2282195, 38.225033], [27.2282195, 38.2251931], [27.2281873, 38.2255808], [27.2282517, 38.2257999], [27.2284019, 38.2259095], [27.2310305, 38.2263394], [27.2329402, 38.2273002], [27.2343671, 38.2278564], [27.2364378, 38.2285138], [27.2368455, 38.228556], [27.2374034, 38.228556], [27.2379827, 38.2285897], [27.2383797, 38.2288847], [27.2415505, 38.2290736], [27.2418022, 38.2284295], [27.2420382, 38.2278901], [27.2423708, 38.2264489], [27.2420758, 38.2262677], [27.2416949, 38.2259517], [27.2415823, 38.2257536], [27.2415715, 38.2256272], [27.2415608, 38.2253785], [27.2415984, 38.225113], [27.2416679, 38.2248951], [27.2418719, 38.2246495], [27.2421967, 38.2243727], [27.2432399, 38.2234737], [27.2437656, 38.2229174], [27.2440016, 38.2225803], [27.2440982, 38.2224032], [27.2440123, 38.2221251], [27.2438836, 38.2218469], [27.2435531, 38.2210594], [27.2437227, 38.2209724], [27.243956, 38.2209029], [27.2444469, 38.2207744], [27.2448959, 38.2206902], [27.2453534, 38.2206669], [27.2463727, 38.2204478], [27.2469199, 38.2203213], [27.2473436, 38.2205278], [27.247569, 38.2169581], [27.246201, 38.2144209], [27.2463404, 38.2131564], [27.2457397, 38.2126927], [27.2452891, 38.2115884], [27.2444791, 38.2114156], [27.243728, 38.2114029], [27.243461, 38.2114348], [27.2434483, 38.211324], [27.242859, 38.2113861], [27.2420543, 38.2115167], [27.2417217, 38.2115041], [27.2410673, 38.2108845], [27.2399032, 38.2112765], [27.2392648, 38.2108339], [27.2391361, 38.2107328], [27.2388303, 38.2096916], [27.238546, 38.210425], [27.2374248, 38.2105683], [27.2373497, 38.2099572], [27.2353327, 38.2102143], [27.235086, 38.2098686], [27.2347641, 38.2093544], [27.2347426, 38.2091015], [27.2347587, 38.208975], [27.2344905, 38.208975], [27.2345066, 38.2087896], [27.2343779, 38.2084439], [27.2342089, 38.2082455], [27.2340238, 38.2082795], [27.2337019, 38.2080561], [27.2335464, 38.2079971], [27.2330314, 38.207799], [27.2327042, 38.2076599], [27.2325379, 38.2076346], [27.2324279, 38.2076536], [27.232334, 38.2076894], [27.231988, 38.2075629], [27.2317761, 38.2080182], [27.2318888, 38.2082458], [27.2318351, 38.2085029], [27.231701, 38.2087938], [27.2312772, 38.209013], [27.2309232, 38.209582], [27.2306442, 38.2088275], [27.2297107, 38.2088444], [27.2293514, 38.2088739], [27.2285682, 38.2090088], [27.227667, 38.2091731], [27.2274148, 38.209034], [27.2270098, 38.2085493], [27.2268623, 38.2084039], [27.2268596, 38.2083449], [27.2267926, 38.2083638], [27.2264439, 38.208132], [27.2258516, 38.2078383], [27.225712, 38.2077817], [27.2258162, 38.2064838], [27.2252526, 38.206325], [27.22521, 38.2060624], [27.2247058, 38.2056534], [27.2244644, 38.2049958], [27.2245288, 38.2044057], [27.2246575, 38.2039335], [27.2241104, 38.2042033], [27.2238475, 38.2044436], [27.2236329, 38.2046544], [27.2229487, 38.2046292], [27.2225117, 38.2061593], [27.2219431, 38.2085584], [27.2211062, 38.2125832], [27.2200762, 38.212794], [27.2198724, 38.2157358], [27.2206019, 38.2157949], [27.2205806, 38.2174976], [27.2206235, 38.2176999]]]]}, "bbox": [27.2198724, 38.2039335, 27.247569, 38.2290736]}, {"id": "290", "type": "Feature", "properties": {"mahalle_adi": "Oğlananası Cumhuriyet Mahallesi", "_gece_lst_str": "20.5°C"}, "geometry": {"type": "MultiPolygon", "coordinates": [[[[27.2043142, 38.2334297], [27.2065838, 38.2345162], [27.2109363, 38.2347945], [27.2129326, 38.2354166], [27.2144084, 38.236272], [27.2140574, 38.2382813], [27.2140252, 38.2385341], [27.2141206, 38.2395409], [27.2141218, 38.2395537], [27.2146368, 38.2407924], [27.215774, 38.2404048], [27.2168577, 38.2402868], [27.2168469, 38.2400256], [27.2169435, 38.2398823], [27.2171473, 38.2396043], [27.2174263, 38.2394863], [27.2185743, 38.239284], [27.2186223, 38.2392767], [27.2193789, 38.2391913], [27.2197652, 38.2396885], [27.2200227, 38.2399076], [27.2203016, 38.2402363], [27.2203231, 38.2404385], [27.2212994, 38.2401267], [27.221986, 38.2398402], [27.2229302, 38.2394104], [27.2241211, 38.2391661], [27.2244429, 38.2403542], [27.2247004, 38.2415255], [27.2247863, 38.2421407], [27.2247755, 38.2425114], [27.2248185, 38.2427558], [27.2250008, 38.2430002], [27.2259664, 38.2433456], [27.2275329, 38.2439439], [27.2277796, 38.2441546], [27.2279513, 38.2444158], [27.2280049, 38.2448202], [27.2280693, 38.2456123], [27.2279942, 38.2464127], [27.2279727, 38.2470952], [27.2280371, 38.247348], [27.2283161, 38.2478367], [27.2293246, 38.2495556], [27.230773, 38.2518473], [27.2319424, 38.2538272], [27.2323608, 38.2544001], [27.2328577, 38.2549344], [27.2330582, 38.2551499], [27.2337878, 38.2557987], [27.2358584, 38.2574415], [27.2391093, 38.2598341], [27.2410083, 38.2612241], [27.2433118, 38.2626775], [27.2437233, 38.2624598], [27.2441411, 38.2622097], [27.2454929, 38.261738], [27.2455251, 38.2615442], [27.2519772, 38.25721], [27.2520754, 38.257144], [27.2521394, 38.2569444], [27.2521233, 38.2567675], [27.2524033, 38.2566066], [27.2523594, 38.2564726], [27.2515762, 38.2556807], [27.2512221, 38.2554954], [27.251029, 38.2551162], [27.2510183, 38.2548888], [27.2511148, 38.2545686], [27.2510826, 38.2541558], [27.2508037, 38.2539115], [27.2504926, 38.253229], [27.2501975, 38.2531911], [27.2500098, 38.2530774], [27.2498596, 38.2527656], [27.2497833, 38.2521845], [27.2494197, 38.2515861], [27.2493124, 38.2512238], [27.2493714, 38.2510469], [27.2494733, 38.2509205], [27.2494948, 38.250773], [27.2494411, 38.2506088], [27.2490549, 38.2501622], [27.2487008, 38.2497578], [27.2485077, 38.2494123], [27.2485614, 38.2492522], [27.2483897, 38.2489152], [27.2477245, 38.2479715], [27.2471022, 38.2476008], [27.2459864, 38.2472301], [27.2452027, 38.2469734], [27.2437763, 38.246101], [27.2428322, 38.2453427], [27.2416305, 38.2445169], [27.2406435, 38.2434046], [27.2380227, 38.2414247], [27.2387709, 38.2395341], [27.2374892, 38.2391577], [27.2362296, 38.2388147], [27.237231, 38.237678], [27.2424975, 38.231443], [27.2446504, 38.2289993], [27.2427294, 38.2290916], [27.2415505, 38.2290736], [27.2383797, 38.2288847], [27.2379827, 38.2285897], [27.2374034, 38.228556], [27.2368455, 38.228556], [27.2364378, 38.2285138], [27.2343671, 38.2278564], [27.2329402, 38.2273002], [27.2310305, 38.2263394], [27.2284019, 38.2259095], [27.2282517, 38.2257999], [27.2281873, 38.2255808], [27.2282195, 38.2251931], [27.2282195, 38.225033], [27.2266853, 38.2238024], [27.2262883, 38.2235664], [27.2255909, 38.2236001], [27.2249794, 38.2233978], [27.2253334, 38.2219397], [27.225827, 38.2210294], [27.2269106, 38.219411], [27.2234666, 38.2190907], [27.2228126, 38.2189489], [27.2206235, 38.2176999], [27.2155916, 38.2172785], [27.2102809, 38.2183742], [27.2099161, 38.2180033], [27.2094655, 38.2175566], [27.2088432, 38.2169581], [27.208227, 38.2295411], [27.2043142, 38.2334297]]]]}, "bbox": [27.2043142, 38.2169581, 27.2524033, 38.2626775]}, {"id": "291", "type": "Feature", "properties": {"mahalle_adi": "Altıntepe Mahallesi", "_gece_lst_str": "20.5°C"}, "geometry": {"type": "MultiPolygon", "coordinates": [[[[27.1407082, 38.2495459], [27.1411443, 38.2496525], [27.141552, 38.2499895], [27.1422815, 38.250554], [27.1427965, 38.2508826], [27.1434402, 38.2510553], [27.1442503, 38.2515271], [27.14513, 38.2517167], [27.1460098, 38.2520453], [27.1465999, 38.2521085], [27.1482307, 38.2521674], [27.1490514, 38.2520663], [27.1497059, 38.2520242], [27.1501243, 38.2520663], [27.150768, 38.2520916], [27.1511006, 38.2521127], [27.1515834, 38.252079], [27.1521306, 38.2520579], [27.1526241, 38.2520621], [27.1530747, 38.2521337], [27.1533322, 38.252138], [27.1536756, 38.2520537], [27.1542066, 38.2519063], [27.1543997, 38.2518641], [27.1548021, 38.2518304], [27.15514, 38.2518515], [27.1554244, 38.25194], [27.1557569, 38.2520032], [27.1559662, 38.2519568], [27.1563309, 38.2517883], [27.1566367, 38.251742], [27.1569103, 38.2517335], [27.1577311, 38.2518178], [27.1579993, 38.2518641], [27.1585733, 38.2518978], [27.1589112, 38.2518726], [27.1592063, 38.2518178], [27.1598017, 38.2517588], [27.1605796, 38.2516366], [27.1617275, 38.2514218], [27.1624732, 38.2511859], [27.16353, 38.250891], [27.1634656, 38.2506214], [27.1634602, 38.2503054], [27.1634978, 38.2486835], [27.1635783, 38.2466866], [27.163589, 38.2460968], [27.1635836, 38.2455491], [27.1635407, 38.2450435], [27.1635514, 38.2448455], [27.1636265, 38.2445674], [27.1635944, 38.2436237], [27.163585, 38.2433426], [27.1663133, 38.2436218], [27.1664939, 38.2432997], [27.1663853, 38.2420366], [27.1688586, 38.2398997], [27.1687953, 38.2386365], [27.1697033, 38.2392311], [27.1702929, 38.2393613], [27.1706381, 38.2383359], [27.1712558, 38.2375484], [27.1721473, 38.2375232], [27.172298, 38.23738], [27.1735813, 38.2368895], [27.1749265, 38.2370424], [27.1750468, 38.2368039], [27.1751365, 38.2364223], [27.1760697, 38.2349074], [27.1773693, 38.2349292], [27.1781252, 38.2351069], [27.1790778, 38.2353795], [27.1797729, 38.2353785], [27.1805891, 38.2354726], [27.1811942, 38.2357457], [27.1819202, 38.2360307], [27.1827942, 38.2350997], [27.1879295, 38.2342454], [27.1879637, 38.2347765], [27.1897224, 38.235081], [27.1916068, 38.2362757], [27.1952094, 38.2358407], [27.1997655, 38.2359582], [27.2011039, 38.2363671], [27.2043142, 38.2334297], [27.208227, 38.2295411], [27.2088432, 38.2169581], [27.1992516, 38.2204137], [27.1923328, 38.2205086], [27.1855396, 38.222498], [27.1857333, 38.2235243], [27.1863234, 38.2238614], [27.1838665, 38.2246031], [27.1832549, 38.2248391], [27.1830618, 38.2246705], [27.1827936, 38.2246115], [27.1823859, 38.2246031], [27.1820104, 38.2243503], [27.1816671, 38.2241395], [27.1812379, 38.223971], [27.1809375, 38.2237855], [27.1806157, 38.2236591], [27.1804547, 38.2235327], [27.180208, 38.2233473], [27.1800041, 38.2231028], [27.1792102, 38.2233388], [27.1784162, 38.223204], [27.1777511, 38.2229005], [27.1774399, 38.2227404], [27.1771073, 38.2224285], [27.1769464, 38.2223358], [27.1767747, 38.2221588], [27.176528, 38.2218975], [27.1763778, 38.2217289], [27.1761203, 38.2212738], [27.1760988, 38.2210631], [27.1759486, 38.2208102], [27.1758842, 38.2206079], [27.1759593, 38.2203466], [27.1759486, 38.2200685], [27.1758091, 38.219824], [27.175734, 38.2195459], [27.1754765, 38.2192255], [27.1754229, 38.2189642], [27.1754122, 38.2183236], [27.1752083, 38.2183321], [27.1738243, 38.2183321], [27.1721828, 38.2183068], [27.1703311, 38.2181113], [27.1702409, 38.2170761], [27.1702838, 38.2156094], [27.1701658, 38.2153228], [27.170198, 38.214522], [27.1657133, 38.2143112], [27.1644281, 38.215932], [27.1643637, 38.2163197], [27.1614669, 38.2191857], [27.1599005, 38.2193037], [27.1594285, 38.2196409], [27.157862, 38.2198937], [27.1574543, 38.2196071], [27.1568321, 38.220332], [27.1556519, 38.2202815], [27.1536134, 38.2209221], [27.1529912, 38.2214278], [27.1529912, 38.2216975], [27.1534847, 38.2221695], [27.1529912, 38.222945], [27.1524547, 38.2230461], [27.151811, 38.2229787], [27.1509741, 38.2223887], [27.150266, 38.2224561], [27.1497081, 38.222709], [27.1496438, 38.223299], [27.149279, 38.223889], [27.1482919, 38.2241924], [27.1481846, 38.2244453], [27.1478199, 38.2246644], [27.1474551, 38.2247993], [27.1468757, 38.2245801], [27.1458243, 38.223889], [27.1453951, 38.2237373], [27.144172, 38.2241587], [27.1439146, 38.2243441], [27.1433137, 38.2243273], [27.14267, 38.2248161], [27.1419834, 38.2252712], [27.1420907, 38.2259118], [27.1417259, 38.2261141], [27.1410392, 38.2259455], [27.140138, 38.2264681], [27.1393441, 38.2262152], [27.1390008, 38.2259961], [27.1384858, 38.2259287], [27.1380352, 38.2260467], [27.1369623, 38.2268895], [27.1364665, 38.2275362], [27.1364236, 38.2290701], [27.1363485, 38.2307219], [27.1362305, 38.2325423], [27.1362197, 38.2327277], [27.1373677, 38.2328794], [27.1391272, 38.2330901], [27.1402216, 38.2332502], [27.1399748, 38.2354582], [27.1393525, 38.2358121], [27.1388054, 38.2364273], [27.1377754, 38.237961], [27.1387088, 38.2379105], [27.1391058, 38.2378936], [27.1394384, 38.2379442], [27.1398997, 38.2382307], [27.1405435, 38.2385846], [27.1403289, 38.2398065], [27.1403289, 38.2400425], [27.1404254, 38.2414665], [27.1405435, 38.2427052], [27.1398997, 38.2427726], [27.1394706, 38.2428064], [27.1388186, 38.2427325], [27.1388805, 38.2456123], [27.1397495, 38.2455617], [27.1388912, 38.2461937], [27.1411979, 38.2465981], [27.1408653, 38.2473733], [27.1408009, 38.2483591], [27.140876, 38.2492944], [27.1407082, 38.2495459]]]]}, "bbox": [27.1362197, 38.2143112, 27.2088432, 38.2521674]}, {"id": "297", "type": "Feature", "properties": {"mahalle_adi": "Efemçukuru Mahallesi", "_gece_lst_str": "20.3°C"}, "geometry": {"type": "MultiPolygon", "coordinates": [[[[26.9509246, 38.2747453], [26.9516093, 38.2750387], [26.9526427, 38.2760903], [26.9540226, 38.2766051], [26.9547857, 38.2768503], [26.9554916, 38.2772481], [26.95575, 38.2777084], [26.9561255, 38.2785422], [26.9558465, 38.2789381], [26.9558787, 38.2790981], [26.9563491, 38.2794589], [26.9565171, 38.2798985], [26.9564903, 38.2802688], [26.9567799, 38.2806309], [26.9573486, 38.2808667], [26.9580781, 38.2814057], [26.9581854, 38.2817679], [26.9577563, 38.2820542], [26.9571876, 38.2823153], [26.956855, 38.2821553], [26.956222, 38.2819953], [26.9556721, 38.2818942], [26.9555556, 38.2821622], [26.956501, 38.2831069], [26.9570902, 38.283767], [26.9561469, 38.2841849], [26.9554174, 38.2846144], [26.9550633, 38.2851534], [26.9545923, 38.2849701], [26.9542158, 38.2851955], [26.9538402, 38.2852207], [26.9536257, 38.2854818], [26.9527201, 38.2859803], [26.9523704, 38.2863324], [26.9517052, 38.2869219], [26.9509864, 38.2876292], [26.9505787, 38.2880166], [26.9498306, 38.2893038], [26.9484151, 38.2895821], [26.9444677, 38.2904813], [26.9437867, 38.2910602], [26.944521, 38.2919186], [26.9456093, 38.2925842], [26.9457995, 38.2930991], [26.9464524, 38.2935928], [26.9470773, 38.2951377], [26.9479138, 38.2962733], [26.9480038, 38.2968751], [26.9479823, 38.297355], [26.9481003, 38.2976834], [26.9483256, 38.2980792], [26.948508, 38.2988875], [26.9485617, 38.2999484], [26.9488513, 38.3011019], [26.9492144, 38.3018138], [26.9493878, 38.3024574], [26.9495487, 38.302971], [26.9494092, 38.3034425], [26.9492376, 38.3043433], [26.9492912, 38.305783], [26.9490766, 38.3061871], [26.9487548, 38.3065828], [26.947639, 38.3068101], [26.9487462, 38.3071489], [26.9496024, 38.3072816], [26.9504177, 38.3073069], [26.9509327, 38.3071974], [26.9514048, 38.3070711], [26.9518983, 38.3068438], [26.9521773, 38.3064734], [26.9524348, 38.3060019], [26.9531114, 38.3050105], [26.9541949, 38.3039642], [26.9577737, 38.3018422], [26.9593012, 38.3014134], [26.9607496, 38.3013376], [26.9622714, 38.3016514], [26.9636855, 38.3029722], [26.9673049, 38.3042002], [26.9683027, 38.3044949], [26.9687855, 38.3043012], [26.9698584, 38.3039055], [26.9703519, 38.3030973], [26.970706, 38.302811], [26.9711566, 38.3026342], [26.9715321, 38.3027016], [26.971811, 38.3023816], [26.9723435, 38.3018474], [26.9724977, 38.3015818], [26.9725621, 38.3013545], [26.9724333, 38.3012282], [26.9718861, 38.3013376], [26.9713068, 38.3012282], [26.9710171, 38.3008661], [26.9709635, 38.3002094], [26.9710708, 38.2999736], [26.9715643, 38.2997042], [26.9720221, 38.2992489], [26.9729234, 38.299245], [26.9742894, 38.2989885], [26.9757003, 38.2988279], [26.9760167, 38.2986938], [26.9763708, 38.2986601], [26.9767327, 38.2985006], [26.977272, 38.2985086], [26.977722, 38.2985968], [26.9779587, 38.2988454], [26.9794392, 38.2995863], [26.9802546, 38.3003104], [26.9812863, 38.3010393], [26.9825661, 38.3017634], [26.9840623, 38.3020372], [26.9847554, 38.302028], [26.9849861, 38.3019564], [26.9851953, 38.301948], [26.9853884, 38.3020364], [26.9855064, 38.3021585], [26.9851684, 38.3027689], [26.9849069, 38.3035111], [26.9845395, 38.3047585], [26.9847822, 38.3057409], [26.9865716, 38.3069489], [26.9873464, 38.3072732], [26.989063, 38.3072058], [26.9903612, 38.3072479], [26.9912302, 38.30729], [26.9922924, 38.3075594], [26.993022, 38.3077783], [26.9933224, 38.3076773], [26.9941592, 38.3075763], [26.9948244, 38.3076352], [26.9951463, 38.3076015], [26.9955325, 38.3074163], [26.9961762, 38.3072142], [26.9969448, 38.3071262], [26.9982132, 38.3071207], [26.9999164, 38.3078124], [26.9996327, 38.3062873], [26.9993832, 38.3034449], [26.9996328, 38.2975634], [27.0023322, 38.296741], [27.0021961, 38.2955075], [27.0017197, 38.2939701], [27.0018784, 38.2932729], [27.0011526, 38.2917355], [27.0018784, 38.2908238], [27.001901, 38.2893042], [27.0024, 38.2880707], [27.0027402, 38.2863366], [27.0039195, 38.2853891], [27.0042143, 38.2841198], [27.0008576, 38.2823858], [27.0014019, 38.2813668], [27.0000864, 38.2794898], [26.9991793, 38.277273], [26.9948027, 38.2726606], [27.0007667, 38.2661356], [27.0059139, 38.2666182], [27.008272, 38.2654381], [27.0133281, 38.2635606], [27.0145752, 38.2636498], [27.0152554, 38.2633279], [27.0168879, 38.2630774], [27.0179535, 38.2627734], [27.0191098, 38.2625944], [27.0196539, 38.2622725], [27.0220798, 38.2615928], [27.0303321, 38.2555307], [27.020242, 38.2512423], [27.0191762, 38.2500805], [27.0173171, 38.2491512], [27.021919, 38.2489716], [27.0216913, 38.2458611], [27.0220312, 38.2451817], [27.0197417, 38.2452], [27.0191521, 38.2444135], [27.0187211, 38.2433052], [27.0152299, 38.2414464], [27.0122834, 38.2432524], [27.0113994, 38.2435385], [27.0077494, 38.2393019], [27.0057548, 38.2399099], [27.0040775, 38.2398742], [27.0019468, 38.2393737], [27.0010401, 38.2402675], [26.9990454, 38.2402139], [26.9946027, 38.2407322], [26.9834515, 38.2363155], [26.9796234, 38.2332968], [26.9790795, 38.2331001], [26.9788074, 38.2336006], [26.978286, 38.2339759], [26.9781952, 38.2345122], [26.978263, 38.2352809], [26.9781495, 38.2356563], [26.9756558, 38.2373005], [26.9742728, 38.2383907], [26.9732073, 38.2388732], [26.9726858, 38.2393021], [26.9711669, 38.2398559], [26.9726163, 38.2431636], [26.9715956, 38.2448259], [26.9709607, 38.2452905], [26.9704844, 38.2459161], [26.9704699, 38.2474828], [26.9704384, 38.2476859], [26.969676, 38.2481401], [26.9689894, 38.2488647], [26.9685602, 38.2495387], [26.9686031, 38.250415], [26.96841, 38.2512575], [26.967659, 38.2520832], [26.966718, 38.2534235], [26.9660827, 38.2544602], [26.9653114, 38.2556398], [26.9613871, 38.2595894], [26.9620671, 38.2599651], [26.9622253, 38.260859], [26.96388, 38.2617712], [26.9638118, 38.2620394], [26.9641519, 38.2621825], [26.9632674, 38.262647], [26.9626278, 38.2626826], [26.9616574, 38.2628432], [26.9607502, 38.2633434], [26.960455, 38.2641299], [26.9598879, 38.2645945], [26.9595245, 38.2655955], [26.9597509, 38.2662213], [26.9584349, 38.2678655], [26.9578905, 38.268205], [26.9573684, 38.2690629], [26.9573, 38.2696528], [26.957708, 38.2700999], [26.9568684, 38.2709577], [26.9560746, 38.2712434], [26.955098, 38.2736207], [26.9540773, 38.2740315], [26.952059, 38.2740307], [26.9509246, 38.2747453]]]]}, "bbox": [26.9437867, 38.2331001, 27.0303321, 38.3078124]}, {"id": "301", "type": "Feature", "properties": {"mahalle_adi": "Vişneli Mahallesi", "_gece_lst_str": "18.6°C"}, "geometry": {"type": "MultiPolygon", "coordinates": [[[[27.3439024, 38.3802401], [27.3452496, 38.3791769], [27.3466873, 38.3767547], [27.3408067, 38.3739121], [27.3403699, 38.3724338], [27.3424386, 38.3721958], [27.3456573, 38.3722295], [27.3491764, 38.3726416], [27.3501313, 38.3727174], [27.3519614, 38.3729656], [27.3554206, 38.3709678], [27.3563647, 38.3707996], [27.3594408, 38.3708794], [27.3629951, 38.3697566], [27.3646688, 38.3682088], [27.3669004, 38.3658871], [27.3683488, 38.363641], [27.3696685, 38.3620679], [27.3674583, 38.3613781], [27.3659992, 38.3599647], [27.3641538, 38.3591571], [27.3626518, 38.3581476], [27.3606777, 38.3559938], [27.3581779, 38.3541933], [27.3572838, 38.3533583], [27.3566407, 38.3522524], [27.3559285, 38.3502838], [27.3523307, 38.3487244], [27.3508501, 38.3474118], [27.3500991, 38.3463011], [27.3491335, 38.3449884], [27.3487801, 38.3439335], [27.3485326, 38.342868], [27.348082, 38.3415132], [27.3474662, 38.3402836], [27.3521812, 38.3385341], [27.3552052, 38.3380423], [27.3560737, 38.3377298], [27.3565483, 38.3373172], [27.3569562, 38.3371849], [27.3574212, 38.3371227], [27.3590143, 38.3373752], [27.3613005, 38.3364362], [27.3623224, 38.3362424], [27.3631736, 38.3358107], [27.3638154, 38.3358516], [27.3644917, 38.3361451], [27.3663403, 38.3360631], [27.3683886, 38.3353773], [27.3700797, 38.3352671], [27.3718602, 38.3348992], [27.373178, 38.3351739], [27.375817, 38.3346077], [27.3764949, 38.3346246], [27.3771529, 38.3342864], [27.3787107, 38.3318335], [27.3798643, 38.3308048], [27.381808, 38.3298498], [27.3852402, 38.3259963], [27.3864984, 38.3258897], [27.3887455, 38.3249346], [27.390146, 38.3250576], [27.3913214, 38.3253064], [27.3923858, 38.3257414], [27.3925309, 38.3257543], [27.3929034, 38.3257873], [27.3933021, 38.3256573], [27.3932164, 38.3232382], [27.393322, 38.322611], [27.3933088, 38.3224061], [27.3931144, 38.3222732], [27.3925181, 38.32223], [27.3925472, 38.3220153], [27.3925283, 38.3218652], [27.3926156, 38.3217887], [27.3925225, 38.3213528], [27.392464, 38.3211694], [27.3926272, 38.3211284], [27.3927448, 38.3210684], [27.3927232, 38.3209874], [27.3932833, 38.3204993], [27.3931847, 38.3201635], [27.3933801, 38.3199269], [27.3933738, 38.319884], [27.3945057, 38.3196605], [27.3945755, 38.3195006], [27.3943984, 38.3192986], [27.3943233, 38.3191807], [27.3944467, 38.3189072], [27.3945755, 38.3188061], [27.3948491, 38.3187641], [27.395305, 38.3186125], [27.3956108, 38.3184989], [27.39582, 38.3182548], [27.395938, 38.3180233], [27.3959917, 38.3177624], [27.3961902, 38.3175351], [27.3963618, 38.3175519], [27.3964208, 38.3176866], [27.3966393, 38.3178327], [27.396673, 38.3179349], [27.3967642, 38.3180128], [27.3968764, 38.3180321], [27.3970869, 38.3178121], [27.3973392, 38.3174752], [27.3975044, 38.3170258], [27.3976546, 38.3170384], [27.3977632, 38.3170018], [27.3977856, 38.3166609], [27.3981129, 38.3162188], [27.3981364, 38.3160805], [27.3988563, 38.3160566], [27.3991226, 38.3160676], [27.3993131, 38.3160503], [27.3995, 38.3159399], [27.3995429, 38.3157968], [27.3994946, 38.3157126], [27.3994464, 38.3154054], [27.3994839, 38.3152917], [27.3997092, 38.3150897], [27.3997607, 38.3149913], [27.3997951, 38.3149255], [27.3999663, 38.3146698], [27.4005461, 38.3147277], [27.4005407, 38.3149129], [27.4009484, 38.3152286], [27.4011362, 38.315679], [27.4015627, 38.3163763], [27.4016569, 38.3164451], [27.4017538, 38.3164567], [27.4019447, 38.3165061], [27.4019721, 38.3165489], [27.4019864, 38.3166112], [27.4019435, 38.3167143], [27.4018857, 38.3167804], [27.401914, 38.3168764], [27.4019837, 38.3169795], [27.4021232, 38.3171521], [27.4022367, 38.3172611], [27.4023753, 38.3171815], [27.4024987, 38.3172278], [27.4026543, 38.3173288], [27.4028367, 38.3173878], [27.4031907, 38.3174383], [27.4033962, 38.3174125], [27.4033248, 38.3171142], [27.4033999, 38.3166344], [27.4033248, 38.3163818], [27.4033329, 38.3161377], [27.4033328, 38.3158673], [27.4032647, 38.3155815], [27.4031911, 38.3154053], [27.4032291, 38.3151645], [27.4034495, 38.3151044], [27.4034949, 38.315092], [27.4036522, 38.3150844], [27.4042427, 38.3151824], [27.4048546, 38.3153305], [27.4051058, 38.3153368], [27.405084, 38.3157826], [27.4049102, 38.3166174], [27.40567, 38.3166982], [27.4063927, 38.3166218], [27.4065345, 38.3165546], [27.4068429, 38.3165474], [27.4072815, 38.3163697], [27.4074017, 38.3162262], [27.4078471, 38.3160757], [27.4074585, 38.3155706], [27.4077451, 38.3153591], [27.4080498, 38.3151875], [27.4090165, 38.3148835], [27.409789, 38.3147151], [27.4104488, 38.3146351], [27.411055, 38.3146183], [27.4121182, 38.3147388], [27.4120911, 38.3145041], [27.4120478, 38.3139277], [27.412275, 38.3139806], [27.4120908, 38.3135045], [27.4122396, 38.313069], [27.4123202, 38.3126158], [27.4122206, 38.3123957], [27.4128232, 38.3119586], [27.4130392, 38.3113738], [27.4136326, 38.3106626], [27.4137044, 38.309989], [27.4136186, 38.3095245], [27.4142762, 38.3094686], [27.4152243, 38.3112767], [27.4153145, 38.3115179], [27.4151352, 38.3119118], [27.4150974, 38.3132348], [27.415372, 38.313645], [27.415427, 38.3144205], [27.4154237, 38.3147532], [27.4139249, 38.3159273], [27.4147618, 38.3167943], [27.4153197, 38.317493], [27.4154699, 38.3180822], [27.4155557, 38.318259], [27.4159634, 38.3185705], [27.4159953, 38.3186582], [27.4160492, 38.3188061], [27.4163496, 38.3191008], [27.4166538, 38.3194022], [27.4167573, 38.3195048], [27.4169934, 38.3197657], [27.4174118, 38.3199425], [27.4178946, 38.320195], [27.418313, 38.3203297], [27.4191765, 38.3205903], [27.4192893, 38.3206243], [27.4199331, 38.3208011], [27.421124, 38.3207927], [27.4214888, 38.3217943], [27.4217999, 38.3220805], [27.4217346, 38.3222326], [27.4214136, 38.3229811], [27.4214995, 38.3235535], [27.421757, 38.324109], [27.4219715, 38.3243615], [27.4218106, 38.3244289], [27.4218643, 38.3247992], [27.4217033, 38.3248918], [27.421769, 38.3251349], [27.4218428, 38.3257587], [27.421875, 38.3263815], [27.4221432, 38.3267014], [27.4224543, 38.3272316], [27.42239, 38.3276777], [27.4226689, 38.3279049], [27.4228191, 38.3280985], [27.4228191, 38.3283426], [27.4228728, 38.3285698], [27.4226582, 38.3287803], [27.4228835, 38.3289907], [27.4228728, 38.3294452], [27.4230662, 38.3296709], [27.4230015, 38.3298491], [27.4230659, 38.3299417], [27.4231839, 38.3300595], [27.4232376, 38.330413], [27.4230122, 38.3306403], [27.4235701, 38.3313472], [27.4234629, 38.331524], [27.422862, 38.33197], [27.4223149, 38.3331735], [27.4225616, 38.3334344], [27.4226689, 38.3337205], [27.4225831, 38.334419], [27.4228084, 38.3344611], [27.4231249, 38.334966], [27.4230659, 38.3353952], [27.4232376, 38.3354205], [27.4231732, 38.3358497], [27.4226689, 38.3360012], [27.4229479, 38.3361779], [27.4228299, 38.3367754], [27.4234843, 38.3373729], [27.4234321, 38.3379644], [27.4232506, 38.337965], [27.4230552, 38.3383743], [27.4231195, 38.3385931], [27.4234092, 38.3387193], [27.4237096, 38.338955], [27.4237203, 38.3400405], [27.4239886, 38.3404108], [27.4238062, 38.3406548], [27.4240315, 38.3413869], [27.4235487, 38.3415721], [27.4235462, 38.3419683], [27.4238233, 38.3427718], [27.4220646, 38.3447982], [27.418967, 38.3469187], [27.4174714, 38.347371], [27.4163117, 38.3470355], [27.4124541, 38.3472815], [27.4142741, 38.3519588], [27.4171418, 38.3532357], [27.4190813, 38.354945], [27.4179697, 38.3550741], [27.4169981, 38.355882], [27.4152993, 38.3565673], [27.4139617, 38.3568938], [27.4127235, 38.3587395], [27.4108058, 38.3608914], [27.4109007, 38.3616061], [27.4088014, 38.3637766], [27.408908, 38.3665828], [27.4081408, 38.3674436], [27.4069195, 38.3683059], [27.40564, 38.3709561], [27.405608, 38.3733695], [27.405079, 38.374387], [27.4047777, 38.3744478], [27.4023772, 38.3756359], [27.4011581, 38.3764951], [27.391636, 38.3756723], [27.3870703, 38.3754551], [27.3772151, 38.3762709], [27.3564489, 38.3881166], [27.3543234, 38.3854237], [27.3517508, 38.3841443], [27.3478869, 38.383548], [27.3457036, 38.3829109], [27.3439024, 38.3802401]]]]}, "bbox": [27.3403699, 38.3094686, 27.4240315, 38.3881166]}, {"id": "302", "type": "Feature", "properties": {"mahalle_adi": "Çınarköy Mahallesi", "_gece_lst_str": "18.1°C"}, "geometry": {"type": "MultiPolygon", "coordinates": [[[[27.3564489, 38.3881166], [27.3574904, 38.3925648], [27.3622873, 38.3979667], [27.3665363, 38.3981859], [27.3697504, 38.4003567], [27.3723384, 38.4000267], [27.3734578, 38.4145032], [27.3731958, 38.4165777], [27.3751694, 38.4203433], [27.37575, 38.4227727], [27.3763012, 38.4238792], [27.37626, 38.4247017], [27.3765671, 38.4250419], [27.3768568, 38.4252856], [27.3770821, 38.4254537], [27.3771357, 38.4256471], [27.3772967, 38.4257983], [27.3776936, 38.4260337], [27.3780155, 38.4263699], [27.3781335, 38.4266725], [27.3784554, 38.4269414], [27.3786914, 38.4271011], [27.3790562, 38.4278071], [27.379539, 38.4283114], [27.3801505, 38.4285468], [27.3805261, 38.4288493], [27.3807728, 38.4293872], [27.381084, 38.4300932], [27.38132, 38.4303538], [27.3816848, 38.4307404], [27.3816955, 38.4301184], [27.3813951, 38.4286812], [27.3811912, 38.4281938], [27.380923, 38.427908], [27.3808694, 38.4275802], [27.3805904, 38.4270171], [27.3795926, 38.4261598], [27.3790884, 38.4255546], [27.3775674, 38.4226596], [27.3795728, 38.4237614], [27.3804503, 38.4264222], [27.3819543, 38.4272217], [27.3866406, 38.4324084], [27.3860733, 38.4325712], [27.3867273, 38.4333289], [27.386384, 38.4333037], [27.3861802, 38.4333541], [27.385987, 38.4337155], [27.3849571, 38.4337239], [27.3846352, 38.4337491], [27.3842811, 38.4339172], [27.3844528, 38.4344887], [27.384721, 38.4346568], [27.3847639, 38.4349257], [27.3847961, 38.4351947], [27.3848498, 38.4356317], [27.3849785, 38.4358418], [27.3851931, 38.4360603], [27.3857081, 38.4360098], [27.3861587, 38.4370687], [27.3863518, 38.4370603], [27.3864913, 38.4370939], [27.386899, 38.4379679], [27.3874032, 38.4384806], [27.3877358, 38.4389259], [27.3879933, 38.4393965], [27.3884869, 38.4406571], [27.3883581, 38.4406907], [27.3886961, 38.4413671], [27.3889375, 38.4413419], [27.3898172, 38.4429007], [27.3896563, 38.4429596], [27.3901805, 38.4440521], [27.39068, 38.4439432], [27.3915553, 38.4460602], [27.3921454, 38.4469593], [27.3911545, 38.4476241], [27.3914301, 38.4481595], [27.3914327, 38.4486421], [27.3916948, 38.4492154], [27.3915446, 38.44927], [27.3920864, 38.4505388], [27.3915349, 38.4507155], [27.3917752, 38.4513412], [27.392016, 38.451411], [27.391845, 38.4515218], [27.3919037, 38.4516617], [27.3923761, 38.4517403], [27.3926067, 38.4517193], [27.3927569, 38.4516521], [27.392993, 38.4514672], [27.3931317, 38.4517469], [27.3932477, 38.4521756], [27.3936784, 38.4519418], [27.3945224, 38.4524752], [27.3951387, 38.4524292], [27.3966134, 38.4513515], [27.3967481, 38.451253], [27.3972738, 38.4508581], [27.3977244, 38.450774], [27.3979826, 38.4508389], [27.3996663, 38.4505892], [27.3997193, 38.4506051], [27.40031, 38.4507824], [27.401104, 38.4515386], [27.401737, 38.4520007], [27.4023592, 38.4522024], [27.4033999, 38.4519923], [27.4037325, 38.4516311], [27.4044514, 38.4505808], [27.4049533, 38.450113], [27.4059749, 38.4491608], [27.4059491, 38.4487481], [27.4049315, 38.44725], [27.4046207, 38.4453205], [27.4044889, 38.4446738], [27.4042261, 38.4441066], [27.403872, 38.443678], [27.4033409, 38.4431528], [27.402783, 38.4418755], [27.4029064, 38.4416697], [27.4030673, 38.44151], [27.4029225, 38.4410604], [27.4025524, 38.4405772], [27.4025255, 38.4403083], [27.4025202, 38.4400142], [27.4022788, 38.4395772], [27.4018335, 38.43901], [27.4015814, 38.4387831], [27.4016941, 38.4385688], [27.4020481, 38.4382579], [27.4023271, 38.4380478], [27.4026757, 38.437304], [27.4029547, 38.4363586], [27.4031156, 38.4361989], [27.4033302, 38.4361611], [27.4037433, 38.4360855], [27.4039632, 38.4360056], [27.4040651, 38.4359384], [27.4040115, 38.4357409], [27.4032766, 38.4346484], [27.4032819, 38.4345013], [27.4044567, 38.4330684], [27.4039471, 38.4325852], [27.4030513, 38.4314506], [27.4028045, 38.4310766], [27.4029171, 38.4303286], [27.4036374, 38.4305019], [27.4036413, 38.4304378], [27.4037808, 38.4303811], [27.4038747, 38.4303769], [27.4038854, 38.4302802], [27.4037191, 38.4302676], [27.4037267, 38.4300984], [27.4033336, 38.4292622], [27.4033781, 38.4263661], [27.4023082, 38.4246774], [27.401737, 38.4239744], [27.4014106, 38.4239893], [27.4022065, 38.4227233], [27.4014366, 38.4213015], [27.4015438, 38.4209736], [27.4007499, 38.4191076], [27.4000633, 38.4178383], [27.3991406, 38.4174432], [27.3990977, 38.4171994], [27.3981964, 38.4168379], [27.3982418, 38.4166231], [27.3977673, 38.416384], [27.3970163, 38.4158544], [27.3963511, 38.4152576], [27.3947739, 38.4137528], [27.3942697, 38.4131223], [27.3932719, 38.4117772], [27.3925287, 38.4105822], [27.3950877, 38.4090541], [27.3944929, 38.4083053], [27.3927433, 38.4082576], [27.3909457, 38.4077452], [27.3887575, 38.4021571], [27.3897707, 38.4004733], [27.3893333, 38.3993843], [27.3876007, 38.398246], [27.3868076, 38.3982914], [27.385943, 38.3983408], [27.3836978, 38.394755], [27.3846429, 38.3930715], [27.384447, 38.3903907], [27.3852574, 38.3890115], [27.3849544, 38.3875466], [27.3875172, 38.3868589], [27.3888243, 38.3849417], [27.3876318, 38.3827826], [27.3856098, 38.3783738], [27.3870703, 38.3754551], [27.3772151, 38.3762709], [27.3564489, 38.3881166]]]]}, "bbox": [27.3564489, 38.3754551, 27.4059749, 38.4524752]}, {"id": "305", "type": "Feature", "properties": {"mahalle_adi": "Barbaros Mahallesi", "_gece_lst_str": "21.1°C"}, "geometry": {"type": "MultiPolygon", "coordinates": [[[[26.5776454, 38.3655519], [26.5598469, 38.3363598], [26.530457, 38.3219266], [26.5260256, 38.3229098], [26.5266698, 38.3250577], [26.5203883, 38.3243707], [26.5106316, 38.3241874], [26.5112576, 38.318827], [26.5123859, 38.3163647], [26.5125329, 38.3147564], [26.5135403, 38.3134019], [26.5157014, 38.3122655], [26.5160459, 38.3119285], [26.5171712, 38.310405], [26.5176284, 38.3093608], [26.5180599, 38.3093089], [26.5186486, 38.3094901], [26.5238478, 38.3124074], [26.5238273, 38.3120676], [26.536398, 38.3119213], [26.53668, 38.3103851], [26.5369774, 38.3100108], [26.5369787, 38.3097963], [26.5365053, 38.3093296], [26.5372091, 38.309243], [26.5374605, 38.308958], [26.5408466, 38.3080775], [26.5414378, 38.3078653], [26.5423002, 38.3078329], [26.5462885, 38.3085813], [26.5465836, 38.3085646], [26.5459342, 38.3108324], [26.5464103, 38.3108879], [26.5471899, 38.309568], [26.5476301, 38.3081038], [26.5502965, 38.3080393], [26.553086, 38.3084939], [26.5546417, 38.3088728], [26.5549636, 38.308797], [26.5555966, 38.3088643], [26.5561867, 38.3087128], [26.5565622, 38.3086707], [26.5572703, 38.308696], [26.5579247, 38.3089569], [26.5585256, 38.3091253], [26.5588748, 38.3095053], [26.5606625, 38.3102807], [26.5621841, 38.310506], [26.5623075, 38.3102997], [26.5623236, 38.3101103], [26.5622646, 38.3098661], [26.5623397, 38.3097609], [26.5627366, 38.3096136], [26.5630156, 38.3095841], [26.5632355, 38.3095462], [26.5636808, 38.3095168], [26.5642226, 38.3093905], [26.5648234, 38.3093694], [26.5653189, 38.3094042], [26.5653813, 38.3092095], [26.5655583, 38.309159], [26.5660787, 38.3086749], [26.566658, 38.3086328], [26.5666795, 38.3087002], [26.5669262, 38.3086454], [26.5668225, 38.308355], [26.5691341, 38.3087926], [26.5715204, 38.3081041], [26.5739707, 38.3081131], [26.5744035, 38.3078107], [26.5798712, 38.3078304], [26.5813212, 38.3081753], [26.5820694, 38.3082673], [26.5827487, 38.3085021], [26.5831792, 38.3085931], [26.582618, 38.3075542], [26.5815357, 38.3063705], [26.5803587, 38.3059015], [26.580316, 38.3054365], [26.5807462, 38.3055811], [26.5810417, 38.3054928], [26.5825812, 38.3060524], [26.5829902, 38.3059466], [26.5838498, 38.3063787], [26.5836164, 38.307522], [26.5836102, 38.3086125], [26.5841321, 38.3085964], [26.5845873, 38.3083478], [26.5847707, 38.3080088], [26.5856342, 38.3077615], [26.5870198, 38.3074804], [26.5895157, 38.3074355], [26.5910393, 38.3075931], [26.5911271, 38.3073339], [26.5913558, 38.3075089], [26.5913096, 38.3076487], [26.5919995, 38.3078246], [26.5922242, 38.3080385], [26.5928203, 38.3081277], [26.5929329, 38.3084181], [26.5932982, 38.308575], [26.594273, 38.3087035], [26.5945906, 38.3087224], [26.5954046, 38.3092079], [26.5958131, 38.3091915], [26.5963831, 38.3086929], [26.5979042, 38.3085014], [26.5985179, 38.3083069], [26.5991533, 38.3082733], [26.6005596, 38.3083496], [26.601311, 38.3078516], [26.6027885, 38.3073382], [26.6034261, 38.3069113], [26.6051542, 38.3062021], [26.6060672, 38.3051862], [26.6066091, 38.3056707], [26.6084474, 38.3055338], [26.6099915, 38.3052887], [26.6106966, 38.3049514], [26.6106263, 38.3053623], [26.6111713, 38.3052747], [26.6113261, 38.3060261], [26.6110751, 38.3062934], [26.6111417, 38.3064964], [26.611678, 38.3080356], [26.6097428, 38.3092806], [26.60895, 38.3090455], [26.6089936, 38.3093853], [26.6086693, 38.3106178], [26.6078714, 38.3113123], [26.6072761, 38.3123293], [26.6057275, 38.3133788], [26.6037298, 38.317734], [26.5996215, 38.3179703], [26.5989608, 38.3184508], [26.5990157, 38.3208464], [26.5992826, 38.3218127], [26.5989466, 38.3251366], [26.5994198, 38.325746], [26.6028581, 38.3277778], [26.604036, 38.328193], [26.6053059, 38.328376], [26.6080066, 38.3283493], [26.6089144, 38.3283523], [26.6093903, 38.3284791], [26.6097515, 38.3288199], [26.6098607, 38.3296247], [26.6100162, 38.3302509], [26.6104885, 38.331057], [26.6117533, 38.3322053], [26.6141737, 38.3337149], [26.6128553, 38.334086], [26.6093075, 38.3354328], [26.6076207, 38.3367858], [26.6072987, 38.3375713], [26.607473, 38.3389306], [26.6074237, 38.3396455], [26.6070114, 38.3403413], [26.6068038, 38.3409484], [26.606028, 38.3416966], [26.6058418, 38.3425541], [26.6052, 38.343696], [26.6033274, 38.3457634], [26.5999535, 38.3483798], [26.6003573, 38.3486234], [26.6007435, 38.3488338], [26.601752, 38.3491956], [26.6024923, 38.349347], [26.6031468, 38.3496331], [26.6039193, 38.3498855], [26.6058075, 38.3503399], [26.6063332, 38.3503651], [26.6069019, 38.3504997], [26.6071916, 38.3506259], [26.6073954, 38.3508699], [26.6075671, 38.3511897], [26.6078889, 38.3514926], [26.6085756, 38.3519721], [26.6088867, 38.3521572], [26.6096914, 38.3526789], [26.6101849, 38.352906], [26.6110325, 38.3534445], [26.6115045, 38.3536633], [26.6120732, 38.35384], [26.6122877, 38.3540419], [26.613028, 38.3543195], [26.6134786, 38.3545887], [26.6137683, 38.3548411], [26.614337, 38.3549421], [26.6146374, 38.3552871], [26.615088, 38.3555983], [26.6154098, 38.3557919], [26.6156888, 38.3560863], [26.6160643, 38.3563976], [26.6162789, 38.3567257], [26.6165149, 38.3569781], [26.6166651, 38.3570538], [26.6175663, 38.3578951], [26.6180599, 38.3581728], [26.6183925, 38.3584672], [26.6187251, 38.3586944], [26.6189504, 38.3588037], [26.6192186, 38.3588458], [26.6196155, 38.3589468], [26.6205275, 38.3591403], [26.6210961, 38.3594263], [26.6215575, 38.3597207], [26.6220617, 38.3599142], [26.622684, 38.3602087], [26.623081, 38.3603938], [26.6233599, 38.3606125], [26.6238105, 38.3608649], [26.6242611, 38.3610668], [26.6245401, 38.361235], [26.624937, 38.3615211], [26.6257632, 38.3621352], [26.6260636, 38.3623875], [26.626246, 38.3626231], [26.6264713, 38.3629175], [26.6268906, 38.3632705], [26.6258884, 38.363893], [26.6271314, 38.3650232], [26.6279517, 38.3644537], [26.6280377, 38.3648019], [26.6283166, 38.365172], [26.6285741, 38.3656683], [26.6287351, 38.3659291], [26.6288423, 38.3664002], [26.6287565, 38.3669133], [26.628778, 38.3673844], [26.6289389, 38.3681246], [26.6290998, 38.3689406], [26.6290784, 38.3694958], [26.6291857, 38.3698743], [26.6293895, 38.3702107], [26.6295183, 38.370665], [26.6296893, 38.37102], [26.6278947, 38.3711573], [26.6320694, 38.3763368], [26.6317689, 38.3773727], [26.6278654, 38.3790959], [26.626227, 38.3775161], [26.623691, 38.3760778], [26.6208266, 38.3810204], [26.6187228, 38.3838077], [26.608754, 38.3793057], [26.6075592, 38.3762627], [26.6055261, 38.3742894], [26.6041753, 38.3721397], [26.5992754, 38.3684881], [26.5956441, 38.3681777], [26.5916986, 38.3698921], [26.5870978, 38.3670157], [26.5847631, 38.3649815], [26.5776454, 38.3655519]]]]}, "bbox": [26.5106316, 38.3049514, 26.6320694, 38.3838077]}, {"id": "307", "type": "Feature", "properties": {"mahalle_adi": "Zeytineli Mahallesi", "_gece_lst_str": "20.7°C"}, "geometry": {"type": "MultiPolygon", "coordinates": [[[[26.5297055, 38.2726275], [26.5299109, 38.2724317], [26.5298897, 38.2721992], [26.5296198, 38.2718585], [26.5294863, 38.2714646], [26.5293297, 38.2711243], [26.5296258, 38.2709289], [26.531218, 38.2666448], [26.5308881, 38.2662616], [26.5308773, 38.2660004], [26.5304267, 38.2653855], [26.530931, 38.264998], [26.5311026, 38.2647453], [26.5286334, 38.254762], [26.5286599, 38.2541722], [26.5288878, 38.2539765], [26.5291042, 38.2520645], [26.5293542, 38.2519761], [26.5293553, 38.2517974], [26.5296951, 38.2518345], [26.5301043, 38.2516573], [26.5300603, 38.2514605], [26.530219, 38.2514612], [26.5301772, 38.2509068], [26.5305397, 38.250944], [26.5306341, 38.2503544], [26.5310875, 38.2503563], [26.5311772, 38.2505175], [26.5322882, 38.2504862], [26.5321767, 38.2501997], [26.5319507, 38.2500915], [26.5321349, 38.2496454], [26.5322938, 38.2496102], [26.5321629, 38.2488053], [26.5368775, 38.2489133], [26.5430275, 38.2478648], [26.5505483, 38.2450514], [26.557332, 38.2403398], [26.5595894, 38.2381137], [26.5603935, 38.236329], [26.5604932, 38.2310556], [26.5589268, 38.2239883], [26.5799712, 38.2057236], [26.5829149, 38.2020336], [26.5848851, 38.1981791], [26.5840472, 38.1981225], [26.5830982, 38.1976901], [26.5809417, 38.1945181], [26.5809072, 38.192623], [26.5814813, 38.1912664], [26.5823482, 38.1901969], [26.5815048, 38.1871548], [26.5819685, 38.1852972], [26.5817009, 38.1845633], [26.5823661, 38.1830818], [26.5828663, 38.1827439], [26.5826124, 38.1796145], [26.5794594, 38.1765284], [26.5769295, 38.1753931], [26.5750747, 38.1750109], [26.5726581, 38.1738938], [26.5721409, 38.1732662], [26.5719658, 38.1722287], [26.5721281, 38.1715857], [26.5713012, 38.1697056], [26.5712173, 38.1685611], [26.571538, 38.1679366], [26.5720953, 38.165561], [26.5730081, 38.1643665], [26.5734346, 38.1611144], [26.5737566, 38.1602575], [26.5739262, 38.1583452], [26.5737929, 38.1578978], [26.5745731, 38.1561129], [26.5752089, 38.1557934], [26.5828879, 38.1471683], [26.588919, 38.1374286], [26.5892866, 38.1364466], [26.5894278, 38.1354996], [26.5898668, 38.1338922], [26.5910342, 38.1315543], [26.5917392, 38.1309489], [26.5923317, 38.130218], [26.5930427, 38.1285221], [26.5935562, 38.1257172], [26.5944925, 38.1242008], [26.5960749, 38.1203984], [26.5961063, 38.1188074], [26.5959082, 38.1178056], [26.5958341, 38.1148198], [26.5974928, 38.1135741], [26.5991085, 38.1118991], [26.6001799, 38.1104547], [26.6011688, 38.1075083], [26.6034427, 38.1046577], [26.6008125, 38.1058594], [26.6001338, 38.1072614], [26.5988611, 38.1072614], [26.5980126, 38.1066606], [26.5970793, 38.1071947], [26.5964006, 38.1063268], [26.5953824, 38.1066606], [26.5946188, 38.1045909], [26.5924128, 38.1031889], [26.5835889, 38.1085966], [26.5815526, 38.111534], [26.5826556, 38.113737], [26.5858798, 38.1156061], [26.5843525, 38.1168744], [26.5835041, 38.1183429], [26.584098, 38.1206792], [26.5856252, 38.1218139], [26.5846071, 38.1226816], [26.5842677, 38.1260189], [26.5825708, 38.126386], [26.5810436, 38.1293226], [26.5795164, 38.131792], [26.5778195, 38.1362633], [26.5779043, 38.1369307], [26.5765468, 38.1372644], [26.5735772, 38.1393998], [26.5717106, 38.1424027], [26.5714561, 38.1438707], [26.5703531, 38.1434036], [26.5684016, 38.1437372], [26.5632261, 38.145272], [26.5624625, 38.143804], [26.5632261, 38.1436038], [26.5632261, 38.1423359], [26.5646685, 38.1419356], [26.5656017, 38.1406677], [26.5664502, 38.137865], [26.5663654, 38.1363968], [26.5661208, 38.1361118], [26.5647009, 38.1361657], [26.566215, 38.134056], [26.5666199, 38.1315918], [26.5661467, 38.1305394], [26.5657925, 38.130121], [26.566026, 38.1294561], [26.5653407, 38.1287168], [26.5644987, 38.1280699], [26.5659215, 38.1277156], [26.5666851, 38.1270327], [26.5664242, 38.1261549], [26.5653734, 38.1250767], [26.5650243, 38.1244528], [26.5643226, 38.1236749], [26.5643291, 38.1213133], [26.5625015, 38.1194647], [26.5605959, 38.1201118], [26.5605698, 38.1179912], [26.5584748, 38.1175753], [26.5567911, 38.1173621], [26.5544022, 38.117642], [26.5535405, 38.1178294], [26.5524047, 38.1183558], [26.5519741, 38.1188846], [26.5530447, 38.1215135], [26.5524507, 38.1225815], [26.5501599, 38.1214468], [26.5497782, 38.1212284], [26.5488872, 38.1217805], [26.547621, 38.1211694], [26.5467922, 38.1212542], [26.5456107, 38.1209999], [26.5446123, 38.1201938], [26.5437376, 38.1202502], [26.5430197, 38.120923], [26.5433723, 38.121647], [26.5441359, 38.1229152], [26.5440511, 38.1253848], [26.5446205, 38.1262933], [26.5451678, 38.1266637], [26.545748, 38.1268532], [26.5456098, 38.1272666], [26.5458, 38.1277187], [26.5441523, 38.1276112], [26.5424553, 38.1276004], [26.5421301, 38.1276997], [26.5418541, 38.1280185], [26.5417372, 38.1284108], [26.5416181, 38.1288468], [26.5421351, 38.1294733], [26.5412978, 38.1299642], [26.5413551, 38.1303969], [26.5404925, 38.1296743], [26.5394412, 38.1295199], [26.5390292, 38.1296501], [26.5389276, 38.129749], [26.5387537, 38.130048], [26.5383664, 38.1292559], [26.5381262, 38.1289331], [26.5367205, 38.1289331], [26.5364534, 38.1285845], [26.5364998, 38.128188], [26.5359927, 38.1277376], [26.5351574, 38.127455], [26.5345701, 38.1268769], [26.5333628, 38.1268544], [26.5328532, 38.127019], [26.5321787, 38.1272838], [26.5323727, 38.1279037], [26.531787, 38.1279458], [26.5313162, 38.128117], [26.5312547, 38.128413], [26.5317514, 38.1287414], [26.5307304, 38.1307909], [26.5314091, 38.1348619], [26.5295425, 38.1364635], [26.5301365, 38.1383988], [26.5327667, 38.1390661], [26.5315788, 38.140334], [26.527082, 38.1402673], [26.5247912, 38.1416686], [26.5234337, 38.1414017], [26.5215671, 38.1422692], [26.5207186, 38.144271], [26.5212277, 38.1474072], [26.521058, 38.1502762], [26.5218216, 38.1522779], [26.5244518, 38.1526782], [26.5220762, 38.1534121], [26.5217368, 38.1540126], [26.5238579, 38.1553469], [26.5211429, 38.1553469], [26.5200399, 38.1592831], [26.518852, 38.1601504], [26.5163915, 38.1608842], [26.5129129, 38.1656873], [26.5124038, 38.1676218], [26.5135068, 38.1701566], [26.5157128, 38.1703567], [26.5180036, 38.1677552], [26.5191066, 38.1642865], [26.5202944, 38.1652204], [26.5202944, 38.1672883], [26.5211429, 38.1683556], [26.5202944, 38.1699565], [26.5203793, 38.1708903], [26.5169854, 38.1753259], [26.5172687, 38.1766762], [26.518046, 38.1771691], [26.5176249, 38.1782027], [26.5179103, 38.1791089], [26.5183365, 38.1801774], [26.5192761, 38.1811739], [26.5203972, 38.1817486], [26.5212965, 38.1817106], [26.5218061, 38.1816579], [26.5221897, 38.1817401], [26.5225245, 38.1818178], [26.5226991, 38.1818359], [26.5227677, 38.1819826], [26.5227026, 38.1821715], [26.5225819, 38.182274], [26.5224887, 38.1822466], [26.5222996, 38.1822319], [26.5222675, 38.1822714], [26.5222844, 38.1823297], [26.5225893, 38.1824506], [26.5228173, 38.1826214], [26.5230943, 38.1828625], [26.5231338, 38.1830578], [26.5233133, 38.1832687], [26.5231848, 38.1833214], [26.5230453, 38.183237], [26.5228817, 38.1831443], [26.5227047, 38.1829777], [26.5223882, 38.1829355], [26.5222058, 38.1828596], [26.5219615, 38.182643], [26.5214132, 38.1825962], [26.5205489, 38.1828625], [26.5185975, 38.1846632], [26.5184376, 38.1861307], [26.5187611, 38.1871062], [26.5182498, 38.1878529], [26.516714, 38.1876585], [26.5150741, 38.1842639], [26.5129129, 38.181462], [26.5120491, 38.1810739], [26.510509, 38.1812144], [26.5104524, 38.1810618], [26.5110798, 38.1800286], [26.5107917, 38.1795278], [26.5099345, 38.1792616], [26.5088841, 38.1794218], [26.5069737, 38.1760596], [26.5057859, 38.1757261], [26.5034951, 38.1773269], [26.5017133, 38.1799947], [26.5013466, 38.1835327], [26.5010345, 38.1836628], [26.5006567, 38.1836659], [26.5002302, 38.183018], [26.4999277, 38.1830318], [26.4996895, 38.1827328], [26.4997587, 38.1824739], [26.4999309, 38.1821762], [26.4997764, 38.1813851], [26.4983511, 38.180024], [26.4974375, 38.1780821], [26.4967981, 38.1777051], [26.4964529, 38.1779938], [26.4964783, 38.1784637], [26.4967063, 38.1786573], [26.4969848, 38.1791663], [26.4964529, 38.1795945], [26.4958931, 38.1797178], [26.495458, 38.1801121], [26.4949983, 38.1799881], [26.4943406, 38.1801117], [26.4941582, 38.1804553], [26.494192, 38.180597], [26.494008, 38.1809318], [26.4934094, 38.1809057], [26.4928391, 38.1812949], [26.4932211, 38.1818064], [26.4920956, 38.181954], [26.4912132, 38.1819131], [26.4910769, 38.1823516], [26.4902975, 38.1825768], [26.4898914, 38.1823567], [26.4894349, 38.1823373], [26.4889521, 38.1818878], [26.4881381, 38.1824624], [26.487486, 38.1828774], [26.4877054, 38.1831916], [26.4871909, 38.1836908], [26.4872875, 38.1841154], [26.4872489, 38.1847909], [26.4863884, 38.1856713], [26.4865751, 38.1863519], [26.4883271, 38.1876054], [26.4895366, 38.189148], [26.4907339, 38.1899078], [26.4915718, 38.1904736], [26.4925353, 38.1917848], [26.4925943, 38.1927326], [26.4918658, 38.1946602], [26.4916294, 38.1951115], [26.4908481, 38.1954136], [26.4902151, 38.1955928], [26.4896466, 38.1957062], [26.4886364, 38.195645], [26.4883701, 38.1955907], [26.4880957, 38.1952243], [26.487629, 38.1935991], [26.4869595, 38.1921887], [26.4856871, 38.1918203], [26.479399, 38.1911985], [26.4777021, 38.1922655], [26.4750719, 38.1917987], [26.4737144, 38.1905984], [26.4715933, 38.1905984], [26.469557, 38.1912652], [26.4658701, 38.1948446], [26.4646482, 38.1951396], [26.4635437, 38.1952891], [26.4623523, 38.1951059], [26.4612406, 38.194687], [26.4597998, 38.1928656], [26.4591229, 38.1924245], [26.4585489, 38.1920998], [26.4584148, 38.19183], [26.4582646, 38.1917204], [26.4580715, 38.1918975], [26.4581251, 38.1921757], [26.4577603, 38.1924329], [26.4572022, 38.1927475], [26.4569879, 38.1934111], [26.4570308, 38.1941868], [26.4570233, 38.1948539], [26.4574385, 38.1954558], [26.4581922, 38.1958669], [26.4589479, 38.1961322], [26.459375, 38.1968344], [26.4595628, 38.1980317], [26.4597247, 38.1988933], [26.4603846, 38.2006797], [26.4610783, 38.2017305], [26.4617385, 38.202453], [26.4620007, 38.2038695], [26.4609111, 38.2046728], [26.4599553, 38.2051683], [26.4586248, 38.2055134], [26.4579943, 38.2052048], [26.4565568, 38.2036943], [26.4544084, 38.2016133], [26.4542013, 38.201749], [26.4534688, 38.2015012], [26.4526615, 38.2013705], [26.4522284, 38.2014418], [26.4521126, 38.2016204], [26.452013, 38.2015787], [26.4519064, 38.2015634], [26.451752, 38.2015062], [26.4516728, 38.2016193], [26.4517971, 38.2016707], [26.451724, 38.2017921], [26.4517803, 38.2018058], [26.4517136, 38.2019589], [26.4518863, 38.2020134], [26.4517163, 38.2024516], [26.4514652, 38.2030989], [26.4514184, 38.2036026], [26.451793, 38.2061242], [26.4514768, 38.2090042], [26.4508612, 38.2094134], [26.4505664, 38.209572], [26.4498636, 38.2098787], [26.4490891, 38.2098474], [26.4460552, 38.2093207], [26.4448553, 38.2097976], [26.4443815, 38.2104419], [26.4429867, 38.2112596], [26.4417207, 38.2114788], [26.4413559, 38.211639], [26.4411467, 38.2118792], [26.4405405, 38.2121195], [26.4403743, 38.2120225], [26.4395589, 38.2124819], [26.4390059, 38.2129544], [26.4390975, 38.2135677], [26.4412583, 38.214913], [26.4413988, 38.2144882], [26.4435446, 38.2148507], [26.4448964, 38.2161994], [26.4462161, 38.2163259], [26.4465487, 38.2164776], [26.4482117, 38.2167136], [26.4482224, 38.2174386], [26.4486945, 38.2176999], [26.449585, 38.2176661], [26.4505184, 38.2176577], [26.4511621, 38.2177336], [26.4518165, 38.2178937], [26.4523637, 38.2181719], [26.4534044, 38.2184416], [26.4541018, 38.2186608], [26.454649, 38.2190064], [26.4549816, 38.2192171], [26.4553034, 38.219411], [26.4557004, 38.2195627], [26.4561939, 38.2199842], [26.4564085, 38.2203382], [26.4566553, 38.2206838], [26.4569771, 38.2210209], [26.4571488, 38.2212148], [26.4575457, 38.2216278], [26.4586401, 38.2223105], [26.4591658, 38.2226224], [26.4595199, 38.2228247], [26.4596593, 38.2228458], [26.4600563, 38.2227741], [26.4603138, 38.2227615], [26.4608395, 38.2229258], [26.4612526, 38.2229511], [26.4613974, 38.2230691], [26.4615744, 38.2231955], [26.4618266, 38.2232208], [26.4621431, 38.2231576], [26.4624488, 38.2231534], [26.4628136, 38.223166], [26.4632857, 38.2232419], [26.4635432, 38.2232756], [26.463924, 38.2232967], [26.4645463, 38.2230649], [26.465072, 38.2227867], [26.462701, 38.2247717], [26.4598846, 38.2269968], [26.4592087, 38.2329637], [26.4582002, 38.2338486], [26.4582324, 38.2343879], [26.4578354, 38.2352981], [26.4577389, 38.2355425], [26.4580607, 38.2362503], [26.4583826, 38.2368992], [26.4588547, 38.2379526], [26.4595199, 38.2398655], [26.4582217, 38.2395031], [26.4550996, 38.2388711], [26.4552927, 38.2406323], [26.4548957, 38.2407082], [26.4552766, 38.2432614], [26.4559471, 38.2451994], [26.4561188, 38.2456207], [26.4582324, 38.2467498], [26.4607859, 38.2481485], [26.4627492, 38.2491933], [26.4684135, 38.2493546], [26.4689612, 38.2495556], [26.4714289, 38.2487551], [26.4716434, 38.2489068], [26.4763319, 38.2494208], [26.4809912, 38.2520269], [26.4811224, 38.2523528], [26.4853978, 38.2549983], [26.4918756, 38.2559896], [26.49612, 38.2588771], [26.4987908, 38.2606941], [26.5019846, 38.2628668], [26.5109432, 38.2633638], [26.5180993, 38.2678789], [26.5213716, 38.2679968], [26.5229916, 38.2677273], [26.5262403, 38.2693987], [26.5297055, 38.2726275]]]]}, "bbox": [26.4390059, 38.1031889, 26.6034427, 38.2726275]}, {"id": "308", "type": "Feature", "properties": {"mahalle_adi": "Birgi Mahallesi", "_gece_lst_str": "21.1°C"}, "geometry": {"type": "MultiPolygon", "coordinates": [[[[26.6416732, 38.3105827], [26.6414165, 38.3101524], [26.6412234, 38.3094621], [26.6409337, 38.3090495], [26.6406011, 38.3086539], [26.6401398, 38.3081656], [26.6399252, 38.3077194], [26.6397214, 38.3070964], [26.6387021, 38.3051684], [26.6380477, 38.3034762], [26.6374791, 38.3023227], [26.6366529, 38.3006809], [26.6355479, 38.298517], [26.6339064, 38.2968162], [26.6321146, 38.2956373], [26.6304731, 38.294248], [26.6277909, 38.291806], [26.6240895, 38.2885135], [26.6230273, 38.2875198], [26.6194868, 38.2843954], [26.6155171, 38.2809341], [26.614691, 38.2802098], [26.6141438, 38.2796961], [26.6128027, 38.2787612], [26.6110325, 38.2778011], [26.6098416, 38.2772536], [26.6084146, 38.2766304], [26.606183, 38.2759734], [26.6045737, 38.2756534], [26.6028785, 38.2754007], [26.6020739, 38.2753249], [26.599499, 38.2751817], [26.5969777, 38.2750385], [26.5951753, 38.2750638], [26.5930536, 38.2753271], [26.5923026, 38.2776148], [26.5912574, 38.2779687], [26.5900096, 38.2780538], [26.5880528, 38.2792089], [26.5873682, 38.2799573], [26.5862013, 38.2817588], [26.5851982, 38.282667], [26.5846264, 38.2835051], [26.583943, 38.284039], [26.5835766, 38.2846455], [26.5826646, 38.2854825], [26.5816405, 38.2860867], [26.5806856, 38.2864944], [26.5788647, 38.2875963], [26.5767685, 38.2892334], [26.5765393, 38.2899956], [26.5758741, 38.2901808], [26.5752196, 38.2902734], [26.5750801, 38.2908966], [26.5754235, 38.2909387], [26.5759385, 38.2909555], [26.5762174, 38.2910987], [26.5763354, 38.2919576], [26.5757315, 38.2920363], [26.5759063, 38.2929596], [26.5762486, 38.2936832], [26.5754878, 38.2936417], [26.5744901, 38.2934228], [26.5733528, 38.2931786], [26.5723872, 38.2929807], [26.569705, 38.2924123], [26.5641367, 38.291225], [26.5592519, 38.2902415], [26.5589762, 38.2904503], [26.5589279, 38.2912755], [26.558826, 38.2915829], [26.5586811, 38.2920039], [26.5585631, 38.2926944], [26.5579086, 38.2928081], [26.5578711, 38.2932333], [26.5572488, 38.2931996], [26.5573239, 38.2926186], [26.5573239, 38.2923828], [26.5572596, 38.2923239], [26.557104, 38.2922776], [26.5569109, 38.2927407], [26.5558112, 38.292606], [26.5556502, 38.2925218], [26.5551513, 38.2924965], [26.554808, 38.2925007], [26.5538478, 38.2923786], [26.5535206, 38.2924291], [26.5509778, 38.2919618], [26.5507793, 38.2925597], [26.5508062, 38.2928923], [26.54836, 38.2929512], [26.5477967, 38.2930481], [26.5469599, 38.2923955], [26.5456724, 38.2935617], [26.5453628, 38.2933826], [26.5437524, 38.2933764], [26.543081, 38.2935429], [26.5434349, 38.2949744], [26.543705, 38.2953151], [26.5423412, 38.2957567], [26.5413876, 38.295896], [26.5417923, 38.2964696], [26.5418349, 38.2969167], [26.541603, 38.2977203], [26.5403928, 38.2989669], [26.5383254, 38.2994593], [26.538525, 38.3001752], [26.5385001, 38.3005148], [26.5407001, 38.3077992], [26.5408466, 38.3080775], [26.5414378, 38.3078653], [26.5423002, 38.3078329], [26.5462885, 38.3085813], [26.5465836, 38.3085646], [26.5459342, 38.3108324], [26.5464103, 38.3108879], [26.5471899, 38.309568], [26.5476301, 38.3081038], [26.5502965, 38.3080393], [26.553086, 38.3084939], [26.5546417, 38.3088728], [26.5549636, 38.308797], [26.5555966, 38.3088643], [26.5561867, 38.3087128], [26.5565622, 38.3086707], [26.5572703, 38.308696], [26.5579247, 38.3089569], [26.5585256, 38.3091253], [26.5588748, 38.3095053], [26.5606625, 38.3102807], [26.5621841, 38.310506], [26.5623075, 38.3102997], [26.5623236, 38.3101103], [26.5622646, 38.3098661], [26.5623397, 38.3097609], [26.5627366, 38.3096136], [26.5630156, 38.3095841], [26.5632355, 38.3095462], [26.5636808, 38.3095168], [26.5642226, 38.3093905], [26.5648234, 38.3093694], [26.5653189, 38.3094042], [26.5653813, 38.3092095], [26.5655583, 38.309159], [26.5660787, 38.3086749], [26.566658, 38.3086328], [26.5666795, 38.3087002], [26.5669262, 38.3086454], [26.5668225, 38.308355], [26.5691341, 38.3087926], [26.5715204, 38.3081041], [26.5739707, 38.3081131], [26.5744035, 38.3078107], [26.5798712, 38.3078304], [26.5813212, 38.3081753], [26.5820694, 38.3082673], [26.5827487, 38.3085021], [26.5831792, 38.3085931], [26.582618, 38.3075542], [26.5815357, 38.3063705], [26.5803587, 38.3059015], [26.580316, 38.3054365], [26.5807462, 38.3055811], [26.5810417, 38.3054928], [26.5825812, 38.3060524], [26.5829902, 38.3059466], [26.5838498, 38.3063787], [26.5836164, 38.307522], [26.5836102, 38.3086125], [26.5841321, 38.3085964], [26.5845873, 38.3083478], [26.5847707, 38.3080088], [26.5856342, 38.3077615], [26.5870198, 38.3074804], [26.5895157, 38.3074355], [26.5910393, 38.3075931], [26.5911271, 38.3073339], [26.5913558, 38.3075089], [26.5913096, 38.3076487], [26.5919995, 38.3078246], [26.5922242, 38.3080385], [26.5928203, 38.3081277], [26.5929329, 38.3084181], [26.5932982, 38.308575], [26.594273, 38.3087035], [26.5945906, 38.3087224], [26.5954046, 38.3092079], [26.5958131, 38.3091915], [26.5963831, 38.3086929], [26.5979042, 38.3085014], [26.5985179, 38.3083069], [26.5991533, 38.3082733], [26.6005596, 38.3083496], [26.601311, 38.3078516], [26.6027885, 38.3073382], [26.6034261, 38.3069113], [26.6051542, 38.3062021], [26.6060672, 38.3051862], [26.6066091, 38.3056707], [26.6084474, 38.3055338], [26.6099915, 38.3052887], [26.6106966, 38.3049514], [26.6106263, 38.3053623], [26.6111713, 38.3052747], [26.6113261, 38.3060261], [26.6110751, 38.3062934], [26.6111417, 38.3064964], [26.6136932, 38.3065913], [26.6168797, 38.3069869], [26.618886, 38.3075089], [26.6206562, 38.3078625], [26.6229308, 38.3079804], [26.6240895, 38.3081066], [26.6244864, 38.3082329], [26.6249478, 38.3083929], [26.6255057, 38.3086034], [26.6259777, 38.3088643], [26.6265316, 38.3093889], [26.6267138, 38.3092464], [26.6270305, 38.3094262], [26.6285498, 38.3095919], [26.6289576, 38.3097183], [26.6294217, 38.310245], [26.6297931, 38.3104897], [26.6308813, 38.310654], [26.6331726, 38.3107148], [26.6340769, 38.3113612], [26.6350502, 38.311829], [26.6364559, 38.3120301], [26.6384071, 38.3120361], [26.6403832, 38.3116131], [26.6412946, 38.3108293], [26.6416732, 38.3105827]]]]}, "bbox": [26.5383254, 38.2750385, 26.6416732, 38.3120361]}, {"id": "309", "type": "Feature", "properties": {"mahalle_adi": "Uzunkuyu Mahallesi", "_gece_lst_str": "20.9°C"}, "geometry": {"type": "MultiPolygon", "coordinates": [[[[26.5297055, 38.2726275], [26.5296722, 38.2729136], [26.5291705, 38.2733406], [26.5300055, 38.2739697], [26.5304351, 38.274168], [26.5307963, 38.2744198], [26.5310895, 38.2746712], [26.5319794, 38.2738167], [26.5327946, 38.2739987], [26.5339458, 38.2759313], [26.5347944, 38.2769027], [26.5344267, 38.2776521], [26.5338809, 38.2779002], [26.5340853, 38.278138], [26.5341818, 38.278079], [26.534493, 38.2784917], [26.5349972, 38.2783654], [26.5352118, 38.278517], [26.5359735, 38.2782222], [26.5364349, 38.2784496], [26.536392, 38.2787023], [26.5370142, 38.2788117], [26.5376327, 38.2799172], [26.5369967, 38.2800756], [26.5362685, 38.280466], [26.5386701, 38.2844263], [26.5366483, 38.2849367], [26.5342843, 38.2857497], [26.5334641, 38.2863185], [26.5332124, 38.2866751], [26.5341926, 38.2869724], [26.5344822, 38.2871155], [26.534611, 38.2876545], [26.5346646, 38.2883535], [26.5347612, 38.2885892], [26.5349758, 38.2881429], [26.5351796, 38.2877387], [26.5353298, 38.2876377], [26.5353835, 38.2875198], [26.535362, 38.2873934], [26.5352332, 38.2871829], [26.5355873, 38.2867955], [26.535877, 38.2866103], [26.5361345, 38.2864671], [26.536392, 38.2862397], [26.5364671, 38.2859955], [26.5380442, 38.2860713], [26.5386557, 38.2863576], [26.5393317, 38.2868124], [26.540072, 38.2879745], [26.5413809, 38.2909303], [26.5423679, 38.2915702], [26.5427005, 38.2921176], [26.5427434, 38.2925134], [26.543081, 38.2935429], [26.5437524, 38.2933764], [26.5453628, 38.2933826], [26.5456724, 38.2935617], [26.5469599, 38.2923955], [26.5477967, 38.2930481], [26.54836, 38.2929512], [26.5508062, 38.2928923], [26.5507793, 38.2925597], [26.5509778, 38.2919618], [26.5535206, 38.2924291], [26.5538478, 38.2923786], [26.554808, 38.2925007], [26.5551513, 38.2924965], [26.5556502, 38.2925218], [26.5558112, 38.292606], [26.5569109, 38.2927407], [26.557104, 38.2922776], [26.5572596, 38.2923239], [26.5573239, 38.2923828], [26.5573239, 38.2926186], [26.5572488, 38.2931996], [26.5578711, 38.2932333], [26.5579086, 38.2928081], [26.5585631, 38.2926944], [26.5586811, 38.2920039], [26.558826, 38.2915829], [26.5589279, 38.2912755], [26.5589762, 38.2904503], [26.5592519, 38.2902415], [26.5585792, 38.2890903], [26.558311, 38.2885219], [26.558252, 38.2879366], [26.5582412, 38.2872798], [26.5582842, 38.2870355], [26.5581661, 38.2869008], [26.5580428, 38.2868292], [26.5577102, 38.2868334], [26.5574259, 38.2868882], [26.5573829, 38.2867703], [26.5574956, 38.286745], [26.557501, 38.2865261], [26.5576243, 38.2862313], [26.557796, 38.2858902], [26.5576887, 38.2857639], [26.5576512, 38.2856334], [26.5573829, 38.2855071], [26.557281, 38.2847955], [26.557104, 38.284707], [26.5571576, 38.283827], [26.557045, 38.2835449], [26.5569431, 38.2835743], [26.5564603, 38.2829469], [26.5570762, 38.2824748], [26.5566277, 38.2816507], [26.5564252, 38.2813818], [26.5563615, 38.2806665], [26.5536117, 38.2807572], [26.5528684, 38.2807426], [26.5518972, 38.2800954], [26.5456343, 38.2770143], [26.5452731, 38.2767448], [26.5444802, 38.2766166], [26.5441422, 38.2762577], [26.5439406, 38.2758636], [26.5373721, 38.2745865], [26.5372168, 38.2740496], [26.5364511, 38.2732064], [26.535995, 38.2722842], [26.535716, 38.2722], [26.5352976, 38.2722421], [26.5352869, 38.2724443], [26.5349123, 38.2726997], [26.5349102, 38.2730394], [26.535225, 38.2734518], [26.5347933, 38.2735752], [26.5342713, 38.2736447], [26.5340691, 38.2733578], [26.5333658, 38.2734087], [26.5332314, 38.27314], [26.5327871, 38.2729833], [26.5320645, 38.2712225], [26.5323609, 38.2674338], [26.5328085, 38.267264], [26.5320748, 38.2660919], [26.5326902, 38.2655938], [26.5331015, 38.2650949], [26.5331257, 38.2648626], [26.5328088, 38.2647719], [26.5321478, 38.2653056], [26.5317786, 38.2652592], [26.5312314, 38.2647116], [26.5311026, 38.2647453], [26.530931, 38.264998], [26.5304267, 38.2653855], [26.5308773, 38.2660004], [26.5308881, 38.2662616], [26.531218, 38.2666448], [26.5296258, 38.2709289], [26.5293297, 38.2711243], [26.5294863, 38.2714646], [26.5296198, 38.2718585], [26.5298897, 38.2721992], [26.5299109, 38.2724317], [26.5297055, 38.2726275]]]]}, "bbox": [26.5291705, 38.2647116, 26.5592519, 38.2935617]}, {"id": "310", "type": "Feature", "properties": {"mahalle_adi": "Kızılüzüm Mahallesi", "_gece_lst_str": "20.5°C"}, "geometry": {"type": "MultiPolygon", "coordinates": [[[[27.3396706, 38.4511521], [27.3420846, 38.4607132], [27.3420954, 38.4609148], [27.3424709, 38.4609904], [27.3427069, 38.4611416], [27.3430824, 38.4611668], [27.3436403, 38.4609736], [27.34393, 38.4610072], [27.3442519, 38.4611416], [27.3443913, 38.4615449], [27.3469663, 38.4616877], [27.3471808, 38.46136], [27.3478844, 38.4611831], [27.3481035, 38.4607468], [27.3498523, 38.4606376], [27.3504209, 38.4608896], [27.3506677, 38.4612004], [27.3505874, 38.4606566], [27.3508501, 38.4605619], [27.3509467, 38.4606712], [27.3513543, 38.4603099], [27.3522663, 38.4595706], [27.3530112, 38.4588438], [27.3533606, 38.4592094], [27.3544228, 38.4579156], [27.3543048, 38.4575627], [27.3560536, 38.4559832], [27.3560107, 38.4557816], [27.355088, 38.4554959], [27.3552167, 38.4552523], [27.3554957, 38.4553279], [27.355957, 38.4552355], [27.3559463, 38.4551094], [27.3561072, 38.4551178], [27.3561394, 38.455017], [27.3564291, 38.4550422], [27.3563969, 38.4549162], [27.3568368, 38.4548994], [27.3569977, 38.4547986], [27.3571587, 38.4546305], [27.3571265, 38.4540424], [27.3570728, 38.4535131], [27.3570835, 38.4531602], [27.3574483, 38.4532862], [27.357974, 38.4530762], [27.358017, 38.4533619], [27.3583603, 38.45374], [27.3588538, 38.4541012], [27.3593044, 38.4543953], [27.3597443, 38.4544961], [27.3602056, 38.4543281], [27.3610747, 38.4537147], [27.361654, 38.4533283], [27.362051, 38.4529754], [27.3626196, 38.4523116], [27.3628986, 38.4519335], [27.3631024, 38.4513874], [27.3636174, 38.4514294], [27.3642504, 38.4488751], [27.3646366, 38.4501859], [27.3653769, 38.4504716], [27.3662782, 38.450522], [27.366997, 38.4504127], [27.366904, 38.4501847], [27.3674154, 38.450001], [27.3674369, 38.4503119], [27.3678875, 38.4504463], [27.3691213, 38.4505136], [27.3695183, 38.4504968], [27.3698187, 38.4504463], [27.370044, 38.45048], [27.3705268, 38.4503707], [27.3712242, 38.4503035], [27.3717499, 38.4503371], [27.3723292, 38.4503119], [27.3730159, 38.4502195], [27.3736811, 38.4497153], [27.3741424, 38.4503035], [27.3744106, 38.4507572], [27.3747325, 38.4512782], [27.3749792, 38.4519755], [27.3751616, 38.4527401], [27.3763418, 38.4541516], [27.3768246, 38.4547398], [27.3778453, 38.4559061], [27.3787987, 38.4554455], [27.3787773, 38.4548826], [27.379142, 38.4547566], [27.3795712, 38.4541264], [27.3796677, 38.4538744], [27.3800111, 38.4535803], [27.3804724, 38.4533199], [27.381377, 38.4530881], [27.3817491, 38.4543701], [27.3823607, 38.4555295], [27.38235, 38.4558656], [27.3829652, 38.4568012], [27.3846062, 38.4575645], [27.3849356, 38.4573359], [27.3857188, 38.4567141], [27.3863035, 38.4563193], [27.3872209, 38.4563025], [27.3874354, 38.4562185], [27.3875427, 38.456105], [27.3875804, 38.4555519], [27.3876017, 38.4552397], [27.3880094, 38.4547566], [27.3894578, 38.4538702], [27.3902142, 38.4536055], [27.3907077, 38.4534501], [27.3917431, 38.4534291], [27.392301, 38.4533157], [27.3925799, 38.453072], [27.3928535, 38.4528998], [27.3930573, 38.4525721], [27.3931056, 38.4523662], [27.3932477, 38.4521756], [27.3931317, 38.4517469], [27.392993, 38.4514672], [27.3927569, 38.4516521], [27.3926067, 38.4517193], [27.3923761, 38.4517403], [27.3919037, 38.4516617], [27.391845, 38.4515218], [27.392016, 38.451411], [27.3917752, 38.4513412], [27.3915349, 38.4507155], [27.3920864, 38.4505388], [27.3915446, 38.44927], [27.3916948, 38.4492154], [27.3914327, 38.4486421], [27.3914301, 38.4481595], [27.3911545, 38.4476241], [27.3921454, 38.4469593], [27.3915553, 38.4460602], [27.39068, 38.4439432], [27.3901805, 38.4440521], [27.3896563, 38.4429596], [27.3898172, 38.4429007], [27.3889375, 38.4413419], [27.3886961, 38.4413671], [27.3883581, 38.4406907], [27.3884869, 38.4406571], [27.3879933, 38.4393965], [27.3877358, 38.4389259], [27.3874032, 38.4384806], [27.386899, 38.4379679], [27.3864913, 38.4370939], [27.3863518, 38.4370603], [27.3861587, 38.4370687], [27.3857081, 38.4360098], [27.3851931, 38.4360603], [27.3849785, 38.4358418], [27.3848498, 38.4356317], [27.3847961, 38.4351947], [27.3847639, 38.4349257], [27.384721, 38.4346568], [27.3844528, 38.4344887], [27.3842811, 38.4339172], [27.3846352, 38.4337491], [27.3849571, 38.4337239], [27.385987, 38.4337155], [27.3861802, 38.4333541], [27.386384, 38.4333037], [27.3867273, 38.4333289], [27.3860733, 38.4325712], [27.3866406, 38.4324084], [27.3819543, 38.4272217], [27.3804503, 38.4264222], [27.3795728, 38.4237614], [27.3775674, 38.4226596], [27.3790884, 38.4255546], [27.3795926, 38.4261598], [27.3805904, 38.4270171], [27.3808694, 38.4275802], [27.380923, 38.427908], [27.3811912, 38.4281938], [27.3813951, 38.4286812], [27.3816955, 38.4301184], [27.3816848, 38.4307404], [27.38132, 38.4303538], [27.381084, 38.4300932], [27.3807728, 38.4293872], [27.3805261, 38.4288493], [27.3801505, 38.4285468], [27.379539, 38.4283114], [27.3790562, 38.4278071], [27.3786914, 38.4271011], [27.3784554, 38.4269414], [27.3781335, 38.4266725], [27.3780155, 38.4263699], [27.3776936, 38.4260337], [27.3772967, 38.4257983], [27.3771357, 38.4256471], [27.3770821, 38.4254537], [27.3768568, 38.4252856], [27.3765671, 38.4250419], [27.37626, 38.4247017], [27.3763012, 38.4238792], [27.37575, 38.4227727], [27.3751694, 38.4203433], [27.3731958, 38.4165777], [27.3734578, 38.4145032], [27.3723384, 38.4000267], [27.3697504, 38.4003567], [27.3665363, 38.3981859], [27.3622873, 38.3979667], [27.3574904, 38.3925648], [27.3564489, 38.3881166], [27.3543234, 38.3854237], [27.3517508, 38.3841443], [27.3478869, 38.383548], [27.3457036, 38.3829109], [27.3439024, 38.3802401], [27.342997, 38.3802275], [27.3419666, 38.3808254], [27.3406362, 38.3821711], [27.3393488, 38.3859387], [27.3393043, 38.3860211], [27.3380398, 38.3883607], [27.3381042, 38.3891344], [27.3377609, 38.3895716], [27.3368167, 38.3890334], [27.3350143, 38.3913881], [27.3369562, 38.3932632], [27.3379755, 38.3957606], [27.3374176, 38.3971733], [27.3378146, 38.39793], [27.3379004, 38.3985102], [27.3380184, 38.3992585], [27.3383295, 38.4000573], [27.3385227, 38.4007552], [27.3384476, 38.4015035], [27.3384046, 38.4022854], [27.338351, 38.4029833], [27.338351, 38.4033952], [27.3381364, 38.4036727], [27.3380828, 38.4040594], [27.338233, 38.4043705], [27.3383295, 38.4048077], [27.3382544, 38.4059007], [27.3385334, 38.4065228], [27.3388982, 38.4069937], [27.338984, 38.4074813], [27.338984, 38.4080698], [27.3388338, 38.4089441], [27.3388982, 38.4096839], [27.3391342, 38.4104238], [27.3394561, 38.4113149], [27.3396492, 38.4118865], [27.3396063, 38.4125255], [27.3394561, 38.4138033], [27.339499, 38.4141395], [27.3398423, 38.4146523], [27.3402178, 38.4151147], [27.3404002, 38.415535], [27.3407006, 38.4163167], [27.3409581, 38.4169977], [27.3413443, 38.4181913], [27.3431897, 38.4198557], [27.3436832, 38.420898], [27.344563, 38.4223942], [27.3454642, 38.4232347], [27.3423528, 38.4308833], [27.3342633, 38.4391865], [27.336452, 38.444262], [27.3396706, 38.4511521]]]]}, "bbox": [27.3342633, 38.3802275, 27.3932477, 38.4616877]}, {"id": "312", "type": "Feature", "properties": {"mahalle_adi": "Mustafa Kemal Atatürk Mahallesi", "_gece_lst_str": "21.0°C"}, "geometry": {"type": "MultiPolygon", "coordinates": [[[[27.3217794, 38.466435], [27.3228714, 38.4810364], [27.3278904, 38.4871548], [27.3285985, 38.4879946], [27.3291349, 38.4879946], [27.3297679, 38.4876839], [27.3318279, 38.4894558], [27.3316026, 38.4897078], [27.3318601, 38.4900101], [27.3318386, 38.4903124], [27.3318762, 38.4906399], [27.3320156, 38.4906357], [27.3320907, 38.491127], [27.3331422, 38.4919709], [27.3332065, 38.4921221], [27.3332173, 38.4925167], [27.3331904, 38.4927393], [27.3333353, 38.4937553], [27.3333836, 38.4939695], [27.3337913, 38.4939527], [27.3341614, 38.4938855], [27.334435, 38.4937763], [27.3345047, 38.4936336], [27.3346388, 38.493495], [27.3347408, 38.4934866], [27.3348749, 38.493411], [27.3350143, 38.493432], [27.3350948, 38.4933733], [27.3351914, 38.4932305], [27.3351484, 38.4931213], [27.3352021, 38.4930416], [27.3353308, 38.4930584], [27.3354596, 38.4932515], [27.3355883, 38.4933942], [27.3357975, 38.493621], [27.3361623, 38.4939317], [27.3366558, 38.4942634], [27.3369241, 38.4940072], [27.3372567, 38.4937805], [27.3414355, 38.495779], [27.3418218, 38.4957118], [27.3418862, 38.4959764], [27.342149, 38.4959512], [27.3422778, 38.4964004], [27.3425674, 38.4964214], [27.3428035, 38.4965305], [27.3431683, 38.4966607], [27.3433828, 38.4967363], [27.3436886, 38.4963752], [27.3438764, 38.4961779], [27.3439676, 38.4961317], [27.3440319, 38.496329], [27.3442197, 38.4964508], [27.3445362, 38.4967111], [27.3446703, 38.496795], [27.344799, 38.4969504], [27.3448205, 38.4971267], [27.3448044, 38.4971687], [27.3446488, 38.4974752], [27.3453784, 38.4979454], [27.3454642, 38.4982015], [27.3455393, 38.4983568], [27.3456895, 38.4985122], [27.3459738, 38.4986759], [27.3463762, 38.4988019], [27.3466176, 38.4988984], [27.3468482, 38.4990957], [27.3468214, 38.4991881], [27.3468697, 38.4993434], [27.3469233, 38.4994232], [27.3472238, 38.4994274], [27.3473149, 38.4995869], [27.3471808, 38.4998053], [27.3474973, 38.5000446], [27.3476744, 38.5004392], [27.3478836, 38.5005861], [27.348007, 38.5007331], [27.3480123, 38.5008422], [27.3480338, 38.5009975], [27.3481196, 38.5011109], [27.3481464, 38.5012201], [27.3479801, 38.5016818], [27.3479319, 38.5018918], [27.3479533, 38.5020135], [27.3480767, 38.5021856], [27.348479, 38.5023535], [27.3485059, 38.5024963], [27.3491052, 38.5020647], [27.3501849, 38.502152], [27.3502761, 38.5019337], [27.3506892, 38.5012075], [27.3509306, 38.5010101], [27.3511881, 38.5008548], [27.3513973, 38.5005903], [27.3515046, 38.5002713], [27.3516601, 38.4996709], [27.351703, 38.4991839], [27.3514992, 38.4987809], [27.3512632, 38.4976011], [27.3511505, 38.4958252], [27.35107, 38.4947294], [27.3511183, 38.4948931], [27.351617, 38.4946445], [27.3518908, 38.4951073], [27.352438, 38.4948218], [27.3529154, 38.4952164], [27.3534894, 38.4949351], [27.354013, 38.4946612], [27.3539132, 38.4944229], [27.3536503, 38.4944019], [27.3535484, 38.4943137], [27.3534948, 38.4941584], [27.3533124, 38.4939191], [27.3534143, 38.4937049], [27.3535001, 38.4935958], [27.3535162, 38.4934362], [27.3535162, 38.4933229], [27.3534626, 38.4931465], [27.3534089, 38.4929996], [27.3532855, 38.4928694], [27.3531514, 38.4928148], [27.3531239, 38.4926975], [27.3636618, 38.4925103], [27.3636295, 38.4921052], [27.363317, 38.4914209], [27.3629737, 38.4906735], [27.3623407, 38.4897833], [27.3622763, 38.4893551], [27.3620939, 38.4884985], [27.3619544, 38.488087], [27.361418, 38.4870037], [27.3611927, 38.486315], [27.3609459, 38.4856012], [27.3605168, 38.4849881], [27.3593581, 38.4832413], [27.3586929, 38.4820235], [27.3584032, 38.4809821], [27.3583066, 38.4805369], [27.358489, 38.480159], [27.3577273, 38.4800078], [27.3576951, 38.479865], [27.3575127, 38.4795375], [27.3572552, 38.4792855], [27.3568797, 38.4790755], [27.3564076, 38.478832], [27.3562038, 38.4785464], [27.3561127, 38.4782032], [27.3559141, 38.4774545], [27.3556888, 38.4764046], [27.3555064, 38.4757075], [27.3550129, 38.4737168], [27.3546481, 38.473154], [27.3538756, 38.4719109], [27.3531336, 38.4699447], [27.351951, 38.4699125], [27.3513973, 38.4689205], [27.3508394, 38.4685845], [27.3493373, 38.4690885], [27.3491021, 38.4685445], [27.3484361, 38.4686769], [27.3479962, 38.4676353], [27.3456895, 38.4683073], [27.3430687, 38.4668998], [27.3427488, 38.4665611], [27.3415892, 38.4665645], [27.3402956, 38.4670867], [27.3395204, 38.4660392], [27.3391878, 38.4657536], [27.3388874, 38.4655688], [27.3381579, 38.4654428], [27.3367846, 38.4654932], [27.3366344, 38.4649304], [27.3368275, 38.4649724], [27.3371868, 38.4635562], [27.3365026, 38.4630933], [27.3344078, 38.4624379], [27.3341811, 38.4625816], [27.3337591, 38.4624774], [27.3337483, 38.4623513], [27.3334587, 38.4623261], [27.3332655, 38.4624858], [27.3327613, 38.4623177], [27.3327398, 38.4620573], [27.332418, 38.4622673], [27.332021, 38.4621581], [27.331903, 38.4623093], [27.3317206, 38.4622169], [27.3316763, 38.4617485], [27.331506, 38.4620825], [27.3312592, 38.4621749], [27.3308623, 38.4620657], [27.3305404, 38.4619649], [27.3303902, 38.4618809], [27.3301542, 38.4616457], [27.3300469, 38.4614272], [27.3299932, 38.4609652], [27.3294461, 38.4603603], [27.3290706, 38.4598731], [27.3286199, 38.4591001], [27.3282015, 38.4587641], [27.3277084, 38.4591318], [27.3259752, 38.457939], [27.3260866, 38.4574381], [27.3265879, 38.457687], [27.3283426, 38.4586117], [27.3299932, 38.4597302], [27.3298859, 38.4598394], [27.3305781, 38.4602321], [27.3315783, 38.4602114], [27.3318498, 38.4599067], [27.3320639, 38.4598899], [27.3320639, 38.4594698], [27.3322463, 38.4590917], [27.3322999, 38.4587389], [27.3321153, 38.458315], [27.3326342, 38.4574555], [27.3325252, 38.4570838], [27.3326647, 38.456983], [27.3329968, 38.4572042], [27.3334749, 38.4573458], [27.3344499, 38.4567889], [27.334837, 38.4569129], [27.3352951, 38.4576445], [27.3348695, 38.4590222], [27.335963, 38.4595017], [27.3361429, 38.4590722], [27.3360054, 38.4588402], [27.3367323, 38.458713], [27.3369026, 38.4585709], [27.3373532, 38.4587725], [27.3378575, 38.4595202], [27.3373532, 38.4597218], [27.3370957, 38.459621], [27.3364263, 38.4613596], [27.3384797, 38.4616121], [27.3384368, 38.4613768], [27.3386514, 38.4611164], [27.3382974, 38.4602847], [27.3390269, 38.4601167], [27.3399818, 38.4602679], [27.340368, 38.4609232], [27.3403036, 38.4611164], [27.3412263, 38.4612088], [27.3411298, 38.4606376], [27.3415375, 38.4605787], [27.3420846, 38.4607132], [27.3396706, 38.4511521], [27.3330617, 38.452278], [27.3254442, 38.456983], [27.3249292, 38.4574199], [27.3243284, 38.458092], [27.3236203, 38.4588145], [27.3206658, 38.4614148], [27.3217794, 38.466435]]]]}, "bbox": [27.3206658, 38.4511521, 27.3636618, 38.5024963]}, {"id": "314", "type": "Feature", "properties": {"mahalle_adi": "Damlacık Mahallesi", "_gece_lst_str": "19.7°C"}, "geometry": {"type": "MultiPolygon", "coordinates": [[[[27.3733, 38.5401], [27.3846, 38.5551], [27.3956, 38.5596], [27.4091, 38.5603], [27.415736, 38.5588881], [27.4203697, 38.5538532], [27.4154412, 38.5479538], [27.4097465, 38.5352104], [27.4113173, 38.5273036], [27.4064483, 38.5193657], [27.4056682, 38.5141665], [27.4033463, 38.51396], [27.4010194, 38.5128418], [27.4002791, 38.5106277], [27.4009966, 38.5087303], [27.3981812, 38.5097589], [27.3927511, 38.5111358], [27.3920426, 38.5105304], [27.3918555, 38.5096014], [27.3915787, 38.5089052], [27.3917573, 38.5082611], [27.3912539, 38.5077265], [27.3903425, 38.5074792], [27.3905431, 38.5067099], [27.3902447, 38.5062282], [27.3892886, 38.5061063], [27.3889647, 38.5051063], [27.3884617, 38.5046432], [27.3880495, 38.5041261], [27.3877074, 38.5039664], [27.3880685, 38.5034289], [27.3877443, 38.5023574], [27.386832, 38.5019314], [27.3869218, 38.5016987], [27.3873512, 38.5011789], [27.3873495, 38.5008571], [27.3871871, 38.5002677], [27.3866152, 38.4996618], [27.3826606, 38.5003362], [27.3813122, 38.4991429], [27.382075, 38.4971383], [27.3821126, 38.4956366], [27.3836067, 38.494291], [27.3803068, 38.489636], [27.3779023, 38.4877492], [27.3738529, 38.4875656], [27.37456, 38.4879566], [27.374356, 38.4881003], [27.3740625, 38.4885124], [27.3731513, 38.4882471], [27.3722386, 38.487678], [27.3717194, 38.4884305], [27.3714602, 38.4883809], [27.3710632, 38.4880282], [27.3705375, 38.4877091], [27.3698938, 38.4871632], [27.3695719, 38.4868945], [27.3688203, 38.486366], [27.368662, 38.4865274], [27.3690058, 38.4870447], [27.3678707, 38.4874594], [27.3680774, 38.487852], [27.3683543, 38.4886377], [27.3683116, 38.489192], [27.3684043, 38.4895314], [27.3681811, 38.4903544], [27.3653739, 38.4929731], [27.3636618, 38.4925103], [27.3531239, 38.4926975], [27.3531514, 38.4928148], [27.3532855, 38.4928694], [27.3534089, 38.4929996], [27.3534626, 38.4931465], [27.3535162, 38.4933229], [27.3535162, 38.4934362], [27.3535001, 38.4935958], [27.3534143, 38.4937049], [27.3533124, 38.4939191], [27.3534948, 38.4941584], [27.3535484, 38.4943137], [27.3536503, 38.4944019], [27.3539132, 38.4944229], [27.354013, 38.4946612], [27.3534894, 38.4949351], [27.3529154, 38.4952164], [27.352438, 38.4948218], [27.3518908, 38.4951073], [27.351617, 38.4946445], [27.3511183, 38.4948931], [27.35107, 38.4947294], [27.3511505, 38.4958252], [27.3512632, 38.4976011], [27.3514992, 38.4987809], [27.351703, 38.4991839], [27.3516601, 38.4996709], [27.3515046, 38.5002713], [27.3513973, 38.5005903], [27.3511881, 38.5008548], [27.3509306, 38.5010101], [27.3506892, 38.5012075], [27.3502761, 38.5019337], [27.3501849, 38.502152], [27.3491052, 38.5020647], [27.3485059, 38.5024963], [27.3486695, 38.5026012], [27.3487097, 38.5027524], [27.3486373, 38.5028825], [27.3486266, 38.5030273], [27.3487821, 38.503105], [27.3488894, 38.50321], [27.3488143, 38.5035332], [27.3489189, 38.503678], [27.3491201, 38.5037515], [27.3492783, 38.5038648], [27.3493883, 38.5039257], [27.3494339, 38.5042259], [27.3494875, 38.504398], [27.3496377, 38.5044694], [27.3498738, 38.5045995], [27.3499972, 38.504885], [27.3500508, 38.505246], [27.3499757, 38.5063626], [27.3504156, 38.5064508], [27.3505551, 38.5071308], [27.3511505, 38.5080334], [27.3510003, 38.509448], [27.350952, 38.509746], [27.3509145, 38.5100189], [27.3509252, 38.5102204], [27.351011, 38.510531], [27.3514026, 38.5116895], [27.3512953, 38.5116979], [27.3511612, 38.51187], [27.3510915, 38.5121722], [27.3510593, 38.5123611], [27.3509681, 38.512592], [27.3509091, 38.5128187], [27.3509198, 38.5129236], [27.3514241, 38.5130117], [27.3515958, 38.5130789], [27.3517352, 38.5131544], [27.3517379, 38.5133496], [27.3517621, 38.5134567], [27.3517996, 38.5135847], [27.3518559, 38.5136267], [27.3520732, 38.513633], [27.3523092, 38.5140191], [27.3521805, 38.5141366], [27.3522985, 38.5143675], [27.3523629, 38.5146571], [27.352438, 38.5148292], [27.352556, 38.5149132], [27.3525399, 38.5149971], [27.3525238, 38.5150937], [27.3525882, 38.5152615], [27.3526633, 38.5153413], [27.3526955, 38.5154588], [27.3526418, 38.5155554], [27.3527813, 38.5160464], [27.3528027, 38.5162269], [27.3525989, 38.5165333], [27.3525077, 38.5169447], [27.3521537, 38.5170202], [27.3520034, 38.5176036], [27.3520303, 38.51791], [27.3512471, 38.5192573], [27.3509628, 38.5196392], [27.3505443, 38.5198953], [27.3503727, 38.5200128], [27.3502278, 38.5201723], [27.3501259, 38.5203737], [27.3499489, 38.5207725], [27.3502815, 38.5209068], [27.3505068, 38.5213894], [27.3511237, 38.5218301], [27.3511237, 38.5220064], [27.3510647, 38.5220945], [27.3509198, 38.5221617], [27.3507857, 38.5221407], [27.350716, 38.5221575], [27.3505336, 38.5221659], [27.3501956, 38.522233], [27.3501795, 38.5224932], [27.3501205, 38.5227996], [27.3500776, 38.5229549], [27.3500884, 38.5231983], [27.3501044, 38.5235005], [27.3501742, 38.5236641], [27.3502976, 38.523895], [27.3503512, 38.5240377], [27.3503566, 38.5241636], [27.3502815, 38.5242559], [27.3507804, 38.5246336], [27.3511398, 38.5244657], [27.3511934, 38.5248015], [27.35129, 38.5249442], [27.3513222, 38.5250533], [27.3513275, 38.525154], [27.3512685, 38.5252296], [27.3512953, 38.5254436], [27.3514241, 38.5259178], [27.3517406, 38.5260647], [27.3519123, 38.5263962], [27.3519713, 38.5264634], [27.351923, 38.5266648], [27.3521215, 38.5269964], [27.3521966, 38.5273153], [27.3522878, 38.5277182], [27.3524058, 38.5279994], [27.3524809, 38.5281924], [27.3524862, 38.5283351], [27.3524702, 38.5284778], [27.3525453, 38.5286666], [27.3526794, 38.5287925], [27.352792, 38.5288303], [27.3530066, 38.529166], [27.3531622, 38.5292541], [27.3533231, 38.52938], [27.3532963, 38.5295395], [27.3531622, 38.5295437], [27.3529154, 38.5294975], [27.3528242, 38.5295185], [27.3528939, 38.5298123], [27.3531032, 38.5297325], [27.3530441, 38.5302319], [27.3530602, 38.5304292], [27.3534411, 38.530169], [27.3534304, 38.5303746], [27.3536235, 38.5306012], [27.3537898, 38.5310209], [27.3539615, 38.5315538], [27.3540258, 38.5316503], [27.3538434, 38.5318643], [27.3536825, 38.5320196], [27.3536128, 38.532221], [27.353543, 38.5324644], [27.3535591, 38.5328043], [27.353602, 38.5331694], [27.3536611, 38.5332953], [27.3537683, 38.5334799], [27.3539431, 38.5337904], [27.3541868, 38.5340674], [27.3543799, 38.5342436], [27.3540473, 38.5349318], [27.3575, 38.5358], [27.3638, 38.5385], [27.3657, 38.5381], [27.3733, 38.5401]]]]}, "bbox": [27.3485059, 38.486366, 27.4203697, 38.5603]}, {"id": "317", "type": "Feature", "properties": {"mahalle_adi": "Akgedik Mahallesi", "_gece_lst_str": "18.5°C"}, "geometry": {"type": "MultiPolygon", "coordinates": [[[[27.235619, 38.5976823], [27.2344049, 38.5932753], [27.2344884, 38.5932573], [27.2352493, 38.5914503], [27.235262, 38.5906637], [27.234858, 38.5901878], [27.2350528, 38.5893949], [27.2361803, 38.5882546], [27.2368227, 38.5873595], [27.2366, 38.5865912], [27.2366215, 38.5862039], [27.2369008, 38.5857207], [27.2366734, 38.5835164], [27.2370806, 38.5826873], [27.2380796, 38.5817319], [27.2390985, 38.5810626], [27.2401855, 38.5803929], [27.2405494, 38.580273], [27.2408786, 38.5788303], [27.2412121, 38.5785423], [27.2416413, 38.5780978], [27.2423279, 38.5770997], [27.2429936, 38.5757036], [27.2449991, 38.5749111], [27.2471421, 38.577533], [27.2477158, 38.5776459], [27.2480005, 38.5779117], [27.2484128, 38.5780944], [27.2489907, 38.5785064], [27.2514965, 38.5790872], [27.2546696, 38.5832916], [27.2607757, 38.590022], [27.2648922, 38.5941868], [27.2689446, 38.5976103], [27.2694141, 38.6025108], [27.2700201, 38.6047677], [27.2704241, 38.605364], [27.2712097, 38.6063579], [27.2725489, 38.6075565], [27.2737759, 38.6091058], [27.2749505, 38.609591], [27.2754593, 38.6102341], [27.2764094, 38.6107076], [27.2783396, 38.6114494], [27.2800854, 38.6126433], [27.2807286, 38.612599], [27.2817218, 38.6130092], [27.2822672, 38.6136967], [27.2824988, 38.6150638], [27.2822312, 38.6166118], [27.282293, 38.6170179], [27.282293, 38.6186422], [27.2824422, 38.618988], [27.2840374, 38.6203188], [27.2847138, 38.6217357], [27.2850783, 38.6229568], [27.2853266, 38.6245414], [27.2857144, 38.6251686], [27.28547, 38.6256928], [27.2850745, 38.6276167], [27.2850124, 38.6284833], [27.2846091, 38.6289377], [27.2839187, 38.6295649], [27.2838412, 38.6300315], [27.2839499, 38.6309086], [27.2837797, 38.6315705], [27.2834565, 38.6319395], [27.2834814, 38.6325206], [27.2833819, 38.6329464], [27.2834508, 38.633281], [27.2836344, 38.6338114], [27.2836114, 38.6339488], [27.2835234, 38.6340489], [27.2828388, 38.6345733], [27.2827393, 38.6347839], [27.2828063, 38.6353964], [27.2821006, 38.6366333], [27.2816186, 38.6373339], [27.2816722, 38.638048], [27.2814446, 38.6385917], [27.2813949, 38.6391385], [27.2818328, 38.6410565], [27.281829, 38.6411655], [27.2817621, 38.6412656], [27.281523, 38.6413911], [27.2804979, 38.6422186], [27.2800428, 38.6435749], [27.2800695, 38.6439035], [27.2799988, 38.6444084], [27.2798821, 38.6447818], [27.279689, 38.6451179], [27.2796603, 38.6452598], [27.2798515, 38.6457094], [27.2797655, 38.6460724], [27.2791439, 38.6464846], [27.2789106, 38.6468252], [27.2789527, 38.6475048], [27.2787213, 38.6485563], [27.2788012, 38.6497336], [27.2782184, 38.6511983], [27.277985, 38.6520167], [27.2769363, 38.6521462], [27.2761865, 38.6518535], [27.2753473, 38.6513257], [27.2749181, 38.6507004], [27.2745306, 38.6501576], [27.274111, 38.6500075], [27.2720388, 38.6495472], [27.2710661, 38.6494301], [27.2713717, 38.6475461], [27.2728083, 38.6476216], [27.2735542, 38.6474877], [27.2749977, 38.6461209], [27.2757916, 38.6447589], [27.2791361, 38.6425882], [27.2783083, 38.6409077], [27.2771392, 38.6396698], [27.2745476, 38.6378536], [27.2736968, 38.6373057], [27.2709688, 38.636844], [27.269358, 38.6351241], [27.2680785, 38.6342565], [27.2671253, 38.6341807], [27.2644484, 38.6328445], [27.263567, 38.6320083], [27.2619849, 38.6311851], [27.2603149, 38.6300257], [27.2597368, 38.629361], [27.2596784, 38.628605], [27.2598148, 38.6279098], [27.2590181, 38.6263014], [27.25852, 38.6258604], [27.2584683, 38.6255318], [27.2586012, 38.6254367], [27.2589959, 38.6253819], [27.2593316, 38.6254655], [27.2596305, 38.6254021], [27.2596674, 38.6251052], [27.2595751, 38.624549], [27.2596305, 38.6242723], [27.2602318, 38.6240013], [27.2603499, 38.6235373], [27.2607262, 38.6232865], [27.2607631, 38.6228657], [27.2607963, 38.6222604], [27.2611431, 38.6219376], [27.260907, 38.6214591], [27.2606524, 38.6213899], [27.2605897, 38.6211017], [27.2602761, 38.6209229], [27.2602761, 38.6204156], [27.2599773, 38.6197556], [27.2592394, 38.6192828], [27.2593095, 38.6185766], [27.2592062, 38.6182394], [27.2587635, 38.6177349], [27.258793, 38.6174149], [27.2589258, 38.6170835], [27.2587524, 38.6167981], [27.2584158, 38.6166838], [27.2581517, 38.6166143], [27.257932, 38.6163905], [27.2569839, 38.6162363], [27.256425, 38.6158148], [27.255969, 38.6156801], [27.2555519, 38.6155389], [27.2550959, 38.6151565], [27.254968, 38.6148502], [27.2548929, 38.6142571], [27.2550208, 38.6139464], [27.2549458, 38.6136248], [27.2533748, 38.612708], [27.2519628, 38.6114435], [27.2517091, 38.6091743], [27.2469448, 38.6047693], [27.235619, 38.5976823]]]]}, "bbox": [27.2344049, 38.5749111, 27.2857144, 38.6521462]}, {"id": "318", "type": "Feature", "properties": {"mahalle_adi": "Gökçeler Mahallesi", "_gece_lst_str": "19.0°C"}, "geometry": {"type": "MultiPolygon", "coordinates": [[[[27.3306094, 38.5846026], [27.3242782, 38.5789679], [27.3189475, 38.5767364], [27.3089822, 38.5741132], [27.3060407, 38.5689103], [27.3051521, 38.5683991], [27.3041128, 38.5681254], [27.3038711, 38.5671971], [27.3031421, 38.5666808], [27.3003563, 38.5629338], [27.2975829, 38.5617919], [27.2966563, 38.5617099], [27.2942793, 38.5598728], [27.2924071, 38.5597221], [27.2911812, 38.5576537], [27.2903037, 38.5580714], [27.2889303, 38.5572659], [27.2890066, 38.5547897], [27.2873661, 38.5521641], [27.2860689, 38.5515077], [27.2857256, 38.5519553], [27.2861834, 38.5524327], [27.28588, 38.5533263], [27.2831974, 38.5551328], [27.2831229, 38.5564147], [27.2817072, 38.5566478], [27.2781305, 38.5541421], [27.275578, 38.5535623], [27.2749459, 38.5542616], [27.2732072, 38.555937], [27.2608431, 38.5672958], [27.249831, 38.5730018], [27.2449991, 38.5749111], [27.2471421, 38.577533], [27.2477158, 38.5776459], [27.2480005, 38.5779117], [27.2484128, 38.5780944], [27.2489907, 38.5785064], [27.2514965, 38.5790872], [27.2546696, 38.5832916], [27.2607757, 38.590022], [27.2648922, 38.5941868], [27.2689446, 38.5976103], [27.2694141, 38.6025108], [27.2700201, 38.6047677], [27.2704241, 38.605364], [27.2712097, 38.6063579], [27.2725489, 38.6075565], [27.2737759, 38.6091058], [27.2749505, 38.609591], [27.2754593, 38.6102341], [27.2764094, 38.6107076], [27.2783396, 38.6114494], [27.2784173, 38.609738], [27.2788112, 38.6093144], [27.2793398, 38.6091487], [27.2799795, 38.6091382], [27.2806563, 38.6094881], [27.2816024, 38.6098959], [27.2834946, 38.6098564], [27.2849457, 38.6100485], [27.2918142, 38.6093723], [27.2954816, 38.6080885], [27.3108621, 38.5968406], [27.3146103, 38.595184], [27.3311355, 38.5910098], [27.3306094, 38.5846026]]]]}, "bbox": [27.2449991, 38.5515077, 27.3311355, 38.6114494]}, {"id": "319", "type": "Feature", "properties": {"mahalle_adi": "Karakoca Mahallesi", "_gece_lst_str": "19.7°C"}, "geometry": {"type": "MultiPolygon", "coordinates": [[[[27.3504541, 38.5837767], [27.3479098, 38.5850035], [27.3398794, 38.5813609], [27.3345348, 38.582492], [27.3306094, 38.5846026], [27.3242782, 38.5789679], [27.3189475, 38.5767364], [27.3089822, 38.5741132], [27.3060407, 38.5689103], [27.3051521, 38.5683991], [27.3041128, 38.5681254], [27.3038711, 38.5671971], [27.3031421, 38.5666808], [27.3003563, 38.5629338], [27.2975829, 38.5617919], [27.2966563, 38.5617099], [27.2942793, 38.5598728], [27.2924071, 38.5597221], [27.2911812, 38.5576537], [27.2912575, 38.5552372], [27.2921732, 38.5533277], [27.2922495, 38.5502844], [27.2956449, 38.5488523], [27.2973236, 38.5487031], [27.2995364, 38.5475394], [27.3007954, 38.547808], [27.3026266, 38.5477781], [27.3021617, 38.5466293], [27.3018622, 38.5451279], [27.3042011, 38.5437601], [27.3048097, 38.5433071], [27.3053654, 38.5429294], [27.3071119, 38.5427701], [27.3080084, 38.5427376], [27.3088084, 38.5428124], [27.3100549, 38.5428609], [27.3108477, 38.5429209], [27.3115963, 38.5429771], [27.3149085, 38.543114], [27.3197365, 38.5422748], [27.3203143, 38.5422982], [27.3207712, 38.5424706], [27.3219788, 38.5426524], [27.3231783, 38.5430339], [27.3275691, 38.5427505], [27.3284912, 38.5427112], [27.3304293, 38.5426767], [27.3313558, 38.5425937], [27.3325681, 38.5424762], [27.3339536, 38.5424949], [27.3348182, 38.5421369], [27.3374927, 38.5404203], [27.3406792, 38.5384817], [27.3470548, 38.5348878], [27.3474167, 38.5347959], [27.3497082, 38.5341529], [27.3501956, 38.5340254], [27.3503754, 38.5339925], [27.3521268, 38.5338492], [27.3520732, 38.5340674], [27.3529315, 38.5341849], [27.3527813, 38.5346046], [27.3535802, 38.5348111], [27.3540473, 38.5349318], [27.3575, 38.5358], [27.3638, 38.5385], [27.3657, 38.5381], [27.3733, 38.5401], [27.3731469, 38.5428722], [27.3727152, 38.5447833], [27.3719252, 38.5457388], [27.3717231, 38.5467733], [27.3714475, 38.5505378], [27.3723043, 38.5571769], [27.3728332, 38.5580698], [27.372719, 38.5591085], [27.372154, 38.5598934], [27.3699603, 38.5607252], [27.3679108, 38.5606782], [27.3659875, 38.5613456], [27.3658359, 38.5622761], [27.3650858, 38.562929], [27.3635257, 38.5636348], [27.3612455, 38.5636797], [27.3582245, 38.5649689], [27.3584071, 38.5672495], [27.3547025, 38.5708109], [27.3536485, 38.5719123], [27.3507631, 38.5730872], [27.3496204, 38.5740132], [27.3496883, 38.5747597], [27.3505231, 38.5756571], [27.3499491, 38.5766891], [27.3497978, 38.5777741], [27.3501683, 38.578386], [27.3510292, 38.5785655], [27.3521354, 38.5819509], [27.352093, 38.5829497], [27.3518144, 38.5832741], [27.3504541, 38.5837767]]]]}, "bbox": [27.2911812, 38.5338492, 27.3733, 38.5850035]}, {"id": "320", "type": "Feature", "properties": {"mahalle_adi": "Turgutalp Mahallesi", "_gece_lst_str": "20.0°C"}, "geometry": {"type": "MultiPolygon", "coordinates": [[[[27.4170899, 38.5958852], [27.3532963, 38.5877426], [27.3504541, 38.5837767], [27.3518144, 38.5832741], [27.352093, 38.5829497], [27.3521354, 38.5819509], [27.3510292, 38.5785655], [27.3501683, 38.578386], [27.3497978, 38.5777741], [27.3499491, 38.5766891], [27.3505231, 38.5756571], [27.3496883, 38.5747597], [27.3496204, 38.5740132], [27.3507631, 38.5730872], [27.3536485, 38.5719123], [27.3547025, 38.5708109], [27.3584071, 38.5672495], [27.3582245, 38.5649689], [27.3612455, 38.5636797], [27.3635257, 38.5636348], [27.3650858, 38.562929], [27.3658359, 38.5622761], [27.3659875, 38.5613456], [27.3679108, 38.5606782], [27.3699603, 38.5607252], [27.372154, 38.5598934], [27.372719, 38.5591085], [27.3728332, 38.5580698], [27.3723043, 38.5571769], [27.3714475, 38.5505378], [27.3717231, 38.5467733], [27.3719252, 38.5457388], [27.3727152, 38.5447833], [27.3731469, 38.5428722], [27.3733, 38.5401], [27.3846, 38.5551], [27.3956, 38.5596], [27.4091, 38.5603], [27.415736, 38.5588881], [27.4326, 38.5553], [27.4342775, 38.5563377], [27.4342131, 38.5602976], [27.4352431, 38.5630661], [27.4339986, 38.5640224], [27.4339342, 38.5648445], [27.4343633, 38.5662035], [27.43402, 38.5671766], [27.4334407, 38.5684181], [27.4326467, 38.5685859], [27.4323677, 38.5693744], [27.4327111, 38.5706997], [27.4321747, 38.5715386], [27.4321103, 38.5719244], [27.4314451, 38.5724277], [27.4311447, 38.5733001], [27.4298787, 38.5738201], [27.4295568, 38.5754306], [27.4290633, 38.5760932], [27.4291921, 38.5764035], [27.4291921, 38.5766971], [27.4286763, 38.577472], [27.4280763, 38.5781649], [27.4280441, 38.5785591], [27.4286556, 38.5789281], [27.4286985, 38.5790875], [27.4279904, 38.5795991], [27.4280119, 38.5800939], [27.4277007, 38.580312], [27.4276149, 38.5806643], [27.4271428, 38.5814023], [27.4272716, 38.5822494], [27.426939, 38.5825052], [27.4268477, 38.5827149], [27.4270624, 38.5829916], [27.4275076, 38.5833732], [27.4274754, 38.5836248], [27.4271858, 38.5837674], [27.4274754, 38.5841867], [27.4270356, 38.58443], [27.4268585, 38.5846606], [27.4270248, 38.5849835], [27.4269283, 38.5856376], [27.426542, 38.5868285], [27.426306, 38.5870801], [27.4258125, 38.5869459], [27.4252009, 38.5871556], [27.4249649, 38.5876839], [27.42504, 38.5882542], [27.4252868, 38.5893108], [27.4252009, 38.589705], [27.4244714, 38.5898056], [27.4229264, 38.5901578], [27.4226045, 38.5915331], [27.4227977, 38.5925561], [27.4224006, 38.5931096], [27.4174534, 38.5946765], [27.4170899, 38.5958852]]]]}, "bbox": [27.3496204, 38.5401, 27.4352431, 38.5958852]}], "bbox": [26.4390059, 38.1031889, 27.4352431, 38.6521462]}